<?xml version="1.0" encoding="UTF-8" standalone="yes"?>
<imgdir name="5000072.img">
<imgdir name="info">
<canvas name="icon" width="32" height="30">
<vector name="origin" x="1" y="31"/>
<string name="_hash" value="c3722b50820e47caaf4babd39d60653613d288b3207c5cc1af3f3078335769e6"/>
</canvas>
<canvas name="iconRaw" width="32" height="27">
<vector name="origin" x="1" y="31"/>
<string name="_hash" value="83aacb5c286f8aa20c25435b5e383a4241d5193031699b4fc39e9f1161b3312d"/>
</canvas>
<canvas name="iconD" width="32" height="30">
<vector name="origin" x="-3" y="32"/>
<string name="_hash" value="6e600f3242e4137fb8f0f7b89ea43878db38790f33b64502a70495f18b3af022"/>
</canvas>
<canvas name="iconRawD" width="32" height="29">
<vector name="origin" x="-3" y="32"/>
<string name="_hash" value="227d5a247aa61f0460f80833e501e6521c7e527678f78f3e46269d7327cad5a1"/>
</canvas>
<int name="hungry" value="2"/>
<int name="cash" value="1"/>
<int name="life" value="90"/>
<int name="nameTag" value="51"/>
<int name="chatBalloon" value="51"/>
<int name="multiPet" value="1"/>
<int name="pickupItem" value="1"/>
<int name="autoBuff" value="1"/>
</imgdir>
<imgdir name="interact">
<imgdir name="0">
<string name="command" value="c1"/>
<int name="inc" value="1"/>
<int name="prob" value="30"/>
<int name="l0" value="1"/>
<int name="l1" value="9"/>
<imgdir name="success">
<imgdir name="0">
<string name="act" value="rest0"/>
<string name="0" value="c1_s1"/>
<string name="1" value="c1_s2"/>
</imgdir>
</imgdir>
<imgdir name="fail">
<imgdir name="0">
<string name="act" value="stand1"/>
<string name="0" value="c1_f1"/>
<string name="1" value="c1_f2"/>
</imgdir>
</imgdir>
</imgdir>
<imgdir name="1">
<string name="command" value="c2"/>
<int name="inc" value="2"/>
<int name="prob" value="45"/>
<int name="l0" value="10"/>
<int name="l1" value="19"/>
<imgdir name="success">
<imgdir name="0">
<string name="act" value="rest0"/>
<string name="0" value="c2_s1"/>
<string name="1" value="c2_s2"/>
<string name="2" value="c2_s3"/>
<string name="3" value="c2_s4"/>
</imgdir>
</imgdir>
<imgdir name="fail">
<imgdir name="0">
<string name="act" value="no"/>
<string name="0" value="c2_f1"/>
<string name="1" value="c2_f2"/>
<string name="2" value="c2_f3"/>
<string name="3" value="c2_f4"/>
</imgdir>
</imgdir>
</imgdir>
<imgdir name="2">
<string name="command" value="c3"/>
<int name="inc" value="3"/>
<int name="prob" value="60"/>
<int name="l0" value="20"/>
<int name="l1" value="29"/>
<imgdir name="success">
<imgdir name="0">
<string name="act" value="rest0"/>
<string name="0" value="c3_s1"/>
<string name="1" value="c3_s2"/>
<string name="2" value="c3_s3"/>
<string name="3" value="c3_s4"/>
</imgdir>
</imgdir>
<imgdir name="fail">
<imgdir name="0">
<string name="act" value="no"/>
<string name="0" value="c3_f1"/>
<string name="1" value="c3_f2"/>
<string name="2" value="c3_f3"/>
<string name="3" value="c3_f4"/>
</imgdir>
</imgdir>
</imgdir>
<imgdir name="3">
<string name="command" value="c4"/>
<int name="inc" value="2"/>
<int name="prob" value="70"/>
<int name="l0" value="30"/>
<int name="l1" value="30"/>
<imgdir name="success">
<imgdir name="0">
<string name="act" value="rest0"/>
<string name="0" value="c4_s1"/>
<string name="1" value="c4_s2"/>
<string name="2" value="c4_s3"/>
<string name="3" value="c4_s4"/>
</imgdir>
</imgdir>
<imgdir name="fail">
<imgdir name="0">
<string name="act" value="stand1"/>
<string name="0" value="c4_f1"/>
<string name="1" value="c4_f2"/>
<string name="2" value="c4_f3"/>
<string name="3" value="c4_f4"/>
</imgdir>
</imgdir>
</imgdir>
<imgdir name="4">
<string name="command" value="c5"/>
<int name="inc" value="1"/>
<int name="prob" value="30"/>
<int name="l0" value="1"/>
<int name="l1" value="9"/>
<imgdir name="success">
<imgdir name="0">
<string name="act" value="cry"/>
<string name="0" value="c5_s1"/>
<string name="1" value="c5_s2"/>
</imgdir>
</imgdir>
<imgdir name="fail">
<imgdir name="0">
<string name="act" value="angry"/>
<string name="0" value="c5_f1"/>
<string name="1" value="c5_f2"/>
</imgdir>
</imgdir>
</imgdir>
<imgdir name="5">
<string name="command" value="c6"/>
<int name="inc" value="2"/>
<int name="prob" value="50"/>
<int name="l0" value="10"/>
<int name="l1" value="19"/>
<imgdir name="success">
<imgdir name="0">
<string name="act" value="cry"/>
<string name="0" value="c6_s1"/>
<string name="1" value="c6_s2"/>
<string name="2" value="c6_s3"/>
<string name="3" value="c6_s4"/>
</imgdir>
</imgdir>
<imgdir name="fail">
<imgdir name="0">
<string name="act" value="angry"/>
<string name="0" value="c6_f1"/>
<string name="1" value="c6_f2"/>
<string name="2" value="c6_f3"/>
<string name="3" value="c6_f4"/>
</imgdir>
</imgdir>
</imgdir>
<imgdir name="6">
<string name="command" value="c7"/>
<int name="inc" value="2"/>
<int name="prob" value="60"/>
<int name="l0" value="20"/>
<int name="l1" value="29"/>
<imgdir name="success">
<imgdir name="0">
<string name="act" value="cry"/>
<string name="0" value="c7_s1"/>
<string name="1" value="c7_s2"/>
<string name="2" value="c7_s3"/>
<string name="3" value="c7_s4"/>
</imgdir>
</imgdir>
<imgdir name="fail">
<imgdir name="0">
<string name="act" value="angry"/>
<string name="0" value="c7_f1"/>
<string name="1" value="c7_f2"/>
<string name="2" value="c7_f3"/>
<string name="3" value="c7_f4"/>
</imgdir>
</imgdir>
</imgdir>
<imgdir name="7">
<string name="command" value="c8"/>
<int name="inc" value="3"/>
<int name="prob" value="70"/>
<int name="l0" value="30"/>
<int name="l1" value="30"/>
<imgdir name="success">
<imgdir name="0">
<string name="act" value="cry"/>
<string name="0" value="c8_s1"/>
<string name="1" value="c8_s2"/>
<string name="2" value="c8_s3"/>
<string name="3" value="c8_s4"/>
</imgdir>
</imgdir>
<imgdir name="fail">
<imgdir name="0">
<string name="act" value="angry"/>
<string name="0" value="c8_f1"/>
<string name="1" value="c8_f2"/>
<string name="2" value="c8_f3"/>
<string name="3" value="c8_f4"/>
</imgdir>
</imgdir>
</imgdir>
<imgdir name="8">
<string name="command" value="c9"/>
<int name="inc" value="1"/>
<int name="prob" value="30"/>
<int name="l0" value="1"/>
<int name="l1" value="9"/>
<imgdir name="success">
<imgdir name="0">
<string name="act" value="love"/>
<string name="0" value="c9_s1"/>
<string name="1" value="c9_s2"/>
</imgdir>
</imgdir>
<imgdir name="fail">
<imgdir name="0">
<string name="act" value="burp"/>
<string name="0" value="c9_f1"/>
<string name="1" value="c9_f2"/>
</imgdir>
</imgdir>
</imgdir>
<imgdir name="9">
<string name="command" value="c10"/>
<int name="inc" value="2"/>
<int name="prob" value="50"/>
<int name="l0" value="10"/>
<int name="l1" value="19"/>
<imgdir name="success">
<imgdir name="0">
<string name="act" value="love"/>
<string name="0" value="c10_s1"/>
<string name="1" value="c10_s2"/>
<string name="2" value="c10_s3"/>
<string name="3" value="c10_s4"/>
</imgdir>
</imgdir>
<imgdir name="fail">
<imgdir name="0">
<string name="act" value="burp"/>
<string name="0" value="c10_f1"/>
<string name="1" value="c10_f2"/>
<string name="2" value="c10_f3"/>
<string name="3" value="c10_f4"/>
</imgdir>
</imgdir>
</imgdir>
<imgdir name="10">
<string name="command" value="c11"/>
<int name="inc" value="2"/>
<int name="prob" value="60"/>
<int name="l0" value="20"/>
<int name="l1" value="29"/>
<imgdir name="success">
<imgdir name="0">
<string name="act" value="love"/>
<string name="0" value="c11_s1"/>
<string name="1" value="c11_s2"/>
<string name="2" value="c11_s3"/>
<string name="3" value="c11_s4"/>
</imgdir>
</imgdir>
<imgdir name="fail">
<imgdir name="0">
<string name="act" value="no"/>
<string name="0" value="c11_f1"/>
<string name="1" value="c11_f2"/>
<string name="2" value="c11_f3"/>
<string name="4" value="c11_f4"/>
</imgdir>
</imgdir>
</imgdir>
<imgdir name="11">
<string name="command" value="c12"/>
<int name="inc" value="3"/>
<int name="prob" value="70"/>
<int name="l0" value="30"/>
<int name="l1" value="30"/>
<imgdir name="success">
<imgdir name="0">
<string name="act" value="love"/>
<string name="0" value="c12_s1"/>
<string name="1" value="c12_s2"/>
<string name="2" value="c12_s3"/>
<string name="3" value="c12_s4"/>
</imgdir>
</imgdir>
<imgdir name="fail">
<imgdir name="0">
<string name="act" value="burp"/>
<string name="0" value="c12_f1"/>
<string name="1" value="c12_f2"/>
<string name="2" value="c12_f3"/>
<string name="3" value="c12_f4"/>
</imgdir>
</imgdir>
</imgdir>
<imgdir name="12">
<string name="command" value="c13"/>
<int name="inc" value="1"/>
<int name="prob" value="30"/>
<int name="l0" value="10"/>
<int name="l1" value="19"/>
<imgdir name="success">
<imgdir name="0">
<string name="act" value="dung"/>
<string name="0" value="c13_s1"/>
<string name="1" value="c13_s2"/>
<string name="2" value="c13_s3"/>
<string name="3" value="c13_s4"/>
</imgdir>
</imgdir>
<imgdir name="fail">
<imgdir name="0">
<string name="act" value="burp"/>
<string name="0" value="c13_f1"/>
<string name="1" value="c13_f2"/>
<string name="2" value="c13_f3"/>
<string name="3" value="c13_f4"/>
</imgdir>
</imgdir>
</imgdir>
<imgdir name="13">
<string name="command" value="c14"/>
<int name="inc" value="2"/>
<int name="prob" value="50"/>
<int name="l0" value="20"/>
<int name="l1" value="29"/>
<imgdir name="success">
<imgdir name="0">
<string name="act" value="dung"/>
<string name="0" value="c14_s1"/>
<string name="1" value="c14_s2"/>
<string name="2" value="c14_s3"/>
<string name="3" value="c14_s4"/>
</imgdir>
</imgdir>
<imgdir name="fail">
<imgdir name="0">
<string name="act" value="burp"/>
<string name="0" value="c14_f1"/>
<string name="1" value="c14_f2"/>
<string name="2" value="c14_f3"/>
<string name="3" value="c14_f4"/>
</imgdir>
</imgdir>
</imgdir>
<imgdir name="14">
<string name="command" value="c15"/>
<int name="inc" value="3"/>
<int name="prob" value="70"/>
<int name="l0" value="30"/>
<int name="l1" value="30"/>
<imgdir name="success">
<imgdir name="0">
<string name="act" value="dung"/>
<string name="0" value="c15_s1"/>
<string name="1" value="c15_s2"/>
<string name="2" value="c15_s3"/>
<string name="3" value="c15_s4"/>
</imgdir>
</imgdir>
<imgdir name="fail">
<imgdir name="0">
<string name="act" value="no"/>
<string name="0" value="c15_f1"/>
<string name="1" value="c15_f2"/>
<string name="2" value="c15_f3"/>
<string name="3" value="c15_f4"/>
</imgdir>
</imgdir>
</imgdir>
<imgdir name="15">
<string name="command" value="c16"/>
<int name="inc" value="1"/>
<int name="prob" value="30"/>
<int name="l0" value="10"/>
<int name="l1" value="19"/>
<imgdir name="success">
<imgdir name="0">
<string name="act" value="sleep"/>
<string name="0" value="c16_s1"/>
<string name="1" value="c16_s2"/>
<string name="2" value="c16_s3"/>
<string name="3" value="c16_s4"/>
</imgdir>
</imgdir>
<imgdir name="fail">
<imgdir name="0">
<string name="act" value="no"/>
<string name="0" value="c16_f1"/>
<string name="1" value="c16_f2"/>
<string name="2" value="c16_f3"/>
<string name="3" value="c16_f4"/>
</imgdir>
</imgdir>
</imgdir>
<imgdir name="16">
<string name="command" value="c17"/>
<int name="inc" value="2"/>
<int name="prob" value="45"/>
<int name="l0" value="20"/>
<int name="l1" value="29"/>
<imgdir name="success">
<imgdir name="0">
<string name="act" value="sleep"/>
<string name="0" value="c17_s1"/>
<string name="1" value="c17_s2"/>
<string name="2" value="c17_s3"/>
<string name="3" value="c17_s4"/>
</imgdir>
</imgdir>
<imgdir name="fail">
<imgdir name="0">
<string name="act" value="no"/>
<string name="0" value="c17_f1"/>
<string name="1" value="c17_f2"/>
<string name="2" value="c17_f3"/>
<string name="3" value="c17_f4"/>
</imgdir>
</imgdir>
</imgdir>
<imgdir name="17">
<string name="command" value="c18"/>
<int name="inc" value="3"/>
<int name="prob" value="60"/>
<int name="l0" value="30"/>
<int name="l1" value="30"/>
<imgdir name="success">
<imgdir name="0">
<string name="act" value="sleep"/>
<string name="0" value="c18_s1"/>
<string name="1" value="c18_s2"/>
<string name="2" value="c18_s3"/>
<string name="3" value="c18_s4"/>
</imgdir>
</imgdir>
<imgdir name="fail">
<imgdir name="0">
<string name="act" value="shock"/>
<string name="0" value="c18_f1"/>
<string name="1" value="c18_f2"/>
<string name="2" value="c18_f3"/>
<string name="3" value="c18_f4"/>
</imgdir>
</imgdir>
</imgdir>
<imgdir name="18">
<string name="command" value="c19"/>
<int name="inc" value="1"/>
<int name="prob" value="30"/>
<int name="l0" value="10"/>
<int name="l1" value="19"/>
<imgdir name="success">
<imgdir name="0">
<string name="act" value="chat"/>
<string name="0" value="c19_s1"/>
<string name="1" value="c19_s2"/>
<string name="2" value="c19_s3"/>
<string name="3" value="c19_s4"/>
</imgdir>
</imgdir>
<imgdir name="fail">
<imgdir name="0">
<string name="act" value="stand1"/>
<string name="0" value="c19_f1"/>
<string name="1" value="c19_f2"/>
<string name="2" value="c19_f3"/>
<string name="3" value="c19_f4"/>
</imgdir>
</imgdir>
</imgdir>
<imgdir name="19">
<string name="command" value="c20"/>
<int name="inc" value="2"/>
<int name="prob" value="45"/>
<int name="l0" value="20"/>
<int name="l1" value="29"/>
<imgdir name="success">
<imgdir name="0">
<string name="act" value="chat"/>
<string name="0" value="c20_s1"/>
<string name="1" value="c20_s2"/>
<string name="2" value="c20_s3"/>
<string name="3" value="c20_s4"/>
</imgdir>
</imgdir>
<imgdir name="fail">
<imgdir name="0">
<string name="act" value="angry"/>
<string name="0" value="c20_f1"/>
<string name="1" value="c20_f2"/>
<string name="2" value="c20_f3"/>
<string name="3" value="c20_f4"/>
</imgdir>
</imgdir>
</imgdir>
<imgdir name="20">
<string name="command" value="c21"/>
<int name="inc" value="3"/>
<int name="prob" value="60"/>
<int name="l0" value="30"/>
<int name="l1" value="30"/>
<imgdir name="success">
<imgdir name="0">
<string name="act" value="chat"/>
<string name="0" value="c21_s1"/>
<string name="1" value="c21_s2"/>
<string name="2" value="c21_s3"/>
<string name="3" value="c21_s4"/>
</imgdir>
</imgdir>
<imgdir name="fail">
<imgdir name="0">
<string name="act" value="angry"/>
<string name="0" value="c21_f1"/>
<string name="1" value="c21_f2"/>
<string name="2" value="c21_f3"/>
<string name="3" value="c21_f4"/>
</imgdir>
</imgdir>
</imgdir>
<imgdir name="21">
<string name="command" value="c22"/>
<int name="inc" value="2"/>
<int name="prob" value="50"/>
<int name="l0" value="20"/>
<int name="l1" value="29"/>
<imgdir name="success">
<imgdir name="0">
<string name="act" value="hide"/>
<string name="0" value="c22_s1"/>
<string name="1" value="c22_s2"/>
<string name="2" value="c22_s3"/>
<string name="3" value="c22_s4"/>
</imgdir>
</imgdir>
<imgdir name="fail">
<imgdir name="0">
<string name="act" value="shock"/>
<string name="0" value="c22_f1"/>
<string name="1" value="c22_f2"/>
<string name="2" value="c22_f3"/>
<string name="3" value="c22_f4"/>
</imgdir>
</imgdir>
</imgdir>
<imgdir name="22">
<string name="command" value="c23"/>
<int name="inc" value="3"/>
<int name="prob" value="60"/>
<int name="l0" value="30"/>
<int name="l1" value="30"/>
<imgdir name="success">
<imgdir name="0">
<string name="act" value="hide"/>
<string name="0" value="c23_s1"/>
<string name="1" value="c23_s2"/>
<string name="2" value="c23_s3"/>
<string name="3" value="c23_s4"/>
</imgdir>
</imgdir>
<imgdir name="fail">
<imgdir name="0">
<string name="act" value="shock"/>
<string name="0" value="c23_f1"/>
<string name="1" value="c23_f2"/>
<string name="2" value="c23_f3"/>
<string name="3" value="c23_f4"/>
</imgdir>
</imgdir>
</imgdir>
</imgdir>
<imgdir name="food">
<imgdir name="0">
<int name="l0" value="1"/>
<int name="l1" value="9"/>
<imgdir name="success">
<imgdir name="0">
<string name="act" value="rest0"/>
<string name="0" value="f1_s"/>
</imgdir>
</imgdir>
<imgdir name="fail">
<imgdir name="0">
<string name="act" value="cry"/>
<string name="0" value="f1_f"/>
</imgdir>
</imgdir>
</imgdir>
<imgdir name="1">
<int name="l0" value="10"/>
<int name="l1" value="19"/>
<imgdir name="success">
<imgdir name="0">
<string name="act" value="rest0"/>
<string name="0" value="f2_s"/>
</imgdir>
</imgdir>
<imgdir name="fail">
<imgdir name="0">
<string name="act" value="cry"/>
<string name="0" value="f2_f"/>
</imgdir>
</imgdir>
</imgdir>
<imgdir name="2">
<int name="l0" value="20"/>
<int name="l1" value="29"/>
<imgdir name="success">
<imgdir name="0">
<string name="act" value="rest0"/>
<string name="0" value="f3_s"/>
</imgdir>
</imgdir>
<imgdir name="fail">
<imgdir name="0">
<string name="act" value="cry"/>
<string name="0" value="f3_f"/>
</imgdir>
</imgdir>
</imgdir>
<imgdir name="3">
<int name="l0" value="30"/>
<int name="l1" value="30"/>
<imgdir name="success">
<imgdir name="0">
<string name="act" value="rest0"/>
<string name="0" value="f4_s"/>
</imgdir>
</imgdir>
<imgdir name="fail">
<imgdir name="0">
<string name="act" value="cry"/>
<string name="0" value="f4_f"/>
</imgdir>
</imgdir>
</imgdir>
</imgdir>
<imgdir name="slang">
<imgdir name="0">
<int name="l0" value="1"/>
<int name="l1" value="9"/>
<string name="act" value="rest0"/>
<string name="0" value="s1"/>
</imgdir>
<imgdir name="1">
<int name="l0" value="10"/>
<int name="l1" value="19"/>
<string name="act" value="rest0"/>
<string name="0" value="s2"/>
</imgdir>
<imgdir name="2">
<int name="l0" value="20"/>
<int name="l1" value="29"/>
<string name="act" value="rest0"/>
<string name="0" value="s3"/>
</imgdir>
<imgdir name="3">
<int name="l0" value="30"/>
<int name="l1" value="30"/>
<string name="act" value="rest0"/>
<string name="0" value="s4"/>
</imgdir>
</imgdir>
<imgdir name="stand0">
<canvas name="0" width="57" height="45">
<vector name="origin" x="22" y="45"/>
<int name="z" value="0"/>
<int name="delay" value="600"/>
<string name="_hash" value="f15ca130cb0ebabd3f43e752987fcfbe22fc3f6522d005965a30509118cb2837"/>
</canvas>
<canvas name="1" width="57" height="45">
<vector name="origin" x="22" y="45"/>
<vector name="lt" x="-16" y="-38"/>
<vector name="rb" x="32" y="0"/>
<int name="delay" value="600"/>
<int name="z" value="-1"/>
<string name="_hash" value="4e1cff0fffe84b031dfb5fe6f3d4c9c35f126a7632db977c216fbefff0b28474"/>
</canvas>
<canvas name="2" width="57" height="45">
<vector name="origin" x="22" y="45"/>
<int name="z" value="0"/>
<int name="delay" value="600"/>
<string name="_hash" value="829394f367623ab1f666fef61d36f3c04a6996b893432a44cb813cd85e935dbf"/>
</canvas>
</imgdir>
<imgdir name="stand1">
<canvas name="0" width="1" height="1">
<vector name="origin" x="22" y="45"/>
<vector name="lt" x="-16" y="-38"/>
<vector name="rb" x="32" y="0"/>
<int name="delay" value="300"/>
<string name="_inlink" value="stand0/0"/>
</canvas>
<canvas name="1" width="53" height="45">
<vector name="origin" x="22" y="45"/>
<vector name="lt" x="-16" y="-38"/>
<vector name="rb" x="32" y="0"/>
<int name="delay" value="300"/>
<string name="_hash" value="b26100083178e79b56cd9c2117a3cf58ba4be0214f9a3ed3feead1c875eda1cc"/>
</canvas>
<canvas name="2" width="57" height="45">
<vector name="origin" x="22" y="45"/>
<vector name="lt" x="-16" y="-38"/>
<vector name="rb" x="32" y="0"/>
<int name="delay" value="300"/>
<string name="_hash" value="585cb3cebeadf21edb6c85697a5601d394f0de1a86a12dc7ca193da99e928c4f"/>
</canvas>
<canvas name="3" width="59" height="45">
<vector name="origin" x="22" y="45"/>
<vector name="lt" x="-16" y="-38"/>
<vector name="rb" x="32" y="0"/>
<int name="delay" value="300"/>
<string name="_hash" value="d3c50f3d160a34b6e2dbac9d6ae646fe67cde4180055b325104e940ec539dbe6"/>
</canvas>
</imgdir>
<imgdir name="rest0">
<canvas name="0" width="55" height="42">
<vector name="origin" x="21" y="42"/>
<int name="delay" value="300"/>
<vector name="lt" x="-17" y="-38"/>
<vector name="rb" x="22" y="0"/>
<string name="_hash" value="dba69e4a17ece2a94886f0a8c412040cb7e78757e3e2223e528938a407000342"/>
</canvas>
<canvas name="1" width="52" height="42">
<vector name="origin" x="21" y="42"/>
<vector name="lt" x="-16" y="-38"/>
<vector name="rb" x="22" y="0"/>
<int name="delay" value="300"/>
<string name="_hash" value="e47c9b415e3a91093158070dc23c1951de559153e45f34ffb362057db2d666fe"/>
</canvas>
<canvas name="2" width="55" height="42">
<vector name="origin" x="21" y="42"/>
<int name="delay" value="300"/>
<vector name="lt" x="-17" y="-38"/>
<vector name="rb" x="22" y="0"/>
<string name="_hash" value="93d7f8013bae32acc95d294c6daccfba0ab84f5563d1b2291a77c03ed7f3853b"/>
</canvas>
<canvas name="3" width="57" height="42">
<vector name="origin" x="21" y="42"/>
<vector name="lt" x="-16" y="-38"/>
<vector name="rb" x="22" y="0"/>
<int name="delay" value="300"/>
<string name="_hash" value="582040d251cec3796d6ef68cecb03ba4251dc3336e5e89ac11002ac4d321455b"/>
</canvas>
</imgdir>
<imgdir name="move">
<canvas name="0" width="61" height="44">
<vector name="origin" x="20" y="45"/>
<vector name="lt" x="-19" y="-40"/>
<vector name="rb" x="30" y="0"/>
<int name="delay" value="200"/>
<string name="_hash" value="2b0813142e748efd50e7d37af148b33952cd89275ff21c131b41b88a7060ec68"/>
</canvas>
<canvas name="1" width="55" height="47">
<vector name="origin" x="20" y="45"/>
<vector name="lt" x="-20" y="-38"/>
<vector name="rb" x="27" y="0"/>
<int name="delay" value="200"/>
<string name="_hash" value="fa4e507c34eb1610d6881b9b8f4c9a18a1843a1d5a61f3d26bbcd5c054bd883f"/>
</canvas>
<canvas name="2" width="53" height="45">
<vector name="origin" x="20" y="45"/>
<vector name="lt" x="-20" y="-39"/>
<vector name="rb" x="29" y="-5"/>
<int name="delay" value="200"/>
<string name="_hash" value="ba7493ce2b491aafe8ed6d2a9e385a03593edb83c471f2e47f2721ff0c914180"/>
</canvas>
</imgdir>
<imgdir name="jump">
<canvas name="0" width="1" height="1">
<vector name="origin" x="23" y="46"/>
<int name="z" value="0"/>
<vector name="lt" x="-18" y="-40"/>
<vector name="rb" x="37" y="-3"/>
<string name="_inlink" value="move/0"/>
</canvas>
</imgdir>
<imgdir name="hungry">
<canvas name="0" width="73" height="31">
<vector name="origin" x="23" y="30"/>
<vector name="lt" x="-20" y="-35"/>
<vector name="rb" x="22" y="0"/>
<int name="delay" value="300"/>
<string name="_hash" value="ddf2386c7d731e752ff587cfefdb472389f5420ac7f86cbb4c9ab94f368eb272"/>
</canvas>
<canvas name="1" width="70" height="31">
<vector name="origin" x="23" y="30"/>
<vector name="lt" x="-20" y="-35"/>
<vector name="rb" x="22" y="0"/>
<int name="delay" value="300"/>
<string name="_hash" value="c63416c7c85550add925b47f36f23c58e122a355a92ad68de5c3c5c293a4abf3"/>
</canvas>
<canvas name="2" width="73" height="31">
<vector name="origin" x="23" y="30"/>
<vector name="lt" x="-20" y="-35"/>
<vector name="rb" x="22" y="0"/>
<int name="delay" value="300"/>
<string name="_hash" value="77cf70d9143f7ab97e49a49dca2cd218e839053efe384f7abda2f4becb38e78f"/>
</canvas>
<canvas name="3" width="75" height="31">
<vector name="origin" x="23" y="30"/>
<vector name="lt" x="-20" y="-35"/>
<vector name="rb" x="22" y="0"/>
<int name="delay" value="300"/>
<string name="_hash" value="8f729c98e0fd2cd4ac6fe5f34a9f3f4a820b2ef11d66eb73074c49b496917756"/>
</canvas>
</imgdir>
<imgdir name="angry">
<canvas name="0" width="56" height="47">
<vector name="origin" x="21" y="47"/>
<int name="delay" value="200"/>
<vector name="lt" x="-18" y="-34"/>
<vector name="rb" x="32" y="0"/>
<string name="_hash" value="cd0b66f6aaefb2f8507585ce51c586999c503ca7c6c903ea893689e49219432d"/>
</canvas>
<canvas name="1" width="51" height="56">
<vector name="origin" x="21" y="56"/>
<vector name="lt" x="-18" y="-34"/>
<vector name="rb" x="32" y="0"/>
<int name="delay" value="200"/>
<string name="_hash" value="b16b731b5e69976327287df0ba38eec0843f4ef7397a07487771412eed869555"/>
</canvas>
<canvas name="2" width="50" height="58">
<vector name="origin" x="20" y="58"/>
<int name="delay" value="200"/>
<vector name="lt" x="-18" y="-34"/>
<vector name="rb" x="32" y="0"/>
<string name="_hash" value="fb2daeaf378de3de92c746a05256aa2a3a171c2705217b54b94932c254d3afdf"/>
</canvas>
<canvas name="3" width="59" height="58">
<vector name="origin" x="16" y="58"/>
<vector name="lt" x="-18" y="-34"/>
<vector name="rb" x="32" y="0"/>
<int name="delay" value="200"/>
<string name="_hash" value="e85eacda4d1470b1347449fc82a18a82719422d0018eeabc5644a74aab54a79c"/>
</canvas>
<canvas name="4" width="74" height="58">
<vector name="origin" x="16" y="58"/>
<vector name="lt" x="-18" y="-34"/>
<vector name="rb" x="32" y="0"/>
<int name="delay" value="200"/>
<string name="_hash" value="c7a01f04f941efe4f1788e794295aeafba485dcdedc58ea68a89b5b765a8b093"/>
</canvas>
<canvas name="5" width="74" height="58">
<vector name="origin" x="16" y="58"/>
<int name="delay" value="200"/>
<vector name="lt" x="-18" y="-34"/>
<vector name="rb" x="32" y="0"/>
<string name="_hash" value="b1c1b75eeb675860aa8442133d370c8aecdae18ca1b5e3cd96dc35cf90309c02"/>
</canvas>
<canvas name="6" width="75" height="64">
<vector name="origin" x="16" y="64"/>
<vector name="lt" x="-18" y="-34"/>
<vector name="rb" x="32" y="0"/>
<int name="delay" value="200"/>
<string name="_hash" value="1781ff988d10b24e98168e8d583d5756bcbb77766c849f13bd6a0496c8c1967c"/>
</canvas>
<canvas name="7" width="51" height="58">
<vector name="origin" x="16" y="58"/>
<int name="delay" value="200"/>
<vector name="lt" x="-18" y="-34"/>
<vector name="rb" x="32" y="0"/>
<string name="_hash" value="4ea3215d1ffce645e0442e7acc8868dc572a503ef54f99f90938dad7dbd4605a"/>
</canvas>
</imgdir>
<imgdir name="chat">
<canvas name="0" width="1" height="1">
<vector name="origin" x="16" y="45"/>
<int name="delay" value="240"/>
<vector name="lt" x="-16" y="-38"/>
<vector name="rb" x="32" y="0"/>
<string name="_inlink" value="stand0/0"/>
</canvas>
<canvas name="1" width="53" height="45">
<vector name="origin" x="16" y="45"/>
<vector name="lt" x="-16" y="-38"/>
<vector name="rb" x="35" y="0"/>
<int name="delay" value="240"/>
<string name="_hash" value="841bcd1405dc0978bdc4cc37ae97b6f6fde91dc743ef398326603e1fe71f2f1e"/>
</canvas>
<canvas name="2" width="1" height="1">
<vector name="origin" x="16" y="45"/>
<int name="delay" value="240"/>
<vector name="lt" x="-16" y="-38"/>
<vector name="rb" x="32" y="0"/>
<string name="_inlink" value="stand0/0"/>
</canvas>
<canvas name="3" width="59" height="45">
<vector name="origin" x="16" y="45"/>
<int name="delay" value="240"/>
<vector name="lt" x="-16" y="-38"/>
<vector name="rb" x="32" y="0"/>
<string name="_hash" value="6938995269837bf2da09493ac66c3150233c98a964dc15a530707a6a11c60ead"/>
</canvas>
<uol name="4" value="0"/>
<uol name="5" value="1"/>
<uol name="6" value="2"/>
<uol name="7" value="3"/>
<uol name="8" value="0"/>
<uol name="9" value="1"/>
<uol name="10" value="2"/>
<uol name="11" value="3"/>
</imgdir>
<imgdir name="shock">
<canvas name="0" width="67" height="52">
<vector name="origin" x="30" y="52"/>
<int name="z" value="0"/>
<vector name="lt" x="-16" y="-32"/>
<vector name="rb" x="27" y="0"/>
<string name="_hash" value="0db94d5a8098fe688c362a363f9f90119ddb3c8da4be24c2489a0c069dfb8878"/>
</canvas>
<int name="delay" value="1500"/>
</imgdir>
<imgdir name="fly">
<canvas name="0" width="69" height="45">
<vector name="origin" x="29" y="49"/>
<vector name="lt" x="-19" y="-39"/>
<vector name="rb" x="29" y="0"/>
<int name="delay" value="240"/>
<string name="_hash" value="f25d71ead5782be386fd92c855b045d61886062ecce90724098c7780891a3472"/>
</canvas>
<canvas name="1" width="70" height="45">
<vector name="origin" x="31" y="49"/>
<int name="delay" value="240"/>
<vector name="lt" x="-20" y="-39"/>
<vector name="rb" x="28" y="1"/>
<string name="_hash" value="c0730c6138ee97ae75e3019a42de0677fb7caa345b64cbee07d119c23445b783"/>
</canvas>
<canvas name="2" width="66" height="45">
<vector name="origin" x="26" y="49"/>
<vector name="lt" x="-19" y="-39"/>
<vector name="rb" x="29" y="0"/>
<int name="delay" value="240"/>
<string name="_hash" value="ec7d14170218f01078f946799168e1fa4e26148e94d135e940268310444dbde1"/>
</canvas>
<canvas name="3" width="61" height="45">
<vector name="origin" x="22" y="49"/>
<int name="delay" value="240"/>
<vector name="lt" x="-20" y="-39"/>
<vector name="rb" x="28" y="1"/>
<string name="_hash" value="9d419f6d699d9c20083e67c1bb1a4ad060deb12185b3cf49ad4cc92a70dc7211"/>
</canvas>
<uol name="4" value="0"/>
<uol name="5" value="1"/>
<uol name="6" value="2"/>
<uol name="7" value="3"/>
</imgdir>
<imgdir name="hang">
<canvas name="0" width="43" height="45">
<vector name="origin" x="16" y="45"/>
<int name="z" value="0"/>
<vector name="lt" x="-16" y="-62"/>
<vector name="rb" x="16" y="-6"/>
<string name="_hash" value="8867df29648a464f69cac56e90be591c740b5b54f68dd0ae6cf0b6021f243747"/>
</canvas>
</imgdir>
<imgdir name="love">
<canvas name="0" width="95" height="70">
<vector name="origin" x="43" y="65"/>
<vector name="lt" x="-21" y="-38"/>
<vector name="rb" x="32" y="0"/>
<int name="delay" value="200"/>
<string name="_hash" value="1b8e6de23415050ae8963ad5fd37da6f821165df031f47e6559de20e3ce35141"/>
</canvas>
<canvas name="1" width="99" height="72">
<vector name="origin" x="45" y="66"/>
<vector name="lt" x="-21" y="-38"/>
<vector name="rb" x="32" y="0"/>
<int name="delay" value="200"/>
<string name="_hash" value="df0ff92e0ce7d72c73162be45c74b561aaab4e3f055a656da5ec916bedc1633c"/>
</canvas>
<canvas name="2" width="99" height="74">
<vector name="origin" x="45" y="67"/>
<vector name="lt" x="-21" y="-38"/>
<vector name="rb" x="32" y="0"/>
<int name="delay" value="200"/>
<string name="_hash" value="a23373f148f725a1f5ab38aa7873aa46741322ad7be5f0036854f19b23ba639c"/>
</canvas>
<canvas name="3" width="103" height="76">
<vector name="origin" x="47" y="68"/>
<vector name="lt" x="-21" y="-38"/>
<vector name="rb" x="32" y="0"/>
<int name="delay" value="200"/>
<string name="_hash" value="d49ce4e32819d5fd8d120637b38117f34363393ec48c8c46eeec0f16d7b411cd"/>
</canvas>
<canvas name="4" width="101" height="76">
<vector name="origin" x="46" y="68"/>
<int name="z" value="0"/>
<int name="delay" value="200"/>
<vector name="lt" x="-21" y="-38"/>
<vector name="rb" x="32" y="0"/>
<string name="_hash" value="6b5b86ecff4fe7e907f7046d439f775b057b592f0085684f0c1ce103b3bdffab"/>
</canvas>
<canvas name="5" width="99" height="74">
<vector name="origin" x="45" y="67"/>
<int name="z" value="0"/>
<int name="delay" value="200"/>
<vector name="lt" x="-21" y="-38"/>
<vector name="rb" x="32" y="0"/>
<string name="_hash" value="3c595922b9d4d6d3991c63504cddc132a9685d39ad23cbec7645f02e0478f9b0"/>
</canvas>
<canvas name="6" width="99" height="72">
<vector name="origin" x="45" y="66"/>
<int name="z" value="0"/>
<int name="delay" value="200"/>
<vector name="lt" x="-21" y="-38"/>
<vector name="rb" x="32" y="0"/>
<string name="_hash" value="0a9cafb9fa83271582c86f9b248af785b3ba02b19df235a7bfdd963664f67c43"/>
</canvas>
<canvas name="7" width="95" height="70">
<vector name="origin" x="43" y="65"/>
<int name="z" value="0"/>
<int name="delay" value="200"/>
<vector name="lt" x="-21" y="-38"/>
<vector name="rb" x="32" y="0"/>
<string name="_hash" value="c8f452bf02077c30100ef092270ef2a672e1a29c9785cd6f025c769990425053"/>
</canvas>
</imgdir>
<imgdir name="cry">
<canvas name="0" width="72" height="38">
<vector name="origin" x="26" y="37"/>
<vector name="lt" x="-22" y="-33"/>
<vector name="rb" x="22" y="0"/>
<int name="delay" value="300"/>
<string name="_hash" value="0d6868bd698dbcdb8ab5ed8dc9d84b4b7c3c033b3ee969129c6094e2827b9414"/>
</canvas>
<canvas name="1" width="74" height="39">
<vector name="origin" x="28" y="38"/>
<vector name="lt" x="-22" y="-33"/>
<vector name="rb" x="22" y="0"/>
<int name="delay" value="300"/>
<string name="_hash" value="a18ea8dbf5201a057211de6da8a17bad8fb3b72249456de299ce3a79d4f92c98"/>
</canvas>
<canvas name="2" width="74" height="39">
<vector name="origin" x="28" y="38"/>
<vector name="lt" x="-22" y="-33"/>
<vector name="rb" x="21" y="0"/>
<int name="delay" value="300"/>
<string name="_hash" value="2615bb4f489801425172735352189b7517ed9cc974686591b42d29db2dcdccfd"/>
</canvas>
<uol name="3" value="0"/>
<uol name="4" value="1"/>
<uol name="5" value="2"/>
<uol name="6" value="0"/>
<uol name="7" value="1"/>
<uol name="8" value="2"/>
</imgdir>
<imgdir name="hug">
<canvas name="0" width="60" height="44">
<vector name="rb" x="32" y="0"/>
<vector name="origin" x="19" y="44"/>
<int name="z" value="0"/>
<vector name="lt" x="-24" y="-39"/>
<int name="delay" value="1500"/>
<string name="_hash" value="27af8ef9dbc3d6d2f3bb1429210720b58752ce9890810b40d3a589db1b9de606"/>
</canvas>
</imgdir>
<imgdir name="no">
<canvas name="0" width="66" height="42">
<vector name="origin" x="36" y="42"/>
<int name="delay" value="300"/>
<vector name="lt" x="-32" y="-39"/>
<vector name="rb" x="22" y="-5"/>
<string name="_hash" value="50b16b1ed9e5667ef836781d9ee2d317d8233275313cf93e4b67998c0594ba82"/>
</canvas>
<canvas name="1" width="66" height="42">
<vector name="origin" x="36" y="42"/>
<vector name="lt" x="-32" y="-39"/>
<vector name="rb" x="22" y="-5"/>
<int name="delay" value="300"/>
<string name="_hash" value="ff879d161ba5289cf02d513c85da8ef1f4892833a617e8db380c8e041914d684"/>
</canvas>
<canvas name="2" width="66" height="42">
<vector name="origin" x="36" y="42"/>
<vector name="lt" x="-32" y="-39"/>
<vector name="rb" x="22" y="-5"/>
<int name="delay" value="300"/>
<string name="_hash" value="dae97295e81ffcd4ad8ef4a4075241d710eb420258190f9ebba4f47c05233b55"/>
</canvas>
<canvas name="3" width="66" height="42">
<vector name="origin" x="36" y="42"/>
<vector name="lt" x="-32" y="-39"/>
<vector name="rb" x="22" y="-5"/>
<int name="delay" value="300"/>
<string name="_hash" value="57bb504c501ebdd9128bbd1dff7d0d8234b7d7ae9e24412d19b0b83ea8c7237e"/>
</canvas>
</imgdir>
<imgdir name="burp">
<canvas name="0" width="56" height="43">
<vector name="origin" x="21" y="42"/>
<int name="z" value="0"/>
<int name="delay" value="300"/>
<vector name="lt" x="-22" y="-33"/>
<vector name="rb" x="22" y="0"/>
<string name="_hash" value="60e955f027a3a89cea390dccb218895baaa67c2ea89f254ecdc1ffd0586d758b"/>
</canvas>
<canvas name="1" width="63" height="43">
<vector name="origin" x="28" y="42"/>
<int name="z" value="0"/>
<int name="delay" value="300"/>
<vector name="lt" x="-22" y="-33"/>
<vector name="rb" x="22" y="0"/>
<string name="_hash" value="fa6173bbdbdd7951182edfec4147629f948e6c71e3f5b57bcc0134eea9da5d6d"/>
</canvas>
<canvas name="2" width="69" height="43">
<vector name="origin" x="34" y="42"/>
<vector name="lt" x="-22" y="-33"/>
<vector name="rb" x="22" y="0"/>
<int name="delay" value="300"/>
<string name="_hash" value="ff08b0922298334c9853c3bb6954e81518ca3f0abc608c9a55961e7883ddc56a"/>
</canvas>
<canvas name="3" width="56" height="42">
<vector name="origin" x="21" y="42"/>
<int name="z" value="0"/>
<int name="delay" value="300"/>
<vector name="lt" x="-22" y="-33"/>
<vector name="rb" x="22" y="0"/>
<string name="_hash" value="65e994ef0a932204e277d63873f4f56732d9274e7a33b1096ca818f61d9332a0"/>
</canvas>
<uol name="4" value="0"/>
<uol name="5" value="1"/>
<uol name="6" value="2"/>
<uol name="7" value="3"/>
</imgdir>
<imgdir name="dung">
<canvas name="0" width="57" height="53">
<vector name="origin" x="24" y="53"/>
<int name="delay" value="150"/>
<vector name="lt" x="-21" y="-39"/>
<vector name="rb" x="21" y="0"/>
<string name="_hash" value="2a7432fbdbc8ada25dd030e883c980cfb4a9d8e3d8e94ded4f81de7c04e683da"/>
</canvas>
<canvas name="1" width="59" height="53">
<vector name="origin" x="25" y="53"/>
<int name="delay" value="150"/>
<vector name="lt" x="-21" y="-39"/>
<vector name="rb" x="21" y="0"/>
<string name="_hash" value="2248a0dd3c51c36ea698c11228ec226356887560da5e89d103a328b48d283b60"/>
</canvas>
<canvas name="2" width="57" height="53">
<vector name="origin" x="24" y="53"/>
<int name="delay" value="150"/>
<vector name="lt" x="-21" y="-39"/>
<vector name="rb" x="21" y="0"/>
<string name="_hash" value="c377fb2e8b045cc371ff4192b3386df12dec563d9af485e61c817c53e23ddca6"/>
</canvas>
<canvas name="3" width="59" height="53">
<vector name="origin" x="25" y="53"/>
<int name="delay" value="150"/>
<vector name="lt" x="-21" y="-39"/>
<vector name="rb" x="21" y="0"/>
<string name="_hash" value="4b960b59221dc5e9f290c16c75b6c52310c535766fafd593fa54684527ccfec8"/>
</canvas>
<uol name="4" value="0"/>
<uol name="5" value="1"/>
<uol name="6" value="2"/>
<uol name="7" value="3"/>
</imgdir>
<imgdir name="sleep">
<canvas name="0" width="75" height="54">
<vector name="origin" x="39" y="47"/>
<vector name="lt" x="-20" y="-33"/>
<vector name="rb" x="21" y="0"/>
<int name="delay" value="240"/>
<string name="_hash" value="0a0b25b22636f7ef58ac55b08a03baa1438ec1c9d0095cc0ac68b26554613066"/>
</canvas>
<canvas name="1" width="76" height="54">
<vector name="origin" x="39" y="47"/>
<vector name="lt" x="-20" y="-33"/>
<vector name="rb" x="21" y="0"/>
<int name="delay" value="240"/>
<string name="_hash" value="99bc33f6096b293747b8b47e0942dd0baebdfa8391988e48462d75d585526caf"/>
</canvas>
<canvas name="2" width="79" height="52">
<vector name="origin" x="39" y="45"/>
<vector name="lt" x="-20" y="-33"/>
<vector name="rb" x="21" y="0"/>
<int name="delay" value="240"/>
<string name="_hash" value="0b1ccb4bbaae101c4b4588602ba1e1bf4c7645d620059159fab5b3d988125e67"/>
</canvas>
<canvas name="3" width="76" height="54">
<vector name="origin" x="39" y="47"/>
<vector name="lt" x="-20" y="-33"/>
<vector name="rb" x="21" y="0"/>
<int name="delay" value="240"/>
<string name="_hash" value="7ae9bed4aec3451dcbd2d6eddaf6900d0631b62e05be4e557488cb11d5a33992"/>
</canvas>
<canvas name="4" width="75" height="54">
<vector name="origin" x="39" y="47"/>
<vector name="lt" x="-20" y="-33"/>
<vector name="rb" x="21" y="0"/>
<int name="delay" value="240"/>
<string name="_hash" value="1e72655a44fd93e4e6b1ad3b03588a6dace7605def04b661e7da0981742a26fc"/>
</canvas>
<uol name="5" value="0"/>
<uol name="6" value="1"/>
<uol name="7" value="2"/>
<uol name="8" value="3"/>
<uol name="9" value="4"/>
</imgdir>
<imgdir name="hide">
<canvas name="0" width="95" height="70">
<vector name="origin" x="45" y="65"/>
<vector name="lt" x="-20" y="-35"/>
<vector name="rb" x="22" y="0"/>
<int name="delay" value="180"/>
<string name="_hash" value="28e743077ee54cea4b084e672e15a2411d0e8a7f8de30bc5f0fbfbe54556dfbe"/>
</canvas>
<canvas name="1" width="99" height="72">
<vector name="origin" x="47" y="66"/>
<vector name="lt" x="-20" y="-35"/>
<vector name="rb" x="22" y="0"/>
<int name="delay" value="180"/>
<string name="_hash" value="f98c302b02625ac44424e076d3461dad53fccd3a9ad6bbed7e492ec40db894f1"/>
</canvas>
<canvas name="2" width="99" height="74">
<vector name="origin" x="48" y="67"/>
<vector name="lt" x="-20" y="-35"/>
<vector name="rb" x="22" y="0"/>
<int name="delay" value="180"/>
<string name="_hash" value="946fe984a6a803d358cf8f28dee5f7971799a8ffff185001b3257517da76e7c0"/>
</canvas>
<canvas name="3" width="103" height="76">
<vector name="origin" x="50" y="68"/>
<vector name="lt" x="-20" y="-35"/>
<vector name="rb" x="22" y="0"/>
<int name="delay" value="180"/>
<string name="_hash" value="ba2f29c678e738b3e7ad716f92796ffdba1d56e44010ca530153715fe35c726a"/>
</canvas>
<canvas name="4" width="101" height="76">
<vector name="origin" x="50" y="68"/>
<vector name="lt" x="-20" y="-35"/>
<vector name="rb" x="22" y="0"/>
<int name="delay" value="180"/>
<string name="_hash" value="4851da27f0dd911cf3d8ba2ade4a9932b83d9498bee19c51ac01494f7ad59a9c"/>
</canvas>
<canvas name="5" width="99" height="74">
<vector name="origin" x="49" y="67"/>
<vector name="lt" x="-20" y="-35"/>
<vector name="rb" x="22" y="0"/>
<int name="delay" value="180"/>
<string name="_hash" value="b31a2ea2fe57138813102fce810cae18c7d060442fc6c3f0f01fc6ab4db6040b"/>
</canvas>
<canvas name="6" width="99" height="72">
<vector name="origin" x="50" y="66"/>
<vector name="lt" x="-20" y="-35"/>
<vector name="rb" x="22" y="0"/>
<int name="delay" value="180"/>
<string name="_hash" value="aea14fb06ef5fafb503d6b6633b9b1e0e8bad4dadcfafd9617720b950719486a"/>
</canvas>
<canvas name="7" width="95" height="70">
<vector name="origin" x="48" y="65"/>
<vector name="lt" x="-20" y="-35"/>
<vector name="rb" x="22" y="0"/>
<int name="delay" value="180"/>
<string name="_hash" value="5bd2943cb1c7ffb2043a882876656f98a87d3afc8fcd9df95511252d0605fd6f"/>
</canvas>
<canvas name="8" width="1" height="1">
<vector name="origin" x="49" y="65"/>
<vector name="lt" x="-20" y="-35"/>
<vector name="rb" x="22" y="0"/>
<int name="delay" value="180"/>
<string name="_inlink" value="hide/0"/>
</canvas>
<canvas name="9" width="1" height="1">
<vector name="origin" x="51" y="66"/>
<vector name="lt" x="-20" y="-35"/>
<vector name="rb" x="22" y="0"/>
<int name="delay" value="180"/>
<string name="_inlink" value="hide/1"/>
</canvas>
<canvas name="10" width="1" height="1">
<vector name="origin" x="52" y="67"/>
<vector name="lt" x="-20" y="-35"/>
<vector name="rb" x="22" y="0"/>
<int name="delay" value="180"/>
<string name="_inlink" value="hide/2"/>
</canvas>
<canvas name="11" width="1" height="1">
<vector name="origin" x="54" y="68"/>
<vector name="lt" x="-20" y="-35"/>
<vector name="rb" x="22" y="0"/>
<int name="delay" value="180"/>
<string name="_inlink" value="hide/3"/>
</canvas>
<canvas name="12" width="101" height="76">
<vector name="origin" x="54" y="68"/>
<vector name="lt" x="-20" y="-35"/>
<vector name="rb" x="22" y="0"/>
<int name="delay" value="180"/>
<string name="_hash" value="23ead96334e53587a89927dadecc875b23f4ffccb31aea02f7a328b21866200a"/>
</canvas>
<canvas name="13" width="99" height="74">
<vector name="origin" x="53" y="67"/>
<vector name="lt" x="-20" y="-35"/>
<vector name="rb" x="22" y="0"/>
<int name="delay" value="180"/>
<string name="_hash" value="258b75d573fe20335c47a8fc87ec57b72d9b89ab3d6c9e53fefd4e11f34a42e1"/>
</canvas>
<canvas name="14" width="99" height="72">
<vector name="origin" x="54" y="66"/>
<vector name="lt" x="-20" y="-35"/>
<vector name="rb" x="22" y="0"/>
<int name="delay" value="180"/>
<string name="_hash" value="be249c53568f5c1edf43842ec50e05e962c79c554eef684e1f17e51dbf97e548"/>
</canvas>
<canvas name="15" width="95" height="70">
<vector name="origin" x="52" y="65"/>
<vector name="lt" x="-20" y="-35"/>
<vector name="rb" x="22" y="0"/>
<int name="delay" value="180"/>
<string name="_hash" value="10bb262a066bde4759834398fc6e509b724aa59f9eaa70e3828fa6f6e949803f"/>
</canvas>
<canvas name="16" width="22" height="11">
<vector name="origin" x="20" y="40"/>
<vector name="lt" x="-20" y="-35"/>
<vector name="rb" x="22" y="0"/>
<int name="delay" value="180"/>
<string name="_hash" value="9e3963891e61ed2b864077dd2a7290d5b80711079c8e4e759664bb60898f3664"/>
</canvas>
<canvas name="17" width="95" height="70">
<vector name="origin" x="65" y="65"/>
<vector name="lt" x="-20" y="-35"/>
<vector name="rb" x="22" y="0"/>
<int name="delay" value="180"/>
<string name="_hash" value="cfde4df7aebeec1b781dbcf8f5ecd082fb4e69d8c9931d3b1731c46c8d6e23a1"/>
</canvas>
<canvas name="18" width="95" height="70">
<vector name="origin" x="65" y="65"/>
<vector name="lt" x="-20" y="-35"/>
<vector name="rb" x="22" y="0"/>
<int name="delay" value="180"/>
<string name="_hash" value="b2c01013ab80d9fb1cf2a6d91be2c1a37723b7a9e473856ef7308332f97af9ad"/>
</canvas>
<canvas name="19" width="95" height="70">
<vector name="origin" x="64" y="65"/>
<vector name="lt" x="-20" y="-35"/>
<vector name="rb" x="22" y="0"/>
<int name="delay" value="180"/>
<string name="_hash" value="3cebddb9c454bbb72eccbb8f4000bc1f9efe7963ba943637fcd040fb6fa00acd"/>
</canvas>
<canvas name="20" width="95" height="70">
<vector name="origin" x="64" y="65"/>
<vector name="lt" x="-20" y="-35"/>
<vector name="rb" x="22" y="0"/>
<int name="delay" value="180"/>
<string name="_hash" value="c3d62671e23f3acaf1eeced575e640a94669d388d33d332ff48e2b4dd875ac5f"/>
</canvas>
<canvas name="21" width="57" height="45">
<vector name="origin" x="46" y="45"/>
<vector name="lt" x="-20" y="-35"/>
<vector name="rb" x="22" y="0"/>
<int name="delay" value="180"/>
<string name="_hash" value="15e068c8d6016d319d5adf1343380cde997ee63b4828a661bdcddc7754bfe011"/>
</canvas>
<canvas name="22" width="57" height="45">
<vector name="origin" x="46" y="45"/>
<vector name="lt" x="-20" y="-35"/>
<vector name="rb" x="22" y="0"/>
<int name="delay" value="180"/>
<string name="_hash" value="feed77797d397e162749fa5e9498a677bcbe6b9c5d2a04a4555e5bd50a67ac69"/>
</canvas>
<canvas name="23" width="59" height="45">
<vector name="origin" x="47" y="45"/>
<vector name="lt" x="-20" y="-35"/>
<vector name="rb" x="22" y="0"/>
<int name="delay" value="180"/>
<string name="_hash" value="0a38c279985827f17bd04bf35fc4db6d8150e84ec6c6a81f92aaa838858e0d97"/>
</canvas>
<canvas name="24" width="59" height="45">
<vector name="origin" x="47" y="45"/>
<vector name="lt" x="-20" y="-35"/>
<vector name="rb" x="22" y="0"/>
<int name="delay" value="180"/>
<string name="_hash" value="51babf523777123f62bfb54e4b766d9b1e244c2141e61ef3eebe7955995110a4"/>
</canvas>
<canvas name="25" width="57" height="45">
<vector name="origin" x="44" y="45"/>
<vector name="lt" x="-20" y="-35"/>
<vector name="rb" x="22" y="0"/>
<int name="delay" value="180"/>
<string name="_hash" value="a0d97e2fc69b44ad5de932b5bee49dce1e2676fda4d15dba119fa8a21b7ec03f"/>
</canvas>
<canvas name="26" width="57" height="45">
<vector name="origin" x="44" y="45"/>
<vector name="lt" x="-20" y="-35"/>
<vector name="rb" x="22" y="0"/>
<int name="delay" value="180"/>
<string name="_hash" value="8a751fc44f583069781ea265cdf6fa4ee1fec7a6766af31a43de481c88b4bc4c"/>
</canvas>
<canvas name="27" width="54" height="45">
<vector name="origin" x="40" y="45"/>
<vector name="lt" x="-20" y="-35"/>
<vector name="rb" x="22" y="0"/>
<int name="delay" value="180"/>
<string name="_hash" value="fe77b722bea6863470e8daa670af9c3654fc92310515591e17e845ce684a5407"/>
</canvas>
<canvas name="28" width="54" height="45">
<vector name="origin" x="40" y="45"/>
<vector name="lt" x="-20" y="-35"/>
<vector name="rb" x="22" y="0"/>
<int name="delay" value="180"/>
<string name="_hash" value="8a3d7beed76d50ff0226b1fa32892f11a50e644ffc978ee3414f06a450a5a743"/>
</canvas>
<canvas name="29" width="1" height="1">
<vector name="origin" x="42" y="45"/>
<vector name="lt" x="-20" y="-35"/>
<vector name="rb" x="22" y="0"/>
<int name="delay" value="180"/>
<string name="_inlink" value="hide/21"/>
</canvas>
<canvas name="30" width="1" height="1">
<vector name="origin" x="42" y="45"/>
<vector name="lt" x="-20" y="-35"/>
<vector name="rb" x="22" y="0"/>
<int name="delay" value="180"/>
<string name="_inlink" value="hide/22"/>
</canvas>
<canvas name="31" width="1" height="1">
<vector name="origin" x="43" y="45"/>
<vector name="lt" x="-20" y="-35"/>
<vector name="rb" x="22" y="0"/>
<int name="delay" value="180"/>
<string name="_inlink" value="hide/23"/>
</canvas>
<canvas name="32" width="1" height="1">
<vector name="origin" x="43" y="45"/>
<vector name="lt" x="-20" y="-35"/>
<vector name="rb" x="22" y="0"/>
<int name="delay" value="180"/>
<string name="_inlink" value="hide/24"/>
</canvas>
</imgdir>
</imgdir>
