<?xml version="1.0" encoding="UTF-8" standalone="yes"?>
<imgdir name="5000240.img">
<imgdir name="info">
<canvas name="icon" width="1" height="1">
<vector name="origin" x="-1" y="30"/>
<string name="_hash" value="2933879d7db50bdfb12cb7a0e428bf424ea36addc65c884dcba3ab7d611dfd42"/>
<string name="_outlink" value="Item/Pet/5000201.img/info/icon"/>
</canvas>
<canvas name="iconRaw" width="1" height="1">
<vector name="origin" x="-1" y="30"/>
<string name="_hash" value="d4637aa186d1cfe8052f576cb93f7813f5ea14b00abf0c50d5340c5fdced4e3e"/>
<string name="_outlink" value="Item/Pet/5000201.img/info/iconRaw"/>
</canvas>
<canvas name="iconD" width="1" height="1">
<vector name="origin" x="0" y="29"/>
<string name="_hash" value="d05574efd4632490df397c85fafb11ba58b9d9623c7b9962fb4ec88ffd2170c5"/>
<string name="_outlink" value="Item/Pet/5000201.img/info/iconD"/>
</canvas>
<canvas name="iconRawD" width="1" height="1">
<vector name="origin" x="0" y="29"/>
<string name="_hash" value="96fbc396c0762d398bbb4133e35cd7b0f9796fec4f26cd65aed1e80a404a33f1"/>
<string name="_outlink" value="Item/Pet/5000201.img/info/iconRawD"/>
</canvas>
<int name="hungry" value="4"/>
<int name="cash" value="1"/>
<int name="nameTag" value="39"/>
<int name="chatBalloon" value="37"/>
<int name="multiPet" value="1"/>
<int name="life" value="90"/>
<int name="pickupItem" value="1"/>
<int name="autoBuff" value="1"/>
<int name="allowOverlappedSet" value="1"/>
<int name="setItemID" value="135"/>
</imgdir>
<imgdir name="interact">
<imgdir name="0">
<string name="command" value="c1"/>
<int name="inc" value="1"/>
<int name="prob" value="30"/>
<int name="l0" value="1"/>
<int name="l1" value="9"/>
<imgdir name="success">
<imgdir name="0">
<string name="act" value="rest0"/>
<string name="0" value="c1_s1"/>
<string name="1" value="c1_s2"/>
</imgdir>
</imgdir>
<imgdir name="fail">
<imgdir name="0">
<string name="act" value="stand1"/>
<string name="0" value="c1_f1"/>
<string name="1" value="c1_f2"/>
</imgdir>
</imgdir>
</imgdir>
<imgdir name="1">
<string name="command" value="c2"/>
<int name="inc" value="2"/>
<int name="prob" value="45"/>
<int name="l0" value="10"/>
<int name="l1" value="19"/>
<imgdir name="success">
<imgdir name="0">
<string name="act" value="rest0"/>
<string name="0" value="c2_s1"/>
<string name="1" value="c2_s2"/>
<string name="2" value="c2_s3"/>
<string name="3" value="c2_s4"/>
</imgdir>
</imgdir>
<imgdir name="fail">
<imgdir name="0">
<string name="act" value="melong"/>
<string name="0" value="c2_f1"/>
<string name="1" value="c2_f2"/>
<string name="2" value="c2_f3"/>
<string name="3" value="c2_f4"/>
</imgdir>
</imgdir>
</imgdir>
<imgdir name="2">
<string name="command" value="c3"/>
<int name="inc" value="3"/>
<int name="prob" value="60"/>
<int name="l0" value="20"/>
<int name="l1" value="29"/>
<imgdir name="success">
<imgdir name="0">
<string name="act" value="rest0"/>
<string name="0" value="c3_s1"/>
<string name="1" value="c3_s2"/>
<string name="2" value="c3_s3"/>
<string name="3" value="c3_s4"/>
</imgdir>
</imgdir>
<imgdir name="fail">
<imgdir name="0">
<string name="act" value="melong"/>
<string name="0" value="c3_f1"/>
<string name="1" value="c3_f2"/>
<string name="2" value="c3_f3"/>
<string name="3" value="c3_f4"/>
</imgdir>
</imgdir>
</imgdir>
<imgdir name="3">
<string name="command" value="c4"/>
<int name="inc" value="2"/>
<int name="prob" value="70"/>
<int name="l0" value="30"/>
<int name="l1" value="30"/>
<imgdir name="success">
<imgdir name="0">
<string name="act" value="rest0"/>
<string name="0" value="c4_s1"/>
<string name="1" value="c4_s2"/>
<string name="2" value="c4_s3"/>
<string name="3" value="c4_s4"/>
</imgdir>
</imgdir>
<imgdir name="fail">
<imgdir name="0">
<string name="act" value="upset"/>
<string name="0" value="c4_f1"/>
<string name="1" value="c4_f2"/>
<string name="2" value="c4_f3"/>
<string name="3" value="c4_f4"/>
</imgdir>
</imgdir>
</imgdir>
<imgdir name="4">
<string name="command" value="c5"/>
<int name="inc" value="1"/>
<int name="prob" value="30"/>
<int name="l0" value="1"/>
<int name="l1" value="9"/>
<imgdir name="success">
<imgdir name="0">
<string name="act" value="cry"/>
<string name="0" value="c5_s1"/>
<string name="1" value="c5_s2"/>
</imgdir>
</imgdir>
<imgdir name="fail">
<imgdir name="0">
<string name="act" value="angry"/>
<string name="0" value="c5_f1"/>
<string name="1" value="c5_f2"/>
</imgdir>
</imgdir>
</imgdir>
<imgdir name="5">
<string name="command" value="c6"/>
<int name="inc" value="2"/>
<int name="prob" value="50"/>
<int name="l0" value="10"/>
<int name="l1" value="19"/>
<imgdir name="success">
<imgdir name="0">
<string name="act" value="cry"/>
<string name="0" value="c6_s1"/>
<string name="1" value="c6_s2"/>
<string name="2" value="c6_s3"/>
<string name="3" value="c6_s4"/>
</imgdir>
</imgdir>
<imgdir name="fail">
<imgdir name="0">
<string name="act" value="angry"/>
<string name="0" value="c6_f1"/>
<string name="1" value="c6_f2"/>
<string name="2" value="c6_f3"/>
<string name="3" value="c6_f4"/>
</imgdir>
</imgdir>
</imgdir>
<imgdir name="6">
<string name="command" value="c7"/>
<int name="inc" value="2"/>
<int name="prob" value="60"/>
<int name="l0" value="20"/>
<int name="l1" value="29"/>
<imgdir name="success">
<imgdir name="0">
<string name="act" value="cry"/>
<string name="0" value="c7_s1"/>
<string name="1" value="c7_s2"/>
<string name="2" value="c7_s3"/>
<string name="3" value="c7_s4"/>
</imgdir>
</imgdir>
<imgdir name="fail">
<imgdir name="0">
<string name="act" value="upset"/>
<string name="0" value="c7_f1"/>
<string name="1" value="c7_f2"/>
<string name="2" value="c7_f3"/>
<string name="3" value="c7_f4"/>
</imgdir>
</imgdir>
</imgdir>
<imgdir name="7">
<string name="command" value="c8"/>
<int name="inc" value="3"/>
<int name="prob" value="70"/>
<int name="l0" value="30"/>
<int name="l1" value="30"/>
<imgdir name="success">
<imgdir name="0">
<string name="act" value="cry"/>
<string name="0" value="c8_s1"/>
<string name="1" value="c8_s2"/>
<string name="2" value="c8_s3"/>
<string name="3" value="c8_s4"/>
</imgdir>
</imgdir>
<imgdir name="fail">
<imgdir name="0">
<string name="act" value="upset"/>
<string name="0" value="c8_f1"/>
<string name="1" value="c8_f2"/>
<string name="2" value="c8_f3"/>
<string name="3" value="c8_f4"/>
</imgdir>
</imgdir>
</imgdir>
<imgdir name="8">
<string name="command" value="c9"/>
<int name="inc" value="1"/>
<int name="prob" value="30"/>
<int name="l0" value="1"/>
<int name="l1" value="9"/>
<imgdir name="success">
<imgdir name="0">
<string name="act" value="love"/>
<string name="0" value="c9_s1"/>
<string name="1" value="c9_s2"/>
</imgdir>
</imgdir>
<imgdir name="fail">
<imgdir name="0">
<string name="act" value="stunned"/>
<string name="0" value="c9_f1"/>
<string name="1" value="c9_f2"/>
</imgdir>
</imgdir>
</imgdir>
<imgdir name="9">
<string name="command" value="c10"/>
<int name="inc" value="2"/>
<int name="prob" value="50"/>
<int name="l0" value="10"/>
<int name="l1" value="19"/>
<imgdir name="success">
<imgdir name="0">
<string name="act" value="love"/>
<string name="0" value="c10_s1"/>
<string name="1" value="c10_s2"/>
<string name="2" value="c10_s3"/>
<string name="3" value="c10_s4"/>
</imgdir>
</imgdir>
<imgdir name="fail">
<imgdir name="0">
<string name="act" value="melong"/>
<string name="0" value="c10_f1"/>
<string name="1" value="c10_f2"/>
<string name="2" value="c10_f3"/>
<string name="3" value="c10_f4"/>
</imgdir>
</imgdir>
</imgdir>
<imgdir name="10">
<string name="command" value="c11"/>
<int name="inc" value="2"/>
<int name="prob" value="60"/>
<int name="l0" value="20"/>
<int name="l1" value="29"/>
<imgdir name="success">
<imgdir name="0">
<string name="act" value="love"/>
<string name="0" value="c11_s1"/>
<string name="1" value="c11_s2"/>
<string name="2" value="c11_s3"/>
<string name="3" value="c11_s4"/>
</imgdir>
</imgdir>
<imgdir name="fail">
<imgdir name="0">
<string name="act" value="stunned"/>
<string name="0" value="c11_f1"/>
<string name="1" value="c11_f2"/>
<string name="2" value="c11_f3"/>
<string name="4" value="c11_f4"/>
</imgdir>
</imgdir>
</imgdir>
<imgdir name="11">
<string name="command" value="c12"/>
<int name="inc" value="3"/>
<int name="prob" value="70"/>
<int name="l0" value="30"/>
<int name="l1" value="30"/>
<imgdir name="success">
<imgdir name="0">
<string name="act" value="love"/>
<string name="0" value="c12_s1"/>
<string name="1" value="c12_s2"/>
<string name="2" value="c12_s3"/>
<string name="3" value="c12_s4"/>
</imgdir>
</imgdir>
<imgdir name="fail">
<imgdir name="0">
<string name="act" value="melong"/>
<string name="0" value="c12_f1"/>
<string name="1" value="c12_f2"/>
<string name="2" value="c12_f3"/>
<string name="3" value="c12_f4"/>
</imgdir>
</imgdir>
</imgdir>
<imgdir name="12">
<string name="command" value="c13"/>
<int name="inc" value="1"/>
<int name="prob" value="30"/>
<int name="l0" value="10"/>
<int name="l1" value="19"/>
<imgdir name="success">
<imgdir name="0">
<string name="act" value="play"/>
<string name="0" value="c13_s1"/>
<string name="1" value="c13_s2"/>
<string name="2" value="c13_s3"/>
<string name="3" value="c13_s4"/>
</imgdir>
</imgdir>
<imgdir name="fail">
<imgdir name="0">
<string name="act" value="stunned"/>
<string name="0" value="c13_f1"/>
<string name="1" value="c13_f2"/>
<string name="2" value="c13_f3"/>
<string name="3" value="c13_f4"/>
</imgdir>
</imgdir>
</imgdir>
<imgdir name="13">
<string name="command" value="c14"/>
<int name="inc" value="2"/>
<int name="prob" value="50"/>
<int name="l0" value="20"/>
<int name="l1" value="29"/>
<imgdir name="success">
<imgdir name="0">
<string name="act" value="play"/>
<string name="0" value="c14_s1"/>
<string name="1" value="c14_s2"/>
<string name="2" value="c14_s3"/>
<string name="3" value="c14_s4"/>
</imgdir>
</imgdir>
<imgdir name="fail">
<imgdir name="0">
<string name="act" value="upset"/>
<string name="0" value="c14_f1"/>
<string name="1" value="c14_f2"/>
<string name="2" value="c14_f3"/>
<string name="3" value="c14_f4"/>
</imgdir>
</imgdir>
</imgdir>
<imgdir name="14">
<string name="command" value="c15"/>
<int name="inc" value="3"/>
<int name="prob" value="70"/>
<int name="l0" value="30"/>
<int name="l1" value="30"/>
<imgdir name="success">
<imgdir name="0">
<string name="act" value="play"/>
<string name="0" value="c15_s1"/>
<string name="1" value="c15_s2"/>
<string name="2" value="c15_s3"/>
<string name="3" value="c15_s4"/>
</imgdir>
</imgdir>
<imgdir name="fail">
<imgdir name="0">
<string name="act" value="cry"/>
<string name="0" value="c15_f1"/>
<string name="1" value="c15_f2"/>
<string name="2" value="c15_f3"/>
<string name="3" value="c15_f4"/>
</imgdir>
</imgdir>
</imgdir>
<imgdir name="15">
<string name="command" value="c16"/>
<int name="inc" value="1"/>
<int name="prob" value="30"/>
<int name="l0" value="10"/>
<int name="l1" value="19"/>
<imgdir name="success">
<imgdir name="0">
<string name="act" value="sleep"/>
<string name="0" value="c16_s1"/>
<string name="1" value="c16_s2"/>
<string name="2" value="c16_s3"/>
<string name="3" value="c16_s4"/>
</imgdir>
</imgdir>
<imgdir name="fail">
<imgdir name="0">
<string name="act" value="stand1"/>
<string name="0" value="c16_f1"/>
<string name="1" value="c16_f2"/>
<string name="2" value="c16_f3"/>
<string name="3" value="c16_f4"/>
</imgdir>
</imgdir>
</imgdir>
<imgdir name="16">
<string name="command" value="c17"/>
<int name="inc" value="2"/>
<int name="prob" value="45"/>
<int name="l0" value="20"/>
<int name="l1" value="29"/>
<imgdir name="success">
<imgdir name="0">
<string name="act" value="sleep"/>
<string name="0" value="c17_s1"/>
<string name="1" value="c17_s2"/>
<string name="2" value="c17_s3"/>
<string name="3" value="c17_s4"/>
</imgdir>
</imgdir>
<imgdir name="fail">
<imgdir name="0">
<string name="act" value="angry"/>
<string name="0" value="c17_f1"/>
<string name="1" value="c17_f2"/>
<string name="2" value="c17_f3"/>
<string name="3" value="c17_f4"/>
</imgdir>
</imgdir>
</imgdir>
<imgdir name="17">
<string name="command" value="c18"/>
<int name="inc" value="3"/>
<int name="prob" value="60"/>
<int name="l0" value="30"/>
<int name="l1" value="30"/>
<imgdir name="success">
<imgdir name="0">
<string name="act" value="sleep"/>
<string name="0" value="c18_s1"/>
<string name="1" value="c18_s2"/>
<string name="2" value="c18_s3"/>
<string name="3" value="c18_s4"/>
</imgdir>
</imgdir>
<imgdir name="fail">
<imgdir name="0">
<string name="act" value="play"/>
<string name="0" value="c18_f1"/>
<string name="1" value="c18_f2"/>
<string name="2" value="c18_f3"/>
<string name="3" value="c18_f4"/>
</imgdir>
</imgdir>
</imgdir>
<imgdir name="18">
<string name="command" value="c19"/>
<int name="inc" value="1"/>
<int name="prob" value="30"/>
<int name="l0" value="10"/>
<int name="l1" value="19"/>
<imgdir name="success">
<imgdir name="0">
<string name="act" value="chat"/>
<string name="0" value="c19_s1"/>
<string name="1" value="c19_s2"/>
<string name="2" value="c19_s3"/>
<string name="3" value="c19_s4"/>
</imgdir>
</imgdir>
<imgdir name="fail">
<imgdir name="0">
<string name="act" value="melong"/>
<string name="0" value="c19_f1"/>
<string name="1" value="c19_f2"/>
<string name="2" value="c19_f3"/>
<string name="3" value="c19_f4"/>
</imgdir>
</imgdir>
</imgdir>
<imgdir name="19">
<string name="command" value="c20"/>
<int name="inc" value="2"/>
<int name="prob" value="45"/>
<int name="l0" value="20"/>
<int name="l1" value="29"/>
<imgdir name="success">
<imgdir name="0">
<string name="act" value="chat"/>
<string name="0" value="c20_s1"/>
<string name="1" value="c20_s2"/>
<string name="2" value="c20_s3"/>
<string name="3" value="c20_s4"/>
</imgdir>
</imgdir>
<imgdir name="fail">
<imgdir name="0">
<string name="act" value="upset"/>
<string name="0" value="c20_f1"/>
<string name="1" value="c20_f2"/>
<string name="2" value="c20_f3"/>
<string name="3" value="c20_f4"/>
</imgdir>
</imgdir>
</imgdir>
<imgdir name="20">
<string name="command" value="c21"/>
<int name="inc" value="3"/>
<int name="prob" value="60"/>
<int name="l0" value="30"/>
<int name="l1" value="30"/>
<imgdir name="success">
<imgdir name="0">
<string name="act" value="chat"/>
<string name="0" value="c21_s1"/>
<string name="1" value="c21_s2"/>
<string name="2" value="c21_s3"/>
<string name="3" value="c21_s4"/>
</imgdir>
</imgdir>
<imgdir name="fail">
<imgdir name="0">
<string name="act" value="upset"/>
<string name="0" value="c21_f1"/>
<string name="1" value="c21_f2"/>
<string name="2" value="c21_f3"/>
<string name="3" value="c21_f4"/>
</imgdir>
</imgdir>
</imgdir>
<imgdir name="21">
<string name="command" value="c22"/>
<int name="inc" value="2"/>
<int name="prob" value="50"/>
<int name="l0" value="20"/>
<int name="l1" value="29"/>
<imgdir name="success">
<imgdir name="0">
<string name="act" value="guitar"/>
<string name="0" value="c22_s1"/>
<string name="1" value="c22_s2"/>
<string name="2" value="c22_s3"/>
<string name="3" value="c22_s4"/>
</imgdir>
</imgdir>
<imgdir name="fail">
<imgdir name="0">
<string name="act" value="melong"/>
<string name="0" value="c22_f1"/>
<string name="1" value="c22_f2"/>
<string name="2" value="c22_f3"/>
<string name="3" value="c22_f4"/>
</imgdir>
</imgdir>
</imgdir>
<imgdir name="22">
<string name="command" value="c23"/>
<int name="inc" value="3"/>
<int name="prob" value="60"/>
<int name="l0" value="30"/>
<int name="l1" value="30"/>
<imgdir name="success">
<imgdir name="0">
<string name="act" value="guitar"/>
<string name="0" value="c23_s1"/>
<string name="1" value="c23_s2"/>
<string name="2" value="c23_s3"/>
<string name="3" value="c23_s4"/>
</imgdir>
</imgdir>
<imgdir name="fail">
<imgdir name="0">
<string name="act" value="stunned"/>
<string name="0" value="c23_f1"/>
<string name="1" value="c23_f2"/>
<string name="2" value="c23_f3"/>
<string name="3" value="c23_f4"/>
</imgdir>
</imgdir>
</imgdir>
</imgdir>
<imgdir name="food">
<imgdir name="0">
<int name="l0" value="1"/>
<int name="l1" value="9"/>
<imgdir name="success">
<imgdir name="0">
<string name="act" value="eat"/>
<string name="0" value="f1_s"/>
</imgdir>
</imgdir>
<imgdir name="fail">
<imgdir name="0">
<string name="act" value="melong"/>
<string name="0" value="f1_f"/>
</imgdir>
</imgdir>
</imgdir>
<imgdir name="1">
<int name="l0" value="10"/>
<int name="l1" value="19"/>
<imgdir name="success">
<imgdir name="0">
<string name="act" value="eat"/>
<string name="0" value="f2_s"/>
</imgdir>
</imgdir>
<imgdir name="fail">
<imgdir name="0">
<string name="act" value="upset"/>
<string name="0" value="f2_f"/>
</imgdir>
</imgdir>
</imgdir>
<imgdir name="2">
<int name="l0" value="20"/>
<int name="l1" value="29"/>
<imgdir name="success">
<imgdir name="0">
<string name="act" value="eat"/>
<string name="0" value="f3_s"/>
</imgdir>
</imgdir>
<imgdir name="fail">
<imgdir name="0">
<string name="act" value="play"/>
<string name="0" value="f3_f"/>
</imgdir>
</imgdir>
</imgdir>
<imgdir name="3">
<int name="l0" value="30"/>
<int name="l1" value="30"/>
<imgdir name="success">
<imgdir name="0">
<string name="act" value="eat"/>
<string name="0" value="f4_s"/>
</imgdir>
</imgdir>
<imgdir name="fail">
<imgdir name="0">
<string name="act" value="cry"/>
<string name="0" value="f4_f"/>
</imgdir>
</imgdir>
</imgdir>
</imgdir>
<imgdir name="slang">
<imgdir name="0">
<int name="l0" value="1"/>
<int name="l1" value="9"/>
<string name="act" value="rest0"/>
<string name="0" value="s1"/>
</imgdir>
<imgdir name="1">
<int name="l0" value="10"/>
<int name="l1" value="19"/>
<string name="act" value="upset"/>
<string name="0" value="s2"/>
</imgdir>
<imgdir name="2">
<int name="l0" value="20"/>
<int name="l1" value="29"/>
<string name="act" value="melong"/>
<string name="0" value="s3"/>
</imgdir>
<imgdir name="3">
<int name="l0" value="30"/>
<int name="l1" value="30"/>
<string name="act" value="cry"/>
<string name="0" value="s4"/>
</imgdir>
</imgdir>
<imgdir name="rest0">
<canvas name="0" width="1" height="1">
<vector name="origin" x="14" y="32"/>
<vector name="lt" x="-19" y="-47"/>
<vector name="rb" x="15" y="0"/>
<int name="delay" value="550"/>
<string name="_hash" value="0dc217c1be031f64a41a6b5437d3a6ef8b2ed2370b27b9e8529d95b5a5c41fbf"/>
<string name="_outlink" value="Item/Pet/5000201.img/rest0/0"/>
</canvas>
<canvas name="1" width="1" height="1">
<vector name="origin" x="14" y="32"/>
<vector name="lt" x="-19" y="-47"/>
<vector name="rb" x="15" y="0"/>
<int name="delay" value="150"/>
<string name="_outlink" value="Item/Pet/5000201.img/rest0/0"/>
</canvas>
<canvas name="2" width="1" height="1">
<vector name="origin" x="14" y="32"/>
<vector name="lt" x="-19" y="-47"/>
<vector name="rb" x="15" y="0"/>
<int name="delay" value="150"/>
<string name="_hash" value="b2d7ce57867ecf50197aded9f85ca3368586efbd7d54d2557009a1597779caf8"/>
<string name="_outlink" value="Item/Pet/5000201.img/rest0/2"/>
</canvas>
<canvas name="3" width="1" height="1">
<vector name="origin" x="14" y="32"/>
<vector name="lt" x="-19" y="-47"/>
<vector name="rb" x="15" y="0"/>
<int name="delay" value="150"/>
<string name="_outlink" value="Item/Pet/5000201.img/rest0/0"/>
</canvas>
<uol name="4" value="0"/>
<uol name="5" value="1"/>
<uol name="6" value="2"/>
<uol name="7" value="3"/>
<uol name="8" value="0"/>
<uol name="9" value="1"/>
<uol name="10" value="2"/>
<uol name="11" value="3"/>
</imgdir>
<imgdir name="stand0">
<canvas name="0" width="1" height="1">
<vector name="origin" x="12" y="34"/>
<vector name="lt" x="-23" y="-51"/>
<vector name="rb" x="15" y="1"/>
<int name="delay" value="200"/>
<string name="_hash" value="c32839ce5460ea9140a93779be6facc206f5179b4fd228e39ee54a4bd69402f1"/>
<string name="_outlink" value="Item/Pet/5000201.img/stand0/0"/>
</canvas>
<canvas name="1" width="1" height="1">
<vector name="origin" x="12" y="33"/>
<vector name="lt" x="-23" y="-51"/>
<vector name="rb" x="15" y="1"/>
<int name="delay" value="200"/>
<string name="_hash" value="edd6e11ea1ea90dc4a7574084ad09b3ea3d86ad335e8d8aaa9727ff79dac53ca"/>
<string name="_outlink" value="Item/Pet/5000201.img/stand0/1"/>
</canvas>
<canvas name="2" width="1" height="1">
<vector name="origin" x="12" y="34"/>
<vector name="lt" x="-23" y="-51"/>
<vector name="rb" x="15" y="1"/>
<int name="delay" value="200"/>
<string name="_hash" value="62b9ee72327ff131ac3be1f13aaca8d98f2780e388b968c64d0e9182c5fa67f4"/>
<string name="_outlink" value="Item/Pet/5000201.img/stand0/2"/>
</canvas>
<canvas name="3" width="1" height="1">
<vector name="origin" x="12" y="35"/>
<vector name="lt" x="-23" y="-51"/>
<vector name="rb" x="15" y="1"/>
<int name="delay" value="200"/>
<string name="_hash" value="72b1ae8d27c37aa4ddaad9ab2e96c7f2d07be69360e6de9a02f8424fbfe6cb7f"/>
<string name="_outlink" value="Item/Pet/5000201.img/stand0/3"/>
</canvas>
<uol name="4" value="0"/>
<uol name="5" value="1"/>
<uol name="6" value="2"/>
<uol name="7" value="3"/>
<uol name="8" value="0"/>
<uol name="9" value="1"/>
<uol name="10" value="2"/>
<uol name="11" value="3"/>
<uol name="12" value="0"/>
<uol name="13" value="1"/>
<uol name="14" value="2"/>
<uol name="15" value="3"/>
</imgdir>
<imgdir name="stand1">
<canvas name="0" width="1" height="1">
<vector name="origin" x="12" y="34"/>
<vector name="lt" x="-23" y="-51"/>
<vector name="rb" x="15" y="1"/>
<int name="delay" value="200"/>
<string name="_hash" value="386ecb3bcd5365c9fc6e0ec1cdc521756b47ff91eabaa9cea7a0f0bbb7062cf4"/>
<string name="_outlink" value="Item/Pet/5000201.img/stand1/0"/>
</canvas>
<canvas name="1" width="1" height="1">
<vector name="origin" x="12" y="35"/>
<vector name="lt" x="-23" y="-51"/>
<vector name="rb" x="15" y="1"/>
<int name="delay" value="200"/>
<string name="_hash" value="09e965726512d2e74e443a95068aff289f87217d228cd0ab7579ae4ca8f63b0b"/>
<string name="_outlink" value="Item/Pet/5000201.img/stand1/1"/>
</canvas>
<canvas name="2" width="1" height="1">
<vector name="origin" x="12" y="34"/>
<vector name="lt" x="-23" y="-51"/>
<vector name="rb" x="15" y="1"/>
<int name="delay" value="200"/>
<string name="_hash" value="b8034de2826ceef0aaff6e078e23d64304a35d5975195f0bcc31362a3e6a26b7"/>
<string name="_outlink" value="Item/Pet/5000201.img/stand1/2"/>
</canvas>
<canvas name="3" width="1" height="1">
<vector name="origin" x="12" y="33"/>
<vector name="lt" x="-23" y="-51"/>
<vector name="rb" x="15" y="1"/>
<int name="delay" value="200"/>
<string name="_hash" value="42fb41affc9e866c3b3e288dae81cd189f7c991803c4d87ad82c256c969ef017"/>
<string name="_outlink" value="Item/Pet/5000201.img/stand1/3"/>
</canvas>
<canvas name="4" width="1" height="1">
<vector name="origin" x="12" y="34"/>
<vector name="lt" x="-23" y="-51"/>
<vector name="rb" x="15" y="1"/>
<int name="delay" value="200"/>
<string name="_hash" value="2a5229187c2c8fa5e3f650a569ba6a1bf1d97a6fe382e37a3931e967fc68b6e4"/>
<string name="_outlink" value="Item/Pet/5000201.img/stand1/4"/>
</canvas>
<canvas name="5" width="1" height="1">
<vector name="origin" x="12" y="35"/>
<vector name="lt" x="-23" y="-51"/>
<vector name="rb" x="15" y="1"/>
<int name="delay" value="200"/>
<string name="_hash" value="f068993ee6dd1af4364731b437ea28edeba254fbb617c085a622b3888b2c7172"/>
<string name="_outlink" value="Item/Pet/5000201.img/stand1/5"/>
</canvas>
<canvas name="6" width="1" height="1">
<vector name="origin" x="12" y="34"/>
<vector name="lt" x="-23" y="-51"/>
<vector name="rb" x="15" y="1"/>
<int name="delay" value="200"/>
<string name="_hash" value="782257534b34645234ba0187b5bb37872e9a74b10c175efba8e10d89b8ffd7e0"/>
<string name="_outlink" value="Item/Pet/5000201.img/stand1/6"/>
</canvas>
<canvas name="7" width="1" height="1">
<vector name="origin" x="12" y="33"/>
<vector name="lt" x="-23" y="-51"/>
<vector name="rb" x="15" y="1"/>
<int name="delay" value="200"/>
<string name="_outlink" value="Item/Pet/5000201.img/stand1/3"/>
</canvas>
<uol name="8" value="0"/>
<uol name="9" value="1"/>
<uol name="10" value="2"/>
<uol name="11" value="3"/>
<uol name="12" value="4"/>
<uol name="13" value="5"/>
<uol name="14" value="6"/>
<uol name="15" value="7"/>
</imgdir>
<imgdir name="stunned">
<canvas name="0" width="1" height="1">
<vector name="origin" x="12" y="41"/>
<vector name="lt" x="-23" y="-51"/>
<vector name="rb" x="15" y="1"/>
<int name="delay" value="200"/>
<string name="_hash" value="1b50b376f97bfe86cc694381cefec5608e08d3bcb166c7003a0c42b28d817c6a"/>
<string name="_outlink" value="Item/Pet/5000201.img/stunned/0"/>
</canvas>
<canvas name="1" width="1" height="1">
<vector name="origin" x="12" y="42"/>
<vector name="lt" x="-23" y="-51"/>
<vector name="rb" x="15" y="1"/>
<int name="delay" value="200"/>
<string name="_hash" value="65a918f37ad9183eec88a8491ab7c539785709fce579c1f1daf43bbc7c8ea04a"/>
<string name="_outlink" value="Item/Pet/5000201.img/stunned/1"/>
</canvas>
<canvas name="2" width="1" height="1">
<vector name="origin" x="12" y="45"/>
<vector name="lt" x="-23" y="-51"/>
<vector name="rb" x="15" y="1"/>
<int name="delay" value="200"/>
<string name="_hash" value="7efb7b1bf0d616de04023a0438e6b2fecef3d7f4d5636b7769b983b2b4801402"/>
<string name="_outlink" value="Item/Pet/5000201.img/stunned/2"/>
</canvas>
<canvas name="3" width="1" height="1">
<vector name="origin" x="12" y="41"/>
<vector name="lt" x="-23" y="-51"/>
<vector name="rb" x="15" y="1"/>
<int name="delay" value="200"/>
<string name="_hash" value="b1c64c32c9a899431dd64806778cfdc5932b757df73f03060e2f1667f10a12db"/>
<string name="_outlink" value="Item/Pet/5000201.img/stunned/3"/>
</canvas>
<canvas name="4" width="1" height="1">
<vector name="origin" x="12" y="42"/>
<vector name="lt" x="-23" y="-51"/>
<vector name="rb" x="15" y="1"/>
<int name="delay" value="200"/>
<string name="_hash" value="9ab15c576c714c15043001ec729bd49bd8ab2611848dfe55969d5dcb4c62ddc0"/>
<string name="_outlink" value="Item/Pet/5000201.img/stunned/4"/>
</canvas>
<canvas name="5" width="1" height="1">
<vector name="origin" x="12" y="44"/>
<vector name="lt" x="-23" y="-51"/>
<vector name="rb" x="15" y="1"/>
<int name="delay" value="200"/>
<string name="_hash" value="2551cb03575a98d89b9406ca1f74789cabde3087a1463608ae27cdb17dbdee05"/>
<string name="_outlink" value="Item/Pet/5000201.img/stunned/5"/>
</canvas>
<uol name="6" value="0"/>
<uol name="7" value="1"/>
<uol name="8" value="2"/>
<uol name="9" value="3"/>
<uol name="10" value="4"/>
<uol name="11" value="5"/>
</imgdir>
<imgdir name="cry">
<canvas name="0" width="1" height="1">
<vector name="origin" x="24" y="33"/>
<vector name="lt" x="-29" y="-48"/>
<vector name="rb" x="19" y="-2"/>
<int name="delay" value="400"/>
<string name="_hash" value="dcf2ccccb6a16a2ce2216161099e2c0926ad9f2b00637b9949edc542af323a91"/>
<string name="_outlink" value="Item/Pet/5000201.img/cry/0"/>
</canvas>
<canvas name="1" width="1" height="1">
<vector name="origin" x="26" y="34"/>
<int name="delay" value="400"/>
<vector name="lt" x="-29" y="-48"/>
<vector name="rb" x="19" y="-2"/>
<string name="_hash" value="bde4ee107176bdcde563e3b9c3cfeb470fb476fffcb79c20b93a074a3712566a"/>
<string name="_outlink" value="Item/Pet/5000201.img/cry/1"/>
</canvas>
<canvas name="2" width="1" height="1">
<vector name="origin" x="24" y="33"/>
<int name="delay" value="400"/>
<vector name="lt" x="-29" y="-48"/>
<vector name="rb" x="19" y="-2"/>
<string name="_hash" value="2ebe15105b1ebe4940b3d51983146643e8e85384eb75152f61f7fa1aade48811"/>
<string name="_outlink" value="Item/Pet/5000201.img/cry/2"/>
</canvas>
<canvas name="3" width="1" height="1">
<vector name="origin" x="26" y="34"/>
<int name="delay" value="400"/>
<vector name="lt" x="-29" y="-48"/>
<vector name="rb" x="19" y="-2"/>
<string name="_hash" value="04cc1f3b909b2a3faf7f7ce2c614e1846fbba989df467b46015687dca1f2e15a"/>
<string name="_outlink" value="Item/Pet/5000201.img/cry/3"/>
</canvas>
<uol name="4" value="0"/>
<uol name="5" value="1"/>
<uol name="6" value="2"/>
<uol name="7" value="3"/>
</imgdir>
<imgdir name="angry">
<canvas name="0" width="1" height="1">
<vector name="origin" x="12" y="35"/>
<vector name="lt" x="-24" y="-51"/>
<vector name="rb" x="15" y="-1"/>
<int name="delay" value="190"/>
<string name="_hash" value="cef637c477457e884c30a8bfc93d13fa8218d44675d5d4715893893e06ffe304"/>
<string name="_outlink" value="Item/Pet/5000201.img/angry/0"/>
</canvas>
<canvas name="1" width="1" height="1">
<vector name="origin" x="16" y="37"/>
<int name="delay" value="190"/>
<vector name="lt" x="-24" y="-51"/>
<vector name="rb" x="15" y="-1"/>
<string name="_hash" value="e8f857518ec39969d8e1f8f658686769beeb945a8360853783bf2785bd463c93"/>
<string name="_outlink" value="Item/Pet/5000201.img/angry/1"/>
</canvas>
<canvas name="2" width="1" height="1">
<vector name="origin" x="18" y="38"/>
<int name="delay" value="190"/>
<vector name="lt" x="-24" y="-51"/>
<vector name="rb" x="15" y="-1"/>
<string name="_hash" value="92b941bd493407e4cb4671668e6452e381baee1956c3d971cfaf9a76144213e9"/>
<string name="_outlink" value="Item/Pet/5000201.img/angry/2"/>
</canvas>
<canvas name="3" width="1" height="1">
<vector name="origin" x="12" y="48"/>
<int name="delay" value="190"/>
<vector name="lt" x="-24" y="-51"/>
<vector name="rb" x="15" y="-1"/>
<string name="_hash" value="90627ff8fdcebe6c7a65c55c070a67c7ae8b4f7558d3fc1fecfd94f6e8e2942c"/>
<string name="_outlink" value="Item/Pet/5000201.img/angry/3"/>
</canvas>
<canvas name="4" width="1" height="1">
<vector name="origin" x="12" y="50"/>
<vector name="lt" x="-23" y="-51"/>
<vector name="rb" x="15" y="1"/>
<int name="delay" value="200"/>
<string name="_hash" value="104eb7879561c960c5aedbc07a3e4a4412dc800b7388603b7d14ce62cbe789fb"/>
<string name="_outlink" value="Item/Pet/5000201.img/angry/4"/>
</canvas>
<canvas name="5" width="1" height="1">
<vector name="origin" x="14" y="50"/>
<vector name="lt" x="-23" y="-51"/>
<vector name="rb" x="15" y="1"/>
<int name="delay" value="200"/>
<string name="_hash" value="ce21d440b6c0f63c8e9c3385884dfa90228eb67f83ec5adb2a3661a52b4565f0"/>
<string name="_outlink" value="Item/Pet/5000201.img/angry/5"/>
</canvas>
<canvas name="6" width="1" height="1">
<vector name="origin" x="14" y="42"/>
<vector name="lt" x="-23" y="-51"/>
<vector name="rb" x="15" y="1"/>
<int name="delay" value="200"/>
<string name="_hash" value="148711ce0c699e3fbfa182186fc9ba74ab9684fa8d7f0d8ea76503230fa66d50"/>
<string name="_outlink" value="Item/Pet/5000201.img/angry/6"/>
</canvas>
<canvas name="7" width="1" height="1">
<vector name="origin" x="12" y="35"/>
<vector name="lt" x="-23" y="-51"/>
<vector name="rb" x="15" y="1"/>
<int name="delay" value="200"/>
<string name="_hash" value="5344240c862f09477abac8debc9eba774e244aa6668607a709ec362d98e16595"/>
<string name="_outlink" value="Item/Pet/5000201.img/angry/7"/>
</canvas>
<canvas name="8" width="1" height="1">
<vector name="origin" x="12" y="34"/>
<vector name="lt" x="-23" y="-51"/>
<vector name="rb" x="15" y="1"/>
<int name="delay" value="200"/>
<string name="_hash" value="1adadcc3ede12d48c5ef01a5d059b56ba2bf7ee470b069a8ee386bd9a1374042"/>
<string name="_outlink" value="Item/Pet/5000201.img/angry/8"/>
</canvas>
<canvas name="9" width="1" height="1">
<vector name="origin" x="12" y="35"/>
<vector name="lt" x="-23" y="-51"/>
<vector name="rb" x="15" y="1"/>
<int name="delay" value="200"/>
<string name="_hash" value="29aaae114aa5a45ce336d14d7565c54ef33aa88974ba06ffadbf777734ada620"/>
<string name="_outlink" value="Item/Pet/5000201.img/angry/9"/>
</canvas>
<uol name="10" value="0"/>
<uol name="11" value="1"/>
<uol name="12" value="2"/>
<uol name="13" value="3"/>
<uol name="14" value="4"/>
<uol name="15" value="5"/>
<uol name="16" value="6"/>
<uol name="17" value="7"/>
<uol name="18" value="8"/>
<uol name="19" value="9"/>
</imgdir>
<imgdir name="move">
<canvas name="0" width="1" height="1">
<vector name="origin" x="14" y="33"/>
<vector name="lt" x="-22" y="-48"/>
<vector name="rb" x="13" y="0"/>
<int name="delay" value="180"/>
<string name="_hash" value="37ec246565477e88f5a5d60a185eba50c5a9cd9e079bc5c2e9211e26f177006a"/>
<string name="_outlink" value="Item/Pet/5000201.img/move/0"/>
</canvas>
<canvas name="1" width="1" height="1">
<vector name="origin" x="13" y="39"/>
<vector name="lt" x="-22" y="-48"/>
<vector name="rb" x="13" y="0"/>
<int name="delay" value="180"/>
<string name="_hash" value="6fccff624bf0b3e39bb423a5af28577d069a7e623e0e801d9568b98a106d204a"/>
<string name="_outlink" value="Item/Pet/5000201.img/move/1"/>
</canvas>
<canvas name="2" width="1" height="1">
<vector name="origin" x="14" y="41"/>
<vector name="lt" x="-22" y="-48"/>
<vector name="rb" x="13" y="0"/>
<int name="delay" value="180"/>
<string name="_outlink" value="Item/Pet/5000201.img/move/1"/>
</canvas>
<canvas name="3" width="1" height="1">
<vector name="origin" x="16" y="39"/>
<vector name="lt" x="-22" y="-48"/>
<vector name="rb" x="13" y="0"/>
<int name="delay" value="180"/>
<string name="_hash" value="1e07a7e4b00aa9d13847724929224b1646acd64cc0fdd99737e2fb5146e408a8"/>
<string name="_outlink" value="Item/Pet/5000201.img/move/3"/>
</canvas>
<canvas name="4" width="1" height="1">
<vector name="origin" x="15" y="34"/>
<vector name="lt" x="-23" y="-51"/>
<vector name="rb" x="15" y="1"/>
<int name="delay" value="200"/>
<string name="_hash" value="7d0cca3afc33cf8c2c1bf7924ead1a4c478532c2e6e232affaf08bd7ed4a109d"/>
<string name="_outlink" value="Item/Pet/5000201.img/move/4"/>
</canvas>
<uol name="5" value="0"/>
<uol name="6" value="1"/>
<uol name="7" value="2"/>
<uol name="8" value="3"/>
<uol name="9" value="4"/>
</imgdir>
<imgdir name="jump">
<canvas name="0" width="1" height="1">
<vector name="origin" x="23" y="41"/>
<vector name="lt" x="-29" y="-53"/>
<vector name="rb" x="10" y="-6"/>
<string name="_hash" value="3a36f4407e10b8fef01df595888013285a9dbcd776d707d0ff3a0de465a0b374"/>
<string name="_outlink" value="Item/Pet/5000201.img/jump/0"/>
</canvas>
</imgdir>
<imgdir name="love">
<canvas name="0" width="1" height="1">
<vector name="origin" x="12" y="34"/>
<vector name="lt" x="-26" y="-54"/>
<vector name="rb" x="18" y="-1"/>
<int name="delay" value="150"/>
<string name="_outlink" value="Item/Pet/5000201.img/stand0/0"/>
</canvas>
<canvas name="1" width="1" height="1">
<vector name="origin" x="12" y="33"/>
<vector name="lt" x="-26" y="-54"/>
<vector name="rb" x="18" y="-1"/>
<int name="delay" value="150"/>
<string name="_hash" value="6b90356d6a564e04d49fb588d9c7ae9847603cf1ae4efa31aefa9755d53d6fbf"/>
<string name="_outlink" value="Item/Pet/5000201.img/love/1"/>
</canvas>
<canvas name="2" width="1" height="1">
<vector name="origin" x="12" y="35"/>
<int name="delay" value="150"/>
<vector name="lt" x="-26" y="-54"/>
<vector name="rb" x="18" y="-1"/>
<string name="_hash" value="c6de53b3555712258237b75d2d59d5f29080a1c2b6ce5754accc35cd29d65c41"/>
<string name="_outlink" value="Item/Pet/5000201.img/love/2"/>
</canvas>
<canvas name="3" width="1" height="1">
<vector name="origin" x="26" y="41"/>
<int name="delay" value="150"/>
<vector name="lt" x="-26" y="-54"/>
<vector name="rb" x="18" y="-1"/>
<string name="_hash" value="98a749f649d0af4fda478158a5f38008d6e32574461c6b714c86b042c971b189"/>
<string name="_outlink" value="Item/Pet/5000201.img/love/3"/>
</canvas>
<canvas name="4" width="1" height="1">
<vector name="origin" x="35" y="43"/>
<vector name="lt" x="-23" y="-51"/>
<vector name="rb" x="15" y="1"/>
<int name="delay" value="200"/>
<string name="_hash" value="cc2d6364b3f96647951cb51a4a24b06268086872782cffccd4bb11f6b928a70b"/>
<string name="_outlink" value="Item/Pet/5000201.img/love/4"/>
</canvas>
<canvas name="5" width="1" height="1">
<vector name="origin" x="36" y="40"/>
<vector name="lt" x="-23" y="-51"/>
<vector name="rb" x="15" y="1"/>
<int name="delay" value="200"/>
<string name="_hash" value="ddab2d03a524805c71c5ae52367d1ad18b62b9448458ba3836de016072081ef2"/>
<string name="_outlink" value="Item/Pet/5000201.img/love/5"/>
</canvas>
<canvas name="6" width="1" height="1">
<vector name="origin" x="32" y="34"/>
<vector name="lt" x="-23" y="-51"/>
<vector name="rb" x="15" y="1"/>
<int name="delay" value="200"/>
<string name="_hash" value="9de1413524e1a7a328e18854a4cf0acf1c6042de995302d18cb9179f381e8c38"/>
<string name="_outlink" value="Item/Pet/5000201.img/love/6"/>
</canvas>
<canvas name="7" width="1" height="1">
<vector name="origin" x="34" y="34"/>
<vector name="lt" x="-23" y="-51"/>
<vector name="rb" x="15" y="1"/>
<int name="delay" value="200"/>
<string name="_hash" value="b449caa676d06c3b3974c080a229483b28adbaef8731bf4fa179f977b696e36e"/>
<string name="_outlink" value="Item/Pet/5000201.img/love/7"/>
</canvas>
<uol name="8" value="0"/>
<uol name="9" value="1"/>
<uol name="10" value="2"/>
<uol name="11" value="3"/>
<uol name="12" value="4"/>
<uol name="13" value="5"/>
<uol name="14" value="6"/>
<uol name="15" value="7"/>
</imgdir>
<imgdir name="fly">
<canvas name="0" width="1" height="1">
<vector name="origin" x="14" y="41"/>
<vector name="lt" x="-30" y="-49"/>
<vector name="rb" x="14" y="-3"/>
<int name="delay" value="200"/>
<string name="_hash" value="c0a4dea92da9fb4faa61eb5328239560cfb7291a24def706258426bec29f7593"/>
<string name="_outlink" value="Item/Pet/5000201.img/fly/0"/>
</canvas>
<canvas name="1" width="1" height="1">
<vector name="origin" x="16" y="42"/>
<vector name="lt" x="-24" y="-50"/>
<vector name="rb" x="14" y="-3"/>
<int name="delay" value="200"/>
<string name="_hash" value="5ddabfe3a732aced831421f71c9df3a858479b0f34a986848a4f28149a498979"/>
<string name="_outlink" value="Item/Pet/5000201.img/fly/1"/>
</canvas>
<canvas name="2" width="1" height="1">
<vector name="origin" x="17" y="41"/>
<vector name="lt" x="-30" y="-49"/>
<vector name="rb" x="14" y="-3"/>
<int name="delay" value="200"/>
<string name="_hash" value="6b8f80ff33fa86fc2eab96b430a3719599f4310ecfb56fe2a33e2a3b851fe301"/>
<string name="_outlink" value="Item/Pet/5000201.img/fly/2"/>
</canvas>
<canvas name="3" width="1" height="1">
<vector name="origin" x="17" y="40"/>
<vector name="lt" x="-24" y="-50"/>
<vector name="rb" x="14" y="-3"/>
<int name="delay" value="200"/>
<string name="_hash" value="359a4e47c9cb81c9962fe56a1dfff95d899fd93b2054733fe5d0d3fba0c68a4c"/>
<string name="_outlink" value="Item/Pet/5000201.img/fly/3"/>
</canvas>
<uol name="4" value="0"/>
<uol name="5" value="1"/>
<uol name="6" value="2"/>
<uol name="7" value="3"/>
<uol name="8" value="0"/>
<uol name="9" value="1"/>
<uol name="10" value="2"/>
<uol name="11" value="3"/>
<uol name="12" value="0"/>
<uol name="13" value="1"/>
<uol name="14" value="2"/>
<uol name="15" value="3"/>
</imgdir>
<imgdir name="hungry">
<canvas name="0" width="1" height="1">
<vector name="origin" x="33" y="47"/>
<vector name="lt" x="-27" y="-46"/>
<vector name="rb" x="12" y="0"/>
<int name="delay" value="190"/>
<string name="_hash" value="a6657ec15ff88c8673936b24a9fad622382501e5fac9b1f4e37f4da9b38198ae"/>
<string name="_outlink" value="Item/Pet/5000201.img/hungry/0"/>
</canvas>
<canvas name="1" width="1" height="1">
<vector name="origin" x="33" y="47"/>
<vector name="lt" x="-27" y="-46"/>
<vector name="rb" x="12" y="0"/>
<int name="delay" value="190"/>
<string name="_hash" value="50973224505b69b98d6b59bea859838b9a6d2d171574b189a07f0f2beb04a033"/>
<string name="_outlink" value="Item/Pet/5000201.img/hungry/1"/>
</canvas>
<canvas name="2" width="1" height="1">
<vector name="origin" x="33" y="47"/>
<vector name="lt" x="-27" y="-46"/>
<vector name="rb" x="12" y="0"/>
<int name="delay" value="190"/>
<string name="_hash" value="fc71ba88f637cf0a78c58b8eee58e3281f380d9cfbf86b0e2ebbc4420e8de247"/>
<string name="_outlink" value="Item/Pet/5000201.img/hungry/2"/>
</canvas>
<canvas name="3" width="1" height="1">
<vector name="origin" x="33" y="48"/>
<vector name="lt" x="-27" y="-46"/>
<vector name="rb" x="12" y="0"/>
<int name="delay" value="190"/>
<string name="_hash" value="3dc61807ffc805a6b25a7a5c10a3bba1990a422e2ef96f2b86e5bab6c96a316a"/>
<string name="_outlink" value="Item/Pet/5000201.img/hungry/3"/>
</canvas>
<canvas name="4" width="1" height="1">
<vector name="origin" x="18" y="47"/>
<vector name="lt" x="-23" y="-51"/>
<vector name="rb" x="15" y="1"/>
<int name="delay" value="200"/>
<string name="_hash" value="2448cda1fbb7ddb678681564d7fee6711af9ffbeaad0e2cc8c1fe5aba7d13c51"/>
<string name="_outlink" value="Item/Pet/5000201.img/hungry/4"/>
</canvas>
<canvas name="5" width="1" height="1">
<vector name="origin" x="18" y="47"/>
<vector name="lt" x="-23" y="-51"/>
<vector name="rb" x="15" y="1"/>
<int name="delay" value="200"/>
<string name="_hash" value="1a68ecc62393c47ad4410f21e8ec58cd6909daee209aed141c5bec153e6a9eda"/>
<string name="_outlink" value="Item/Pet/5000201.img/hungry/5"/>
</canvas>
<canvas name="6" width="1" height="1">
<vector name="origin" x="18" y="47"/>
<vector name="lt" x="-23" y="-51"/>
<vector name="rb" x="15" y="1"/>
<int name="delay" value="200"/>
<string name="_hash" value="de9df12479371c75f8c5fb4d97b38636e70fba2e7110670d1f6aef5156ff14de"/>
<string name="_outlink" value="Item/Pet/5000201.img/hungry/6"/>
</canvas>
<canvas name="7" width="1" height="1">
<vector name="origin" x="18" y="47"/>
<vector name="lt" x="-23" y="-51"/>
<vector name="rb" x="15" y="1"/>
<int name="delay" value="200"/>
<string name="_hash" value="632f5623c7533d777141c898d23304698397f37286e6363da448ad4225b957de"/>
<string name="_outlink" value="Item/Pet/5000201.img/hungry/7"/>
</canvas>
<canvas name="8" width="1" height="1">
<vector name="origin" x="18" y="47"/>
<vector name="lt" x="-23" y="-51"/>
<vector name="rb" x="15" y="1"/>
<int name="delay" value="200"/>
<string name="_hash" value="c9aa1619989a7076f62fe72cf6e9825c373face9d7302a7669fbfa5f86101734"/>
<string name="_outlink" value="Item/Pet/5000201.img/hungry/8"/>
</canvas>
<canvas name="9" width="1" height="1">
<vector name="origin" x="18" y="47"/>
<vector name="lt" x="-23" y="-51"/>
<vector name="rb" x="15" y="1"/>
<int name="delay" value="200"/>
<string name="_outlink" value="Item/Pet/5000201.img/hungry/7"/>
</canvas>
<uol name="10" value="0"/>
<uol name="11" value="1"/>
<uol name="12" value="2"/>
<uol name="13" value="3"/>
<uol name="14" value="4"/>
<uol name="15" value="5"/>
<uol name="16" value="6"/>
<uol name="17" value="7"/>
<uol name="18" value="8"/>
<uol name="19" value="9"/>
</imgdir>
<imgdir name="sleep">
<canvas name="0" width="1" height="1">
<vector name="origin" x="17" y="30"/>
<vector name="lt" x="-36" y="-39"/>
<vector name="rb" x="17" y="6"/>
<int name="delay" value="230"/>
<string name="_hash" value="d057bd2ce93944f0aa2063baec99c2b8ee4ad555c465cd4d964f5bb59aade8d6"/>
<string name="_outlink" value="Item/Pet/5000201.img/sleep/0"/>
</canvas>
<canvas name="1" width="1" height="1">
<vector name="origin" x="23" y="30"/>
<vector name="lt" x="-36" y="-39"/>
<vector name="rb" x="17" y="6"/>
<int name="delay" value="230"/>
<string name="_hash" value="5eeea4c43e3bec783a775ef385ae6f9738b93360b7a3624fd9f2ee88fdb75690"/>
<string name="_outlink" value="Item/Pet/5000201.img/sleep/1"/>
</canvas>
<canvas name="2" width="1" height="1">
<vector name="origin" x="23" y="30"/>
<vector name="lt" x="-36" y="-39"/>
<vector name="rb" x="17" y="6"/>
<int name="delay" value="230"/>
<string name="_hash" value="0b94d436317fccce700852bd9ea411aee4616b07c846beec93a8a0ca94f100d1"/>
<string name="_outlink" value="Item/Pet/5000201.img/sleep/2"/>
</canvas>
<canvas name="3" width="1" height="1">
<vector name="origin" x="23" y="30"/>
<vector name="lt" x="-36" y="-39"/>
<vector name="rb" x="17" y="6"/>
<int name="delay" value="230"/>
<string name="_hash" value="0fa0702768a20b047f6f51fc7adde45bca07e34cdf72ebb0b9080237a5e370aa"/>
<string name="_outlink" value="Item/Pet/5000201.img/sleep/3"/>
</canvas>
<canvas name="4" width="1" height="1">
<vector name="origin" x="20" y="30"/>
<vector name="lt" x="-23" y="-51"/>
<vector name="rb" x="15" y="1"/>
<int name="delay" value="200"/>
<string name="_hash" value="cd855690f427f98cc218ee17b825e7ca85a19420fffe1b9513ad841913596471"/>
<string name="_outlink" value="Item/Pet/5000201.img/sleep/4"/>
</canvas>
<canvas name="5" width="1" height="1">
<vector name="origin" x="15" y="30"/>
<vector name="lt" x="-23" y="-51"/>
<vector name="rb" x="15" y="1"/>
<int name="delay" value="200"/>
<string name="_hash" value="67d810147258aff8f8893f3d5ac8e8eed211afcce83d4febed67e013aecd473a"/>
<string name="_outlink" value="Item/Pet/5000201.img/sleep/5"/>
</canvas>
<canvas name="6" width="1" height="1">
<vector name="origin" x="15" y="30"/>
<vector name="lt" x="-23" y="-51"/>
<vector name="rb" x="15" y="1"/>
<int name="delay" value="200"/>
<string name="_outlink" value="Item/Pet/5000201.img/sleep/5"/>
</canvas>
<canvas name="7" width="1" height="1">
<vector name="origin" x="15" y="30"/>
<vector name="lt" x="-23" y="-51"/>
<vector name="rb" x="15" y="1"/>
<int name="delay" value="200"/>
<string name="_hash" value="a3a90577204d012c8e8f36b4c538d0fbcd4bd67a95965a24ea05d41acbb5dc2c"/>
<string name="_outlink" value="Item/Pet/5000201.img/sleep/7"/>
</canvas>
<uol name="8" value="0"/>
<uol name="9" value="1"/>
<uol name="10" value="2"/>
<uol name="11" value="3"/>
<uol name="12" value="4"/>
<uol name="13" value="5"/>
<uol name="14" value="6"/>
<uol name="15" value="7"/>
</imgdir>
<imgdir name="chat">
<canvas name="0" width="1" height="1">
<vector name="origin" x="15" y="37"/>
<vector name="lt" x="-24" y="-49"/>
<vector name="rb" x="16" y="1"/>
<int name="delay" value="170"/>
<string name="_hash" value="43b8f6891355611a8010b67c652af45546b86f3468e95b31fe742c1709244e0d"/>
<string name="_outlink" value="Item/Pet/5000201.img/chat/0"/>
</canvas>
<canvas name="1" width="1" height="1">
<vector name="origin" x="15" y="40"/>
<vector name="lt" x="-24" y="-49"/>
<vector name="rb" x="16" y="1"/>
<int name="delay" value="170"/>
<string name="_hash" value="2be940095a4a9f1a97fa36c6833b22fee55ee0702352a9b8961a7909083991cd"/>
<string name="_outlink" value="Item/Pet/5000201.img/chat/1"/>
</canvas>
<canvas name="2" width="1" height="1">
<vector name="origin" x="15" y="37"/>
<int name="delay" value="170"/>
<vector name="lt" x="-24" y="-49"/>
<vector name="rb" x="16" y="1"/>
<string name="_hash" value="bd02c88ebf1167e0e2a988602ff12cc21fbb7eb777c1b678f208003dc505b88a"/>
<string name="_outlink" value="Item/Pet/5000201.img/chat/2"/>
</canvas>
<canvas name="3" width="1" height="1">
<vector name="origin" x="15" y="40"/>
<int name="delay" value="170"/>
<vector name="lt" x="-24" y="-49"/>
<vector name="rb" x="16" y="1"/>
<string name="_hash" value="01f8c718a44c8d6efeb0f17da5a7bac5ce54205dbc4c0d31afeec1894d93e384"/>
<string name="_outlink" value="Item/Pet/5000201.img/chat/3"/>
</canvas>
<uol name="4" value="0"/>
<uol name="5" value="1"/>
<uol name="6" value="2"/>
<uol name="7" value="3"/>
<uol name="8" value="0"/>
<uol name="9" value="1"/>
<uol name="10" value="2"/>
<uol name="11" value="3"/>
<uol name="12" value="0"/>
</imgdir>
<imgdir name="eat">
<canvas name="0" width="1" height="1">
<vector name="origin" x="13" y="34"/>
<vector name="lt" x="-23" y="-48"/>
<vector name="rb" x="13" y="-1"/>
<int name="delay" value="220"/>
<string name="_hash" value="73d4d47dc9db3f89048cf2af619211256fedb1f03a2ebd391f9152eaeda00c81"/>
<string name="_outlink" value="Item/Pet/5000201.img/eat/0"/>
</canvas>
<canvas name="1" width="1" height="1">
<vector name="origin" x="12" y="33"/>
<vector name="lt" x="-23" y="-48"/>
<vector name="rb" x="13" y="-1"/>
<int name="delay" value="220"/>
<string name="_hash" value="a414665b33e73223c581266325fee25a14d127a5eaab6814d96a2cfd4edb7e1e"/>
<string name="_outlink" value="Item/Pet/5000201.img/eat/1"/>
</canvas>
<canvas name="2" width="1" height="1">
<vector name="origin" x="27" y="34"/>
<int name="delay" value="220"/>
<vector name="lt" x="-23" y="-48"/>
<vector name="rb" x="13" y="-1"/>
<string name="_hash" value="be1eb2b2b1c6509d3c6a21a680dce7ee16c9c5e1262eb74b7afffc5685b2ba7f"/>
<string name="_outlink" value="Item/Pet/5000201.img/eat/2"/>
</canvas>
<canvas name="3" width="1" height="1">
<vector name="origin" x="27" y="35"/>
<int name="delay" value="220"/>
<vector name="lt" x="-23" y="-48"/>
<vector name="rb" x="13" y="-1"/>
<string name="_hash" value="17ab475f3320a10d6f5db7e8b12c38233045b9024406255967464a2e47d1d7a7"/>
<string name="_outlink" value="Item/Pet/5000201.img/eat/3"/>
</canvas>
<canvas name="4" width="1" height="1">
<vector name="origin" x="16" y="31"/>
<int name="delay" value="220"/>
<vector name="lt" x="-23" y="-48"/>
<vector name="rb" x="13" y="-1"/>
<string name="_hash" value="2c8c861be3329b18e03d44fdf63cd577a4ef5d96a906708521e4fe41a75b33f7"/>
<string name="_outlink" value="Item/Pet/5000201.img/eat/4"/>
</canvas>
<canvas name="5" width="1" height="1">
<vector name="origin" x="13" y="31"/>
<int name="delay" value="220"/>
<vector name="lt" x="-23" y="-48"/>
<vector name="rb" x="13" y="-1"/>
<string name="_hash" value="59a147d116a34b84ac6145dfb114e324570f85f7420dda090bcb2a91e873f5cf"/>
<string name="_outlink" value="Item/Pet/5000201.img/eat/5"/>
</canvas>
<canvas name="6" width="1" height="1">
<vector name="origin" x="12" y="33"/>
<vector name="lt" x="-48" y="-91"/>
<vector name="rb" x="12" y="-23"/>
<int name="delay" value="80"/>
<string name="_hash" value="6dd9b31f39cfd4b7c59aeb7140f4f1ccdcfbb5b6d250994112d05960d0af238c"/>
<string name="_outlink" value="Item/Pet/5000201.img/eat/6"/>
</canvas>
<canvas name="7" width="1" height="1">
<vector name="origin" x="12" y="33"/>
<vector name="lt" x="-48" y="-91"/>
<vector name="rb" x="14" y="-27"/>
<int name="delay" value="80"/>
<string name="_hash" value="dc05f6091e571ddba0f1d8c2a85a27863864f25fbf2df0c14acd942f6914c2d0"/>
<string name="_outlink" value="Item/Pet/5000201.img/eat/7"/>
</canvas>
<canvas name="8" width="1" height="1">
<vector name="origin" x="12" y="33"/>
<vector name="lt" x="-48" y="-91"/>
<vector name="rb" x="13" y="-30"/>
<int name="delay" value="80"/>
<string name="_hash" value="250897dc95f6c065a965515b47de3e0fbe1a0924f1db258c04cda3f088ceeb0c"/>
<string name="_outlink" value="Item/Pet/5000201.img/eat/8"/>
</canvas>
<canvas name="9" width="1" height="1">
<vector name="origin" x="12" y="33"/>
<vector name="lt" x="-48" y="-91"/>
<vector name="rb" x="13" y="-36"/>
<int name="delay" value="75"/>
<string name="_hash" value="3ff05eb773b863248eaa7dc5c5379966da452a78f90ab451c859c9303e968cf8"/>
<string name="_outlink" value="Item/Pet/5000201.img/eat/9"/>
</canvas>
<canvas name="10" width="1" height="1">
<vector name="origin" x="12" y="34"/>
<vector name="lt" x="-48" y="-91"/>
<vector name="rb" x="29" y="-31"/>
<int name="delay" value="75"/>
<string name="_hash" value="16c76a50b66eee2dffcf41d5e4285be601655545afa59cdcf3534400400d34fb"/>
<string name="_outlink" value="Item/Pet/5000201.img/eat/10"/>
</canvas>
<canvas name="11" width="1" height="1">
<vector name="origin" x="12" y="34"/>
<vector name="lt" x="-48" y="-91"/>
<vector name="rb" x="46" y="-22"/>
<int name="delay" value="75"/>
<string name="_hash" value="31f841f418bf75aa179fd87ed799ec3ddbabe8061cd1fc115ec4102ce59d0e8f"/>
<string name="_outlink" value="Item/Pet/5000201.img/eat/11"/>
</canvas>
<canvas name="12" width="1" height="1">
<vector name="origin" x="18" y="34"/>
<vector name="lt" x="-48" y="-91"/>
<vector name="rb" x="56" y="-15"/>
<int name="delay" value="75"/>
<string name="_hash" value="f18619ae7faa8a1ff83ee488f00f32e63a47793ef5e3bcc4cfa0d611054994d6"/>
<string name="_outlink" value="Item/Pet/5000201.img/eat/12"/>
</canvas>
<canvas name="13" width="1" height="1">
<vector name="origin" x="20" y="34"/>
<vector name="lt" x="-48" y="-91"/>
<vector name="rb" x="49" y="-19"/>
<int name="delay" value="75"/>
<string name="_hash" value="f881550548adc5eca69decf7b5e0c87177dbb58f8b3535e8d1021e11948a550c"/>
<string name="_outlink" value="Item/Pet/5000201.img/eat/13"/>
</canvas>
<canvas name="14" width="1" height="1">
<vector name="origin" x="22" y="34"/>
<vector name="lt" x="-48" y="-91"/>
<vector name="rb" x="49" y="-32"/>
<int name="delay" value="80"/>
<string name="_hash" value="9904e016c7fdfb4812f0c1a2acdbcbfbd024c5079646c7eae81f1c4486b18fd2"/>
<string name="_outlink" value="Item/Pet/5000201.img/eat/14"/>
</canvas>
<canvas name="15" width="1" height="1">
<vector name="origin" x="13" y="34"/>
<vector name="lt" x="-48" y="-91"/>
<vector name="rb" x="41" y="-37"/>
<int name="delay" value="80"/>
<string name="_hash" value="28128800013e8321b4ca8f0386eebe2e3ece8184437852958201be027e5facbd"/>
<string name="_outlink" value="Item/Pet/5000201.img/eat/15"/>
</canvas>
</imgdir>
<imgdir name="hang">
<canvas name="0" width="1" height="1">
<vector name="origin" x="12" y="33"/>
<vector name="lt" x="-24" y="-49"/>
<vector name="rb" x="7" y="-2"/>
<string name="_hash" value="11a17a19653589c7dcde0514c7b2da1ab10129c7e299667df152320c5fe1f235"/>
<string name="_outlink" value="Item/Pet/5000201.img/hang/0"/>
</canvas>
</imgdir>
<imgdir name="upset">
<canvas name="0" width="1" height="1">
<vector name="origin" x="15" y="48"/>
<vector name="lt" x="-15" y="-46"/>
<vector name="rb" x="33" y="2"/>
<int name="delay" value="300"/>
<string name="_hash" value="619e2aef16190843c7ce3902691d84bc59689c30f204ce039eaf8b9ab653a959"/>
<string name="_outlink" value="Item/Pet/5000201.img/upset/0"/>
</canvas>
<canvas name="1" width="1" height="1">
<vector name="origin" x="15" y="48"/>
<vector name="lt" x="-14" y="-46"/>
<vector name="rb" x="34" y="0"/>
<int name="delay" value="300"/>
<string name="_hash" value="8d2ad2b4fa532313e23f2d34d9b0bb8d02bbb69e6d4c759bdf88aca8139590e5"/>
<string name="_outlink" value="Item/Pet/5000201.img/upset/1"/>
</canvas>
<canvas name="2" width="1" height="1">
<vector name="origin" x="19" y="48"/>
<vector name="lt" x="-14" y="-47"/>
<vector name="rb" x="34" y="0"/>
<int name="delay" value="300"/>
<string name="_hash" value="19d6d6a57a51010eb1edcce4f6e94e5fdfb101947e2eeb2a84a147a84a47da61"/>
<string name="_outlink" value="Item/Pet/5000201.img/upset/2"/>
</canvas>
<canvas name="3" width="1" height="1">
<vector name="origin" x="15" y="46"/>
<int name="z" value="0"/>
<int name="delay" value="300"/>
<vector name="lt" x="-14" y="-47"/>
<vector name="rb" x="34" y="0"/>
<string name="_hash" value="493d209cdbd11a448fbefdc6ff761155481616d1debfab56d69a31fcabfbdba9"/>
<string name="_outlink" value="Item/Pet/5000201.img/upset/3"/>
</canvas>
<canvas name="4" width="1" height="1">
<vector name="origin" x="15" y="48"/>
<vector name="lt" x="-23" y="-51"/>
<vector name="rb" x="15" y="1"/>
<int name="delay" value="200"/>
<string name="_hash" value="89d9c44d19c2ed8bcd60465f734e26f7a0db1c0fe08ca89d1580ab66ef397f73"/>
<string name="_outlink" value="Item/Pet/5000201.img/upset/4"/>
</canvas>
<canvas name="5" width="1" height="1">
<vector name="origin" x="15" y="48"/>
<vector name="lt" x="-23" y="-51"/>
<vector name="rb" x="15" y="1"/>
<int name="delay" value="200"/>
<string name="_hash" value="1e4f3985f05731a35cabeaf61ac934f92e74b5a39a1b2b4a3473ff9644a79765"/>
<string name="_outlink" value="Item/Pet/5000201.img/upset/5"/>
</canvas>
<canvas name="6" width="1" height="1">
<vector name="origin" x="19" y="48"/>
<vector name="lt" x="-23" y="-51"/>
<vector name="rb" x="15" y="1"/>
<int name="delay" value="200"/>
<string name="_hash" value="82ace36274fc2a91c6b35b10d814887c16089498b037ac78cec242574254b97e"/>
<string name="_outlink" value="Item/Pet/5000201.img/upset/6"/>
</canvas>
<canvas name="7" width="1" height="1">
<vector name="origin" x="15" y="46"/>
<vector name="lt" x="-23" y="-51"/>
<vector name="rb" x="15" y="1"/>
<int name="delay" value="200"/>
<string name="_hash" value="e0a2d10dc5027506dbf0293e560549d73b22c8828656c214e5947752b1209193"/>
<string name="_outlink" value="Item/Pet/5000201.img/upset/7"/>
</canvas>
<uol name="8" value="0"/>
<uol name="9" value="1"/>
<uol name="10" value="2"/>
<uol name="11" value="3"/>
<uol name="12" value="4"/>
<uol name="13" value="5"/>
<uol name="14" value="6"/>
<uol name="15" value="7"/>
</imgdir>
<imgdir name="guitar">
<canvas name="0" width="1" height="1">
<vector name="origin" x="12" y="34"/>
<vector name="lt" x="-48" y="-91"/>
<vector name="rb" x="14" y="-1"/>
<int name="delay" value="85"/>
<string name="_outlink" value="Item/Pet/5000201.img/stand0/0"/>
</canvas>
<canvas name="1" width="1" height="1">
<vector name="origin" x="24" y="37"/>
<vector name="lt" x="-48" y="-91"/>
<vector name="rb" x="14" y="-1"/>
<int name="delay" value="85"/>
<string name="_hash" value="6bb78fa5baaada04bc1cea178105eb8249e103f4056315b4be88c48fe7d2858b"/>
<string name="_outlink" value="Item/Pet/5000201.img/guitar/1"/>
</canvas>
<canvas name="2" width="1" height="1">
<vector name="origin" x="24" y="36"/>
<vector name="lt" x="-48" y="-91"/>
<vector name="rb" x="14" y="-1"/>
<int name="delay" value="85"/>
<string name="_hash" value="b041f60738e37761ad97405b31698b242dd1af86d7267b11848f35d796fbb192"/>
<string name="_outlink" value="Item/Pet/5000201.img/guitar/2"/>
</canvas>
<canvas name="3" width="1" height="1">
<vector name="origin" x="25" y="35"/>
<vector name="lt" x="-48" y="-91"/>
<vector name="rb" x="12" y="-13"/>
<int name="delay" value="80"/>
<string name="_hash" value="23b45998d415db3c78903ff8b79727f0afb2e36ebcc338e86b12d69286595a91"/>
<string name="_outlink" value="Item/Pet/5000201.img/guitar/3"/>
</canvas>
<canvas name="4" width="1" height="1">
<vector name="origin" x="29" y="34"/>
<vector name="lt" x="-48" y="-91"/>
<vector name="rb" x="12" y="-17"/>
<int name="delay" value="75"/>
<string name="_hash" value="e92262f56a651e8dec89ae6fb041b54bcbbd770ae6b23ffd183a1ca029498582"/>
<string name="_outlink" value="Item/Pet/5000201.img/guitar/4"/>
</canvas>
<canvas name="5" width="1" height="1">
<vector name="origin" x="29" y="37"/>
<vector name="lt" x="-48" y="-91"/>
<vector name="rb" x="14" y="-19"/>
<int name="delay" value="75"/>
<string name="_hash" value="5d0a71161d37e48c0891ec9398fb937a2a44fd4bc6ff4dfdbd7ba73caa809b3f"/>
<string name="_outlink" value="Item/Pet/5000201.img/guitar/5"/>
</canvas>
<canvas name="6" width="1" height="1">
<vector name="origin" x="22" y="35"/>
<vector name="lt" x="-48" y="-91"/>
<vector name="rb" x="12" y="-23"/>
<int name="delay" value="80"/>
<string name="_hash" value="5b4b6140d21b0822710507b6ac88296aea381a101aa89cd2042c3325b2319133"/>
<string name="_outlink" value="Item/Pet/5000201.img/guitar/6"/>
</canvas>
<canvas name="7" width="1" height="1">
<vector name="origin" x="28" y="34"/>
<vector name="lt" x="-48" y="-91"/>
<vector name="rb" x="14" y="-27"/>
<int name="delay" value="80"/>
<string name="_hash" value="c3b5d7fd2ca3e72327010e2fa7f9ffa920570fd2e847ba0e8489e25da868cf3a"/>
<string name="_outlink" value="Item/Pet/5000201.img/guitar/7"/>
</canvas>
<canvas name="8" width="1" height="1">
<vector name="origin" x="29" y="37"/>
<vector name="lt" x="-48" y="-91"/>
<vector name="rb" x="13" y="-30"/>
<int name="delay" value="80"/>
<string name="_hash" value="24d65dc1d094f6e64a1aa00b3bc6f3046514433e2770b152525fddf2973172a1"/>
<string name="_outlink" value="Item/Pet/5000201.img/guitar/8"/>
</canvas>
<canvas name="9" width="1" height="1">
<vector name="origin" x="22" y="35"/>
<vector name="lt" x="-48" y="-91"/>
<vector name="rb" x="13" y="-36"/>
<int name="delay" value="75"/>
<string name="_hash" value="fa3aab7e17aead330e38d9d27025491bfe4aa16917690e3e681973f23fa6c2ac"/>
<string name="_outlink" value="Item/Pet/5000201.img/guitar/9"/>
</canvas>
<canvas name="10" width="1" height="1">
<vector name="origin" x="28" y="34"/>
<vector name="lt" x="-48" y="-91"/>
<vector name="rb" x="29" y="-31"/>
<int name="delay" value="75"/>
<string name="_hash" value="cb3697256326c35062a51ac51eb10a3bd28a78cc7a15f7df2735c43168e75f0f"/>
<string name="_outlink" value="Item/Pet/5000201.img/guitar/10"/>
</canvas>
<canvas name="11" width="1" height="1">
<vector name="origin" x="29" y="37"/>
<vector name="lt" x="-48" y="-91"/>
<vector name="rb" x="46" y="-22"/>
<int name="delay" value="75"/>
<string name="_outlink" value="Item/Pet/5000201.img/guitar/5"/>
</canvas>
<canvas name="12" width="1" height="1">
<vector name="origin" x="23" y="34"/>
<vector name="lt" x="-48" y="-91"/>
<vector name="rb" x="56" y="-15"/>
<int name="delay" value="75"/>
<string name="_hash" value="674b8d4e4e003409968173deeab8ccacc8da24564b43a76b2ba0b7adb6883ae3"/>
<string name="_outlink" value="Item/Pet/5000201.img/guitar/12"/>
</canvas>
<canvas name="13" width="1" height="1">
<vector name="origin" x="28" y="34"/>
<vector name="lt" x="-48" y="-91"/>
<vector name="rb" x="49" y="-19"/>
<int name="delay" value="75"/>
<string name="_hash" value="bf5ffb1367a16769df25474278fd35b497ca06e64ffb65f39d2dcbf7837a9bff"/>
<string name="_outlink" value="Item/Pet/5000201.img/guitar/13"/>
</canvas>
<canvas name="14" width="1" height="1">
<vector name="origin" x="29" y="37"/>
<vector name="lt" x="-48" y="-91"/>
<vector name="rb" x="49" y="-32"/>
<int name="delay" value="80"/>
<string name="_hash" value="86fc3f4054f35d90e27db4ede47398f393167c7a490dccac392b45b0a4fbf65a"/>
<string name="_outlink" value="Item/Pet/5000201.img/guitar/14"/>
</canvas>
<canvas name="15" width="1" height="1">
<vector name="origin" x="28" y="36"/>
<vector name="lt" x="-48" y="-91"/>
<vector name="rb" x="41" y="-37"/>
<int name="delay" value="80"/>
<string name="_hash" value="9b1e5fae4fcc95d7e2b395d2d8e10f9869233543562bdf071537bee462adf368"/>
<string name="_outlink" value="Item/Pet/5000201.img/guitar/15"/>
</canvas>
<canvas name="16" width="1" height="1">
<vector name="origin" x="25" y="37"/>
<vector name="lt" x="-48" y="-91"/>
<vector name="rb" x="39" y="-35"/>
<int name="delay" value="80"/>
<string name="_hash" value="f8cce8c106cc3eb7661ad2996af8965899e2173586d005329ae7f5ace8667d51"/>
<string name="_outlink" value="Item/Pet/5000201.img/guitar/16"/>
</canvas>
<canvas name="17" width="1" height="1">
<vector name="origin" x="24" y="36"/>
<vector name="lt" x="-48" y="-91"/>
<vector name="rb" x="37" y="-36"/>
<int name="delay" value="95"/>
<string name="_hash" value="91d1ed5e4a598fe6fe7c6763d669eb352a7ab22c477f745890a22449776c3c5a"/>
<string name="_outlink" value="Item/Pet/5000201.img/guitar/17"/>
</canvas>
<canvas name="18" width="1" height="1">
<vector name="origin" x="24" y="33"/>
<vector name="lt" x="-48" y="-91"/>
<vector name="rb" x="48" y="-1"/>
<int name="delay" value="85"/>
<string name="_hash" value="c76da175aef7c2c9c4cc2b50854fcc278d7010cf232d5d35d5f52441c1686e0a"/>
<string name="_outlink" value="Item/Pet/5000201.img/guitar/18"/>
</canvas>
<canvas name="19" width="1" height="1">
<vector name="origin" x="12" y="34"/>
<vector name="lt" x="-48" y="-91"/>
<vector name="rb" x="57" y="-3"/>
<int name="delay" value="85"/>
<string name="_outlink" value="Item/Pet/5000201.img/stand0/2"/>
</canvas>
<canvas name="20" width="1" height="1">
<vector name="origin" x="12" y="35"/>
<vector name="lt" x="-48" y="-91"/>
<vector name="rb" x="50" y="-3"/>
<int name="delay" value="90"/>
<string name="_outlink" value="Item/Pet/5000201.img/stand0/3"/>
</canvas>
</imgdir>
<imgdir name="melong">
<canvas name="0" width="1" height="1">
<vector name="origin" x="13" y="34"/>
<vector name="lt" x="-21" y="-48"/>
<vector name="rb" x="17" y="-1"/>
<int name="delay" value="375"/>
<string name="_hash" value="bb55f4071ff0944de7ff10b45ac75faa8f367717e8aa181598d1df6dcf2cef3b"/>
<string name="_outlink" value="Item/Pet/5000201.img/melong/0"/>
</canvas>
<canvas name="1" width="1" height="1">
<vector name="origin" x="13" y="35"/>
<vector name="lt" x="-22" y="-45"/>
<vector name="rb" x="16" y="-1"/>
<int name="delay" value="375"/>
<string name="_hash" value="87d0b1e34232fd941c551c90654e3a6e69b4fc7a719008c4a2e2a2c4872e63d1"/>
<string name="_outlink" value="Item/Pet/5000201.img/melong/1"/>
</canvas>
<canvas name="2" width="1" height="1">
<vector name="origin" x="15" y="34"/>
<vector name="lt" x="-48" y="-91"/>
<vector name="rb" x="14" y="-1"/>
<int name="delay" value="85"/>
<string name="_hash" value="29bf61f0a18d5905ea99a79cf34a3e2750a73d98cbf4dd781aeaa789ecfc4eaf"/>
<string name="_outlink" value="Item/Pet/5000201.img/melong/2"/>
</canvas>
<canvas name="3" width="1" height="1">
<vector name="origin" x="13" y="34"/>
<vector name="lt" x="-48" y="-91"/>
<vector name="rb" x="12" y="-13"/>
<int name="delay" value="80"/>
<string name="_hash" value="23de6427a3ab19b737567309952a4c4d2a9815eb2c0b243d5793ec23334d4b38"/>
<string name="_outlink" value="Item/Pet/5000201.img/melong/3"/>
</canvas>
<canvas name="4" width="1" height="1">
<vector name="origin" x="14" y="34"/>
<vector name="lt" x="-48" y="-91"/>
<vector name="rb" x="12" y="-17"/>
<int name="delay" value="75"/>
<string name="_hash" value="6446cee911b2be5cf7b48c667aed9dbd1661fcbca493607865d9c05737883d95"/>
<string name="_outlink" value="Item/Pet/5000201.img/melong/4"/>
</canvas>
<canvas name="5" width="1" height="1">
<vector name="origin" x="14" y="34"/>
<vector name="lt" x="-48" y="-91"/>
<vector name="rb" x="14" y="-19"/>
<int name="delay" value="75"/>
<string name="_hash" value="073a1ad86d7d486507a0d717a2bd344f0932116a685e8b24375de83bf16ae400"/>
<string name="_outlink" value="Item/Pet/5000201.img/melong/5"/>
</canvas>
<canvas name="6" width="1" height="1">
<vector name="origin" x="14" y="34"/>
<vector name="lt" x="-48" y="-91"/>
<vector name="rb" x="12" y="-23"/>
<int name="delay" value="80"/>
<string name="_hash" value="6a1ad209b35172523cebbee17f504ab44dee0f66a9e6d234063a1eb4f698e633"/>
<string name="_outlink" value="Item/Pet/5000201.img/melong/6"/>
</canvas>
<canvas name="7" width="1" height="1">
<vector name="origin" x="14" y="34"/>
<vector name="lt" x="-48" y="-91"/>
<vector name="rb" x="14" y="-27"/>
<int name="delay" value="80"/>
<string name="_hash" value="4367b0ed5beafbf8546760ec4367b75cd5e67e36afba15d8542db237b8d8189e"/>
<string name="_outlink" value="Item/Pet/5000201.img/melong/7"/>
</canvas>
<canvas name="8" width="1" height="1">
<vector name="origin" x="14" y="34"/>
<vector name="lt" x="-48" y="-91"/>
<vector name="rb" x="13" y="-30"/>
<int name="delay" value="80"/>
<string name="_outlink" value="Item/Pet/5000201.img/melong/4"/>
</canvas>
<canvas name="9" width="1" height="1">
<vector name="origin" x="14" y="34"/>
<vector name="lt" x="-48" y="-91"/>
<vector name="rb" x="13" y="-36"/>
<int name="delay" value="75"/>
<string name="_outlink" value="Item/Pet/5000201.img/melong/5"/>
</canvas>
<canvas name="10" width="1" height="1">
<vector name="origin" x="15" y="34"/>
<vector name="lt" x="-48" y="-91"/>
<vector name="rb" x="29" y="-31"/>
<int name="delay" value="75"/>
<string name="_hash" value="86f2511868bb643b14fda780d3e9dfac742f14704e7a0304130b4dcea6726b14"/>
<string name="_outlink" value="Item/Pet/5000201.img/melong/10"/>
</canvas>
<canvas name="11" width="1" height="1">
<vector name="origin" x="13" y="34"/>
<vector name="lt" x="-48" y="-91"/>
<vector name="rb" x="46" y="-22"/>
<int name="delay" value="75"/>
<string name="_hash" value="1a8cc03a7c279dcb7f7d157e8b7e8a8ab0aaaddedc53883500e957c5f895ed88"/>
<string name="_outlink" value="Item/Pet/5000201.img/melong/11"/>
</canvas>
</imgdir>
<imgdir name="play">
<canvas name="0" width="1" height="1">
<vector name="origin" x="12" y="34"/>
<vector name="lt" x="-23" y="-48"/>
<vector name="rb" x="13" y="-1"/>
<int name="delay" value="300"/>
<string name="_outlink" value="Item/Pet/5000201.img/stand0/0"/>
</canvas>
<canvas name="1" width="1" height="1">
<vector name="origin" x="12" y="33"/>
<int name="delay" value="300"/>
<vector name="lt" x="-23" y="-48"/>
<vector name="rb" x="13" y="-1"/>
<string name="_outlink" value="Item/Pet/5000201.img/love/1"/>
</canvas>
<canvas name="2" width="1" height="1">
<vector name="origin" x="12" y="35"/>
<int name="delay" value="300"/>
<vector name="lt" x="-23" y="-48"/>
<vector name="rb" x="13" y="-1"/>
<string name="_outlink" value="Item/Pet/5000201.img/love/2"/>
</canvas>
<canvas name="3" width="1" height="1">
<vector name="origin" x="23" y="51"/>
<vector name="lt" x="-48" y="-91"/>
<vector name="rb" x="12" y="-13"/>
<int name="delay" value="80"/>
<string name="_hash" value="3b0e83a6b20732b8f123ff98fad4a50ed59e8f8f6de7bdb953b934219fc77d62"/>
<string name="_outlink" value="Item/Pet/5000201.img/play/3"/>
</canvas>
<canvas name="4" width="1" height="1">
<vector name="origin" x="24" y="48"/>
<vector name="lt" x="-48" y="-91"/>
<vector name="rb" x="12" y="-17"/>
<int name="delay" value="75"/>
<string name="_hash" value="90a5c74ce19d0eab2e87c95ec32e765b8387ec45552b20d6976ab895ae81339f"/>
<string name="_outlink" value="Item/Pet/5000201.img/play/4"/>
</canvas>
<canvas name="5" width="1" height="1">
<vector name="origin" x="25" y="39"/>
<vector name="lt" x="-48" y="-91"/>
<vector name="rb" x="14" y="-19"/>
<int name="delay" value="75"/>
<string name="_hash" value="9d75303814ecfd616bdbe0787faef0031820b7f707afafe284629a7a6e7aad9b"/>
<string name="_outlink" value="Item/Pet/5000201.img/play/5"/>
</canvas>
<canvas name="6" width="1" height="1">
<vector name="origin" x="12" y="54"/>
<vector name="lt" x="-48" y="-91"/>
<vector name="rb" x="12" y="-23"/>
<int name="delay" value="80"/>
<string name="_hash" value="ed3544154bf9e3660084cad089bd89ae2b996defe784b04b8296e586219ed3d6"/>
<string name="_outlink" value="Item/Pet/5000201.img/play/6"/>
</canvas>
<canvas name="7" width="1" height="1">
<vector name="origin" x="11" y="57"/>
<vector name="lt" x="-48" y="-91"/>
<vector name="rb" x="14" y="-27"/>
<int name="delay" value="80"/>
<string name="_hash" value="669cf565e0f4619c61b02a336da4f24bb4a40297f0933d89b819880ef0b1461d"/>
<string name="_outlink" value="Item/Pet/5000201.img/play/7"/>
</canvas>
<canvas name="8" width="1" height="1">
<vector name="origin" x="10" y="52"/>
<vector name="lt" x="-48" y="-91"/>
<vector name="rb" x="13" y="-30"/>
<int name="delay" value="80"/>
<string name="_hash" value="e5ee0ab570a70fb4c2416af4716441c982d45fa5102c75728e3fa987b0d4f4b7"/>
<string name="_outlink" value="Item/Pet/5000201.img/play/8"/>
</canvas>
<canvas name="9" width="1" height="1">
<vector name="origin" x="10" y="39"/>
<vector name="lt" x="-48" y="-91"/>
<vector name="rb" x="13" y="-36"/>
<int name="delay" value="75"/>
<string name="_hash" value="2e85f41a1dcf27d29f528f9432bc280a48d3350d015e99e3f05f19c3f24c0830"/>
<string name="_outlink" value="Item/Pet/5000201.img/play/9"/>
</canvas>
<canvas name="10" width="1" height="1">
<vector name="origin" x="11" y="54"/>
<vector name="lt" x="-48" y="-91"/>
<vector name="rb" x="29" y="-31"/>
<int name="delay" value="75"/>
<string name="_hash" value="94cd91b6995027f9ee6be79561c40ff2e190567afcacbc3bf9f61776d676cbf8"/>
<string name="_outlink" value="Item/Pet/5000201.img/play/10"/>
</canvas>
<canvas name="11" width="1" height="1">
<vector name="origin" x="13" y="57"/>
<vector name="lt" x="-48" y="-91"/>
<vector name="rb" x="46" y="-22"/>
<int name="delay" value="75"/>
<string name="_outlink" value="Item/Pet/5000201.img/play/7"/>
</canvas>
<canvas name="12" width="1" height="1">
<vector name="origin" x="14" y="52"/>
<vector name="lt" x="-48" y="-91"/>
<vector name="rb" x="56" y="-15"/>
<int name="delay" value="75"/>
<string name="_outlink" value="Item/Pet/5000201.img/play/8"/>
</canvas>
<canvas name="13" width="1" height="1">
<vector name="origin" x="14" y="39"/>
<vector name="lt" x="-48" y="-91"/>
<vector name="rb" x="49" y="-19"/>
<int name="delay" value="75"/>
<string name="_hash" value="a9b9ea1ce0f87d7dbd38ea2e902ae9a22f2240823d1597c0b4fb06776ce7a1ce"/>
<string name="_outlink" value="Item/Pet/5000201.img/play/13"/>
</canvas>
<canvas name="14" width="1" height="1">
<vector name="origin" x="14" y="54"/>
<vector name="lt" x="-48" y="-91"/>
<vector name="rb" x="49" y="-32"/>
<int name="delay" value="80"/>
<string name="_hash" value="d71697665fc515e00732c7aac6c60ef43d152520d5b64f7b4ded12f857bf641c"/>
<string name="_outlink" value="Item/Pet/5000201.img/play/14"/>
</canvas>
<canvas name="15" width="1" height="1">
<vector name="origin" x="13" y="57"/>
<vector name="lt" x="-48" y="-91"/>
<vector name="rb" x="41" y="-37"/>
<int name="delay" value="80"/>
<string name="_outlink" value="Item/Pet/5000201.img/play/7"/>
</canvas>
<canvas name="16" width="1" height="1">
<vector name="origin" x="22" y="51"/>
<vector name="lt" x="-48" y="-91"/>
<vector name="rb" x="39" y="-35"/>
<int name="delay" value="80"/>
<string name="_hash" value="71870d1b164994cf9844c0df5ebe26a4121a31a47be745c5f9746fe112f72271"/>
<string name="_outlink" value="Item/Pet/5000201.img/play/16"/>
</canvas>
<canvas name="17" width="1" height="1">
<vector name="origin" x="23" y="47"/>
<vector name="lt" x="-48" y="-91"/>
<vector name="rb" x="37" y="-36"/>
<int name="delay" value="95"/>
<string name="_hash" value="825db8d8aaccab7fddf63b7bd327eeacbb778b71318dd03cb7762726788e317f"/>
<string name="_outlink" value="Item/Pet/5000201.img/play/17"/>
</canvas>
<canvas name="18" width="1" height="1">
<vector name="origin" x="24" y="39"/>
<vector name="lt" x="-48" y="-91"/>
<vector name="rb" x="48" y="-1"/>
<int name="delay" value="85"/>
<string name="_hash" value="cf2a9ca029bc9d52556cf88e1442af9e1a5249791b5fb87c4320057832109a01"/>
<string name="_outlink" value="Item/Pet/5000201.img/play/18"/>
</canvas>
<canvas name="19" width="1" height="1">
<vector name="origin" x="12" y="34"/>
<vector name="lt" x="-48" y="-91"/>
<vector name="rb" x="57" y="-3"/>
<int name="delay" value="85"/>
<string name="_hash" value="7bcd4c69e333ebf1efbea6d59e82be98aff6b0241722bf7a3661c7379637f0ba"/>
<string name="_outlink" value="Item/Pet/5000201.img/play/19"/>
</canvas>
</imgdir>
</imgdir>
