<?xml version="1.0" encoding="UTF-8" standalone="yes"?>
<imgdir name="5000042.img">
<imgdir name="info">
<canvas name="icon" width="33" height="32">
<vector name="origin" x="1" y="31"/>
<string name="_hash" value="e571ace86b356b4800824196f82c178b29f2ab1e0c5674f8eec2163d604a6d71"/>
</canvas>
<canvas name="iconRaw" width="30" height="32">
<vector name="origin" x="-2" y="31"/>
<string name="_hash" value="e6607f860e407215adc560e8a4a8802f3797b71ad22f4d46c2ccfb3ec21601a1"/>
</canvas>
<canvas name="iconD" width="28" height="28">
<vector name="origin" x="-2" y="28"/>
<string name="_hash" value="8b3e8dd0316b5026cbafbddcba74a85bceefa1ed3dbf2983b2c80e061fa7d081"/>
</canvas>
<canvas name="iconRawD" width="27" height="25">
<vector name="origin" x="-3" y="28"/>
<string name="_hash" value="2993700109052367305d493e5f6a09de169482b6fe09a7aa3ecc4b36b96ad2ba"/>
</canvas>
<int name="hungry" value="2"/>
<int name="cash" value="1"/>
<int name="life" value="30"/>
<int name="chatBalloon" value="25"/>
<int name="nameTag" value="27"/>
</imgdir>
<imgdir name="interact">
<imgdir name="0">
<string name="command" value="c1"/>
<int name="inc" value="1"/>
<int name="prob" value="30"/>
<int name="l0" value="1"/>
<int name="l1" value="9"/>
<imgdir name="success">
<imgdir name="0">
<string name="act" value="sit"/>
<string name="0" value="c1_s1"/>
<string name="1" value="c1_s2"/>
</imgdir>
</imgdir>
<imgdir name="fail">
<imgdir name="0">
<string name="act" value="stand1"/>
<string name="0" value="c1_f1"/>
<string name="1" value="c1_f2"/>
</imgdir>
</imgdir>
</imgdir>
<imgdir name="1">
<string name="command" value="c2"/>
<int name="inc" value="1"/>
<int name="prob" value="45"/>
<int name="l0" value="10"/>
<int name="l1" value="19"/>
<imgdir name="success">
<imgdir name="0">
<string name="act" value="sit"/>
<string name="0" value="c2_s1"/>
<string name="1" value="c2_s2"/>
<string name="2" value="c2_s3"/>
<string name="3" value="c2_s4"/>
</imgdir>
</imgdir>
<imgdir name="fail">
<imgdir name="0">
<string name="act" value="stand1"/>
<string name="0" value="c2_f1"/>
<string name="1" value="c2_f2"/>
<string name="2" value="c2_f3"/>
<string name="3" value="c2_f4"/>
</imgdir>
</imgdir>
</imgdir>
<imgdir name="2">
<string name="command" value="c3"/>
<int name="inc" value="1"/>
<int name="prob" value="60"/>
<int name="l0" value="20"/>
<int name="l1" value="29"/>
<imgdir name="success">
<imgdir name="0">
<string name="act" value="sit"/>
<string name="0" value="c3_s1"/>
<string name="1" value="c3_s2"/>
<string name="2" value="c3_s3"/>
<string name="3" value="c3_s4"/>
</imgdir>
</imgdir>
<imgdir name="fail">
<imgdir name="0">
<string name="act" value="what"/>
<string name="0" value="c3_f1"/>
<string name="1" value="c3_f2"/>
<string name="2" value="c3_f3"/>
<string name="3" value="c3_f4"/>
</imgdir>
</imgdir>
</imgdir>
<imgdir name="3">
<string name="command" value="c4"/>
<int name="inc" value="1"/>
<int name="prob" value="75"/>
<int name="l0" value="30"/>
<int name="l1" value="30"/>
<imgdir name="success">
<imgdir name="0">
<string name="act" value="sit"/>
<string name="0" value="c4_s1"/>
<string name="1" value="c4_s2"/>
<string name="2" value="c4_s3"/>
<string name="3" value="c4_s4"/>
</imgdir>
</imgdir>
<imgdir name="fail">
<imgdir name="0">
<string name="act" value="what"/>
<string name="0" value="c4_f1"/>
<string name="1" value="c4_f2"/>
<string name="2" value="c4_f3"/>
<string name="3" value="c4_f4"/>
</imgdir>
</imgdir>
</imgdir>
<imgdir name="4">
<string name="command" value="c5"/>
<int name="inc" value="2"/>
<int name="prob" value="30"/>
<int name="l0" value="1"/>
<int name="l1" value="9"/>
<imgdir name="success">
<imgdir name="0">
<string name="act" value="cry"/>
<string name="0" value="c5_s1"/>
<string name="1" value="c5_s2"/>
</imgdir>
</imgdir>
<imgdir name="fail">
<imgdir name="0">
<string name="act" value="stand1"/>
<string name="0" value="c5_f1"/>
<string name="1" value="c5_f2"/>
</imgdir>
</imgdir>
</imgdir>
<imgdir name="5">
<string name="command" value="c6"/>
<int name="inc" value="2"/>
<int name="prob" value="45"/>
<int name="l0" value="10"/>
<int name="l1" value="19"/>
<imgdir name="success">
<imgdir name="0">
<string name="act" value="cry"/>
<string name="0" value="c6_s1"/>
<string name="1" value="c6_s2"/>
<string name="2" value="c6_s3"/>
<string name="3" value="c6_s4"/>
</imgdir>
</imgdir>
<imgdir name="fail">
<imgdir name="0">
<string name="act" value="angry"/>
<string name="0" value="c6_f1"/>
<string name="1" value="c6_f2"/>
<string name="2" value="c6_f3"/>
<string name="3" value="c6_f4"/>
</imgdir>
</imgdir>
</imgdir>
<imgdir name="6">
<string name="command" value="c7"/>
<int name="inc" value="2"/>
<int name="prob" value="60"/>
<int name="l0" value="20"/>
<int name="l1" value="29"/>
<imgdir name="success">
<imgdir name="0">
<string name="act" value="cry"/>
<string name="0" value="c7_s1"/>
<string name="1" value="c7_s2"/>
<string name="2" value="c7_s3"/>
<string name="3" value="c7_s4"/>
</imgdir>
</imgdir>
<imgdir name="fail">
<imgdir name="0">
<string name="act" value="angry"/>
<string name="0" value="c7_f1"/>
<string name="1" value="c7_f2"/>
<string name="2" value="c7_f3"/>
<string name="3" value="c7_f4"/>
</imgdir>
</imgdir>
</imgdir>
<imgdir name="7">
<string name="command" value="c8"/>
<int name="inc" value="2"/>
<int name="prob" value="75"/>
<int name="l0" value="30"/>
<int name="l1" value="30"/>
<imgdir name="success">
<imgdir name="0">
<string name="act" value="cry"/>
<string name="0" value="c8_s1"/>
<string name="1" value="c8_s2"/>
<string name="2" value="c8_s3"/>
<string name="3" value="c8_s4"/>
</imgdir>
</imgdir>
<imgdir name="fail">
<imgdir name="0">
<string name="act" value="angry"/>
<string name="0" value="c8_f1"/>
<string name="1" value="c8_f2"/>
<string name="2" value="c8_f3"/>
<string name="3" value="c8_f4"/>
</imgdir>
</imgdir>
</imgdir>
<imgdir name="8">
<string name="command" value="c9"/>
<int name="inc" value="2"/>
<int name="prob" value="40"/>
<int name="l0" value="1"/>
<int name="l1" value="9"/>
<imgdir name="success">
<imgdir name="0">
<string name="act" value="dung"/>
<string name="0" value="c9_s1"/>
<string name="1" value="c9_s2"/>
</imgdir>
</imgdir>
<imgdir name="fail">
<imgdir name="0">
<string name="act" value="stand1"/>
<string name="0" value="c9_f1"/>
<string name="1" value="c9_f2"/>
</imgdir>
</imgdir>
</imgdir>
<imgdir name="9">
<string name="command" value="c10"/>
<int name="inc" value="2"/>
<int name="prob" value="50"/>
<int name="l0" value="10"/>
<int name="l1" value="19"/>
<imgdir name="success">
<imgdir name="0">
<string name="act" value="dung"/>
<string name="0" value="c10_s1"/>
<string name="1" value="c10_s2"/>
<string name="2" value="c10_s3"/>
<string name="3" value="c10_s4"/>
</imgdir>
</imgdir>
<imgdir name="fail">
<imgdir name="0">
<string name="act" value="sit"/>
<string name="0" value="c10_f1"/>
<string name="1" value="c10_f2"/>
<string name="2" value="c10_f3"/>
<string name="3" value="c10_f4"/>
</imgdir>
</imgdir>
</imgdir>
<imgdir name="10">
<string name="command" value="c11"/>
<int name="inc" value="2"/>
<int name="prob" value="60"/>
<int name="l0" value="20"/>
<int name="l1" value="29"/>
<imgdir name="success">
<imgdir name="0">
<string name="act" value="dung"/>
<string name="0" value="c11_s1"/>
<string name="1" value="c11_s2"/>
<string name="2" value="c11_s3"/>
<string name="3" value="c11_s4"/>
</imgdir>
</imgdir>
<imgdir name="fail">
<imgdir name="0">
<string name="act" value="sit"/>
<string name="0" value="c11_f1"/>
<string name="1" value="c11_f2"/>
<string name="2" value="c11_f3"/>
<string name="4" value="c11_f4"/>
</imgdir>
</imgdir>
</imgdir>
<imgdir name="11">
<string name="command" value="c12"/>
<int name="inc" value="2"/>
<int name="prob" value="80"/>
<int name="l0" value="30"/>
<int name="l1" value="30"/>
<imgdir name="success">
<imgdir name="0">
<string name="act" value="dung"/>
<string name="0" value="c12_s1"/>
<string name="1" value="c12_s2"/>
<string name="2" value="c12_s3"/>
<string name="3" value="c12_s4"/>
</imgdir>
</imgdir>
<imgdir name="fail">
<imgdir name="0">
<string name="act" value="sit"/>
<string name="0" value="c12_f1"/>
<string name="1" value="c12_f2"/>
<string name="2" value="c12_f3"/>
<string name="3" value="c12_f4"/>
</imgdir>
</imgdir>
</imgdir>
<imgdir name="12">
<string name="command" value="c13"/>
<int name="inc" value="1"/>
<int name="prob" value="30"/>
<int name="l0" value="1"/>
<int name="l1" value="9"/>
<imgdir name="success">
<imgdir name="0">
<string name="act" value="sleep"/>
<string name="0" value="c13_s1"/>
<string name="1" value="c13_s2"/>
</imgdir>
</imgdir>
<imgdir name="fail">
<imgdir name="0">
<string name="act" value="stand1"/>
<string name="0" value="c13_f1"/>
<string name="1" value="c13_f2"/>
</imgdir>
</imgdir>
</imgdir>
<imgdir name="13">
<string name="command" value="c14"/>
<int name="inc" value="1"/>
<int name="prob" value="50"/>
<int name="l0" value="10"/>
<int name="l1" value="19"/>
<imgdir name="success">
<imgdir name="0">
<string name="act" value="sleep"/>
<string name="0" value="c14_s1"/>
<string name="1" value="c14_s2"/>
<string name="2" value="c14_s3"/>
<string name="3" value="c14_s4"/>
</imgdir>
</imgdir>
<imgdir name="fail">
<imgdir name="0">
<string name="act" value="what"/>
<string name="0" value="c14_f1"/>
<string name="1" value="c14_f2"/>
<string name="2" value="c14_f3"/>
<string name="3" value="c14_f4"/>
</imgdir>
</imgdir>
</imgdir>
<imgdir name="14">
<string name="command" value="c15"/>
<int name="inc" value="1"/>
<int name="prob" value="60"/>
<int name="l0" value="20"/>
<int name="l1" value="29"/>
<imgdir name="success">
<imgdir name="0">
<string name="act" value="sleep"/>
<string name="0" value="c15_s1"/>
<string name="1" value="c15_s2"/>
<string name="2" value="c15_s3"/>
<string name="3" value="c15_s4"/>
</imgdir>
</imgdir>
<imgdir name="fail">
<imgdir name="0">
<string name="act" value="sit"/>
<string name="0" value="c15_f1"/>
<string name="1" value="c15_f2"/>
<string name="2" value="c15_f3"/>
<string name="3" value="c15_f4"/>
</imgdir>
</imgdir>
</imgdir>
<imgdir name="15">
<string name="command" value="c16"/>
<int name="inc" value="1"/>
<int name="prob" value="75"/>
<int name="l0" value="30"/>
<int name="l1" value="30"/>
<imgdir name="success">
<imgdir name="0">
<string name="act" value="sleep"/>
<string name="0" value="c16_s1"/>
<string name="1" value="c16_s2"/>
<string name="2" value="c16_s3"/>
<string name="3" value="c16_s4"/>
</imgdir>
</imgdir>
<imgdir name="fail">
<imgdir name="0">
<string name="act" value="sit"/>
<string name="0" value="c16_f1"/>
<string name="1" value="c16_f2"/>
<string name="2" value="c16_f3"/>
<string name="3" value="c16_f4"/>
</imgdir>
</imgdir>
</imgdir>
<imgdir name="16">
<string name="command" value="c17"/>
<int name="inc" value="2"/>
<int name="prob" value="50"/>
<int name="l0" value="10"/>
<int name="l1" value="19"/>
<imgdir name="success">
<imgdir name="0">
<string name="act" value="chat"/>
<string name="0" value="c17_s1"/>
<string name="1" value="c17_s2"/>
<string name="2" value="c17_s3"/>
<string name="3" value="c17_s4"/>
</imgdir>
</imgdir>
<imgdir name="fail">
<imgdir name="0">
<string name="act" value="what"/>
<string name="0" value="c17_f1"/>
<string name="1" value="c17_f2"/>
<string name="2" value="c17_f3"/>
<string name="3" value="c17_f4"/>
</imgdir>
</imgdir>
</imgdir>
<imgdir name="17">
<string name="command" value="c18"/>
<int name="inc" value="2"/>
<int name="prob" value="70"/>
<int name="l0" value="20"/>
<int name="l1" value="29"/>
<imgdir name="success">
<imgdir name="0">
<string name="act" value="chat"/>
<string name="0" value="c18_s1"/>
<string name="1" value="c18_s2"/>
<string name="2" value="c18_s3"/>
<string name="3" value="c18_s4"/>
</imgdir>
</imgdir>
<imgdir name="fail">
<imgdir name="0">
<string name="act" value="what"/>
<string name="0" value="c18_f1"/>
<string name="1" value="c18_f2"/>
<string name="2" value="c18_f3"/>
<string name="3" value="c18_f4"/>
</imgdir>
</imgdir>
</imgdir>
<imgdir name="18">
<string name="command" value="c19"/>
<int name="inc" value="2"/>
<int name="prob" value="80"/>
<int name="l0" value="30"/>
<int name="l1" value="30"/>
<imgdir name="success">
<imgdir name="0">
<string name="act" value="chat"/>
<string name="0" value="c19_s1"/>
<string name="1" value="c19_s2"/>
<string name="2" value="c19_s3"/>
<string name="3" value="c19_s4"/>
</imgdir>
</imgdir>
<imgdir name="fail">
<imgdir name="0">
<string name="act" value="what"/>
<string name="0" value="c19_f1"/>
<string name="1" value="c19_f2"/>
<string name="2" value="c19_f3"/>
<string name="3" value="c19_f4"/>
</imgdir>
</imgdir>
</imgdir>
<imgdir name="19">
<string name="command" value="c20"/>
<int name="inc" value="2"/>
<int name="prob" value="45"/>
<int name="l0" value="10"/>
<int name="l1" value="19"/>
<imgdir name="success">
<imgdir name="0">
<string name="act" value="love"/>
<string name="0" value="c20_s1"/>
<string name="1" value="c20_s2"/>
<string name="2" value="c20_s3"/>
<string name="3" value="c20_s4"/>
</imgdir>
</imgdir>
<imgdir name="fail">
<imgdir name="0">
<string name="act" value="merong"/>
<string name="0" value="c20_f1"/>
<string name="1" value="c20_f2"/>
<string name="2" value="c20_f3"/>
<string name="3" value="c20_f4"/>
</imgdir>
</imgdir>
</imgdir>
<imgdir name="20">
<string name="command" value="c21"/>
<int name="inc" value="2"/>
<int name="prob" value="55"/>
<int name="l0" value="20"/>
<int name="l1" value="29"/>
<imgdir name="success">
<imgdir name="0">
<string name="act" value="love"/>
<string name="0" value="c21_s1"/>
<string name="1" value="c21_s2"/>
<string name="2" value="c21_s3"/>
<string name="3" value="c21_s4"/>
</imgdir>
</imgdir>
<imgdir name="fail">
<imgdir name="0">
<string name="act" value="stunned"/>
<string name="0" value="c21_f1"/>
<string name="1" value="c21_f2"/>
<string name="2" value="c21_f3"/>
<string name="3" value="c21_f4"/>
</imgdir>
</imgdir>
</imgdir>
<imgdir name="21">
<string name="command" value="c22"/>
<int name="inc" value="2"/>
<int name="prob" value="65"/>
<int name="l0" value="30"/>
<int name="l1" value="30"/>
<imgdir name="success">
<imgdir name="0">
<string name="act" value="love"/>
<string name="0" value="c22_s1"/>
<string name="1" value="c22_s2"/>
<string name="2" value="c22_s3"/>
<string name="3" value="c22_s4"/>
</imgdir>
</imgdir>
<imgdir name="fail">
<imgdir name="0">
<string name="act" value="sit"/>
<string name="0" value="c22_f1"/>
<string name="1" value="c22_f2"/>
<string name="2" value="c22_f3"/>
<string name="3" value="c22_f4"/>
</imgdir>
</imgdir>
</imgdir>
<imgdir name="22">
<string name="command" value="c23"/>
<int name="inc" value="2"/>
<int name="prob" value="45"/>
<int name="l0" value="10"/>
<int name="l1" value="19"/>
<imgdir name="success">
<imgdir name="0">
<string name="act" value="merong"/>
<string name="0" value="c23_s1"/>
<string name="1" value="c23_s2"/>
<string name="2" value="c23_s3"/>
<string name="3" value="c23_s4"/>
</imgdir>
</imgdir>
<imgdir name="fail">
<imgdir name="0">
<string name="act" value="stunned"/>
<string name="0" value="c23_f1"/>
<string name="1" value="c23_f2"/>
<string name="2" value="c23_f3"/>
<string name="3" value="c23_f4"/>
</imgdir>
</imgdir>
</imgdir>
<imgdir name="23">
<string name="command" value="c24"/>
<int name="inc" value="3"/>
<int name="prob" value="70"/>
<int name="l0" value="20"/>
<int name="l1" value="29"/>
<imgdir name="success">
<imgdir name="0">
<string name="act" value="merong"/>
<string name="0" value="c24_s1"/>
<string name="1" value="c24_s2"/>
<string name="2" value="c24_s3"/>
<string name="3" value="c24_s4"/>
</imgdir>
</imgdir>
<imgdir name="fail">
<imgdir name="0">
<string name="act" value="stunned"/>
<string name="0" value="c24_f1"/>
<string name="1" value="c24_f2"/>
<string name="2" value="c24_f3"/>
<string name="3" value="c24_f4"/>
</imgdir>
</imgdir>
</imgdir>
<imgdir name="24">
<string name="command" value="c25"/>
<int name="inc" value="3"/>
<int name="prob" value="80"/>
<int name="l0" value="30"/>
<int name="l1" value="30"/>
<imgdir name="success">
<imgdir name="0">
<string name="act" value="merong"/>
<string name="0" value="c25_s1"/>
<string name="1" value="c25_s2"/>
<string name="2" value="c25_s3"/>
<string name="3" value="c25_s4"/>
</imgdir>
</imgdir>
<imgdir name="fail">
<imgdir name="0">
<string name="act" value="stunned"/>
<string name="0" value="c25_f1"/>
<string name="1" value="c25_f2"/>
<string name="2" value="c25_f3"/>
<string name="3" value="c25_f4"/>
</imgdir>
</imgdir>
</imgdir>
<imgdir name="25">
<string name="command" value="c26"/>
<int name="inc" value="3"/>
<int name="prob" value="70"/>
<int name="l0" value="20"/>
<int name="l1" value="29"/>
<imgdir name="success">
<imgdir name="0">
<string name="act" value="change"/>
<string name="0" value="c26_s1"/>
<string name="1" value="c26_s2"/>
<string name="2" value="c26_s3"/>
<string name="3" value="c26_s4"/>
</imgdir>
</imgdir>
<imgdir name="fail">
<imgdir name="0">
<string name="act" value="sit"/>
<string name="0" value="c26_f1"/>
<string name="1" value="c26_f2"/>
<string name="2" value="c26_f3"/>
<string name="3" value="c26_f4"/>
</imgdir>
</imgdir>
</imgdir>
<imgdir name="26">
<string name="command" value="c27"/>
<int name="inc" value="3"/>
<int name="prob" value="85"/>
<int name="l0" value="30"/>
<int name="l1" value="30"/>
<imgdir name="success">
<imgdir name="0">
<string name="act" value="change"/>
<string name="0" value="c27_s1"/>
<string name="1" value="c27_s2"/>
<string name="2" value="c27_s3"/>
<string name="3" value="c27_s4"/>
</imgdir>
</imgdir>
<imgdir name="fail">
<imgdir name="0">
<string name="act" value="sit"/>
<string name="0" value="c27_f1"/>
<string name="1" value="c27_f2"/>
<string name="2" value="c27_f3"/>
<string name="3" value="c27_f4"/>
</imgdir>
</imgdir>
</imgdir>
</imgdir>
<imgdir name="food">
<imgdir name="0">
<int name="l0" value="1"/>
<int name="l1" value="9"/>
<imgdir name="success">
<imgdir name="0">
<string name="act" value="eat"/>
<string name="0" value="f1_s"/>
</imgdir>
</imgdir>
<imgdir name="fail">
<imgdir name="0">
<string name="act" value="cry"/>
<string name="0" value="f1_f"/>
</imgdir>
</imgdir>
</imgdir>
<imgdir name="1">
<int name="l0" value="10"/>
<int name="l1" value="19"/>
<imgdir name="success">
<imgdir name="0">
<string name="act" value="eat"/>
<string name="0" value="f2_s"/>
</imgdir>
</imgdir>
<imgdir name="fail">
<imgdir name="0">
<string name="act" value="cry"/>
<string name="0" value="f2_f"/>
</imgdir>
</imgdir>
</imgdir>
<imgdir name="2">
<int name="l0" value="20"/>
<int name="l1" value="29"/>
<imgdir name="success">
<imgdir name="0">
<string name="act" value="eat"/>
<string name="0" value="f3_s"/>
</imgdir>
</imgdir>
<imgdir name="fail">
<imgdir name="0">
<string name="act" value="cry"/>
<string name="0" value="f3_f"/>
</imgdir>
</imgdir>
</imgdir>
<imgdir name="3">
<int name="l0" value="30"/>
<int name="l1" value="30"/>
<imgdir name="success">
<imgdir name="0">
<string name="act" value="eat"/>
<string name="0" value="f4_s"/>
</imgdir>
</imgdir>
<imgdir name="fail">
<imgdir name="0">
<string name="act" value="cry"/>
<string name="0" value="f4_f"/>
</imgdir>
</imgdir>
</imgdir>
</imgdir>
<imgdir name="slang">
<imgdir name="0">
<int name="l0" value="1"/>
<int name="l1" value="9"/>
<string name="act" value="stunned"/>
<string name="0" value="s1"/>
</imgdir>
<imgdir name="1">
<int name="l0" value="10"/>
<int name="l1" value="19"/>
<string name="act" value="stunned"/>
<string name="0" value="s2"/>
</imgdir>
<imgdir name="2">
<int name="l0" value="20"/>
<int name="l1" value="29"/>
<string name="act" value="stunned"/>
<string name="0" value="s3"/>
</imgdir>
<imgdir name="3">
<int name="l0" value="30"/>
<int name="l1" value="30"/>
<string name="act" value="stunned"/>
<string name="0" value="s4"/>
</imgdir>
</imgdir>
<imgdir name="stand0">
<canvas name="0" width="37" height="35">
<vector name="origin" x="17" y="35"/>
<vector name="lt" x="-17" y="-35"/>
<vector name="rb" x="21" y="0"/>
<int name="delay" value="180"/>
<string name="_hash" value="b338bd333679aac7b01d12f24fb6e0ddb1b1c219f97c12aa20d1f31e31968ef2"/>
</canvas>
<canvas name="1" width="37" height="34">
<vector name="origin" x="16" y="34"/>
<int name="z" value="0"/>
<vector name="lt" x="-16" y="-34"/>
<vector name="rb" x="21" y="0"/>
<int name="delay" value="180"/>
<string name="_hash" value="041e36682645ac00f459b19925e2d13ce38bcf1f45cc5d1602c6ad776ea6a6d9"/>
</canvas>
<canvas name="2" width="37" height="35">
<vector name="origin" x="15" y="35"/>
<int name="z" value="0"/>
<vector name="lt" x="-15" y="-35"/>
<vector name="rb" x="22" y="0"/>
<int name="delay" value="180"/>
<string name="_hash" value="4313b43c0a5a74bd8c103d13017386ad2e19ae98532211f8babdeda2d96e8782"/>
</canvas>
<canvas name="3" width="1" height="1">
<vector name="origin" x="16" y="34"/>
<int name="z" value="0"/>
<vector name="lt" x="-16" y="-34"/>
<vector name="rb" x="21" y="0"/>
<int name="delay" value="180"/>
<string name="_inlink" value="stand0/1"/>
</canvas>
</imgdir>
<imgdir name="stand1">
<canvas name="0" width="37" height="35">
<vector name="origin" x="17" y="35"/>
<vector name="lt" x="-17" y="-35"/>
<vector name="rb" x="20" y="0"/>
<int name="delay" value="180"/>
<string name="_hash" value="1854d062b4e37af31212dd0fc593d7b2c5070d7f35f32ff1415819e018525341"/>
</canvas>
<canvas name="1" width="41" height="34">
<vector name="origin" x="19" y="34"/>
<vector name="lt" x="-19" y="-34"/>
<vector name="rb" x="22" y="0"/>
<int name="delay" value="180"/>
<string name="_hash" value="0ab19cae138359df7b023423b12a216e712642b6b0397ce3fed012911c5b3cbb"/>
</canvas>
<canvas name="2" width="41" height="33">
<vector name="origin" x="19" y="33"/>
<vector name="lt" x="-19" y="-33"/>
<vector name="rb" x="22" y="0"/>
<int name="delay" value="180"/>
<string name="_hash" value="12b81728af0cd6e583a2eb96b943862536b807cb205afd85ffd101d594cc056d"/>
</canvas>
<canvas name="3" width="37" height="35">
<vector name="origin" x="17" y="35"/>
<vector name="lt" x="-17" y="-35"/>
<vector name="rb" x="20" y="0"/>
<int name="delay" value="180"/>
<string name="_hash" value="c48a313293d2872458a62fd130837060fb6bcb7d03a8b5336b37d635058e5735"/>
</canvas>
<canvas name="4" width="35" height="36">
<vector name="origin" x="16" y="36"/>
<int name="delay" value="180"/>
<vector name="lt" x="-16" y="-36"/>
<vector name="rb" x="19" y="0"/>
<string name="_hash" value="08104d851cd5ad1352ba8807022d7795fdf4888ba97a8426ee08d0746fdd9387"/>
</canvas>
</imgdir>
<imgdir name="hungry">
<canvas name="0" width="38" height="50">
<vector name="origin" x="15" y="50"/>
<vector name="lt" x="-16" y="-46"/>
<vector name="rb" x="23" y="0"/>
<int name="delay" value="180"/>
<string name="_hash" value="61d30b24bea8049e4e88081f492c21a43d154ecf20520053ac5b7deb35f8d8d5"/>
</canvas>
<canvas name="1" width="37" height="49">
<vector name="origin" x="13" y="49"/>
<vector name="lt" x="-16" y="-46"/>
<vector name="rb" x="23" y="0"/>
<int name="delay" value="180"/>
<string name="_hash" value="260c0460baba054e740acad4337acfc2639d697f023cd800837c0bcfea4b96a9"/>
</canvas>
<canvas name="2" width="37" height="48">
<vector name="origin" x="12" y="48"/>
<vector name="lt" x="-16" y="-46"/>
<vector name="rb" x="23" y="0"/>
<int name="delay" value="180"/>
<string name="_hash" value="d45c87b3c51aa097b91349d60c423ee64845debbd17f86e7d270160160564759"/>
</canvas>
<canvas name="3" width="37" height="48">
<vector name="origin" x="13" y="48"/>
<vector name="lt" x="-16" y="-46"/>
<vector name="rb" x="23" y="0"/>
<int name="delay" value="180"/>
<string name="_hash" value="ca6c91b23afa0ce4e915ae93f1cd5f2798a5381a1818d833ce9d294e7a7c65eb"/>
</canvas>
<canvas name="4" width="37" height="48">
<vector name="origin" x="14" y="48"/>
<int name="delay" value="180"/>
<vector name="lt" x="-16" y="-46"/>
<vector name="rb" x="23" y="0"/>
<string name="_hash" value="550a9e81e859124635eec29d5a0a99b6b58591a7f4e8bc38973642e73a12f67c"/>
</canvas>
<canvas name="5" width="37" height="49">
<vector name="origin" x="15" y="49"/>
<int name="delay" value="180"/>
<vector name="lt" x="-16" y="-46"/>
<vector name="rb" x="23" y="0"/>
<string name="_hash" value="74485b2b73217e81db59847186a76aaa242fe3b09d86afe543c77b727ac05b86"/>
</canvas>
<canvas name="6" width="37" height="49">
<vector name="origin" x="16" y="49"/>
<int name="delay" value="180"/>
<vector name="lt" x="-16" y="-46"/>
<vector name="rb" x="23" y="0"/>
<string name="_hash" value="68c66dd00c80a9ecc4232fd874c2a52d8c90bd717e0c1474eef6e001d8953bfc"/>
</canvas>
<canvas name="7" width="37" height="50">
<vector name="origin" x="15" y="50"/>
<int name="delay" value="180"/>
<vector name="lt" x="-16" y="-46"/>
<vector name="rb" x="23" y="0"/>
<string name="_hash" value="2cb79082057d184f5e6c6dca38e65af7330c12a4b9f826c0d20fd03acc485d20"/>
</canvas>
</imgdir>
<imgdir name="move">
<canvas name="0" width="1" height="1">
<vector name="origin" x="17" y="35"/>
<vector name="lt" x="-17" y="-35"/>
<vector name="rb" x="20" y="0"/>
<int name="delay" value="180"/>
<string name="_inlink" value="stand0/0"/>
</canvas>
<canvas name="1" width="40" height="33">
<vector name="origin" x="18" y="33"/>
<vector name="lt" x="-18" y="-33"/>
<vector name="rb" x="22" y="0"/>
<int name="delay" value="180"/>
<string name="_hash" value="6c6cd7a06357e4112916085a5c44ff7a467308c8b44137c7b3b75cb7b68a4e08"/>
</canvas>
<canvas name="2" width="35" height="36">
<vector name="origin" x="16" y="40"/>
<vector name="lt" x="-16" y="-40"/>
<vector name="rb" x="19" y="0"/>
<int name="delay" value="180"/>
<string name="_hash" value="7d33616fb7ec4083ae513c57c5ef503df6fb4ce6224c9bd85bb9827da033f232"/>
</canvas>
<canvas name="3" width="35" height="36">
<vector name="origin" x="16" y="41"/>
<int name="z" value="0"/>
<int name="delay" value="180"/>
<vector name="lt" x="-16" y="-41"/>
<vector name="rb" x="19" y="0"/>
<string name="_hash" value="747c2bc621622cdceaf8c35a273eb00c2e5f2839b3e8c3986e4433f5673f2cc0"/>
</canvas>
<canvas name="4" width="37" height="35">
<vector name="origin" x="18" y="42"/>
<int name="z" value="0"/>
<int name="delay" value="180"/>
<vector name="lt" x="-18" y="-42"/>
<vector name="rb" x="19" y="0"/>
<string name="_hash" value="1169d41b59e42ea6ba1eff6494ca4b5575ddda772733170f46ea8f49ccc0f297"/>
</canvas>
<canvas name="5" width="37" height="35">
<vector name="origin" x="17" y="39"/>
<int name="z" value="0"/>
<int name="delay" value="180"/>
<vector name="lt" x="-17" y="-39"/>
<vector name="rb" x="20" y="0"/>
<string name="_hash" value="6fb01c45cb5dd28ba18cb80c437ab742c43ec449dd3802e03fe05fae361e6849"/>
</canvas>
</imgdir>
<imgdir name="jump">
<canvas name="0" width="1" height="1">
<vector name="origin" x="17" y="42"/>
<vector name="lt" x="-17" y="-42"/>
<vector name="rb" x="18" y="-6"/>
<int name="delay" value="240"/>
<string name="_inlink" value="move/2"/>
</canvas>
</imgdir>
<imgdir name="sit">
<canvas name="0" width="61" height="45">
<vector name="origin" x="28" y="45"/>
<vector name="lt" x="-28" y="-45"/>
<vector name="rb" x="33" y="1"/>
<int name="delay" value="1500"/>
<string name="_hash" value="79c36d3e6bdefdb4ee62caf3a66300cb28645765c5f6b285df81116907b7bef8"/>
</canvas>
<canvas name="1" width="61" height="45">
<vector name="origin" x="28" y="45"/>
<vector name="lt" x="-28" y="-45"/>
<vector name="rb" x="33" y="0"/>
<int name="delay" value="180"/>
<string name="_hash" value="5b5738f0a11d648f570680639d5d15d16cf1b0ca9ad5499c38378b69d775709c"/>
</canvas>
<canvas name="2" width="61" height="45">
<vector name="origin" x="28" y="45"/>
<int name="delay" value="180"/>
<vector name="lt" x="-28" y="-45"/>
<vector name="rb" x="33" y="0"/>
<string name="_hash" value="5cd6eaa51fffe2ad4eb19f95e30458e1fbdace3580c2a82d47a081bf57b279ff"/>
</canvas>
<canvas name="3" width="61" height="45">
<vector name="origin" x="28" y="45"/>
<int name="z" value="0"/>
<int name="delay" value="180"/>
<vector name="lt" x="-28" y="-45"/>
<vector name="rb" x="33" y="0"/>
<string name="_hash" value="ad03a52d932d9eae7bc3d9bc369031a6eb7b1b8b7a47f92873f6adee36dcc7d0"/>
</canvas>
<canvas name="4" width="1" height="1">
<vector name="origin" x="28" y="45"/>
<vector name="lt" x="-28" y="-45"/>
<vector name="rb" x="33" y="0"/>
<int name="delay" value="1000"/>
<string name="_inlink" value="sit/0"/>
</canvas>
<uol name="5" value="1"/>
<uol name="6" value="2"/>
<uol name="7" value="3"/>
</imgdir>
<imgdir name="chat">
<canvas name="0" width="37" height="35">
<vector name="origin" x="17" y="35"/>
<vector name="lt" x="-17" y="-35"/>
<vector name="rb" x="20" y="0"/>
<int name="delay" value="240"/>
<string name="_hash" value="9c174ad4cf37a0f91e1e9157dcbdc750d6aaae8e61c6ae39aacafb8dc5e214ba"/>
</canvas>
<canvas name="1" width="37" height="36">
<vector name="origin" x="16" y="36"/>
<vector name="lt" x="-16" y="-36"/>
<vector name="rb" x="21" y="0"/>
<int name="delay" value="240"/>
<string name="_hash" value="2e19ad3a3afa5ca15c7fded411154be1be22e7b50923e1080c5f129dbb731214"/>
</canvas>
<canvas name="2" width="37" height="35">
<vector name="origin" x="15" y="35"/>
<vector name="lt" x="-15" y="-35"/>
<vector name="rb" x="22" y="0"/>
<int name="delay" value="240"/>
<string name="_hash" value="10b9633eb6e1836392ebe3f73a66f301e88843356ba2fac9c2297ce62b40d990"/>
</canvas>
<canvas name="3" width="37" height="36">
<vector name="origin" x="16" y="36"/>
<vector name="lt" x="-16" y="-36"/>
<vector name="rb" x="21" y="0"/>
<string name="_hash" value="7634bd01580fb54fa9ed385acb383ddb509a903990e24ced059f7a162babe0cb"/>
</canvas>
<canvas name="4" width="37" height="35">
<vector name="origin" x="17" y="35"/>
<vector name="lt" x="-17" y="-35"/>
<vector name="rb" x="20" y="0"/>
<string name="_hash" value="e090c32c1b6ccc6631d80c6b6ba3d28eb023ca9b524ddcedc9f102bf74190606"/>
</canvas>
<canvas name="5" width="37" height="37">
<vector name="origin" x="18" y="37"/>
<vector name="lt" x="-18" y="-37"/>
<vector name="rb" x="19" y="0"/>
<string name="_hash" value="6ef0ece793b23de42fc253f6f8e85f9190dd2548f1d2eb9bd296f2953fc8eb8e"/>
</canvas>
<canvas name="6" width="37" height="36">
<vector name="origin" x="19" y="36"/>
<vector name="lt" x="-19" y="-36"/>
<vector name="rb" x="18" y="0"/>
<string name="_hash" value="99399dc1729842083dff33f89c5067665b00959f7c937fcf2fe314b18c5b5fd3"/>
</canvas>
<canvas name="7" width="37" height="37">
<vector name="origin" x="18" y="37"/>
<vector name="lt" x="-18" y="-37"/>
<vector name="rb" x="19" y="0"/>
<string name="_hash" value="ecc46b188bd732a025059fea998b1fc8c79eceb278480107b7409cfc3a298661"/>
</canvas>
<uol name="8" value="0"/>
<uol name="9" value="1"/>
<uol name="10" value="2"/>
<uol name="11" value="3"/>
<uol name="12" value="4"/>
<uol name="13" value="5"/>
<uol name="14" value="6"/>
<uol name="15" value="7"/>
</imgdir>
<imgdir name="angry">
<canvas name="0" width="37" height="35">
<vector name="origin" x="17" y="35"/>
<vector name="lt" x="-17" y="-35"/>
<vector name="rb" x="20" y="0"/>
<int name="delay" value="500"/>
<string name="_hash" value="67651fd9017ec5cec6df3e55c6e234bcd1a3225347c4d8f740a04ed39c0132e0"/>
</canvas>
<canvas name="1" width="42" height="43">
<vector name="origin" x="20" y="40"/>
<int name="delay" value="160"/>
<vector name="lt" x="-20" y="-40"/>
<vector name="rb" x="22" y="0"/>
<string name="_hash" value="dab5193a0a0eb1d04267431a46798b5393bc084c878aa4032cb9f7a1f4668d0a"/>
</canvas>
<canvas name="2" width="44" height="46">
<vector name="origin" x="21" y="42"/>
<int name="z" value="0"/>
<int name="delay" value="160"/>
<vector name="lt" x="-21" y="-42"/>
<vector name="rb" x="22" y="-1"/>
<string name="_hash" value="ff42714467e570cba12da93801a6e1a3fbb8a510a59f2a05a698e815928a471d"/>
</canvas>
<canvas name="3" width="44" height="46">
<vector name="origin" x="21" y="42"/>
<int name="delay" value="160"/>
<vector name="lt" x="-21" y="-39"/>
<vector name="rb" x="23" y="0"/>
<string name="_hash" value="845dc588f9b074ef3465beb024a236138665f27e73818959cc6486c13b760d6a"/>
</canvas>
<canvas name="4" width="50" height="51">
<vector name="origin" x="26" y="44"/>
<int name="delay" value="160"/>
<vector name="lt" x="-26" y="-42"/>
<vector name="rb" x="24" y="0"/>
<string name="_hash" value="080e7ce9dadf53e43ae875822bd044035c15ad0495701b46a869c7146e3e968a"/>
</canvas>
<canvas name="5" width="56" height="55">
<vector name="origin" x="31" y="45"/>
<int name="delay" value="160"/>
<vector name="lt" x="-22" y="-45"/>
<vector name="rb" x="21" y="0"/>
<string name="_hash" value="1cb8cdc02f3bae86a8646eefe0eb7add83217911deba97ad1d74665ff1e68c21"/>
</canvas>
<canvas name="6" width="60" height="53">
<vector name="origin" x="34" y="42"/>
<int name="delay" value="160"/>
<vector name="lt" x="-21" y="-38"/>
<vector name="rb" x="21" y="0"/>
<string name="_hash" value="fab6d1fbc5d86ffaa16ac59a4307eca5f03c9b438da08e753be9de701334c0e6"/>
</canvas>
<canvas name="7" width="64" height="55">
<vector name="origin" x="35" y="43"/>
<int name="delay" value="160"/>
<vector name="lt" x="-21" y="-38"/>
<vector name="rb" x="23" y="0"/>
<string name="_hash" value="5ba27f988b73ff984e59b289ade250acc284819785e5dfd8d625a55548ffbc5e"/>
</canvas>
<canvas name="8" width="48" height="47">
<vector name="origin" x="19" y="47"/>
<int name="delay" value="160"/>
<vector name="lt" x="-20" y="-47"/>
<vector name="rb" x="28" y="0"/>
<string name="_hash" value="02525f6f418a3d4138f46656d20ba1e93794709786e2c4621ad9437a91b76123"/>
</canvas>
<canvas name="9" width="49" height="48">
<vector name="origin" x="19" y="48"/>
<int name="delay" value="160"/>
<vector name="lt" x="-20" y="-47"/>
<vector name="rb" x="30" y="0"/>
<string name="_hash" value="85cf997d205db2ab945710cf3058107761df80c828410ad5496f144f3a66d9d3"/>
</canvas>
<canvas name="10" width="1" height="1">
<vector name="origin" x="19" y="47"/>
<int name="delay" value="160"/>
<vector name="lt" x="-20" y="-47"/>
<vector name="rb" x="28" y="0"/>
<string name="_inlink" value="angry/8"/>
</canvas>
<canvas name="11" width="1" height="1">
<vector name="origin" x="19" y="48"/>
<int name="delay" value="160"/>
<vector name="lt" x="-19" y="-48"/>
<vector name="rb" x="30" y="0"/>
<string name="_inlink" value="angry/9"/>
</canvas>
<canvas name="12" width="1" height="1">
<vector name="origin" x="19" y="47"/>
<int name="delay" value="160"/>
<vector name="lt" x="-19" y="-47"/>
<vector name="rb" x="29" y="0"/>
<string name="_inlink" value="angry/8"/>
</canvas>
<canvas name="13" width="1" height="1">
<vector name="origin" x="19" y="48"/>
<int name="delay" value="160"/>
<vector name="lt" x="-19" y="-47"/>
<vector name="rb" x="29" y="0"/>
<string name="_inlink" value="angry/9"/>
</canvas>
<canvas name="14" width="48" height="46">
<vector name="origin" x="19" y="46"/>
<int name="delay" value="200"/>
<vector name="lt" x="-20" y="-45"/>
<vector name="rb" x="27" y="0"/>
<string name="_hash" value="5384585bbf85e7396ee5acd8c089bfd3e37aa883e9e2a0291acbe053f8a786c1"/>
</canvas>
<canvas name="15" width="47" height="46">
<vector name="origin" x="19" y="46"/>
<int name="delay" value="160"/>
<vector name="lt" x="-19" y="-46"/>
<vector name="rb" x="28" y="0"/>
<string name="_hash" value="b63ac7d41427dcc1d5c9507fc3c146e1876bc2f8a76f7f4212c4b5e525542bdb"/>
</canvas>
<canvas name="16" width="48" height="45">
<vector name="origin" x="23" y="41"/>
<int name="delay" value="160"/>
<vector name="lt" x="-23" y="-41"/>
<vector name="rb" x="24" y="-1"/>
<string name="_hash" value="db767e025f4aeca23d940532ffeb24fb79800beb2632fbe6de65c0c3a2b6237c"/>
</canvas>
<canvas name="17" width="42" height="41">
<vector name="origin" x="20" y="37"/>
<int name="delay" value="160"/>
<vector name="lt" x="-20" y="-37"/>
<vector name="rb" x="22" y="0"/>
<string name="_hash" value="37e7f0c1c16851d247be8c96710c0945971a2d445d0cf7ed3bba525624b68def"/>
</canvas>
<canvas name="18" width="1" height="1">
<vector name="origin" x="21" y="42"/>
<int name="z" value="0"/>
<vector name="lt" x="-22" y="-42"/>
<vector name="rb" x="22" y="0"/>
<string name="_inlink" value="angry/2"/>
</canvas>
</imgdir>
<imgdir name="hang">
<canvas name="0" width="37" height="35">
<vector name="origin" x="17" y="42"/>
<vector name="lt" x="-17" y="-42"/>
<vector name="rb" x="20" y="-7"/>
<string name="_hash" value="6c043910d68a9af2c638ec5e8b844947183e1d7cb6be20647cb8a793af8427de"/>
</canvas>
</imgdir>
<imgdir name="cry">
<canvas name="0" width="37" height="35">
<vector name="origin" x="14" y="35"/>
<int name="delay" value="1000"/>
<vector name="lt" x="-14" y="-35"/>
<vector name="rb" x="23" y="0"/>
<string name="_hash" value="2fccdc8da47b9934027e99c7e183947e674ac82fbc912e611175a392a3ddecea"/>
</canvas>
<canvas name="1" width="40" height="36">
<vector name="origin" x="16" y="36"/>
<int name="delay" value="180"/>
<vector name="lt" x="-16" y="-36"/>
<vector name="rb" x="24" y="0"/>
<string name="_hash" value="3c5008ebf6002aefe032e59883aef69b3bf01841acc2ac4c4ecbfc623e1defbf"/>
</canvas>
<canvas name="2" width="41" height="35">
<vector name="origin" x="17" y="35"/>
<int name="delay" value="180"/>
<vector name="lt" x="-17" y="-35"/>
<vector name="rb" x="24" y="0"/>
<string name="_hash" value="2a2e2c896be650aa38a8adaeb8f300f475af7a7e11d2c253e82f3fadfe879b83"/>
</canvas>
<canvas name="3" width="43" height="36">
<vector name="origin" x="18" y="36"/>
<int name="delay" value="180"/>
<vector name="lt" x="-18" y="-36"/>
<vector name="rb" x="25" y="0"/>
<string name="_hash" value="b521243c1b16c520cdf97665484f9e5e9d2f898210f39a377248a7a8e82818eb"/>
</canvas>
<canvas name="4" width="43" height="35">
<vector name="origin" x="18" y="35"/>
<int name="delay" value="180"/>
<vector name="lt" x="-18" y="-35"/>
<vector name="rb" x="25" y="0"/>
<string name="_hash" value="03886df4bc98818330c48019232b6bef2e1ef6b4a27ad4f9b21456cc62706f65"/>
</canvas>
<canvas name="5" width="43" height="36">
<vector name="origin" x="18" y="36"/>
<int name="delay" value="180"/>
<vector name="lt" x="-18" y="-36"/>
<vector name="rb" x="25" y="0"/>
<string name="_hash" value="02cccb8aa540c1a23c8d62fd0aa06b4da38a0b75c903a17df5c0bc7225a4d62f"/>
</canvas>
<canvas name="6" width="1" height="1">
<vector name="origin" x="14" y="35"/>
<int name="delay" value="180"/>
<vector name="lt" x="-14" y="-35"/>
<vector name="rb" x="23" y="0"/>
<string name="_inlink" value="cry/0"/>
</canvas>
<uol name="7" value="1"/>
<uol name="8" value="2"/>
<uol name="9" value="3"/>
<uol name="10" value="4"/>
<uol name="11" value="5"/>
<uol name="12" value="6"/>
</imgdir>
<imgdir name="sleep">
<canvas name="0" width="48" height="32">
<vector name="origin" x="25" y="32"/>
<int name="delay" value="960"/>
<vector name="lt" x="-25" y="-32"/>
<vector name="rb" x="22" y="0"/>
<string name="_hash" value="4139b9ed1c3c40fc7b3bcebbb42937a2b3c5041d41096b2815d30e6f8fb650d1"/>
</canvas>
<canvas name="1" width="48" height="37">
<vector name="origin" x="25" y="37"/>
<int name="delay" value="240"/>
<vector name="lt" x="-26" y="-37"/>
<vector name="rb" x="23" y="0"/>
<string name="_hash" value="43969ac7cd1ce6aa9e0dffa1780642548cbefef77d67aca8a321a10d2c7ff7f3"/>
</canvas>
<canvas name="2" width="48" height="44">
<vector name="origin" x="25" y="44"/>
<int name="delay" value="240"/>
<vector name="lt" x="-26" y="-44"/>
<vector name="rb" x="23" y="0"/>
<string name="_hash" value="a661f6171086e82cbc818ea40de75d01ba89697732f646d87e440b1da6ed19dc"/>
</canvas>
<canvas name="3" width="55" height="52">
<vector name="origin" x="32" y="52"/>
<int name="delay" value="240"/>
<vector name="lt" x="-32" y="-51"/>
<vector name="rb" x="23" y="0"/>
<string name="_hash" value="d56ef6faef7664ecdea9ee1f72d55a5c36bd8834de022e1cabb647841607236f"/>
</canvas>
<canvas name="4" width="56" height="53">
<vector name="origin" x="33" y="53"/>
<int name="delay" value="240"/>
<vector name="lt" x="-32" y="-38"/>
<vector name="rb" x="23" y="0"/>
<string name="_hash" value="145eab10b17a2fe3d7bbf842abfeae506f77f2aa0a9d014a1d99c59e995c7653"/>
</canvas>
<canvas name="5" width="56" height="54">
<vector name="origin" x="33" y="54"/>
<int name="delay" value="240"/>
<vector name="lt" x="-32" y="-38"/>
<vector name="rb" x="23" y="0"/>
<string name="_hash" value="40478789a52a0fcde8f16892ca9035c0381360024ba1ac796bf4fac2647bedff"/>
</canvas>
<uol name="6" value="0"/>
<uol name="7" value="1"/>
<uol name="8" value="2"/>
<uol name="9" value="3"/>
<uol name="10" value="4"/>
<uol name="11" value="5"/>
</imgdir>
<imgdir name="eat">
<canvas name="0" width="42" height="42">
<vector name="origin" x="22" y="42"/>
<vector name="lt" x="-24" y="-44"/>
<vector name="rb" x="21" y="0"/>
<int name="delay" value="200"/>
<string name="_hash" value="1a1c63a0552232dce2661133b3c5c02c298b7e0165b8a44a7f48c5416f9a8f99"/>
</canvas>
<canvas name="1" width="45" height="44">
<vector name="origin" x="24" y="44"/>
<int name="delay" value="200"/>
<vector name="lt" x="-24" y="-44"/>
<vector name="rb" x="21" y="0"/>
<string name="_hash" value="2dd7561440d306ba8003ccac50c2b6eee69cb58b736799cd8f6bdeac10952360"/>
</canvas>
<uol name="2" value="0"/>
<uol name="3" value="1"/>
<uol name="4" value="0"/>
<uol name="5" value="1"/>
</imgdir>
<imgdir name="fly">
<canvas name="0" width="51" height="35">
<vector name="origin" x="22" y="35"/>
<vector name="lt" x="-17" y="-35"/>
<vector name="rb" x="20" y="0"/>
<int name="delay" value="180"/>
<string name="_hash" value="00914000563e36705eb862e02256c45640ba2f06f7061b8af1794c2a081be590"/>
</canvas>
<canvas name="1" width="55" height="34">
<vector name="origin" x="24" y="34"/>
<vector name="lt" x="-20" y="-34"/>
<vector name="rb" x="23" y="0"/>
<int name="delay" value="180"/>
<string name="_hash" value="ba307ca6522a412bab58093cafe4fa6df81ac1decb1fc867a03625396ff86cc1"/>
</canvas>
<canvas name="2" width="57" height="39">
<vector name="origin" x="25" y="38"/>
<int name="delay" value="180"/>
<vector name="lt" x="-21" y="-32"/>
<vector name="rb" x="24" y="0"/>
<string name="_hash" value="300ac11fcdd373d2c1d1051651dca8610e34d3f1495886f08b377eb43a60a2b7"/>
</canvas>
<canvas name="3" width="51" height="37">
<vector name="origin" x="25" y="39"/>
<int name="delay" value="180"/>
<vector name="lt" x="-19" y="-39"/>
<vector name="rb" x="19" y="0"/>
<string name="_hash" value="355b114a01d012b1b866e91ec396357edd7f5a8fd2ca949c070f7fd37d9702d4"/>
</canvas>
</imgdir>
<imgdir name="love">
<canvas name="0" width="49" height="44">
<vector name="origin" x="23" y="44"/>
<vector name="lt" x="-23" y="-44"/>
<vector name="rb" x="26" y="0"/>
<int name="delay" value="180"/>
<string name="_hash" value="cf72126fc2876803d766a41b415cc16a1a1487e897589a55c7b5772b99b7c93e"/>
</canvas>
<canvas name="1" width="55" height="43">
<vector name="origin" x="26" y="47"/>
<int name="delay" value="180"/>
<vector name="lt" x="-26" y="-47"/>
<vector name="rb" x="29" y="0"/>
<string name="_hash" value="62e27ba87381b119cc7febef0cd68b516b2aa78dc6b1f6efd690e29934e18ef4"/>
</canvas>
<canvas name="2" width="58" height="45">
<vector name="origin" x="28" y="50"/>
<int name="delay" value="180"/>
<vector name="lt" x="-27" y="-50"/>
<vector name="rb" x="30" y="-5"/>
<string name="_hash" value="98f8b623f6bfbc63073e6e9386e7c467d4770b547891f9aa9ce2b1bd7d0ea395"/>
</canvas>
<canvas name="3" width="60" height="48">
<vector name="origin" x="29" y="51"/>
<int name="delay" value="180"/>
<vector name="lt" x="-16" y="-39"/>
<vector name="rb" x="22" y="0"/>
<string name="_hash" value="d78fef8320829f4ee2e67212c9141f9420d0b196e3a505e83bee11dfbbce54ae"/>
</canvas>
<uol name="4" value="0"/>
<uol name="5" value="1"/>
<uol name="6" value="2"/>
<uol name="7" value="3"/>
<uol name="8" value="0"/>
<uol name="9" value="1"/>
<uol name="10" value="2"/>
<uol name="11" value="3"/>
<uol name="12" value="0"/>
<uol name="13" value="1"/>
<uol name="14" value="2"/>
<uol name="15" value="3"/>
</imgdir>
<imgdir name="merong">
<canvas name="0" width="37" height="35">
<vector name="origin" x="17" y="35"/>
<vector name="lt" x="-17" y="-35"/>
<vector name="rb" x="20" y="0"/>
<int name="delay" value="1200"/>
<string name="_hash" value="14c1a109b52b280d89e4473c35a8f3f86e2a3d289e784cfb8c0dff759286edbe"/>
</canvas>
<canvas name="1" width="32" height="37">
<vector name="origin" x="15" y="37"/>
<int name="delay" value="180"/>
<vector name="lt" x="-15" y="-37"/>
<vector name="rb" x="17" y="0"/>
<string name="_hash" value="0a92e9d276ead3beb583ec9cd43ee2c1c32bbaf35e917a69a9e4e4df19a11c17"/>
</canvas>
<canvas name="2" width="35" height="38">
<vector name="origin" x="17" y="38"/>
<int name="delay" value="180"/>
<vector name="lt" x="-17" y="-38"/>
<vector name="rb" x="18" y="0"/>
<string name="_hash" value="867a3af0a7b6f97e56e2b96c4ad6c99db3a98ea841306eba4f148ee39a2e2f1d"/>
</canvas>
<canvas name="3" width="51" height="38">
<vector name="origin" x="29" y="38"/>
<int name="delay" value="180"/>
<vector name="lt" x="-29" y="-38"/>
<vector name="rb" x="22" y="0"/>
<string name="_hash" value="0bb25162cc88e36b310acd64147f33434d2cfe0fe3e71f2b53b5801528ea8db3"/>
</canvas>
<canvas name="4" width="56" height="40">
<vector name="origin" x="33" y="40"/>
<int name="delay" value="180"/>
<vector name="lt" x="-33" y="-40"/>
<vector name="rb" x="23" y="0"/>
<string name="_hash" value="7d38fb54c83eb96fc6ca19baeb70b89830bc0a5ab756d52ef9afa41b517c6b62"/>
</canvas>
<canvas name="5" width="57" height="41">
<vector name="origin" x="35" y="41"/>
<int name="delay" value="1000"/>
<vector name="lt" x="-20" y="-32"/>
<vector name="rb" x="22" y="0"/>
<string name="_hash" value="2f774aea57aac4a8caeb966e4b1ea80f86ef1df126f713f083e1dbbeb0de57d5"/>
</canvas>
<canvas name="6" width="59" height="42">
<vector name="origin" x="37" y="42"/>
<int name="delay" value="180"/>
<vector name="lt" x="-19" y="-33"/>
<vector name="rb" x="22" y="0"/>
<string name="_hash" value="2d3d4277d8b555fbc3123127182af4d1e1b5fff4ebced3356f266957fe51dccb"/>
</canvas>
</imgdir>
<imgdir name="what">
<canvas name="0" width="52" height="37">
<vector name="origin" x="17" y="37"/>
<vector name="lt" x="-17" y="-37"/>
<vector name="rb" x="35" y="0"/>
<int name="delay" value="1000"/>
<string name="_hash" value="13b9f1354f39a3e8418e5d4b2a5c1b2e84348c52e73feb8aa3e6d7d6f2c6bcee"/>
</canvas>
<canvas name="1" width="52" height="37">
<vector name="origin" x="17" y="37"/>
<vector name="lt" x="-17" y="-37"/>
<vector name="rb" x="35" y="0"/>
<int name="delay" value="180"/>
<string name="_hash" value="9de8af7f60b2bcab5da90a5c3a2d8d99878627f237e01f457ca90243681e2b61"/>
</canvas>
<canvas name="2" width="52" height="37">
<vector name="origin" x="17" y="37"/>
<int name="delay" value="180"/>
<vector name="lt" x="-17" y="-37"/>
<vector name="rb" x="35" y="0"/>
<string name="_hash" value="a8a188739a5f982bb5756eaac9c1c01a7f0b2864d8affbb69cac918c11127af0"/>
</canvas>
<canvas name="3" width="52" height="37">
<vector name="origin" x="17" y="37"/>
<int name="delay" value="180"/>
<vector name="lt" x="-17" y="-37"/>
<vector name="rb" x="35" y="0"/>
<string name="_hash" value="eaa6b8645b7206de77109201eeabef31ce3f6b40ceb14ffcf035a4188f842f69"/>
</canvas>
<uol name="4" value="2"/>
<uol name="5" value="1"/>
<canvas name="6" width="1" height="1">
<vector name="origin" x="17" y="37"/>
<vector name="lt" x="-17" y="-37"/>
<vector name="rb" x="35" y="0"/>
<int name="delay" value="180"/>
<string name="_inlink" value="what/0"/>
</canvas>
<uol name="7" value="1"/>
<uol name="8" value="2"/>
<uol name="9" value="3"/>
</imgdir>
<imgdir name="stunned">
<canvas name="0" width="37" height="42">
<vector name="origin" x="14" y="42"/>
<vector name="lt" x="-14" y="-42"/>
<vector name="rb" x="23" y="1"/>
<int name="delay" value="1000"/>
<string name="_hash" value="49e10b03e163c674fc89d08eaf0230effd88903edc8db29736495d717e53dea6"/>
</canvas>
<canvas name="1" width="36" height="44">
<vector name="origin" x="12" y="44"/>
<int name="delay" value="160"/>
<vector name="lt" x="-12" y="-44"/>
<vector name="rb" x="24" y="0"/>
<string name="_hash" value="678307f9c41510d6c0cd637b96d08a083315b6c55da62435c72e55f00a9ed869"/>
</canvas>
<canvas name="2" width="39" height="45">
<vector name="origin" x="14" y="45"/>
<int name="delay" value="160"/>
<vector name="lt" x="-14" y="-45"/>
<vector name="rb" x="25" y="0"/>
<string name="_hash" value="5cf8f201525a68376ced14addaeb52e13c949c15bd06491f2a19e908291ea115"/>
</canvas>
<canvas name="3" width="38" height="46">
<vector name="origin" x="12" y="46"/>
<int name="delay" value="160"/>
<vector name="lt" x="-12" y="-45"/>
<vector name="rb" x="26" y="0"/>
<string name="_hash" value="2c0fa9796cb4e39f89d6e67dcac100506e695b66e49e1df11935e3e17ea1c8c8"/>
</canvas>
<canvas name="4" width="1" height="1">
<vector name="origin" x="14" y="42"/>
<vector name="lt" x="-14" y="-42"/>
<vector name="rb" x="23" y="1"/>
<int name="delay" value="160"/>
<string name="_inlink" value="stunned/0"/>
</canvas>
<uol name="5" value="1"/>
<uol name="6" value="2"/>
<uol name="7" value="3"/>
<uol name="8" value="4"/>
<uol name="9" value="1"/>
<uol name="10" value="2"/>
<uol name="11" value="3"/>
</imgdir>
<imgdir name="change">
<canvas name="0" width="37" height="35">
<vector name="origin" x="17" y="35"/>
<vector name="lt" x="-17" y="-35"/>
<vector name="rb" x="20" y="0"/>
<int name="delay" value="180"/>
<string name="_hash" value="e6ef9f94be5c093eaa81ea9a56a0a4df37dc555d8408e2db73c0691178d38f49"/>
</canvas>
<canvas name="1" width="41" height="34">
<vector name="origin" x="19" y="34"/>
<int name="delay" value="180"/>
<vector name="lt" x="-19" y="-34"/>
<vector name="rb" x="22" y="0"/>
<string name="_hash" value="189216027ab94169c31ca120a7a8af3bd90ba0c137ec060ae85483103142c065"/>
</canvas>
<canvas name="2" width="43" height="33">
<vector name="origin" x="20" y="33"/>
<int name="delay" value="180"/>
<vector name="lt" x="-20" y="-33"/>
<vector name="rb" x="23" y="0"/>
<string name="_hash" value="b5456e63dcf4ea6b6c09f672cb02b4e2b5df82b2f514964c4c67d7c61a8524f3"/>
</canvas>
<canvas name="3" width="35" height="36">
<vector name="origin" x="16" y="47"/>
<int name="delay" value="180"/>
<vector name="lt" x="-16" y="-47"/>
<vector name="rb" x="19" y="-11"/>
<string name="_hash" value="a1757fb3f230ccdff1c84cdb827095cd8f3814099dce0010b631f8d7ec06d072"/>
</canvas>
<canvas name="4" width="41" height="42">
<vector name="origin" x="19" y="52"/>
<int name="delay" value="180"/>
<vector name="lt" x="-19" y="-52"/>
<vector name="rb" x="22" y="-10"/>
<string name="_hash" value="a26bedd66b0f1ec2c91428bf8d33137e7da225b4d1b165847bb0d88dd370babf"/>
</canvas>
<canvas name="5" width="46" height="47">
<vector name="origin" x="23" y="54"/>
<int name="delay" value="180"/>
<vector name="lt" x="-23" y="-54"/>
<vector name="rb" x="23" y="-9"/>
<string name="_hash" value="ea70d611b7fa8723da18366e91f75cd4e34b6c6b04c45ccfa161ed556db64f68"/>
</canvas>
<canvas name="6" width="56" height="54">
<vector name="origin" x="28" y="56"/>
<int name="delay" value="180"/>
<vector name="lt" x="-27" y="-56"/>
<vector name="rb" x="28" y="-2"/>
<string name="_hash" value="10a9a650f49040f144a4836d7915bb392c8b03954e696dab2e8a942fd7e49c53"/>
</canvas>
<canvas name="7" width="60" height="54">
<vector name="origin" x="31" y="53"/>
<int name="delay" value="180"/>
<vector name="lt" x="-29" y="-53"/>
<vector name="rb" x="29" y="-3"/>
<string name="_hash" value="b25b82748fd4e3b6670b9137bd8fc63816b821f3d84570ca2874aa53caddd92e"/>
</canvas>
<canvas name="8" width="64" height="55">
<vector name="origin" x="32" y="53"/>
<int name="delay" value="180"/>
<vector name="lt" x="-26" y="-51"/>
<vector name="rb" x="25" y="0"/>
<string name="_hash" value="a83367561110971ac7440b401a0b1c8cbc7e39e77db9dc7c1530667bbc2bc99c"/>
</canvas>
<canvas name="9" width="48" height="49">
<vector name="origin" x="22" y="49"/>
<int name="delay" value="180"/>
<vector name="lt" x="-22" y="-49"/>
<vector name="rb" x="26" y="0"/>
<string name="_hash" value="982e09545e23f0eab3c9d0a9de500af4798b7f120952a1f8105a70a672d8377c"/>
</canvas>
<canvas name="10" width="46" height="43">
<vector name="origin" x="21" y="43"/>
<int name="delay" value="180"/>
<vector name="lt" x="-21" y="-43"/>
<vector name="rb" x="25" y="0"/>
<string name="_hash" value="d04b7114c0b2cde5b8aed512da329c07fdbef46b51d24e88844ac9217436d278"/>
</canvas>
<canvas name="11" width="46" height="43">
<vector name="origin" x="21" y="43"/>
<int name="delay" value="180"/>
<vector name="lt" x="-21" y="-43"/>
<vector name="rb" x="25" y="0"/>
<string name="_hash" value="d40465bff846da1d1c257077f3f9bb973e50e19b10cb7877bbcf52dcbd7c6b67"/>
</canvas>
<canvas name="12" width="48" height="40">
<vector name="origin" x="22" y="40"/>
<int name="delay" value="180"/>
<vector name="lt" x="-22" y="-40"/>
<vector name="rb" x="26" y="0"/>
<string name="_hash" value="bb4058ce8dd7bcb8f5f393244504988edaad3d422b78a54d55829168f6f59bd8"/>
</canvas>
<canvas name="13" width="50" height="39">
<vector name="origin" x="23" y="39"/>
<vector name="lt" x="-23" y="-39"/>
<vector name="rb" x="27" y="0"/>
<int name="delay" value="180"/>
<string name="_hash" value="6e8d602f0a8129a96384fd29f61c0fdf035db2c34fabe5932375c5e8eb169164"/>
</canvas>
<canvas name="14" width="44" height="45">
<vector name="origin" x="20" y="51"/>
<int name="delay" value="180"/>
<vector name="lt" x="-20" y="-51"/>
<vector name="rb" x="24" y="-6"/>
<string name="_hash" value="bf3d76d18c1a32eda1b2d978f409192e596508b45de94070382120acd813ae95"/>
</canvas>
<canvas name="15" width="1" height="1">
<vector name="origin" x="20" y="53"/>
<int name="delay" value="180"/>
<vector name="lt" x="-20" y="-53"/>
<vector name="rb" x="24" y="-8"/>
<string name="_inlink" value="change/14"/>
</canvas>
<canvas name="16" width="1" height="1">
<vector name="origin" x="23" y="39"/>
<int name="delay" value="180"/>
<vector name="lt" x="-23" y="-39"/>
<vector name="rb" x="27" y="0"/>
<string name="_inlink" value="change/13"/>
</canvas>
<canvas name="17" width="1" height="1">
<vector name="origin" x="22" y="40"/>
<int name="delay" value="180"/>
<vector name="lt" x="-22" y="-40"/>
<vector name="rb" x="26" y="0"/>
<string name="_inlink" value="change/12"/>
</canvas>
<canvas name="18" width="1" height="1">
<vector name="origin" x="21" y="43"/>
<int name="delay" value="180"/>
<vector name="lt" x="-21" y="-43"/>
<vector name="rb" x="25" y="0"/>
<string name="_inlink" value="change/11"/>
</canvas>
<canvas name="19" width="46" height="42">
<vector name="origin" x="21" y="42"/>
<int name="delay" value="180"/>
<vector name="lt" x="-21" y="-42"/>
<vector name="rb" x="25" y="0"/>
<string name="_hash" value="2177c2334ccbb40e2d04bf5992d099eb4dd8fbedbbe5f9d38b212ae3a78b7a3e"/>
</canvas>
<canvas name="20" width="46" height="41">
<vector name="origin" x="21" y="41"/>
<int name="delay" value="180"/>
<vector name="lt" x="-21" y="-41"/>
<vector name="rb" x="25" y="0"/>
<string name="_hash" value="9899d06f50724c1f8c0c598adf95edf89ff4eb570579af2595ed5b0f98b7ee0e"/>
</canvas>
<canvas name="21" width="1" height="1">
<vector name="origin" x="23" y="39"/>
<int name="delay" value="180"/>
<vector name="lt" x="-23" y="-39"/>
<vector name="rb" x="27" y="0"/>
<string name="_inlink" value="change/13"/>
</canvas>
<canvas name="22" width="1" height="1">
<vector name="origin" x="20" y="51"/>
<int name="delay" value="180"/>
<vector name="lt" x="-20" y="-51"/>
<vector name="rb" x="24" y="-6"/>
<string name="_inlink" value="change/14"/>
</canvas>
<canvas name="23" width="49" height="42">
<vector name="origin" x="25" y="54"/>
<int name="delay" value="180"/>
<vector name="lt" x="-25" y="-54"/>
<vector name="rb" x="24" y="-12"/>
<string name="_hash" value="1e6039e92cf1c8b1842d095ccf647cf76d2cc09fd4f4f1130878f5738b02ebe9"/>
</canvas>
<canvas name="24" width="56" height="51">
<vector name="origin" x="28" y="58"/>
<int name="delay" value="180"/>
<vector name="lt" x="-28" y="-58"/>
<vector name="rb" x="28" y="-7"/>
<string name="_hash" value="625ca81f030965ac8ee2386c4ef4339b547ab659110dce5b32bebd376bf5c02c"/>
</canvas>
<canvas name="25" width="60" height="58">
<vector name="origin" x="31" y="59"/>
<int name="delay" value="180"/>
<vector name="lt" x="-22" y="-43"/>
<vector name="rb" x="26" y="-2"/>
<string name="_hash" value="fb28c7d343d521b4d2e0a7df4cadb5e4d578112d7626273f45a1c554847effbf"/>
</canvas>
<canvas name="26" width="1" height="1">
<vector name="origin" x="20" y="33"/>
<int name="delay" value="180"/>
<vector name="lt" x="-20" y="-33"/>
<vector name="rb" x="23" y="0"/>
<string name="_inlink" value="change/2"/>
</canvas>
</imgdir>
<imgdir name="dung">
<canvas name="0" width="40" height="34">
<vector name="origin" x="18" y="34"/>
<vector name="lt" x="-19" y="-36"/>
<vector name="rb" x="22" y="0"/>
<int name="delay" value="240"/>
<string name="_hash" value="e59d942f846da14c6ff2ebc182e811677c135e6dd7b1b864fc87ccd1d6d6333d"/>
</canvas>
<canvas name="1" width="42" height="36">
<vector name="origin" x="19" y="36"/>
<int name="delay" value="240"/>
<vector name="lt" x="-19" y="-36"/>
<vector name="rb" x="22" y="1"/>
<string name="_hash" value="38bbeb47cc8c6bb5c92005a05f35391dde4b07c0acec54e00044dba2805f4d88"/>
</canvas>
<uol name="2" value="0"/>
<uol name="3" value="1"/>
<uol name="4" value="0"/>
<uol name="5" value="1"/>
<uol name="6" value="0"/>
<uol name="7" value="1"/>
</imgdir>
</imgdir>
