<?xml version="1.0" encoding="UTF-8" standalone="yes"?>
<imgdir name="5000244.img">
<imgdir name="info">
<canvas name="icon" width="33" height="31">
<vector name="origin" x="1" y="31"/>
<string name="_hash" value="7788c976a4411eeee069c9408cd9e114ed0c045660089494258f3bbaca470921"/>
</canvas>
<canvas name="iconRaw" width="33" height="29">
<vector name="origin" x="1" y="31"/>
<string name="_hash" value="151fbd437df6d7daf4648876b03240d5b99374431c0377f927121f013a7c724f"/>
</canvas>
<canvas name="iconD" width="30" height="33">
<vector name="origin" x="-1" y="33"/>
<string name="_hash" value="0eca8c788001e0f04bd8936d77d58c5c40fdc7ac89c15c88d1f29ad328642708"/>
</canvas>
<canvas name="iconRawD" width="30" height="31">
<vector name="origin" x="-1" y="33"/>
<string name="_hash" value="03b13e6a8e1e80ec1d17fa4639be949da64e8902cc9bc2c20f425bd1f3563d29"/>
</canvas>
<int name="hungry" value="4"/>
<int name="cash" value="1"/>
<int name="nameTag" value="95"/>
<int name="chatBalloon" value="95"/>
<int name="multiPet" value="1"/>
<int name="life" value="90"/>
<int name="pickupItem" value="1"/>
<int name="autoBuff" value="1"/>
<int name="setItemID" value="140"/>
</imgdir>
<imgdir name="interact">
<imgdir name="0">
<string name="command" value="c1"/>
<int name="inc" value="1"/>
<int name="prob" value="30"/>
<int name="l0" value="1"/>
<int name="l1" value="9"/>
<imgdir name="success">
<imgdir name="0">
<string name="act" value="rest0"/>
<string name="0" value="c1_s1"/>
<string name="1" value="c1_s2"/>
</imgdir>
</imgdir>
<imgdir name="fail">
<imgdir name="0">
<string name="act" value="chat"/>
<string name="0" value="c1_f1"/>
<string name="1" value="c1_f2"/>
</imgdir>
</imgdir>
</imgdir>
<imgdir name="1">
<string name="command" value="c2"/>
<int name="inc" value="2"/>
<int name="prob" value="45"/>
<int name="l0" value="10"/>
<int name="l1" value="19"/>
<imgdir name="success">
<imgdir name="0">
<string name="act" value="rest0"/>
<string name="0" value="c2_s1"/>
<string name="1" value="c2_s2"/>
<string name="2" value="c2_s3"/>
<string name="3" value="c2_s4"/>
</imgdir>
</imgdir>
<imgdir name="fail">
<imgdir name="0">
<string name="act" value="cry"/>
<string name="0" value="c2_f1"/>
<string name="1" value="c2_f2"/>
<string name="2" value="c2_f3"/>
<string name="3" value="c2_f4"/>
</imgdir>
</imgdir>
</imgdir>
<imgdir name="2">
<string name="command" value="c3"/>
<int name="inc" value="3"/>
<int name="prob" value="60"/>
<int name="l0" value="20"/>
<int name="l1" value="29"/>
<imgdir name="success">
<imgdir name="0">
<string name="act" value="rest0"/>
<string name="0" value="c3_s1"/>
<string name="1" value="c3_s2"/>
<string name="2" value="c3_s3"/>
<string name="3" value="c3_s4"/>
</imgdir>
</imgdir>
<imgdir name="fail">
<imgdir name="0">
<string name="act" value="angry"/>
<string name="0" value="c3_f1"/>
<string name="1" value="c3_f2"/>
<string name="2" value="c3_f3"/>
<string name="3" value="c3_f4"/>
</imgdir>
</imgdir>
</imgdir>
<imgdir name="3">
<string name="command" value="c4"/>
<int name="inc" value="2"/>
<int name="prob" value="70"/>
<int name="l0" value="30"/>
<int name="l1" value="30"/>
<imgdir name="success">
<imgdir name="0">
<string name="act" value="rest0"/>
<string name="0" value="c4_s1"/>
<string name="1" value="c4_s2"/>
<string name="2" value="c4_s3"/>
<string name="3" value="c4_s4"/>
</imgdir>
</imgdir>
<imgdir name="fail">
<imgdir name="0">
<string name="act" value="angry"/>
<string name="0" value="c4_f1"/>
<string name="1" value="c4_f2"/>
<string name="2" value="c4_f3"/>
<string name="3" value="c4_f4"/>
</imgdir>
</imgdir>
</imgdir>
<imgdir name="4">
<string name="command" value="c5"/>
<int name="inc" value="1"/>
<int name="prob" value="30"/>
<int name="l0" value="1"/>
<int name="l1" value="9"/>
<imgdir name="success">
<imgdir name="0">
<string name="act" value="angry"/>
<string name="0" value="c5_s1"/>
<string name="1" value="c5_s2"/>
</imgdir>
</imgdir>
<imgdir name="fail">
<imgdir name="0">
<string name="act" value="chat"/>
<string name="0" value="c5_f1"/>
<string name="1" value="c5_f2"/>
</imgdir>
</imgdir>
</imgdir>
<imgdir name="5">
<string name="command" value="c6"/>
<int name="inc" value="2"/>
<int name="prob" value="50"/>
<int name="l0" value="10"/>
<int name="l1" value="19"/>
<imgdir name="success">
<imgdir name="0">
<string name="act" value="angry"/>
<string name="0" value="c6_s1"/>
<string name="1" value="c6_s2"/>
<string name="2" value="c6_s3"/>
<string name="3" value="c6_s4"/>
</imgdir>
</imgdir>
<imgdir name="fail">
<imgdir name="0">
<string name="act" value="cry"/>
<string name="0" value="c6_f1"/>
<string name="1" value="c6_f2"/>
<string name="2" value="c6_f3"/>
<string name="3" value="c6_f4"/>
</imgdir>
</imgdir>
</imgdir>
<imgdir name="6">
<string name="command" value="c7"/>
<int name="inc" value="2"/>
<int name="prob" value="60"/>
<int name="l0" value="20"/>
<int name="l1" value="29"/>
<imgdir name="success">
<imgdir name="0">
<string name="act" value="angry"/>
<string name="0" value="c7_s1"/>
<string name="1" value="c7_s2"/>
<string name="2" value="c7_s3"/>
<string name="3" value="c7_s4"/>
</imgdir>
</imgdir>
<imgdir name="fail">
<imgdir name="0">
<string name="act" value="angry"/>
<string name="0" value="c7_f1"/>
<string name="1" value="c7_f2"/>
<string name="2" value="c7_f3"/>
<string name="3" value="c7_f4"/>
</imgdir>
</imgdir>
</imgdir>
<imgdir name="7">
<string name="command" value="c8"/>
<int name="inc" value="3"/>
<int name="prob" value="70"/>
<int name="l0" value="30"/>
<int name="l1" value="30"/>
<imgdir name="success">
<imgdir name="0">
<string name="act" value="angry"/>
<string name="0" value="c8_s1"/>
<string name="1" value="c8_s2"/>
<string name="2" value="c8_s3"/>
<string name="3" value="c8_s4"/>
</imgdir>
</imgdir>
<imgdir name="fail">
<imgdir name="0">
<string name="act" value="angry"/>
<string name="0" value="c8_f1"/>
<string name="1" value="c8_f2"/>
<string name="2" value="c8_f3"/>
<string name="3" value="c8_f4"/>
</imgdir>
</imgdir>
</imgdir>
<imgdir name="8">
<string name="command" value="c9"/>
<int name="inc" value="1"/>
<int name="prob" value="30"/>
<int name="l0" value="1"/>
<int name="l1" value="9"/>
<imgdir name="success">
<imgdir name="0">
<string name="act" value="love"/>
<string name="0" value="c9_s1"/>
<string name="1" value="c9_s2"/>
</imgdir>
</imgdir>
<imgdir name="fail">
<imgdir name="0">
<string name="act" value="chat"/>
<string name="0" value="c9_f1"/>
<string name="1" value="c9_f2"/>
</imgdir>
</imgdir>
</imgdir>
<imgdir name="9">
<string name="command" value="c10"/>
<int name="inc" value="2"/>
<int name="prob" value="50"/>
<int name="l0" value="10"/>
<int name="l1" value="19"/>
<imgdir name="success">
<imgdir name="0">
<string name="act" value="love"/>
<string name="0" value="c10_s1"/>
<string name="1" value="c10_s2"/>
<string name="2" value="c10_s3"/>
<string name="3" value="c10_s4"/>
</imgdir>
</imgdir>
<imgdir name="fail">
<imgdir name="0">
<string name="act" value="cry"/>
<string name="0" value="c10_f1"/>
<string name="1" value="c10_f2"/>
<string name="2" value="c10_f3"/>
<string name="3" value="c10_f4"/>
</imgdir>
</imgdir>
</imgdir>
<imgdir name="10">
<string name="command" value="c11"/>
<int name="inc" value="2"/>
<int name="prob" value="60"/>
<int name="l0" value="20"/>
<int name="l1" value="29"/>
<imgdir name="success">
<imgdir name="0">
<string name="act" value="love"/>
<string name="0" value="c11_s1"/>
<string name="1" value="c11_s2"/>
<string name="2" value="c11_s3"/>
<string name="3" value="c11_s4"/>
</imgdir>
</imgdir>
<imgdir name="fail">
<imgdir name="0">
<string name="act" value="angry"/>
<string name="0" value="c11_f1"/>
<string name="1" value="c11_f2"/>
<string name="2" value="c11_f3"/>
<string name="4" value="c11_f4"/>
</imgdir>
</imgdir>
</imgdir>
<imgdir name="11">
<string name="command" value="c12"/>
<int name="inc" value="3"/>
<int name="prob" value="70"/>
<int name="l0" value="30"/>
<int name="l1" value="30"/>
<imgdir name="success">
<imgdir name="0">
<string name="act" value="love"/>
<string name="0" value="c12_s1"/>
<string name="1" value="c12_s2"/>
<string name="2" value="c12_s3"/>
<string name="3" value="c12_s4"/>
</imgdir>
</imgdir>
<imgdir name="fail">
<imgdir name="0">
<string name="act" value="angry"/>
<string name="0" value="c12_f1"/>
<string name="1" value="c12_f2"/>
<string name="2" value="c12_f3"/>
<string name="3" value="c12_f4"/>
</imgdir>
</imgdir>
</imgdir>
<imgdir name="12">
<string name="command" value="c13"/>
<int name="inc" value="1"/>
<int name="prob" value="30"/>
<int name="l0" value="10"/>
<int name="l1" value="19"/>
<imgdir name="success">
<imgdir name="0">
<string name="act" value="dung"/>
<string name="0" value="c13_s1"/>
<string name="1" value="c13_s2"/>
<string name="2" value="c13_s3"/>
<string name="3" value="c13_s4"/>
</imgdir>
</imgdir>
<imgdir name="fail">
<imgdir name="0">
<string name="act" value="cry"/>
<string name="0" value="c13_f1"/>
<string name="1" value="c13_f2"/>
<string name="2" value="c13_f3"/>
<string name="3" value="c13_f4"/>
</imgdir>
</imgdir>
</imgdir>
<imgdir name="13">
<string name="command" value="c14"/>
<int name="inc" value="2"/>
<int name="prob" value="50"/>
<int name="l0" value="20"/>
<int name="l1" value="29"/>
<imgdir name="success">
<imgdir name="0">
<string name="act" value="dung"/>
<string name="0" value="c14_s1"/>
<string name="1" value="c14_s2"/>
<string name="2" value="c14_s3"/>
<string name="3" value="c14_s4"/>
</imgdir>
</imgdir>
<imgdir name="fail">
<imgdir name="0">
<string name="act" value="cry"/>
<string name="0" value="c14_f1"/>
<string name="1" value="c14_f2"/>
<string name="2" value="c14_f3"/>
<string name="3" value="c14_f4"/>
</imgdir>
</imgdir>
</imgdir>
<imgdir name="14">
<string name="command" value="c15"/>
<int name="inc" value="3"/>
<int name="prob" value="70"/>
<int name="l0" value="30"/>
<int name="l1" value="30"/>
<imgdir name="success">
<imgdir name="0">
<string name="act" value="dung"/>
<string name="0" value="c15_s1"/>
<string name="1" value="c15_s2"/>
<string name="2" value="c15_s3"/>
<string name="3" value="c15_s4"/>
</imgdir>
</imgdir>
<imgdir name="fail">
<imgdir name="0">
<string name="act" value="angry"/>
<string name="0" value="c15_f1"/>
<string name="1" value="c15_f2"/>
<string name="2" value="c15_f3"/>
<string name="3" value="c15_f4"/>
</imgdir>
</imgdir>
</imgdir>
<imgdir name="15">
<string name="command" value="c16"/>
<int name="inc" value="1"/>
<int name="prob" value="30"/>
<int name="l0" value="10"/>
<int name="l1" value="19"/>
<imgdir name="success">
<imgdir name="0">
<string name="act" value="sleep"/>
<string name="0" value="c16_s1"/>
<string name="1" value="c16_s2"/>
<string name="2" value="c16_s3"/>
<string name="3" value="c16_s4"/>
</imgdir>
</imgdir>
<imgdir name="fail">
<imgdir name="0">
<string name="act" value="cry"/>
<string name="0" value="c16_f1"/>
<string name="1" value="c16_f2"/>
<string name="2" value="c16_f3"/>
<string name="3" value="c16_f4"/>
</imgdir>
</imgdir>
</imgdir>
<imgdir name="16">
<string name="command" value="c17"/>
<int name="inc" value="2"/>
<int name="prob" value="45"/>
<int name="l0" value="20"/>
<int name="l1" value="29"/>
<imgdir name="success">
<imgdir name="0">
<string name="act" value="sleep"/>
<string name="0" value="c17_s1"/>
<string name="1" value="c17_s2"/>
<string name="2" value="c17_s3"/>
<string name="3" value="c17_s4"/>
</imgdir>
</imgdir>
<imgdir name="fail">
<imgdir name="0">
<string name="act" value="cry"/>
<string name="0" value="c17_f1"/>
<string name="1" value="c17_f2"/>
<string name="2" value="c17_f3"/>
<string name="3" value="c17_f4"/>
</imgdir>
</imgdir>
</imgdir>
<imgdir name="17">
<string name="command" value="c18"/>
<int name="inc" value="3"/>
<int name="prob" value="60"/>
<int name="l0" value="30"/>
<int name="l1" value="30"/>
<imgdir name="success">
<imgdir name="0">
<string name="act" value="sleep"/>
<string name="0" value="c18_s1"/>
<string name="1" value="c18_s2"/>
<string name="2" value="c18_s3"/>
<string name="3" value="c18_s4"/>
</imgdir>
</imgdir>
<imgdir name="fail">
<imgdir name="0">
<string name="act" value="angry"/>
<string name="0" value="c18_f1"/>
<string name="1" value="c18_f2"/>
<string name="2" value="c18_f3"/>
<string name="3" value="c18_f4"/>
</imgdir>
</imgdir>
</imgdir>
<imgdir name="18">
<string name="command" value="c19"/>
<int name="inc" value="1"/>
<int name="prob" value="30"/>
<int name="l0" value="10"/>
<int name="l1" value="19"/>
<imgdir name="success">
<imgdir name="0">
<string name="act" value="chat"/>
<string name="0" value="c19_s1"/>
<string name="1" value="c19_s2"/>
<string name="2" value="c19_s3"/>
<string name="3" value="c19_s4"/>
</imgdir>
</imgdir>
<imgdir name="fail">
<imgdir name="0">
<string name="act" value="chat"/>
<string name="0" value="c19_f1"/>
<string name="1" value="c19_f2"/>
<string name="2" value="c19_f3"/>
<string name="3" value="c19_f4"/>
</imgdir>
</imgdir>
</imgdir>
<imgdir name="19">
<string name="command" value="c20"/>
<int name="inc" value="2"/>
<int name="prob" value="45"/>
<int name="l0" value="20"/>
<int name="l1" value="29"/>
<imgdir name="success">
<imgdir name="0">
<string name="act" value="chat"/>
<string name="0" value="c20_s1"/>
<string name="1" value="c20_s2"/>
<string name="2" value="c20_s3"/>
<string name="3" value="c20_s4"/>
</imgdir>
</imgdir>
<imgdir name="fail">
<imgdir name="0">
<string name="act" value="cry"/>
<string name="0" value="c20_f1"/>
<string name="1" value="c20_f2"/>
<string name="2" value="c20_f3"/>
<string name="3" value="c20_f4"/>
</imgdir>
</imgdir>
</imgdir>
<imgdir name="20">
<string name="command" value="c21"/>
<int name="inc" value="3"/>
<int name="prob" value="60"/>
<int name="l0" value="30"/>
<int name="l1" value="30"/>
<imgdir name="success">
<imgdir name="0">
<string name="act" value="chat"/>
<string name="0" value="c21_s1"/>
<string name="1" value="c21_s2"/>
<string name="2" value="c21_s3"/>
<string name="3" value="c21_s4"/>
</imgdir>
</imgdir>
<imgdir name="fail">
<imgdir name="0">
<string name="act" value="angry"/>
<string name="0" value="c21_f1"/>
<string name="1" value="c21_f2"/>
<string name="2" value="c21_f3"/>
<string name="3" value="c21_f4"/>
</imgdir>
</imgdir>
</imgdir>
<imgdir name="21">
<string name="command" value="c22"/>
<int name="inc" value="2"/>
<int name="prob" value="50"/>
<int name="l0" value="20"/>
<int name="l1" value="29"/>
<imgdir name="success">
<imgdir name="0">
<string name="act" value="play"/>
<string name="0" value="c22_s1"/>
<string name="1" value="c22_s2"/>
<string name="2" value="c22_s3"/>
<string name="3" value="c22_s4"/>
</imgdir>
</imgdir>
<imgdir name="fail">
<imgdir name="0">
<string name="act" value="chat"/>
<string name="0" value="c22_f1"/>
<string name="1" value="c22_f2"/>
<string name="2" value="c22_f3"/>
<string name="3" value="c22_f4"/>
</imgdir>
</imgdir>
</imgdir>
<imgdir name="22">
<string name="command" value="c23"/>
<int name="inc" value="3"/>
<int name="prob" value="60"/>
<int name="l0" value="30"/>
<int name="l1" value="30"/>
<imgdir name="success">
<imgdir name="0">
<string name="act" value="play"/>
<string name="0" value="c23_s1"/>
<string name="1" value="c23_s2"/>
<string name="2" value="c23_s3"/>
<string name="3" value="c23_s4"/>
</imgdir>
</imgdir>
<imgdir name="fail">
<imgdir name="0">
<string name="act" value="cry"/>
<string name="0" value="c23_f1"/>
<string name="1" value="c23_f2"/>
<string name="2" value="c23_f3"/>
<string name="3" value="c23_f4"/>
</imgdir>
</imgdir>
</imgdir>
</imgdir>
<imgdir name="food">
<imgdir name="0">
<int name="l0" value="1"/>
<int name="l1" value="9"/>
<imgdir name="success">
<imgdir name="0">
<string name="act" value="eat"/>
<string name="0" value="f1_s"/>
</imgdir>
</imgdir>
<imgdir name="fail">
<imgdir name="0">
<string name="act" value="melong"/>
<string name="0" value="f1_f"/>
</imgdir>
</imgdir>
</imgdir>
<imgdir name="1">
<int name="l0" value="10"/>
<int name="l1" value="19"/>
<imgdir name="success">
<imgdir name="0">
<string name="act" value="eat"/>
<string name="0" value="f2_s"/>
</imgdir>
</imgdir>
<imgdir name="fail">
<imgdir name="0">
<string name="act" value="upset"/>
<string name="0" value="f2_f"/>
</imgdir>
</imgdir>
</imgdir>
<imgdir name="2">
<int name="l0" value="20"/>
<int name="l1" value="29"/>
<imgdir name="success">
<imgdir name="0">
<string name="act" value="eat"/>
<string name="0" value="f3_s"/>
</imgdir>
</imgdir>
<imgdir name="fail">
<imgdir name="0">
<string name="act" value="play"/>
<string name="0" value="f3_f"/>
</imgdir>
</imgdir>
</imgdir>
<imgdir name="3">
<int name="l0" value="30"/>
<int name="l1" value="30"/>
<imgdir name="success">
<imgdir name="0">
<string name="act" value="eat"/>
<string name="0" value="f4_s"/>
</imgdir>
</imgdir>
<imgdir name="fail">
<imgdir name="0">
<string name="act" value="cry"/>
<string name="0" value="f4_f"/>
</imgdir>
</imgdir>
</imgdir>
</imgdir>
<imgdir name="slang">
<imgdir name="0">
<int name="l0" value="1"/>
<int name="l1" value="9"/>
<string name="act" value="rest0"/>
<string name="0" value="s1"/>
</imgdir>
<imgdir name="1">
<int name="l0" value="10"/>
<int name="l1" value="19"/>
<string name="act" value="upset"/>
<string name="0" value="s2"/>
</imgdir>
<imgdir name="2">
<int name="l0" value="20"/>
<int name="l1" value="29"/>
<string name="act" value="melong"/>
<string name="0" value="s3"/>
</imgdir>
<imgdir name="3">
<int name="l0" value="30"/>
<int name="l1" value="30"/>
<string name="act" value="cry"/>
<string name="0" value="s4"/>
</imgdir>
</imgdir>
<imgdir name="stand0">
<canvas name="0" width="38" height="44">
<vector name="origin" x="21" y="49"/>
<int name="z" value="0"/>
<int name="delay" value="150"/>
<vector name="lt" x="-21" y="-49"/>
<vector name="rb" x="17" y="-5"/>
<string name="_hash" value="e82fd52992cfa90b5d8f6c6d17d0e3306fd014e3c978e1812bb2601b659323c1"/>
</canvas>
<canvas name="1" width="37" height="44">
<vector name="origin" x="21" y="50"/>
<int name="z" value="0"/>
<int name="delay" value="150"/>
<vector name="lt" x="-21" y="-50"/>
<vector name="rb" x="16" y="-6"/>
<string name="_hash" value="75a5bddcc97e1ece9f92721fcdce5ee9fbc1284ef3083f186e88634747629c49"/>
</canvas>
<canvas name="2" width="37" height="44">
<vector name="origin" x="21" y="49"/>
<int name="z" value="0"/>
<int name="delay" value="150"/>
<vector name="lt" x="-21" y="-49"/>
<vector name="rb" x="16" y="-5"/>
<string name="_hash" value="bd0161332d66ebd2c7821d7c1009be4a2fb6b8b7350695da106193a829363a9c"/>
</canvas>
<canvas name="3" width="37" height="44">
<vector name="origin" x="21" y="48"/>
<int name="z" value="0"/>
<int name="delay" value="150"/>
<vector name="lt" x="-21" y="-48"/>
<vector name="rb" x="16" y="-4"/>
<string name="_hash" value="495c0929a532966ddc91404e3529a568e2450a20147716bf719ea8fbad65e938"/>
</canvas>
</imgdir>
<imgdir name="stand1">
<canvas name="0" width="1" height="1">
<vector name="origin" x="21" y="49"/>
<int name="z" value="0"/>
<int name="delay" value="150"/>
<vector name="lt" x="-21" y="-49"/>
<vector name="rb" x="17" y="-5"/>
<string name="_inlink" value="stand0/0"/>
</canvas>
<canvas name="1" width="1" height="1">
<vector name="origin" x="21" y="50"/>
<int name="z" value="0"/>
<int name="delay" value="150"/>
<vector name="lt" x="-21" y="-50"/>
<vector name="rb" x="16" y="-6"/>
<string name="_inlink" value="stand0/1"/>
</canvas>
<canvas name="2" width="37" height="44">
<vector name="origin" x="21" y="49"/>
<int name="z" value="0"/>
<int name="delay" value="150"/>
<vector name="lt" x="-21" y="-49"/>
<vector name="rb" x="16" y="-5"/>
<string name="_hash" value="bc71c47a05ff98d6648284689efa87b71790bd76b8ce44f483de70eb56f29e79"/>
</canvas>
<canvas name="3" width="1" height="1">
<vector name="origin" x="21" y="48"/>
<int name="z" value="0"/>
<int name="delay" value="150"/>
<vector name="lt" x="-21" y="-48"/>
<vector name="rb" x="16" y="-4"/>
<string name="_inlink" value="stand0/3"/>
</canvas>
</imgdir>
<imgdir name="rest0">
<canvas name="0" width="37" height="38">
<vector name="origin" x="20" y="38"/>
<int name="z" value="0"/>
<int name="delay" value="180"/>
<vector name="lt" x="-20" y="-38"/>
<vector name="rb" x="17" y="0"/>
<string name="_hash" value="98bec10a96701628dc0fd425f38fbe5f12fbc03d607c96306831ffa2d56a150f"/>
</canvas>
<canvas name="1" width="1" height="1">
<vector name="origin" x="20" y="38"/>
<int name="z" value="0"/>
<int name="delay" value="180"/>
<vector name="lt" x="-20" y="-38"/>
<vector name="rb" x="17" y="0"/>
<string name="_inlink" value="rest0/0"/>
</canvas>
<canvas name="2" width="1" height="1">
<vector name="origin" x="20" y="38"/>
<int name="z" value="0"/>
<int name="delay" value="180"/>
<vector name="lt" x="-20" y="-38"/>
<vector name="rb" x="17" y="0"/>
<string name="_inlink" value="rest0/0"/>
</canvas>
</imgdir>
<imgdir name="move">
<canvas name="0" width="1" height="1">
<vector name="origin" x="21" y="49"/>
<int name="z" value="0"/>
<int name="delay" value="150"/>
<vector name="lt" x="-21" y="-49"/>
<vector name="rb" x="17" y="-5"/>
<string name="_inlink" value="stand0/0"/>
</canvas>
<canvas name="1" width="1" height="1">
<vector name="origin" x="21" y="50"/>
<int name="z" value="0"/>
<int name="delay" value="150"/>
<vector name="lt" x="-21" y="-50"/>
<vector name="rb" x="16" y="-6"/>
<string name="_inlink" value="stand0/1"/>
</canvas>
<canvas name="2" width="1" height="1">
<vector name="origin" x="21" y="49"/>
<int name="z" value="0"/>
<int name="delay" value="150"/>
<vector name="lt" x="-21" y="-49"/>
<vector name="rb" x="16" y="-5"/>
<string name="_inlink" value="stand0/2"/>
</canvas>
<canvas name="3" width="1" height="1">
<vector name="origin" x="21" y="48"/>
<int name="z" value="0"/>
<int name="delay" value="150"/>
<vector name="lt" x="-21" y="-48"/>
<vector name="rb" x="16" y="-4"/>
<string name="_inlink" value="stand0/3"/>
</canvas>
</imgdir>
<imgdir name="jump">
<canvas name="0" width="37" height="44">
<vector name="origin" x="21" y="50"/>
<int name="z" value="0"/>
<vector name="lt" x="-21" y="-50"/>
<vector name="rb" x="16" y="-6"/>
<string name="_hash" value="6dcc23d0417327b085391c5ba51f238e0bcd734802e66b27db8267f840241fe8"/>
</canvas>
</imgdir>
<imgdir name="hang">
<canvas name="0" width="39" height="42">
<vector name="origin" x="20" y="54"/>
<int name="z" value="0"/>
<vector name="lt" x="-20" y="-54"/>
<vector name="rb" x="19" y="-12"/>
<string name="_hash" value="9b2bbde3dcba1f99dc74e511cb5b71f9830f90d7e68815a988cccca0e398eb0e"/>
</canvas>
</imgdir>
<imgdir name="hungry">
<canvas name="0" width="38" height="53">
<vector name="origin" x="21" y="58"/>
<int name="z" value="0"/>
<int name="delay" value="150"/>
<vector name="lt" x="-21" y="-58"/>
<vector name="rb" x="17" y="-5"/>
<string name="_hash" value="5c6b2169e05198595cc6f97a951a2af8e9323f1aef886093233d586ee8227c2d"/>
</canvas>
<canvas name="1" width="37" height="53">
<vector name="origin" x="21" y="59"/>
<int name="z" value="0"/>
<int name="delay" value="150"/>
<string name="_hash" value="659f936eaca0a41735013f4b20a6f49948c17b707b44c1a89b847cc278369e7b"/>
</canvas>
<canvas name="2" width="37" height="53">
<vector name="origin" x="21" y="58"/>
<int name="z" value="0"/>
<int name="delay" value="150"/>
<vector name="lt" x="-21" y="-58"/>
<vector name="rb" x="16" y="-5"/>
<string name="_hash" value="6afa122312bf29da360cf17a0e0a13239d194468ce66b3d8389519b45fbba669"/>
</canvas>
<canvas name="3" width="37" height="55">
<vector name="origin" x="21" y="59"/>
<int name="z" value="0"/>
<int name="delay" value="150"/>
<vector name="lt" x="-21" y="-59"/>
<vector name="rb" x="16" y="-4"/>
<string name="_hash" value="55b7a4ae52f38fed158e6f9d7cd8ae7118b220189f48ca30ae09bf626c2a0ee1"/>
</canvas>
</imgdir>
<imgdir name="angry">
<canvas name="0" width="38" height="44">
<vector name="origin" x="21" y="49"/>
<int name="z" value="0"/>
<int name="delay" value="150"/>
<vector name="lt" x="-21" y="-49"/>
<vector name="rb" x="17" y="-5"/>
<string name="_hash" value="8e358d28300eff15a58eba5ec749aa7d2f568bcf8c77b254b0d5299945ab7cac"/>
</canvas>
<canvas name="1" width="37" height="44">
<vector name="origin" x="21" y="50"/>
<int name="z" value="0"/>
<int name="delay" value="150"/>
<vector name="lt" x="-21" y="-50"/>
<vector name="rb" x="16" y="-6"/>
<string name="_hash" value="c8b8476986a450825a71a62f3608c5f4824db92976a76969fba2cac87f7d1219"/>
</canvas>
<canvas name="2" width="37" height="44">
<vector name="origin" x="21" y="49"/>
<int name="z" value="0"/>
<int name="delay" value="150"/>
<vector name="lt" x="-21" y="-49"/>
<vector name="rb" x="16" y="-5"/>
<string name="_hash" value="b030f871418b7ffceaeff91746db18f976bda8e0f3cf83dd40546faf31d3e9b4"/>
</canvas>
<canvas name="3" width="44" height="44">
<vector name="origin" x="28" y="48"/>
<int name="z" value="0"/>
<int name="delay" value="150"/>
<vector name="lt" x="-28" y="-48"/>
<vector name="rb" x="16" y="-4"/>
<string name="_hash" value="d0eec46fd1c748d914ea2ebdc0f40f4ffb26b3f5ca69a8adad6edb957a589bc1"/>
</canvas>
<uol name="4" value="0"/>
<uol name="5" value="1"/>
<uol name="6" value="2"/>
<uol name="7" value="3"/>
<uol name="8" value="0"/>
<uol name="9" value="1"/>
<uol name="10" value="2"/>
<uol name="11" value="3"/>
</imgdir>
<imgdir name="chat">
<canvas name="0" width="1" height="1">
<vector name="origin" x="21" y="49"/>
<int name="z" value="0"/>
<vector name="lt" x="-21" y="-49"/>
<vector name="rb" x="17" y="-5"/>
<int name="delay" value="150"/>
<string name="_inlink" value="stand0/0"/>
</canvas>
<canvas name="1" width="37" height="44">
<vector name="origin" x="21" y="50"/>
<int name="z" value="0"/>
<int name="delay" value="150"/>
<vector name="lt" x="-21" y="-50"/>
<vector name="rb" x="16" y="-6"/>
<string name="_hash" value="2ce747c987e1788aad504b0134bf5ef1bd6a28c16df365ceed8d9775a601f83d"/>
</canvas>
<canvas name="2" width="1" height="1">
<vector name="origin" x="21" y="49"/>
<int name="z" value="0"/>
<int name="delay" value="150"/>
<vector name="lt" x="-21" y="-49"/>
<vector name="rb" x="16" y="-5"/>
<string name="_inlink" value="stand0/2"/>
</canvas>
<canvas name="3" width="37" height="44">
<vector name="origin" x="21" y="48"/>
<int name="z" value="0"/>
<int name="delay" value="150"/>
<vector name="lt" x="-21" y="-48"/>
<vector name="rb" x="16" y="-4"/>
<string name="_hash" value="a7b0ca5306492c7db96e5f2db5d1f921dba65cc86266b348ee9060fdfe46b2ee"/>
</canvas>
<uol name="4" value="0"/>
<uol name="5" value="1"/>
<uol name="6" value="2"/>
<uol name="7" value="3"/>
<uol name="8" value="0"/>
<uol name="9" value="1"/>
<uol name="10" value="2"/>
<uol name="11" value="3"/>
</imgdir>
<imgdir name="love">
<canvas name="0" width="40" height="44">
<vector name="origin" x="21" y="49"/>
<int name="z" value="0"/>
<int name="delay" value="150"/>
<vector name="lt" x="-21" y="-49"/>
<vector name="rb" x="19" y="-5"/>
<string name="_hash" value="62ab5ce254881c85c3889709bf2b40d7181f9fff8a438c9c881865298e0cdd87"/>
</canvas>
<canvas name="1" width="41" height="44">
<vector name="origin" x="22" y="50"/>
<int name="z" value="0"/>
<int name="delay" value="150"/>
<vector name="lt" x="-22" y="-50"/>
<vector name="rb" x="19" y="-6"/>
<string name="_hash" value="a6a4ff99417f736e15b836ba60ff80e98b00d9401d296d6d1a81fc47fadb6e1c"/>
</canvas>
<canvas name="2" width="41" height="44">
<vector name="origin" x="20" y="49"/>
<int name="z" value="0"/>
<int name="delay" value="150"/>
<vector name="lt" x="-20" y="-49"/>
<vector name="rb" x="21" y="-5"/>
<string name="_hash" value="09a9700482aa6b06e5beac185ed5f5f0e841fc64cdb9fac26713a8c73e0a981d"/>
</canvas>
<canvas name="3" width="46" height="44">
<vector name="origin" x="21" y="49"/>
<int name="z" value="0"/>
<int name="delay" value="150"/>
<vector name="lt" x="-21" y="-49"/>
<vector name="rb" x="25" y="-5"/>
<string name="_hash" value="2ab5eece0dd317cfd1af89652155767c9d9ad057c4c7687ea678ba79dcaf24e1"/>
</canvas>
<canvas name="4" width="45" height="45">
<vector name="origin" x="22" y="50"/>
<int name="z" value="0"/>
<int name="delay" value="150"/>
<vector name="lt" x="-22" y="-50"/>
<vector name="rb" x="23" y="-5"/>
<string name="_hash" value="6aa3b84b5b5d06a32527b5117b0fcfce44d204f7d607d28a3a9e47e54349fdf7"/>
</canvas>
<canvas name="5" width="38" height="47">
<vector name="origin" x="23" y="53"/>
<int name="z" value="0"/>
<int name="delay" value="150"/>
<vector name="lt" x="-23" y="-53"/>
<vector name="rb" x="15" y="-6"/>
<string name="_hash" value="bce4e8a761dc0a2bcbe5ecb1295cc44798405947ee969b9dc034864b5e7f0d6f"/>
</canvas>
<canvas name="6" width="43" height="52">
<vector name="origin" x="22" y="57"/>
<int name="z" value="0"/>
<int name="delay" value="150"/>
<vector name="lt" x="-22" y="-57"/>
<vector name="rb" x="21" y="-5"/>
<string name="_hash" value="0cc6122a3c159e134bb8839be71ed561b211b7db7562319b6fc952a02a81f60a"/>
</canvas>
<canvas name="7" width="37" height="52">
<vector name="origin" x="12" y="57"/>
<int name="z" value="0"/>
<int name="delay" value="150"/>
<vector name="lt" x="-12" y="-57"/>
<vector name="rb" x="25" y="-5"/>
<string name="_hash" value="7f632c1db45b6e08d68b607d2fcc740e64a011d99e9606a9eb1c4682480bcd04"/>
</canvas>
</imgdir>
<imgdir name="eat">
<canvas name="0" width="37" height="44">
<vector name="origin" x="21" y="50"/>
<int name="z" value="0"/>
<int name="delay" value="210"/>
<vector name="lt" x="-21" y="-50"/>
<vector name="rb" x="16" y="-6"/>
<string name="_hash" value="8a5008299b581503e1466882c1942bf1b3bd0bb5d412a56f416af9ebfdd70961"/>
</canvas>
<canvas name="1" width="38" height="44">
<vector name="origin" x="21" y="49"/>
<int name="z" value="0"/>
<int name="delay" value="210"/>
<vector name="lt" x="-21" y="-49"/>
<vector name="rb" x="17" y="-5"/>
<string name="_hash" value="54a4e113530d1d4518e15adad3144bd64fc03b9283cc102e4766e4e8e91d5ba1"/>
</canvas>
<canvas name="2" width="1" height="1">
<vector name="origin" x="21" y="50"/>
<int name="z" value="0"/>
<int name="delay" value="210"/>
<vector name="lt" x="-21" y="-50"/>
<vector name="rb" x="16" y="-6"/>
<string name="_inlink" value="eat/0"/>
</canvas>
<canvas name="3" width="1" height="1">
<vector name="origin" x="21" y="49"/>
<int name="z" value="0"/>
<int name="delay" value="210"/>
<vector name="lt" x="-21" y="-49"/>
<vector name="rb" x="17" y="-5"/>
<string name="_inlink" value="eat/1"/>
</canvas>
<uol name="4" value="0"/>
<uol name="5" value="1"/>
<uol name="6" value="2"/>
<uol name="7" value="3"/>
</imgdir>
<imgdir name="dung">
<canvas name="0" width="38" height="43">
<vector name="origin" x="18" y="43"/>
<int name="z" value="0"/>
<int name="delay" value="180"/>
<vector name="lt" x="-18" y="-43"/>
<vector name="rb" x="20" y="0"/>
<string name="_hash" value="21e997409f42bf69726066ee9ec9ab07b841402aa8e670e87131539c183feb34"/>
</canvas>
<canvas name="1" width="38" height="49">
<vector name="origin" x="18" y="49"/>
<int name="z" value="0"/>
<int name="delay" value="180"/>
<vector name="lt" x="-18" y="-49"/>
<vector name="rb" x="20" y="0"/>
<string name="_hash" value="1fbf61dc6de30379a5dd39801190c312fccc2b507c18fbfcd3efa7bd9ef8e697"/>
</canvas>
<canvas name="2" width="40" height="56">
<vector name="origin" x="18" y="56"/>
<int name="z" value="0"/>
<int name="delay" value="180"/>
<vector name="lt" x="-18" y="-56"/>
<vector name="rb" x="22" y="0"/>
<string name="_hash" value="22e5c12a116f41fd9b5a280d78941fb4412832a2a5027f2cb87e7de0721c7933"/>
</canvas>
<canvas name="3" width="42" height="58">
<vector name="origin" x="18" y="58"/>
<int name="z" value="0"/>
<int name="delay" value="180"/>
<vector name="lt" x="-18" y="-58"/>
<vector name="rb" x="24" y="0"/>
<string name="_hash" value="0bc19447f2eca8b897a531e6ddacf94a1c58b9336ac9f6809f28143bea21412f"/>
</canvas>
<uol name="4" value="0"/>
<uol name="5" value="1"/>
<uol name="6" value="2"/>
<uol name="7" value="3"/>
</imgdir>
<imgdir name="sleep">
<canvas name="0" width="41" height="31">
<vector name="origin" x="23" y="31"/>
<int name="z" value="0"/>
<int name="delay" value="180"/>
<vector name="lt" x="-23" y="-31"/>
<vector name="rb" x="18" y="0"/>
<string name="_hash" value="9ff5e70e41f514c17875f085a50e8fbb5f7d618b6d42000ea627d48d37320c99"/>
</canvas>
<canvas name="1" width="41" height="31">
<vector name="origin" x="23" y="31"/>
<int name="z" value="0"/>
<int name="delay" value="180"/>
<vector name="lt" x="-23" y="-31"/>
<vector name="rb" x="18" y="0"/>
<string name="_hash" value="0fda6f6a8e15ce739cf1c3a18f70caa32c85220b102562e4801b60e79ff1e392"/>
</canvas>
<canvas name="2" width="41" height="31">
<vector name="origin" x="23" y="31"/>
<int name="z" value="0"/>
<int name="delay" value="180"/>
<vector name="lt" x="-23" y="-31"/>
<vector name="rb" x="18" y="0"/>
<string name="_hash" value="e6b4306c6150bf4908b03443e9a42dc0dca5102f8d7c4694a976a485591377fa"/>
</canvas>
<canvas name="3" width="1" height="1">
<vector name="origin" x="23" y="31"/>
<int name="z" value="0"/>
<int name="delay" value="180"/>
<vector name="lt" x="-23" y="-31"/>
<vector name="rb" x="18" y="0"/>
<string name="_inlink" value="sleep/1"/>
</canvas>
<uol name="4" value="0"/>
<uol name="5" value="1"/>
<uol name="6" value="2"/>
<uol name="7" value="3"/>
</imgdir>
<imgdir name="cry">
<canvas name="0" width="38" height="44">
<vector name="origin" x="21" y="49"/>
<int name="z" value="0"/>
<int name="delay" value="120"/>
<vector name="lt" x="-21" y="-49"/>
<vector name="rb" x="17" y="-5"/>
<string name="_hash" value="9cec7cdcb2f4895b5108da36e4b98c2e12c8bd266a37af1f3a880a66c4b24a4f"/>
</canvas>
<canvas name="1" width="37" height="44">
<vector name="origin" x="21" y="50"/>
<int name="z" value="0"/>
<int name="delay" value="120"/>
<vector name="lt" x="-21" y="-50"/>
<vector name="rb" x="16" y="-6"/>
<string name="_hash" value="bf89501cd6358f1c326a9da849f38628c62fe2785982607e757f375ac7d5392e"/>
</canvas>
<canvas name="2" width="37" height="44">
<vector name="origin" x="21" y="49"/>
<int name="z" value="0"/>
<int name="delay" value="120"/>
<vector name="lt" x="-21" y="-49"/>
<vector name="rb" x="16" y="-5"/>
<string name="_hash" value="bfe0505f150d10fbaba09825d27b2dc58126e3e5d0f3da7995ad57ecd745e047"/>
</canvas>
<canvas name="3" width="37" height="44">
<vector name="origin" x="21" y="48"/>
<int name="z" value="0"/>
<int name="delay" value="120"/>
<vector name="lt" x="-21" y="-48"/>
<vector name="rb" x="16" y="-4"/>
<string name="_hash" value="ee5b9a57708c8ec83a572685344ea3f4595ce03795eb711d471581807e9e1e10"/>
</canvas>
<uol name="4" value="0"/>
<uol name="5" value="1"/>
<uol name="6" value="2"/>
<uol name="7" value="3"/>
<uol name="8" value="0"/>
<uol name="9" value="1"/>
<uol name="10" value="2"/>
<uol name="11" value="3"/>
</imgdir>
<imgdir name="play">
<canvas name="0" width="1" height="1">
<vector name="origin" x="21" y="49"/>
<int name="z" value="0"/>
<int name="delay" value="180"/>
<vector name="lt" x="-21" y="-49"/>
<vector name="rb" x="17" y="-5"/>
<string name="_inlink" value="stand0/0"/>
</canvas>
<canvas name="1" width="37" height="44">
<vector name="origin" x="21" y="50"/>
<int name="z" value="0"/>
<int name="delay" value="180"/>
<vector name="lt" x="-21" y="-50"/>
<vector name="rb" x="16" y="-6"/>
<string name="_hash" value="a6613e13da1f344af4f59f91cc64a8dbc9483dabf30e3c1300a2e3db9fff1f62"/>
</canvas>
<canvas name="2" width="37" height="44">
<vector name="origin" x="21" y="49"/>
<int name="z" value="0"/>
<int name="delay" value="180"/>
<vector name="lt" x="-21" y="-49"/>
<vector name="rb" x="16" y="-5"/>
<string name="_hash" value="96be1d07d670d1baf8212674300fafbd6b37a707be4676cf55cc85b861dbed90"/>
</canvas>
<canvas name="3" width="37" height="44">
<vector name="origin" x="21" y="48"/>
<int name="z" value="0"/>
<int name="delay" value="180"/>
<vector name="lt" x="-21" y="-48"/>
<vector name="rb" x="16" y="-4"/>
<string name="_hash" value="b5060b49dbff204831e31d2eee5299cf39016e15ac7e03284fd6836b283a80c2"/>
</canvas>
<canvas name="4" width="38" height="44">
<vector name="origin" x="21" y="49"/>
<int name="z" value="0"/>
<int name="delay" value="180"/>
<vector name="lt" x="-21" y="-49"/>
<vector name="rb" x="17" y="-5"/>
<string name="_hash" value="97e725ee96b1f28aea9c60a4ba54f87d79fbc748ef56f3e96be85a337ab10af6"/>
</canvas>
<canvas name="5" width="37" height="44">
<vector name="origin" x="21" y="50"/>
<int name="z" value="0"/>
<int name="delay" value="180"/>
<vector name="lt" x="-21" y="-50"/>
<vector name="rb" x="16" y="-6"/>
<string name="_hash" value="e3c62a813e4ce4d35be1905b839bf24266c5ac7539553cbd972c8bf2faf04424"/>
</canvas>
<canvas name="6" width="37" height="44">
<vector name="origin" x="21" y="49"/>
<int name="z" value="0"/>
<int name="delay" value="180"/>
<vector name="lt" x="-21" y="-49"/>
<vector name="rb" x="16" y="-5"/>
<string name="_hash" value="71af3266592105c32c0f88ff6ba7d96d791da92c51b53fd8ccc66940d8fe7fd5"/>
</canvas>
<canvas name="7" width="37" height="44">
<vector name="origin" x="21" y="48"/>
<int name="z" value="0"/>
<int name="delay" value="180"/>
<vector name="lt" x="-21" y="-48"/>
<vector name="rb" x="16" y="-4"/>
<string name="_hash" value="4e364479da9df75e5815e0d551ebe524d84483cffdebd1d231c7e6253f102d9d"/>
</canvas>
<canvas name="8" width="38" height="44">
<vector name="origin" x="21" y="49"/>
<int name="z" value="0"/>
<int name="delay" value="180"/>
<vector name="lt" x="-21" y="-49"/>
<vector name="rb" x="17" y="-5"/>
<string name="_hash" value="7af5e167de35c1a3cc2d84f87f81bc7c2b59649a2b5809fbe779a1809b985f2d"/>
</canvas>
<canvas name="9" width="1" height="1">
<vector name="origin" x="21" y="50"/>
<int name="z" value="0"/>
<int name="delay" value="180"/>
<vector name="lt" x="-21" y="-50"/>
<vector name="rb" x="16" y="-6"/>
<string name="_inlink" value="play/5"/>
</canvas>
<canvas name="10" width="1" height="1">
<vector name="origin" x="21" y="49"/>
<int name="z" value="0"/>
<int name="delay" value="180"/>
<vector name="lt" x="-21" y="-49"/>
<vector name="rb" x="16" y="-5"/>
<string name="_inlink" value="play/6"/>
</canvas>
<canvas name="11" width="37" height="44">
<vector name="origin" x="21" y="48"/>
<int name="z" value="0"/>
<int name="delay" value="180"/>
<vector name="lt" x="-21" y="-48"/>
<vector name="rb" x="16" y="-4"/>
<string name="_hash" value="f4d076eda8671a638181b39bef41a889e8b79e3733d8a2d76ab7940bae7fc97e"/>
</canvas>
<canvas name="12" width="38" height="44">
<vector name="origin" x="21" y="49"/>
<int name="z" value="0"/>
<int name="delay" value="180"/>
<vector name="lt" x="-21" y="-49"/>
<vector name="rb" x="17" y="-5"/>
<string name="_hash" value="1c9eb2b5db02b91d1d1367bccd8f38834c0c3d0406838e86382881e81f0eae75"/>
</canvas>
<canvas name="13" width="37" height="44">
<vector name="origin" x="21" y="50"/>
<int name="z" value="0"/>
<int name="delay" value="180"/>
<vector name="lt" x="-21" y="-50"/>
<vector name="rb" x="16" y="-6"/>
<string name="_hash" value="04f05d640211700cc1f8298587617b252f69c65edfdd9e9332b6c15390d90d42"/>
</canvas>
<canvas name="14" width="37" height="44">
<vector name="origin" x="21" y="49"/>
<int name="z" value="0"/>
<int name="delay" value="180"/>
<vector name="lt" x="-21" y="-49"/>
<vector name="rb" x="16" y="-5"/>
<string name="_hash" value="50006c417a0bf78674ec19ed586c1f68bd8fd8f254a7a2bac12a8d599d4142b2"/>
</canvas>
<canvas name="15" width="37" height="44">
<vector name="origin" x="21" y="48"/>
<int name="z" value="0"/>
<int name="delay" value="180"/>
<vector name="lt" x="-21" y="-48"/>
<vector name="rb" x="16" y="-4"/>
<string name="_hash" value="c2a2db51e65d2a7a2dda95339d2e1f6676710738083b6987cd0d334f23f91254"/>
</canvas>
</imgdir>
<imgdir name="fly">
<uol name="0" value="../jump/0"/>
</imgdir>
</imgdir>
