<?xml version="1.0" encoding="UTF-8" standalone="yes"?>
<imgdir name="5000258.img">
<imgdir name="info">
<canvas name="icon" width="33" height="31">
<vector name="origin" x="1" y="31"/>
<string name="_hash" value="723ce9f40d65c8b78be7afdd5c9802908c58e2ad102f878a78e8b85a09d932ce"/>
</canvas>
<canvas name="iconRaw" width="33" height="29">
<vector name="origin" x="1" y="31"/>
<string name="_hash" value="6276b76a1e44831bf756b0a68b68eccf307fd156e6857030929401b6d5262627"/>
</canvas>
<canvas name="iconD" width="29" height="33">
<vector name="origin" x="-2" y="33"/>
<string name="_hash" value="eed6f9c5d08b08b22ff42515081f2638ba0de10a73d1a627037dedf8cbc0cca4"/>
</canvas>
<canvas name="iconRawD" width="29" height="32">
<vector name="origin" x="-2" y="33"/>
<string name="_hash" value="d5130dc2c8f37b3b587f122dba4761d2cc26ccb2d47e47ce6b22aa61bf76aa28"/>
</canvas>
<int name="hungry" value="2"/>
<int name="cash" value="1"/>
<int name="nameTag" value="106"/>
<int name="chatBalloon" value="106"/>
<int name="multiPet" value="1"/>
<int name="life" value="90"/>
<int name="pickupItem" value="1"/>
<int name="autoBuff" value="1"/>
<int name="setItemID" value="158"/>
<int name="giantPet" value="1"/>
</imgdir>
<imgdir name="interact">
<imgdir name="0">
<string name="command" value="c1"/>
<int name="inc" value="1"/>
<int name="prob" value="30"/>
<int name="l0" value="1"/>
<int name="l1" value="9"/>
<imgdir name="success">
<imgdir name="0">
<string name="act" value="rest0"/>
<string name="0" value="c1_s1"/>
<string name="1" value="c1_s2"/>
</imgdir>
</imgdir>
<imgdir name="fail">
<imgdir name="0">
<string name="act" value="chat"/>
<string name="0" value="c1_f1"/>
<string name="1" value="c1_f2"/>
</imgdir>
</imgdir>
</imgdir>
<imgdir name="1">
<string name="command" value="c2"/>
<int name="inc" value="2"/>
<int name="prob" value="45"/>
<int name="l0" value="10"/>
<int name="l1" value="19"/>
<imgdir name="success">
<imgdir name="0">
<string name="act" value="rest0"/>
<string name="0" value="c2_s1"/>
<string name="1" value="c2_s2"/>
<string name="2" value="c2_s3"/>
<string name="3" value="c2_s4"/>
</imgdir>
</imgdir>
<imgdir name="fail">
<imgdir name="0">
<string name="act" value="cry"/>
<string name="0" value="c2_f1"/>
<string name="1" value="c2_f2"/>
<string name="2" value="c2_f3"/>
<string name="3" value="c2_f4"/>
</imgdir>
</imgdir>
</imgdir>
<imgdir name="2">
<string name="command" value="c3"/>
<int name="inc" value="3"/>
<int name="prob" value="60"/>
<int name="l0" value="20"/>
<int name="l1" value="29"/>
<imgdir name="success">
<imgdir name="0">
<string name="act" value="rest0"/>
<string name="0" value="c3_s1"/>
<string name="1" value="c3_s2"/>
<string name="2" value="c3_s3"/>
<string name="3" value="c3_s4"/>
</imgdir>
</imgdir>
<imgdir name="fail">
<imgdir name="0">
<string name="act" value="angry"/>
<string name="0" value="c3_f1"/>
<string name="1" value="c3_f2"/>
<string name="2" value="c3_f3"/>
<string name="3" value="c3_f4"/>
</imgdir>
</imgdir>
</imgdir>
<imgdir name="3">
<string name="command" value="c4"/>
<int name="inc" value="2"/>
<int name="prob" value="70"/>
<int name="l0" value="30"/>
<int name="l1" value="30"/>
<imgdir name="success">
<imgdir name="0">
<string name="act" value="rest0"/>
<string name="0" value="c4_s1"/>
<string name="1" value="c4_s2"/>
<string name="2" value="c4_s3"/>
<string name="3" value="c4_s4"/>
</imgdir>
</imgdir>
<imgdir name="fail">
<imgdir name="0">
<string name="act" value="angry"/>
<string name="0" value="c4_f1"/>
<string name="1" value="c4_f2"/>
<string name="2" value="c4_f3"/>
<string name="3" value="c4_f4"/>
</imgdir>
</imgdir>
</imgdir>
<imgdir name="4">
<string name="command" value="c5"/>
<int name="inc" value="1"/>
<int name="prob" value="30"/>
<int name="l0" value="1"/>
<int name="l1" value="9"/>
<imgdir name="success">
<imgdir name="0">
<string name="act" value="angry"/>
<string name="0" value="c5_s1"/>
<string name="1" value="c5_s2"/>
</imgdir>
</imgdir>
<imgdir name="fail">
<imgdir name="0">
<string name="act" value="chat"/>
<string name="0" value="c5_f1"/>
<string name="1" value="c5_f2"/>
</imgdir>
</imgdir>
</imgdir>
<imgdir name="5">
<string name="command" value="c6"/>
<int name="inc" value="2"/>
<int name="prob" value="50"/>
<int name="l0" value="10"/>
<int name="l1" value="19"/>
<imgdir name="success">
<imgdir name="0">
<string name="act" value="cry"/>
<string name="0" value="c6_s1"/>
<string name="1" value="c6_s2"/>
<string name="2" value="c6_s3"/>
<string name="3" value="c6_s4"/>
</imgdir>
</imgdir>
<imgdir name="fail">
<imgdir name="0">
<string name="act" value="angry"/>
<string name="0" value="c6_f1"/>
<string name="1" value="c6_f2"/>
<string name="2" value="c6_f3"/>
<string name="3" value="c6_f4"/>
</imgdir>
</imgdir>
</imgdir>
<imgdir name="6">
<string name="command" value="c7"/>
<int name="inc" value="2"/>
<int name="prob" value="60"/>
<int name="l0" value="20"/>
<int name="l1" value="29"/>
<imgdir name="success">
<imgdir name="0">
<string name="act" value="angry"/>
<string name="0" value="c7_s1"/>
<string name="1" value="c7_s2"/>
<string name="2" value="c7_s3"/>
<string name="3" value="c7_s4"/>
</imgdir>
</imgdir>
<imgdir name="fail">
<imgdir name="0">
<string name="act" value="angry"/>
<string name="0" value="c7_f1"/>
<string name="1" value="c7_f2"/>
<string name="2" value="c7_f3"/>
<string name="3" value="c7_f4"/>
</imgdir>
</imgdir>
</imgdir>
<imgdir name="7">
<string name="command" value="c8"/>
<int name="inc" value="3"/>
<int name="prob" value="70"/>
<int name="l0" value="30"/>
<int name="l1" value="30"/>
<imgdir name="success">
<imgdir name="0">
<string name="act" value="angry"/>
<string name="0" value="c8_s1"/>
<string name="1" value="c8_s2"/>
<string name="2" value="c8_s3"/>
<string name="3" value="c8_s4"/>
</imgdir>
</imgdir>
<imgdir name="fail">
<imgdir name="0">
<string name="act" value="angry"/>
<string name="0" value="c8_f1"/>
<string name="1" value="c8_f2"/>
<string name="2" value="c8_f3"/>
<string name="3" value="c8_f4"/>
</imgdir>
</imgdir>
</imgdir>
<imgdir name="8">
<string name="command" value="c9"/>
<int name="inc" value="1"/>
<int name="prob" value="30"/>
<int name="l0" value="1"/>
<int name="l1" value="9"/>
<imgdir name="success">
<imgdir name="0">
<string name="act" value="love"/>
<string name="0" value="c9_s1"/>
<string name="1" value="c9_s2"/>
</imgdir>
</imgdir>
<imgdir name="fail">
<imgdir name="0">
<string name="act" value="chat"/>
<string name="0" value="c9_f1"/>
<string name="1" value="c9_f2"/>
</imgdir>
</imgdir>
</imgdir>
<imgdir name="9">
<string name="command" value="c10"/>
<int name="inc" value="2"/>
<int name="prob" value="50"/>
<int name="l0" value="10"/>
<int name="l1" value="19"/>
<imgdir name="success">
<imgdir name="0">
<string name="act" value="love"/>
<string name="0" value="c10_s1"/>
<string name="1" value="c10_s2"/>
<string name="2" value="c10_s3"/>
<string name="3" value="c10_s4"/>
</imgdir>
</imgdir>
<imgdir name="fail">
<imgdir name="0">
<string name="act" value="cry"/>
<string name="0" value="c10_f1"/>
<string name="1" value="c10_f2"/>
<string name="2" value="c10_f3"/>
<string name="3" value="c10_f4"/>
</imgdir>
</imgdir>
</imgdir>
<imgdir name="10">
<string name="command" value="c11"/>
<int name="inc" value="2"/>
<int name="prob" value="60"/>
<int name="l0" value="20"/>
<int name="l1" value="29"/>
<imgdir name="success">
<imgdir name="0">
<string name="act" value="love"/>
<string name="0" value="c11_s1"/>
<string name="1" value="c11_s2"/>
<string name="2" value="c11_s3"/>
<string name="3" value="c11_s4"/>
</imgdir>
</imgdir>
<imgdir name="fail">
<imgdir name="0">
<string name="act" value="angry"/>
<string name="0" value="c11_f1"/>
<string name="1" value="c11_f2"/>
<string name="2" value="c11_f3"/>
<string name="4" value="c11_f4"/>
</imgdir>
</imgdir>
</imgdir>
<imgdir name="11">
<string name="command" value="c12"/>
<int name="inc" value="3"/>
<int name="prob" value="70"/>
<int name="l0" value="30"/>
<int name="l1" value="30"/>
<imgdir name="success">
<imgdir name="0">
<string name="act" value="love"/>
<string name="0" value="c12_s1"/>
<string name="1" value="c12_s2"/>
<string name="2" value="c12_s3"/>
<string name="3" value="c12_s4"/>
</imgdir>
</imgdir>
<imgdir name="fail">
<imgdir name="0">
<string name="act" value="angry"/>
<string name="0" value="c12_f1"/>
<string name="1" value="c12_f2"/>
<string name="2" value="c12_f3"/>
<string name="3" value="c12_f4"/>
</imgdir>
</imgdir>
</imgdir>
<imgdir name="12">
<string name="command" value="c13"/>
<int name="inc" value="1"/>
<int name="prob" value="30"/>
<int name="l0" value="10"/>
<int name="l1" value="19"/>
<imgdir name="success">
<imgdir name="0">
<string name="act" value="dung"/>
<string name="0" value="c13_s1"/>
<string name="1" value="c13_s2"/>
<string name="2" value="c13_s3"/>
<string name="3" value="c13_s4"/>
</imgdir>
</imgdir>
<imgdir name="fail">
<imgdir name="0">
<string name="act" value="cry"/>
<string name="0" value="c13_f1"/>
<string name="1" value="c13_f2"/>
<string name="2" value="c13_f3"/>
<string name="3" value="c13_f4"/>
</imgdir>
</imgdir>
</imgdir>
<imgdir name="13">
<string name="command" value="c14"/>
<int name="inc" value="2"/>
<int name="prob" value="50"/>
<int name="l0" value="20"/>
<int name="l1" value="29"/>
<imgdir name="success">
<imgdir name="0">
<string name="act" value="dung"/>
<string name="0" value="c14_s1"/>
<string name="1" value="c14_s2"/>
<string name="2" value="c14_s3"/>
<string name="3" value="c14_s4"/>
</imgdir>
</imgdir>
<imgdir name="fail">
<imgdir name="0">
<string name="act" value="cry"/>
<string name="0" value="c14_f1"/>
<string name="1" value="c14_f2"/>
<string name="2" value="c14_f3"/>
<string name="3" value="c14_f4"/>
</imgdir>
</imgdir>
</imgdir>
<imgdir name="14">
<string name="command" value="c15"/>
<int name="inc" value="3"/>
<int name="prob" value="70"/>
<int name="l0" value="30"/>
<int name="l1" value="30"/>
<imgdir name="success">
<imgdir name="0">
<string name="act" value="dung"/>
<string name="0" value="c15_s1"/>
<string name="1" value="c15_s2"/>
<string name="2" value="c15_s3"/>
<string name="3" value="c15_s4"/>
</imgdir>
</imgdir>
<imgdir name="fail">
<imgdir name="0">
<string name="act" value="angry"/>
<string name="0" value="c15_f1"/>
<string name="1" value="c15_f2"/>
<string name="2" value="c15_f3"/>
<string name="3" value="c15_f4"/>
</imgdir>
</imgdir>
</imgdir>
<imgdir name="15">
<string name="command" value="c16"/>
<int name="inc" value="1"/>
<int name="prob" value="30"/>
<int name="l0" value="10"/>
<int name="l1" value="19"/>
<imgdir name="success">
<imgdir name="0">
<string name="act" value="sleep"/>
<string name="0" value="c16_s1"/>
<string name="1" value="c16_s2"/>
<string name="2" value="c16_s3"/>
<string name="3" value="c16_s4"/>
</imgdir>
</imgdir>
<imgdir name="fail">
<imgdir name="0">
<string name="act" value="cry"/>
<string name="0" value="c16_f1"/>
<string name="1" value="c16_f2"/>
<string name="2" value="c16_f3"/>
<string name="3" value="c16_f4"/>
</imgdir>
</imgdir>
</imgdir>
<imgdir name="16">
<string name="command" value="c17"/>
<int name="inc" value="2"/>
<int name="prob" value="45"/>
<int name="l0" value="20"/>
<int name="l1" value="29"/>
<imgdir name="success">
<imgdir name="0">
<string name="act" value="sleep"/>
<string name="0" value="c17_s1"/>
<string name="1" value="c17_s2"/>
<string name="2" value="c17_s3"/>
<string name="3" value="c17_s4"/>
</imgdir>
</imgdir>
<imgdir name="fail">
<imgdir name="0">
<string name="act" value="cry"/>
<string name="0" value="c17_f1"/>
<string name="1" value="c17_f2"/>
<string name="2" value="c17_f3"/>
<string name="3" value="c17_f4"/>
</imgdir>
</imgdir>
</imgdir>
<imgdir name="17">
<string name="command" value="c18"/>
<int name="inc" value="3"/>
<int name="prob" value="60"/>
<int name="l0" value="30"/>
<int name="l1" value="30"/>
<imgdir name="success">
<imgdir name="0">
<string name="act" value="sleep"/>
<string name="0" value="c18_s1"/>
<string name="1" value="c18_s2"/>
<string name="2" value="c18_s3"/>
<string name="3" value="c18_s4"/>
</imgdir>
</imgdir>
<imgdir name="fail">
<imgdir name="0">
<string name="act" value="angry"/>
<string name="0" value="c18_f1"/>
<string name="1" value="c18_f2"/>
<string name="2" value="c18_f3"/>
<string name="3" value="c18_f4"/>
</imgdir>
</imgdir>
</imgdir>
<imgdir name="18">
<string name="command" value="c19"/>
<int name="inc" value="1"/>
<int name="prob" value="30"/>
<int name="l0" value="10"/>
<int name="l1" value="19"/>
<imgdir name="success">
<imgdir name="0">
<string name="act" value="chat"/>
<string name="0" value="c19_s1"/>
<string name="1" value="c19_s2"/>
<string name="2" value="c19_s3"/>
<string name="3" value="c19_s4"/>
</imgdir>
</imgdir>
<imgdir name="fail">
<imgdir name="0">
<string name="act" value="chat"/>
<string name="0" value="c19_f1"/>
<string name="1" value="c19_f2"/>
<string name="2" value="c19_f3"/>
<string name="3" value="c19_f4"/>
</imgdir>
</imgdir>
</imgdir>
<imgdir name="19">
<string name="command" value="c20"/>
<int name="inc" value="2"/>
<int name="prob" value="45"/>
<int name="l0" value="20"/>
<int name="l1" value="29"/>
<imgdir name="success">
<imgdir name="0">
<string name="act" value="chat"/>
<string name="0" value="c20_s1"/>
<string name="1" value="c20_s2"/>
<string name="2" value="c20_s3"/>
<string name="3" value="c20_s4"/>
</imgdir>
</imgdir>
<imgdir name="fail">
<imgdir name="0">
<string name="act" value="cry"/>
<string name="0" value="c20_f1"/>
<string name="1" value="c20_f2"/>
<string name="2" value="c20_f3"/>
<string name="3" value="c20_f4"/>
</imgdir>
</imgdir>
</imgdir>
<imgdir name="20">
<string name="command" value="c21"/>
<int name="inc" value="3"/>
<int name="prob" value="60"/>
<int name="l0" value="30"/>
<int name="l1" value="30"/>
<imgdir name="success">
<imgdir name="0">
<string name="act" value="chat"/>
<string name="0" value="c21_s1"/>
<string name="1" value="c21_s2"/>
<string name="2" value="c21_s3"/>
<string name="3" value="c21_s4"/>
</imgdir>
</imgdir>
<imgdir name="fail">
<imgdir name="0">
<string name="act" value="angry"/>
<string name="0" value="c21_f1"/>
<string name="1" value="c21_f2"/>
<string name="2" value="c21_f3"/>
<string name="3" value="c21_f4"/>
</imgdir>
</imgdir>
</imgdir>
</imgdir>
<imgdir name="food">
<imgdir name="0">
<int name="l0" value="1"/>
<int name="l1" value="9"/>
<imgdir name="success">
<imgdir name="0">
<string name="act" value="eat"/>
<string name="0" value="f1_s"/>
</imgdir>
</imgdir>
<imgdir name="fail">
<imgdir name="0">
<string name="act" value="cry"/>
<string name="0" value="f1_f"/>
</imgdir>
</imgdir>
</imgdir>
<imgdir name="1">
<int name="l0" value="10"/>
<int name="l1" value="19"/>
<imgdir name="success">
<imgdir name="0">
<string name="act" value="eat"/>
<string name="0" value="f2_s"/>
</imgdir>
</imgdir>
<imgdir name="fail">
<imgdir name="0">
<string name="act" value="cry"/>
<string name="0" value="f2_f"/>
</imgdir>
</imgdir>
</imgdir>
<imgdir name="2">
<int name="l0" value="20"/>
<int name="l1" value="29"/>
<imgdir name="success">
<imgdir name="0">
<string name="act" value="eat"/>
<string name="0" value="f3_s"/>
</imgdir>
</imgdir>
<imgdir name="fail">
<imgdir name="0">
<string name="act" value="angry"/>
<string name="0" value="f3_f"/>
</imgdir>
</imgdir>
</imgdir>
<imgdir name="3">
<int name="l0" value="30"/>
<int name="l1" value="30"/>
<imgdir name="success">
<imgdir name="0">
<string name="act" value="eat"/>
<string name="0" value="f4_s"/>
</imgdir>
</imgdir>
<imgdir name="fail">
<imgdir name="0">
<string name="act" value="angry"/>
<string name="0" value="f4_f"/>
</imgdir>
</imgdir>
</imgdir>
</imgdir>
<imgdir name="slang">
<imgdir name="0">
<int name="l0" value="1"/>
<int name="l1" value="9"/>
<string name="act" value="cry"/>
<string name="0" value="s1"/>
</imgdir>
<imgdir name="1">
<int name="l0" value="10"/>
<int name="l1" value="19"/>
<string name="act" value="cry"/>
<string name="0" value="s2"/>
</imgdir>
<imgdir name="2">
<int name="l0" value="20"/>
<int name="l1" value="29"/>
<string name="act" value="angry"/>
<string name="0" value="s3"/>
</imgdir>
<imgdir name="3">
<int name="l0" value="30"/>
<int name="l1" value="30"/>
<string name="act" value="angry"/>
<string name="0" value="s4"/>
</imgdir>
</imgdir>
<imgdir name="stand0">
<canvas name="0" width="47" height="51">
<vector name="origin" x="23" y="54"/>
<int name="z" value="0"/>
<vector name="lt" x="-23" y="-57"/>
<vector name="rb" x="27" y="0"/>
<int name="delay" value="180"/>
<string name="_hash" value="4439403985be9ff7a802b0d21012bdedbc8e7172143d894606313ba894a0bac1"/>
</canvas>
<canvas name="1" width="47" height="51">
<vector name="origin" x="23" y="55"/>
<int name="z" value="0"/>
<vector name="lt" x="-23" y="-57"/>
<vector name="rb" x="27" y="0"/>
<int name="delay" value="180"/>
<string name="_hash" value="2fc66a1315d290c099b5322116e0ebdb26d107da4eed16b021cc192f421bc6e2"/>
</canvas>
<canvas name="2" width="47" height="51">
<vector name="origin" x="23" y="56"/>
<int name="z" value="0"/>
<vector name="lt" x="-23" y="-57"/>
<vector name="rb" x="27" y="0"/>
<int name="delay" value="180"/>
<string name="_hash" value="9d3877c516c85cede3aaabdcf4ae1a326232500f7cfc33aa410d01cfb28686eb"/>
</canvas>
<canvas name="3" width="47" height="51">
<vector name="origin" x="23" y="57"/>
<int name="z" value="0"/>
<vector name="lt" x="-23" y="-57"/>
<vector name="rb" x="27" y="0"/>
<int name="delay" value="180"/>
<string name="_hash" value="c00c21def22b8c23641f52ea9a22427203842fe9cabc7a1d24d0eeaf2ba23c3e"/>
</canvas>
<canvas name="4" width="47" height="51">
<vector name="origin" x="23" y="56"/>
<int name="z" value="0"/>
<vector name="lt" x="-23" y="-57"/>
<vector name="rb" x="27" y="0"/>
<int name="delay" value="180"/>
<string name="_hash" value="b9b7da442e12965f88b95ac3b5926f4e64950a8e78351fa699c2f318d3e672c5"/>
</canvas>
<canvas name="5" width="47" height="51">
<vector name="origin" x="23" y="55"/>
<int name="z" value="0"/>
<vector name="lt" x="-23" y="-57"/>
<vector name="rb" x="27" y="0"/>
<int name="delay" value="180"/>
<string name="_hash" value="e2c60b50e42a32d10665cbe819f5ed9cffb6bc256de3c4c8cc84e05d3631cc5e"/>
</canvas>
</imgdir>
<imgdir name="stand1">
<canvas name="0" width="1" height="1">
<vector name="origin" x="23" y="54"/>
<int name="z" value="0"/>
<vector name="lt" x="-23" y="-57"/>
<vector name="rb" x="27" y="0"/>
<int name="delay" value="180"/>
<string name="_inlink" value="stand0/0"/>
</canvas>
<canvas name="1" width="47" height="51">
<vector name="origin" x="23" y="55"/>
<int name="z" value="0"/>
<vector name="lt" x="-23" y="-57"/>
<vector name="rb" x="27" y="0"/>
<int name="delay" value="180"/>
<string name="_hash" value="25445c66f95c2bfafc35b9ca162e3135c53a271706ba540155d5e3eb4ba5b71a"/>
</canvas>
<canvas name="2" width="47" height="50">
<vector name="origin" x="23" y="55"/>
<int name="z" value="0"/>
<vector name="lt" x="-23" y="-57"/>
<vector name="rb" x="27" y="0"/>
<int name="delay" value="180"/>
<string name="_hash" value="8ff9ec33827417d502edb60de39a40c54056f6c7b89f460664423f1779d9735c"/>
</canvas>
<canvas name="3" width="47" height="49">
<vector name="origin" x="23" y="55"/>
<int name="z" value="0"/>
<vector name="lt" x="-23" y="-57"/>
<vector name="rb" x="27" y="0"/>
<int name="delay" value="180"/>
<string name="_hash" value="77b8d66a2d63ca1991bf1c7381e7b5fbc0254480558e60d55da3b969813923ab"/>
</canvas>
<canvas name="4" width="47" height="50">
<vector name="origin" x="23" y="55"/>
<int name="z" value="0"/>
<vector name="lt" x="-23" y="-57"/>
<vector name="rb" x="27" y="0"/>
<int name="delay" value="180"/>
<string name="_hash" value="84b257a93b359f7ef9ae8c02949aa9c221e78e8fb06e86b9aa6c1a479bb0338f"/>
</canvas>
<canvas name="5" width="47" height="51">
<vector name="origin" x="23" y="55"/>
<int name="z" value="0"/>
<vector name="lt" x="-23" y="-57"/>
<vector name="rb" x="27" y="0"/>
<int name="delay" value="180"/>
<string name="_hash" value="a9da886266db4ee503eee42ef4049051a03bcd5f5a28c14c3ed3c03ed5cdb1d6"/>
</canvas>
</imgdir>
<imgdir name="rest0">
<canvas name="0" width="46" height="45">
<vector name="origin" x="24" y="45"/>
<int name="z" value="0"/>
<vector name="lt" x="-23" y="-57"/>
<vector name="rb" x="27" y="0"/>
<int name="delay" value="180"/>
<string name="_hash" value="05c3eb2db1b35e8a69b6ea0ff1f0d14c7de27b2ddb225af800a6c6ed517c77a2"/>
</canvas>
<canvas name="1" width="46" height="45">
<vector name="origin" x="24" y="45"/>
<int name="z" value="0"/>
<vector name="lt" x="-23" y="-57"/>
<vector name="rb" x="27" y="0"/>
<int name="delay" value="180"/>
<string name="_hash" value="6e1f6e8a62529bdcfc2e43907e123d829c79d732009203a728e651ed70186d53"/>
</canvas>
<canvas name="2" width="46" height="45">
<vector name="origin" x="24" y="45"/>
<int name="z" value="0"/>
<vector name="lt" x="-23" y="-57"/>
<vector name="rb" x="27" y="0"/>
<int name="delay" value="180"/>
<string name="_hash" value="b62fc2f82428ebdf172417d15a5cf28b2f68f663310659c465d346fd3b244794"/>
</canvas>
<canvas name="3" width="1" height="1">
<vector name="origin" x="24" y="45"/>
<int name="z" value="0"/>
<vector name="lt" x="-23" y="-57"/>
<vector name="rb" x="27" y="0"/>
<int name="delay" value="180"/>
<string name="_inlink" value="rest0/1"/>
</canvas>
</imgdir>
<imgdir name="move">
<canvas name="0" width="1" height="1">
<vector name="origin" x="23" y="54"/>
<int name="z" value="0"/>
<vector name="lt" x="-23" y="-57"/>
<vector name="rb" x="27" y="0"/>
<int name="delay" value="180"/>
<string name="_inlink" value="stand0/0"/>
</canvas>
<canvas name="1" width="1" height="1">
<vector name="origin" x="23" y="55"/>
<int name="z" value="0"/>
<vector name="lt" x="-23" y="-57"/>
<vector name="rb" x="27" y="0"/>
<int name="delay" value="180"/>
<string name="_inlink" value="stand0/1"/>
</canvas>
<canvas name="2" width="1" height="1">
<vector name="origin" x="23" y="56"/>
<int name="z" value="0"/>
<vector name="lt" x="-23" y="-57"/>
<vector name="rb" x="27" y="0"/>
<int name="delay" value="180"/>
<string name="_inlink" value="stand0/2"/>
</canvas>
<canvas name="3" width="1" height="1">
<vector name="origin" x="23" y="57"/>
<int name="z" value="0"/>
<vector name="lt" x="-23" y="-57"/>
<vector name="rb" x="27" y="0"/>
<int name="delay" value="180"/>
<string name="_inlink" value="stand0/3"/>
</canvas>
<canvas name="4" width="1" height="1">
<vector name="origin" x="23" y="56"/>
<int name="z" value="0"/>
<vector name="lt" x="-23" y="-57"/>
<vector name="rb" x="27" y="0"/>
<int name="delay" value="180"/>
<string name="_inlink" value="stand0/4"/>
</canvas>
<canvas name="5" width="1" height="1">
<vector name="origin" x="23" y="55"/>
<int name="z" value="0"/>
<vector name="lt" x="-23" y="-57"/>
<vector name="rb" x="27" y="0"/>
<int name="delay" value="180"/>
<string name="_inlink" value="stand0/5"/>
</canvas>
</imgdir>
<imgdir name="jump">
<canvas name="0" width="47" height="49">
<vector name="origin" x="23" y="54"/>
<int name="z" value="0"/>
<vector name="lt" x="-23" y="-57"/>
<vector name="rb" x="27" y="0"/>
<int name="delay" value="180"/>
<string name="_hash" value="bdd865147c7d86d5e982898250d47ffa2cf758a31ac60becd1a48afce503695e"/>
</canvas>
</imgdir>
<imgdir name="hang">
<canvas name="0" width="48" height="53">
<vector name="origin" x="26" y="64"/>
<int name="z" value="0"/>
<vector name="lt" x="-24" y="-59"/>
<vector name="rb" x="27" y="0"/>
<string name="_hash" value="e9ec55203885b9e58ae1cdf327400067f20db5d6219f72c6d03ee5b07e7b96e7"/>
</canvas>
</imgdir>
<imgdir name="hungry">
<canvas name="0" width="46" height="47">
<vector name="origin" x="24" y="50"/>
<int name="z" value="0"/>
<vector name="lt" x="-23" y="-57"/>
<vector name="rb" x="27" y="0"/>
<int name="delay" value="180"/>
<string name="_hash" value="7173f6c540de92c3fc73ea55136fdf5f14373662e103ffc8e2defe006bf03849"/>
</canvas>
<canvas name="1" width="46" height="47">
<vector name="origin" x="24" y="51"/>
<int name="z" value="0"/>
<vector name="lt" x="-23" y="-57"/>
<vector name="rb" x="27" y="0"/>
<int name="delay" value="180"/>
<string name="_hash" value="cdfb189add668cae422f4dc187881ba3f2c27ad48586b698f62a3c2636d86712"/>
</canvas>
<canvas name="2" width="46" height="47">
<vector name="origin" x="24" y="52"/>
<int name="z" value="0"/>
<vector name="lt" x="-23" y="-57"/>
<vector name="rb" x="27" y="0"/>
<int name="delay" value="180"/>
<string name="_hash" value="85a660e524cb882037dfa40ba3c207087edf3963d4d7cb08f035cce799484ee5"/>
</canvas>
<canvas name="3" width="46" height="47">
<vector name="origin" x="24" y="53"/>
<int name="z" value="0"/>
<vector name="lt" x="-23" y="-57"/>
<vector name="rb" x="27" y="0"/>
<int name="delay" value="180"/>
<string name="_hash" value="74cb4b6e52c3e53dfef5a9ed3ee705b4e0b6ab77eeefdad1fc827bfa0eb3660d"/>
</canvas>
<canvas name="4" width="46" height="47">
<vector name="origin" x="24" y="52"/>
<int name="z" value="0"/>
<vector name="lt" x="-23" y="-57"/>
<vector name="rb" x="27" y="0"/>
<int name="delay" value="180"/>
<string name="_hash" value="256cdd77c3aa672094ded19e79a94d0ccbecfbf75bedd07f15abea7184eb62fa"/>
</canvas>
<canvas name="5" width="46" height="47">
<vector name="origin" x="24" y="51"/>
<int name="z" value="0"/>
<vector name="lt" x="-23" y="-57"/>
<vector name="rb" x="27" y="0"/>
<int name="delay" value="180"/>
<string name="_hash" value="34801d7092605a79da0a7ca0cd80dd443d0178b1f676a48a438a440fbd4e5e53"/>
</canvas>
</imgdir>
<imgdir name="angry">
<canvas name="0" width="47" height="51">
<vector name="origin" x="23" y="55"/>
<int name="z" value="0"/>
<vector name="lt" x="-23" y="-57"/>
<vector name="rb" x="27" y="0"/>
<int name="delay" value="180"/>
<string name="_hash" value="e48af7645a50e4c9a5da9116e6dc3da76a54917324841d9153c14c405fee1a9e"/>
</canvas>
<canvas name="1" width="45" height="53">
<vector name="origin" x="22" y="58"/>
<int name="z" value="0"/>
<vector name="lt" x="-23" y="-57"/>
<vector name="rb" x="27" y="0"/>
<int name="delay" value="180"/>
<string name="_hash" value="3b9a4c8935361e4b42f2021d7108eacc764b6ae25b161b7e0a5e2179307f4a1b"/>
</canvas>
<canvas name="2" width="47" height="51">
<vector name="origin" x="23" y="57"/>
<int name="z" value="0"/>
<vector name="lt" x="-23" y="-57"/>
<vector name="rb" x="27" y="0"/>
<int name="delay" value="180"/>
<string name="_hash" value="a24f7f2b30dfcdef6a49d7c89a3fe81667fa13dac4c095e65112f420544335ba"/>
</canvas>
<canvas name="3" width="1" height="1">
<vector name="origin" x="22" y="58"/>
<int name="z" value="0"/>
<vector name="lt" x="-23" y="-57"/>
<vector name="rb" x="27" y="0"/>
<int name="delay" value="180"/>
<string name="_inlink" value="angry/1"/>
</canvas>
</imgdir>
<imgdir name="chat">
<canvas name="0" width="47" height="51">
<vector name="origin" x="23" y="54"/>
<int name="z" value="0"/>
<vector name="lt" x="-23" y="-57"/>
<vector name="rb" x="27" y="0"/>
<int name="delay" value="180"/>
<string name="_hash" value="fa6b461805b59de1c41e4898316c2df939554e315faa9e6e33eb481b8dafc85c"/>
</canvas>
<canvas name="1" width="47" height="51">
<vector name="origin" x="23" y="55"/>
<int name="z" value="0"/>
<vector name="lt" x="-23" y="-57"/>
<vector name="rb" x="27" y="0"/>
<int name="delay" value="180"/>
<string name="_hash" value="e01bcc28ebaea8fb2a1ea75635dd7761b7f8b88a3599a2fd0202872507b668f9"/>
</canvas>
<canvas name="2" width="47" height="51">
<vector name="origin" x="23" y="56"/>
<int name="z" value="0"/>
<vector name="lt" x="-23" y="-57"/>
<vector name="rb" x="27" y="0"/>
<int name="delay" value="180"/>
<string name="_hash" value="e1684d165a3361dc8ac7e89b4753b45dbb8a4914c422c8577b0c9f5c571c5dc0"/>
</canvas>
<canvas name="3" width="47" height="51">
<vector name="origin" x="23" y="57"/>
<int name="z" value="0"/>
<vector name="lt" x="-23" y="-57"/>
<vector name="rb" x="27" y="0"/>
<int name="delay" value="180"/>
<string name="_hash" value="d66f4fe5d3b48b45cc4b0dcee87a8f078f505884b45c82328faa0e32fc40e36c"/>
</canvas>
<canvas name="4" width="47" height="51">
<vector name="origin" x="23" y="56"/>
<int name="z" value="0"/>
<vector name="lt" x="-23" y="-57"/>
<vector name="rb" x="27" y="0"/>
<int name="delay" value="180"/>
<string name="_hash" value="502c945a26ab67059b048929c17ae8e0d62f4d6c120741ee8d66f3aad9e5bed8"/>
</canvas>
<canvas name="5" width="47" height="51">
<vector name="origin" x="23" y="55"/>
<int name="z" value="0"/>
<vector name="lt" x="-23" y="-57"/>
<vector name="rb" x="27" y="0"/>
<int name="delay" value="180"/>
<string name="_hash" value="806837488ea75ebb516c937d0a8f40a6bb3dd5f8db4b433785b81af04a2697b3"/>
</canvas>
</imgdir>
<imgdir name="love">
<canvas name="0" width="47" height="51">
<vector name="origin" x="23" y="54"/>
<int name="z" value="0"/>
<vector name="lt" x="-23" y="-57"/>
<vector name="rb" x="27" y="0"/>
<int name="delay" value="180"/>
<string name="_hash" value="9696952feed84bb76610808486dab16f7e236e628fab78cae58cbe63a6f6f4e7"/>
</canvas>
<canvas name="1" width="47" height="51">
<vector name="origin" x="23" y="55"/>
<int name="z" value="0"/>
<vector name="lt" x="-23" y="-57"/>
<vector name="rb" x="27" y="0"/>
<int name="delay" value="180"/>
<string name="_hash" value="bfef666c763fa170714dc6f089aea21d18d07765d8c2843284f30f7771745c76"/>
</canvas>
<canvas name="2" width="49" height="51">
<vector name="origin" x="25" y="56"/>
<int name="z" value="0"/>
<vector name="lt" x="-23" y="-57"/>
<vector name="rb" x="27" y="0"/>
<int name="delay" value="180"/>
<string name="_hash" value="8474d02b82c6de3d722c373ca5eda7c7851114a1cbcf5cfce94ca51caf3530ed"/>
</canvas>
<canvas name="3" width="50" height="51">
<vector name="origin" x="26" y="57"/>
<int name="z" value="0"/>
<vector name="lt" x="-23" y="-57"/>
<vector name="rb" x="27" y="0"/>
<int name="delay" value="180"/>
<string name="_hash" value="aa208166263025a56b5b4f04d7ae469a386c868d70dd06be99095e4617449fdb"/>
</canvas>
<canvas name="4" width="51" height="51">
<vector name="origin" x="27" y="56"/>
<int name="z" value="0"/>
<vector name="lt" x="-23" y="-57"/>
<vector name="rb" x="27" y="0"/>
<int name="delay" value="180"/>
<string name="_hash" value="64ee8a8408742f7a3ca16f4807e794be9a9c2bce1f4627437b54146ae5d63992"/>
</canvas>
<canvas name="5" width="51" height="51">
<vector name="origin" x="27" y="55"/>
<int name="z" value="0"/>
<vector name="lt" x="-23" y="-57"/>
<vector name="rb" x="27" y="0"/>
<int name="delay" value="180"/>
<string name="_hash" value="43e55f564cf62a660cb3d0aab2ca6d5b54942eb1516d7ee96a31090c354f1134"/>
</canvas>
</imgdir>
<imgdir name="eat">
<canvas name="0" width="47" height="51">
<vector name="origin" x="23" y="54"/>
<int name="z" value="0"/>
<vector name="lt" x="-23" y="-57"/>
<vector name="rb" x="27" y="0"/>
<int name="delay" value="180"/>
<string name="_hash" value="15a01dc692f35873da5b75d6ace80cb0268eaecede49dbfe52a6d9b084ab55fa"/>
</canvas>
<canvas name="1" width="47" height="51">
<vector name="origin" x="23" y="55"/>
<int name="z" value="0"/>
<vector name="lt" x="-23" y="-57"/>
<vector name="rb" x="27" y="0"/>
<int name="delay" value="180"/>
<string name="_hash" value="e4d5411d557cde268f0dd30cfedd06da91acb231960aa61c135a9cf9b2078dfb"/>
</canvas>
<canvas name="2" width="47" height="51">
<vector name="origin" x="23" y="56"/>
<int name="z" value="0"/>
<vector name="lt" x="-23" y="-57"/>
<vector name="rb" x="27" y="0"/>
<int name="delay" value="180"/>
<string name="_hash" value="a0692258e06719d2399d051a3de545721eb7e41f3ed8564f9754517eeaeaefdb"/>
</canvas>
<canvas name="3" width="47" height="51">
<vector name="origin" x="23" y="57"/>
<int name="z" value="0"/>
<vector name="lt" x="-23" y="-57"/>
<vector name="rb" x="27" y="0"/>
<int name="delay" value="180"/>
<string name="_hash" value="d883d4e8fd6e4d9fcf987b7ccff61fb7350fa3488c2fc7e85521a90f965827cf"/>
</canvas>
<canvas name="4" width="47" height="51">
<vector name="origin" x="23" y="56"/>
<int name="z" value="0"/>
<vector name="lt" x="-23" y="-57"/>
<vector name="rb" x="27" y="0"/>
<int name="delay" value="180"/>
<string name="_hash" value="d7b6facf8812bd2b4790f6ba8ee5fc20e20072873d7dec9134702f778dde7466"/>
</canvas>
<canvas name="5" width="47" height="51">
<vector name="origin" x="23" y="55"/>
<int name="z" value="0"/>
<vector name="lt" x="-23" y="-57"/>
<vector name="rb" x="27" y="0"/>
<int name="delay" value="180"/>
<string name="_hash" value="e8cd007fdbcf7a4e82e21e8aa16849a72519fade2c011f4c1dcae1be69001e19"/>
</canvas>
</imgdir>
<imgdir name="dung">
<canvas name="0" width="46" height="49">
<vector name="origin" x="22" y="49"/>
<int name="z" value="0"/>
<vector name="lt" x="-23" y="-57"/>
<vector name="rb" x="27" y="0"/>
<int name="delay" value="180"/>
<string name="_hash" value="b7c05c3399b7eb56fb178de637ba60ef43d83c1d7e471090ed0796590b56a1d5"/>
</canvas>
<canvas name="1" width="46" height="52">
<vector name="origin" x="22" y="52"/>
<int name="z" value="0"/>
<vector name="lt" x="-23" y="-57"/>
<vector name="rb" x="27" y="0"/>
<int name="delay" value="180"/>
<string name="_hash" value="7ea220e1aa62dc9011a4d3154837ecb9934cc1f2b6869001283c5f3e8de884d2"/>
</canvas>
<canvas name="2" width="52" height="59">
<vector name="origin" x="22" y="59"/>
<int name="z" value="0"/>
<vector name="lt" x="-23" y="-57"/>
<vector name="rb" x="27" y="0"/>
<int name="delay" value="180"/>
<string name="_hash" value="bea131d884d1cbb8bd06e3ecdc0d02ddfc264c322662c9e42eb0ac65b03c2e55"/>
</canvas>
<canvas name="3" width="54" height="61">
<vector name="origin" x="22" y="61"/>
<int name="z" value="0"/>
<vector name="lt" x="-23" y="-57"/>
<vector name="rb" x="27" y="0"/>
<int name="delay" value="180"/>
<string name="_hash" value="26623f9e6f59f0f30509ba28c1f3ab9cc13c18c0073d142e420c858fdf52f6de"/>
</canvas>
</imgdir>
<imgdir name="sleep">
<canvas name="0" width="47" height="51">
<vector name="origin" x="23" y="54"/>
<int name="z" value="0"/>
<vector name="lt" x="-23" y="-57"/>
<vector name="rb" x="27" y="0"/>
<int name="delay" value="180"/>
<string name="_hash" value="28a72029c9cf2bcfa7fa8620c98ffcb8d74a79f579d165c36ea2add72ffdec79"/>
</canvas>
<canvas name="1" width="47" height="51">
<vector name="origin" x="23" y="55"/>
<int name="z" value="0"/>
<vector name="lt" x="-23" y="-57"/>
<vector name="rb" x="27" y="0"/>
<int name="delay" value="180"/>
<string name="_hash" value="7471d16198aedac607e16cdfaeaf49d6daadd8cb872f5d6bcd00d4ffcda7a8f2"/>
</canvas>
<canvas name="2" width="49" height="51">
<vector name="origin" x="25" y="56"/>
<int name="z" value="0"/>
<vector name="lt" x="-23" y="-57"/>
<vector name="rb" x="27" y="0"/>
<int name="delay" value="180"/>
<string name="_hash" value="8618116ba73f2970f5dc029ecede79a0ed44be09c16cbade95161c353b9e91d7"/>
</canvas>
<canvas name="3" width="48" height="51">
<vector name="origin" x="24" y="57"/>
<int name="z" value="0"/>
<vector name="lt" x="-23" y="-57"/>
<vector name="rb" x="27" y="0"/>
<int name="delay" value="180"/>
<string name="_hash" value="51fa6e5dca11cc9c7218c9e6c95c13381698305337809dbf5b6d4ba8ad422cf4"/>
</canvas>
<canvas name="4" width="48" height="51">
<vector name="origin" x="24" y="56"/>
<int name="z" value="0"/>
<vector name="lt" x="-23" y="-57"/>
<vector name="rb" x="27" y="0"/>
<int name="delay" value="180"/>
<string name="_hash" value="73c5f4764e43e550c9a6d958c680967d6a5e68aabfd513e2827fdf1a09e25f4d"/>
</canvas>
<canvas name="5" width="51" height="51">
<vector name="origin" x="27" y="55"/>
<int name="z" value="0"/>
<vector name="lt" x="-23" y="-57"/>
<vector name="rb" x="27" y="0"/>
<int name="delay" value="180"/>
<string name="_hash" value="09f48107f496c2b681978f52d9331618d25d1f835a5b05a29347dfddae01fad5"/>
</canvas>
</imgdir>
<imgdir name="cry">
<canvas name="0" width="46" height="47">
<vector name="origin" x="24" y="50"/>
<int name="z" value="0"/>
<vector name="lt" x="-23" y="-57"/>
<vector name="rb" x="27" y="0"/>
<int name="delay" value="180"/>
<string name="_hash" value="e6e8f61c75b3edf06e7d4579a28c255df0449ad788414945ced3e05748f99d0f"/>
</canvas>
<canvas name="1" width="46" height="47">
<vector name="origin" x="24" y="51"/>
<int name="z" value="0"/>
<vector name="lt" x="-23" y="-57"/>
<vector name="rb" x="27" y="0"/>
<int name="delay" value="180"/>
<string name="_hash" value="31c899233c7d4434b4d41754e4efcb1be78875c12dd3d1c153486d261fb0c937"/>
</canvas>
<canvas name="2" width="46" height="47">
<vector name="origin" x="24" y="52"/>
<int name="z" value="0"/>
<vector name="lt" x="-23" y="-57"/>
<vector name="rb" x="27" y="0"/>
<int name="delay" value="180"/>
<string name="_hash" value="2f5b210037e15ce0b926be01c2638480355a81502e32b890d92c39f51845cbbf"/>
</canvas>
<canvas name="3" width="46" height="47">
<vector name="origin" x="24" y="53"/>
<int name="z" value="0"/>
<vector name="lt" x="-23" y="-57"/>
<vector name="rb" x="27" y="0"/>
<int name="delay" value="180"/>
<string name="_hash" value="d9ff18d65adbbda00e7323c81893c5ac433eab3d8419b8ce71032153f2d6973f"/>
</canvas>
<canvas name="4" width="46" height="47">
<vector name="origin" x="24" y="52"/>
<int name="z" value="0"/>
<vector name="lt" x="-23" y="-57"/>
<vector name="rb" x="27" y="0"/>
<int name="delay" value="180"/>
<string name="_hash" value="4ebb4b15d563f1a4ef721457c52937ef429e59ecbe74751dd51eaea97aa31585"/>
</canvas>
<canvas name="5" width="46" height="47">
<vector name="origin" x="24" y="51"/>
<int name="z" value="0"/>
<vector name="lt" x="-23" y="-57"/>
<vector name="rb" x="27" y="0"/>
<int name="delay" value="180"/>
<string name="_hash" value="bb76b63693aed77c2080e7c4c5bbcb1e7f0166d236e54fa0e74854cd9416d312"/>
</canvas>
</imgdir>
<imgdir name="ok">
<canvas name="0" width="1" height="1">
<vector name="origin" x="23" y="54"/>
<int name="z" value="0"/>
<vector name="lt" x="-23" y="-57"/>
<vector name="rb" x="27" y="0"/>
<int name="delay" value="180"/>
<string name="_inlink" value="stand0/0"/>
</canvas>
<canvas name="1" width="52" height="59">
<vector name="origin" x="25" y="60"/>
<int name="z" value="0"/>
<vector name="lt" x="-23" y="-57"/>
<vector name="rb" x="27" y="0"/>
<int name="delay" value="180"/>
<string name="_hash" value="bee1e069b7c6caeef2f168aa7bd0cf97ada584a90baf2e3b8a98778201787363"/>
</canvas>
<canvas name="2" width="58" height="64">
<vector name="origin" x="27" y="63"/>
<int name="z" value="0"/>
<vector name="lt" x="-23" y="-57"/>
<vector name="rb" x="27" y="0"/>
<int name="delay" value="180"/>
<string name="_hash" value="d3504423690f6e355a1b1d92d51d7ad39f63f73c582b74bef735bea4b6f93dc6"/>
</canvas>
<canvas name="3" width="61" height="68">
<vector name="origin" x="28" y="65"/>
<int name="z" value="0"/>
<vector name="lt" x="-23" y="-57"/>
<vector name="rb" x="27" y="0"/>
<int name="delay" value="180"/>
<string name="_hash" value="b5b0638c5e712a2e454d114ccc4b6b91811157c30c543645f8b82e922514935a"/>
</canvas>
<canvas name="4" width="62" height="69">
<vector name="origin" x="28" y="66"/>
<int name="z" value="0"/>
<vector name="lt" x="-23" y="-57"/>
<vector name="rb" x="27" y="0"/>
<int name="delay" value="180"/>
<string name="_hash" value="f41b974e14b90d1c1aea822407db5c77c35581cdc7f548c4258db1daa1a6de4a"/>
</canvas>
<canvas name="5" width="62" height="70">
<vector name="origin" x="27" y="67"/>
<int name="z" value="0"/>
<vector name="lt" x="-23" y="-57"/>
<vector name="rb" x="27" y="0"/>
<int name="delay" value="180"/>
<string name="_hash" value="4b45ceca4e4f28e6f7f9f6aaa40755ded64ce59a22f57ccecd11edb171db92ac"/>
</canvas>
</imgdir>
<imgdir name="fly">
<uol name="0" value="../jump/0"/>
</imgdir>
</imgdir>
