<?xml version="1.0" encoding="UTF-8" standalone="yes"?>
<imgdir name="5000977.img">
<imgdir name="info">
<canvas name="icon" width="31" height="25">
<vector name="origin" x="-1" y="26"/>
<string name="_hash" value="0e10b56241136c733e8fecb7ece814d9a1fecdcb6ead33527232f01d0ffd7d40"/>
</canvas>
<canvas name="iconRaw" width="30" height="25">
<vector name="origin" x="-1" y="26"/>
<string name="_hash" value="bc7f8b13f429acb5f8f5434784314616845678cc1016f50a548f6f10f535cc1d"/>
</canvas>
<canvas name="iconD" width="30" height="25">
<vector name="origin" x="-2" y="26"/>
<string name="_hash" value="c980a89ac85d108322603cce55d71190c3e2a79a4278ae61dc33b3c50bff74b2"/>
</canvas>
<canvas name="iconRawD" width="26" height="25">
<vector name="origin" x="-3" y="26"/>
<string name="_hash" value="9109015a755e373af9102f30fa80b897da352ed4132902adf8326b5398c0bc7d"/>
</canvas>
<int name="hungry" value="2"/>
<int name="cash" value="1"/>
<int name="life" value="90"/>
<int name="chatBalloon" value="391"/>
<int name="nameTag" value="391"/>
<int name="sweepForDrop" value="1"/>
<int name="pickupItem" value="1"/>
<int name="longRange" value="1"/>
<int name="multiPet" value="1"/>
<int name="autoBuff" value="1"/>
<int name="setItemID" value="746"/>
</imgdir>
<imgdir name="interact">
<imgdir name="0">
<string name="command" value="c1"/>
<int name="inc" value="1"/>
<int name="prob" value="45"/>
<int name="l0" value="1"/>
<int name="l1" value="9"/>
<imgdir name="success">
<imgdir name="0">
<string name="act" value="rest0"/>
<string name="0" value="c1_s1"/>
<string name="1" value="c1_s2"/>
</imgdir>
</imgdir>
<imgdir name="fail">
<imgdir name="0">
<string name="act" value="stand0"/>
<string name="0" value="c1_f1"/>
<string name="1" value="c1_f2"/>
</imgdir>
</imgdir>
</imgdir>
<imgdir name="1">
<string name="command" value="c2"/>
<int name="inc" value="2"/>
<int name="prob" value="60"/>
<int name="l0" value="10"/>
<int name="l1" value="19"/>
<imgdir name="success">
<imgdir name="0">
<string name="act" value="rest0"/>
<string name="0" value="c2_s1"/>
<string name="1" value="c2_s2"/>
<string name="2" value="c2_s3"/>
</imgdir>
</imgdir>
<imgdir name="fail">
<imgdir name="0">
<string name="act" value="stand1"/>
<string name="0" value="c2_f1"/>
<string name="1" value="c2_f2"/>
<string name="2" value="c2_f3"/>
</imgdir>
</imgdir>
</imgdir>
<imgdir name="2">
<string name="command" value="c3"/>
<int name="inc" value="2"/>
<int name="prob" value="75"/>
<int name="l0" value="20"/>
<int name="l1" value="29"/>
<imgdir name="success">
<imgdir name="0">
<string name="act" value="rest0"/>
<string name="0" value="c3_s1"/>
<string name="1" value="c3_s2"/>
<string name="2" value="c3_s3"/>
</imgdir>
</imgdir>
<imgdir name="fail">
<imgdir name="0">
<string name="act" value="stand1"/>
<string name="0" value="c3_f1"/>
<string name="1" value="c3_f2"/>
<string name="2" value="c3_f3"/>
</imgdir>
</imgdir>
</imgdir>
<imgdir name="3">
<string name="command" value="c4"/>
<int name="inc" value="3"/>
<int name="prob" value="45"/>
<int name="l0" value="30"/>
<int name="l1" value="30"/>
<imgdir name="success">
<imgdir name="0">
<string name="act" value="rest0"/>
<string name="0" value="c4_s1"/>
</imgdir>
</imgdir>
<imgdir name="fail">
<imgdir name="0">
<string name="act" value="stand0"/>
<string name="0" value="c4_f1"/>
</imgdir>
</imgdir>
</imgdir>
<imgdir name="4">
<string name="command" value="c5"/>
<int name="inc" value="1"/>
<int name="prob" value="60"/>
<int name="l0" value="1"/>
<int name="l1" value="9"/>
<imgdir name="success">
<imgdir name="0">
<string name="act" value="cry"/>
<string name="0" value="c5_s1"/>
<string name="1" value="c5_s2"/>
</imgdir>
</imgdir>
<imgdir name="fail">
<imgdir name="0">
<string name="act" value="stand1"/>
<string name="0" value="c5_f1"/>
<string name="1" value="c5_f2"/>
</imgdir>
</imgdir>
</imgdir>
<imgdir name="5">
<string name="command" value="c6"/>
<int name="inc" value="2"/>
<int name="prob" value="75"/>
<int name="l0" value="10"/>
<int name="l1" value="19"/>
<imgdir name="success">
<imgdir name="0">
<string name="act" value="cry"/>
<string name="0" value="c6_s1"/>
<string name="1" value="c6_s2"/>
<string name="2" value="c6_s3"/>
</imgdir>
</imgdir>
<imgdir name="fail">
<imgdir name="0">
<string name="act" value="stand1"/>
<string name="0" value="c6_f1"/>
<string name="1" value="c6_f2"/>
<string name="2" value="c6_f3"/>
</imgdir>
</imgdir>
</imgdir>
<imgdir name="6">
<string name="command" value="c7"/>
<int name="inc" value="2"/>
<int name="prob" value="45"/>
<int name="l0" value="20"/>
<int name="l1" value="29"/>
<imgdir name="success">
<imgdir name="0">
<string name="act" value="cry"/>
<string name="0" value="c7_s1"/>
<string name="1" value="c7_s2"/>
<string name="2" value="c7_s3"/>
</imgdir>
</imgdir>
<imgdir name="fail">
<imgdir name="0">
<string name="act" value="stand1"/>
<string name="0" value="c7_f1"/>
<string name="1" value="c7_f2"/>
<string name="2" value="c7_f3"/>
</imgdir>
</imgdir>
</imgdir>
<imgdir name="7">
<string name="command" value="c8"/>
<int name="inc" value="3"/>
<int name="prob" value="60"/>
<int name="l0" value="30"/>
<int name="l1" value="30"/>
<imgdir name="success">
<imgdir name="0">
<string name="act" value="cry"/>
<string name="0" value="c8_s1"/>
</imgdir>
</imgdir>
<imgdir name="fail">
<imgdir name="0">
<string name="act" value="stand1"/>
<string name="0" value="c8_f1"/>
</imgdir>
</imgdir>
</imgdir>
<imgdir name="8">
<string name="command" value="c9"/>
<int name="inc" value="1"/>
<int name="prob" value="75"/>
<int name="l0" value="1"/>
<int name="l1" value="9"/>
<imgdir name="success">
<imgdir name="0">
<string name="act" value="love"/>
<string name="0" value="c9_s1"/>
<string name="1" value="c9_s2"/>
</imgdir>
</imgdir>
<imgdir name="fail">
<imgdir name="0">
<string name="act" value="stand0"/>
<string name="0" value="c9_f1"/>
<string name="1" value="c9_f2"/>
</imgdir>
</imgdir>
</imgdir>
<imgdir name="9">
<string name="command" value="c10"/>
<int name="inc" value="2"/>
<int name="prob" value="55"/>
<int name="l0" value="10"/>
<int name="l1" value="19"/>
<imgdir name="success">
<imgdir name="0">
<string name="act" value="love"/>
<string name="0" value="c10_s1"/>
<string name="1" value="c10_s2"/>
<string name="2" value="c10_s3"/>
</imgdir>
</imgdir>
<imgdir name="fail">
<imgdir name="0">
<string name="act" value="stand0"/>
<string name="0" value="c10_f1"/>
<string name="1" value="c10_f2"/>
<string name="2" value="c10_f3"/>
</imgdir>
</imgdir>
</imgdir>
<imgdir name="10">
<string name="command" value="c11"/>
<int name="inc" value="2"/>
<int name="prob" value="60"/>
<int name="l0" value="20"/>
<int name="l1" value="29"/>
<imgdir name="success">
<imgdir name="0">
<string name="act" value="love"/>
<string name="0" value="c11_s1"/>
<string name="1" value="c11_s2"/>
<string name="2" value="c11_s3"/>
</imgdir>
</imgdir>
<imgdir name="fail">
<imgdir name="0">
<string name="act" value="what"/>
<string name="0" value="c11_f1"/>
<string name="1" value="c11_f2"/>
<string name="2" value="c11_f3"/>
</imgdir>
</imgdir>
</imgdir>
<imgdir name="11">
<string name="command" value="c12"/>
<int name="inc" value="3"/>
<int name="prob" value="75"/>
<int name="l0" value="30"/>
<int name="l1" value="30"/>
<imgdir name="success">
<imgdir name="0">
<string name="act" value="love"/>
<string name="0" value="c12_s1"/>
</imgdir>
</imgdir>
<imgdir name="fail">
<imgdir name="0">
<string name="act" value="stand0"/>
<string name="0" value="c12_f1"/>
</imgdir>
</imgdir>
</imgdir>
<imgdir name="12">
<string name="command" value="c13"/>
<int name="inc" value="2"/>
<int name="prob" value="45"/>
<int name="l0" value="10"/>
<int name="l1" value="19"/>
<imgdir name="success">
<imgdir name="0">
<string name="act" value="dung"/>
<string name="0" value="c13_s1"/>
<string name="1" value="c13_s2"/>
</imgdir>
</imgdir>
<imgdir name="fail">
<imgdir name="0">
<string name="act" value="what"/>
<string name="0" value="c13_f1"/>
<string name="1" value="c13_f2"/>
</imgdir>
</imgdir>
</imgdir>
<imgdir name="13">
<string name="command" value="c14"/>
<int name="inc" value="2"/>
<int name="prob" value="60"/>
<int name="l0" value="20"/>
<int name="l1" value="29"/>
<imgdir name="success">
<imgdir name="0">
<string name="act" value="dung"/>
<string name="0" value="c14_s1"/>
<string name="1" value="c14_s2"/>
<string name="2" value="c14_s3"/>
</imgdir>
</imgdir>
<imgdir name="fail">
<imgdir name="0">
<string name="act" value="cry"/>
<string name="0" value="c14_f1"/>
<string name="1" value="c14_f2"/>
<string name="2" value="c14_f3"/>
</imgdir>
</imgdir>
</imgdir>
<imgdir name="14">
<string name="command" value="c15"/>
<int name="inc" value="3"/>
<int name="prob" value="75"/>
<int name="l0" value="30"/>
<int name="l1" value="30"/>
<imgdir name="success">
<imgdir name="0">
<string name="act" value="dung"/>
<string name="0" value="c15_s1"/>
<string name="1" value="c15_s2"/>
<string name="2" value="c15_s3"/>
</imgdir>
</imgdir>
<imgdir name="fail">
<imgdir name="0">
<string name="act" value="chat"/>
<string name="0" value="c15_f1"/>
<string name="1" value="c15_f2"/>
<string name="2" value="c15_f3"/>
</imgdir>
</imgdir>
</imgdir>
<imgdir name="15">
<string name="command" value="c16"/>
<int name="inc" value="2"/>
<int name="prob" value="80"/>
<int name="l0" value="10"/>
<int name="l1" value="19"/>
<imgdir name="success">
<imgdir name="0">
<string name="act" value="sleep"/>
<string name="0" value="c16_s2"/>
</imgdir>
</imgdir>
<imgdir name="fail">
<imgdir name="0">
<string name="act" value="hungry"/>
<string name="0" value="c16_f1"/>
<string name="1" value="c16_f2"/>
</imgdir>
</imgdir>
</imgdir>
<imgdir name="16">
<string name="command" value="c17"/>
<int name="inc" value="2"/>
<int name="prob" value="80"/>
<int name="l0" value="20"/>
<int name="l1" value="29"/>
<imgdir name="success">
<imgdir name="0">
<string name="act" value="sleep"/>
<string name="0" value="c17_s1"/>
<string name="1" value="c17_s2"/>
</imgdir>
</imgdir>
<imgdir name="fail">
<imgdir name="0">
<string name="act" value="jump"/>
<string name="0" value="c17_f1"/>
<string name="1" value="c17_f4"/>
</imgdir>
</imgdir>
</imgdir>
<imgdir name="17">
<string name="command" value="c18"/>
<int name="inc" value="3"/>
<int name="prob" value="80"/>
<int name="l0" value="30"/>
<int name="l1" value="30"/>
<imgdir name="success">
<imgdir name="0">
<string name="act" value="sleep"/>
<string name="0" value="c18_s1"/>
<string name="1" value="c18_s2"/>
<string name="2" value="c18_s3"/>
</imgdir>
</imgdir>
<imgdir name="fail">
<imgdir name="0">
<string name="act" value="move"/>
<string name="0" value="c18_f1"/>
<string name="1" value="c18_f2"/>
<string name="2" value="c18_f3"/>
</imgdir>
</imgdir>
</imgdir>
<imgdir name="18">
<string name="command" value="c19"/>
<int name="inc" value="2"/>
<int name="prob" value="50"/>
<int name="l0" value="10"/>
<int name="l1" value="19"/>
<imgdir name="success">
<imgdir name="0">
<string name="act" value="chat"/>
<string name="0" value="c19_s1"/>
<string name="1" value="c19_s2"/>
<string name="2" value="c19_s3"/>
</imgdir>
</imgdir>
<imgdir name="fail">
<imgdir name="0">
<string name="act" value="what"/>
<string name="0" value="c19_f1"/>
<string name="1" value="c19_f2"/>
<string name="2" value="c19_f3"/>
</imgdir>
</imgdir>
</imgdir>
<imgdir name="19">
<string name="command" value="c20"/>
<int name="inc" value="2"/>
<int name="prob" value="65"/>
<int name="l0" value="20"/>
<int name="l1" value="29"/>
<imgdir name="success">
<imgdir name="0">
<string name="act" value="chat"/>
<string name="0" value="c20_s1"/>
</imgdir>
</imgdir>
<imgdir name="fail">
<imgdir name="0">
<string name="act" value="what"/>
<string name="0" value="c20_f1"/>
</imgdir>
</imgdir>
</imgdir>
<imgdir name="20">
<string name="command" value="c21"/>
<int name="inc" value="3"/>
<int name="prob" value="80"/>
<int name="l0" value="30"/>
<int name="l1" value="30"/>
<imgdir name="success">
<imgdir name="0">
<string name="act" value="chat"/>
<string name="0" value="c21_s1"/>
<string name="1" value="c21_s2"/>
</imgdir>
</imgdir>
<imgdir name="fail">
<imgdir name="0">
<string name="act" value="what"/>
<string name="0" value="c21_f1"/>
<string name="1" value="c21_f2"/>
</imgdir>
</imgdir>
</imgdir>
</imgdir>
<imgdir name="food">
<imgdir name="0">
<int name="l0" value="1"/>
<int name="l1" value="9"/>
<imgdir name="success">
<imgdir name="0">
<string name="act" value="eat"/>
<string name="0" value="f1_s"/>
</imgdir>
</imgdir>
<imgdir name="fail">
<imgdir name="0">
<string name="act" value="cry"/>
<string name="0" value="f1_f"/>
</imgdir>
</imgdir>
</imgdir>
<imgdir name="1">
<int name="l0" value="10"/>
<int name="l1" value="19"/>
<imgdir name="success">
<imgdir name="0">
<string name="act" value="eat"/>
<string name="0" value="f2_s"/>
</imgdir>
</imgdir>
<imgdir name="fail">
<imgdir name="0">
<string name="act" value="cry"/>
<string name="0" value="f2_f"/>
</imgdir>
</imgdir>
</imgdir>
<imgdir name="2">
<int name="l0" value="20"/>
<int name="l1" value="29"/>
<imgdir name="success">
<imgdir name="0">
<string name="act" value="eat"/>
<string name="0" value="f3_s"/>
</imgdir>
</imgdir>
<imgdir name="fail">
<imgdir name="0">
<string name="act" value="cry"/>
<string name="0" value="f3_f"/>
</imgdir>
</imgdir>
</imgdir>
<imgdir name="3">
<int name="l0" value="30"/>
<int name="l1" value="30"/>
<imgdir name="success">
<imgdir name="0">
<string name="act" value="eat"/>
<string name="0" value="f4_s"/>
</imgdir>
</imgdir>
<imgdir name="fail">
<imgdir name="0">
<string name="act" value="cry"/>
<string name="0" value="f4_f"/>
</imgdir>
</imgdir>
</imgdir>
</imgdir>
<imgdir name="slang">
<imgdir name="0">
<int name="l0" value="1"/>
<int name="l1" value="9"/>
<string name="act" value="cry"/>
<string name="0" value="s1"/>
</imgdir>
<imgdir name="1">
<int name="l0" value="10"/>
<int name="l1" value="19"/>
<string name="act" value="cry"/>
<string name="0" value="s2"/>
</imgdir>
<imgdir name="2">
<int name="l0" value="20"/>
<int name="l1" value="29"/>
<string name="act" value="angry"/>
<string name="0" value="s3"/>
</imgdir>
<imgdir name="3">
<int name="l0" value="30"/>
<int name="l1" value="30"/>
<string name="act" value="angry"/>
<string name="0" value="s4"/>
</imgdir>
</imgdir>
<imgdir name="stand0">
<canvas name="0" width="31" height="30">
<vector name="origin" x="14" y="29"/>
<int name="z" value="0"/>
<int name="delay" value="150"/>
<vector name="lt" x="-16" y="-31"/>
<vector name="rb" x="16" y="0"/>
<string name="_hash" value="054648393a3fbf7e9c2a5d8fe33dce45758479eb3ce175d3250f8fddf7ffcbce"/>
</canvas>
<canvas name="1" width="1" height="1">
<vector name="origin" x="14" y="29"/>
<int name="z" value="0"/>
<int name="delay" value="150"/>
<vector name="lt" x="-16" y="-31"/>
<vector name="rb" x="16" y="0"/>
<string name="_inlink" value="stand0/0"/>
</canvas>
<canvas name="2" width="1" height="1">
<vector name="origin" x="14" y="29"/>
<int name="z" value="0"/>
<int name="delay" value="150"/>
<vector name="lt" x="-16" y="-31"/>
<vector name="rb" x="16" y="0"/>
<string name="_inlink" value="stand0/0"/>
</canvas>
<canvas name="3" width="31" height="30">
<vector name="origin" x="14" y="29"/>
<int name="z" value="0"/>
<int name="delay" value="150"/>
<vector name="lt" x="-16" y="-31"/>
<vector name="rb" x="16" y="0"/>
<string name="_hash" value="1a0d5adf33ba15fd13e9cc14c7c63cf8c0870a82539bf0f23770e75bd09c0d9b"/>
</canvas>
</imgdir>
<imgdir name="stand1">
<canvas name="0" width="1" height="1">
<vector name="origin" x="14" y="29"/>
<int name="z" value="0"/>
<int name="delay" value="150"/>
<vector name="lt" x="-16" y="-31"/>
<vector name="rb" x="16" y="0"/>
<string name="_inlink" value="stand0/0"/>
</canvas>
<canvas name="1" width="32" height="30">
<vector name="origin" x="15" y="29"/>
<int name="z" value="0"/>
<int name="delay" value="150"/>
<vector name="lt" x="-16" y="-31"/>
<vector name="rb" x="16" y="0"/>
<string name="_hash" value="316a81c0cc00bd970fbbcf0190ec58b1b9df3a3fe23102b423cb1bdd57e44913"/>
</canvas>
<canvas name="2" width="34" height="29">
<vector name="origin" x="16" y="28"/>
<int name="z" value="0"/>
<int name="delay" value="150"/>
<vector name="lt" x="-16" y="-31"/>
<vector name="rb" x="16" y="0"/>
<string name="_hash" value="d732c5e021c2a34c1d4b4e5aef6dacfd001281aa3d70e81ba24e13faf2eee11f"/>
</canvas>
<canvas name="3" width="1" height="1">
<vector name="origin" x="15" y="29"/>
<int name="z" value="0"/>
<int name="delay" value="150"/>
<vector name="lt" x="-16" y="-31"/>
<vector name="rb" x="16" y="0"/>
<string name="_inlink" value="stand1/1"/>
</canvas>
</imgdir>
<imgdir name="rest0">
<canvas name="0 " width="31" height="28">
<vector name="origin" x="13" y="27"/>
<int name="z" value="0"/>
<int name="delay" value="150"/>
<vector name="lt" x="-15" y="-27"/>
<vector name="rb" x="18" y="1"/>
<string name="_hash" value="0f896697a217919c41f50852a912af010c1d4bdf2e48ab8b0651a9ed094ed593"/>
</canvas>
<canvas name="1" width="1" height="1">
<vector name="origin" x="13" y="27"/>
<int name="z" value="0"/>
<int name="delay" value="150"/>
<vector name="lt" x="-15" y="-27"/>
<vector name="rb" x="18" y="1"/>
<string name="_inlink" value="rest0/0 "/>
</canvas>
<canvas name="2" width="31" height="28">
<vector name="origin" x="13" y="27"/>
<int name="z" value="0"/>
<int name="delay" value="150"/>
<vector name="lt" x="-15" y="-27"/>
<vector name="rb" x="18" y="1"/>
<string name="_hash" value="4bbd395061b980de8495ec950f7d08e8c2a3be7f124b3f334109bc83149e2a0b"/>
</canvas>
<canvas name="3" width="1" height="1">
<vector name="origin" x="13" y="27"/>
<int name="z" value="0"/>
<int name="delay" value="150"/>
<vector name="lt" x="-15" y="-27"/>
<vector name="rb" x="18" y="1"/>
<string name="_inlink" value="rest0/0 "/>
</canvas>
</imgdir>
<imgdir name="move">
<canvas name="0" width="30" height="30">
<vector name="origin" x="13" y="29"/>
<int name="z" value="0"/>
<int name="delay" value="150"/>
<vector name="lt" x="-15" y="-30"/>
<vector name="rb" x="16" y="0"/>
<string name="_hash" value="bb16efe51b8576f734bbce0e681ba935ce0dcc9cd05e7d1fea25d751dc8b90c3"/>
</canvas>
<canvas name="1" width="31" height="29">
<vector name="origin" x="14" y="28"/>
<int name="z" value="0"/>
<int name="delay" value="150"/>
<vector name="lt" x="-15" y="-30"/>
<vector name="rb" x="16" y="0"/>
<string name="_hash" value="4043676fed6e15ffeb0a374bcfca65f2601df01c10dc861dd9ba592c2054bff1"/>
</canvas>
<canvas name="2" width="33" height="30">
<vector name="origin" x="16" y="29"/>
<int name="z" value="0"/>
<int name="delay" value="150"/>
<vector name="lt" x="-15" y="-30"/>
<vector name="rb" x="16" y="0"/>
<string name="_hash" value="fac0266a6f4308de3192b132ffa28ed610e28ec87bd2df17c8313096db0b656d"/>
</canvas>
<canvas name="3" width="33" height="29">
<vector name="origin" x="15" y="28"/>
<int name="z" value="0"/>
<int name="delay" value="150"/>
<vector name="lt" x="-15" y="-30"/>
<vector name="rb" x="16" y="0"/>
<string name="_hash" value="eaf156968504703127a31bf4bfe79c99c496a75432b72287a9b31e8652807e95"/>
</canvas>
</imgdir>
<imgdir name="jump">
<canvas name="0" width="33" height="31">
<vector name="origin" x="16" y="32"/>
<int name="z" value="0"/>
<vector name="lt" x="-17" y="-33"/>
<vector name="rb" x="16" y="-2"/>
<string name="_hash" value="43c21641edda9168f8682ca718e0b466386020c4b91fea15126822eef214fc86"/>
</canvas>
</imgdir>
<imgdir name="hungry">
<canvas name="0" width="36" height="29">
<vector name="origin" x="19" y="28"/>
<int name="z" value="0"/>
<int name="delay" value="150"/>
<vector name="lt" x="-18" y="-29"/>
<vector name="rb" x="16" y="1"/>
<string name="_hash" value="49121f3c9ea7758570a266e7504ecfa921d66fa1d82532087cb6b8078e296bcb"/>
</canvas>
<canvas name="1" width="39" height="29">
<vector name="origin" x="22" y="28"/>
<int name="z" value="0"/>
<int name="delay" value="150"/>
<vector name="lt" x="-18" y="-29"/>
<vector name="rb" x="16" y="1"/>
<string name="_hash" value="2b72091d43791d1f69f34d7e4f1debe7eb5ff5218c81f5483017164bbc65a4c4"/>
</canvas>
<canvas name="2" width="1" height="1">
<vector name="origin" x="19" y="28"/>
<int name="z" value="0"/>
<int name="delay" value="150"/>
<vector name="lt" x="-18" y="-29"/>
<vector name="rb" x="16" y="1"/>
<string name="_inlink" value="hungry/0"/>
</canvas>
<canvas name="3" width="1" height="1">
<vector name="origin" x="22" y="28"/>
<int name="z" value="0"/>
<int name="delay" value="150"/>
<vector name="lt" x="-18" y="-29"/>
<vector name="rb" x="16" y="1"/>
<string name="_inlink" value="hungry/1"/>
</canvas>
</imgdir>
<imgdir name="hang">
<canvas name="0" width="32" height="31">
<vector name="origin" x="15" y="38"/>
<int name="z" value="0"/>
<vector name="lt" x="-17" y="-40"/>
<vector name="rb" x="16" y="-7"/>
<string name="_hash" value="f815c07bc99c8de373f729d0bc8269eb2cf15310e1123f6ca87e2d51d2f8ee31"/>
</canvas>
</imgdir>
<imgdir name="roll">
<canvas name="0" width="39" height="41">
<vector name="origin" x="17" y="40"/>
<int name="z" value="0"/>
<int name="delay" value="150"/>
<vector name="lt" x="-17" y="-36"/>
<vector name="rb" x="16" y="-4"/>
<string name="_hash" value="542a6e4e38ee164965efe1f2bd4488a450eafb7ebcc52d856c374dac4afbb5d7"/>
</canvas>
<canvas name="1" width="39" height="41">
<vector name="origin" x="17" y="40"/>
<int name="z" value="0"/>
<int name="delay" value="150"/>
<vector name="lt" x="-17" y="-36"/>
<vector name="rb" x="16" y="-4"/>
<string name="_hash" value="42f8e0c5a6f96d058fb171a653761a2d7bd81f34b0a729cf6931bc68122c8afc"/>
</canvas>
</imgdir>
<imgdir name="eat">
<canvas name="0" width="48" height="29">
<vector name="origin" x="29" y="28"/>
<int name="z" value="0"/>
<int name="delay" value="150"/>
<vector name="lt" x="-17" y="-29"/>
<vector name="rb" x="16" y="1"/>
<string name="_hash" value="95789ff80b61abc238187b3e13ef8823969c297c948b92d6c19a48ffbaf82d39"/>
</canvas>
<canvas name="1" width="48" height="28">
<vector name="origin" x="29" y="27"/>
<int name="z" value="0"/>
<int name="delay" value="150"/>
<vector name="lt" x="-17" y="-29"/>
<vector name="rb" x="16" y="1"/>
<string name="_hash" value="45ada3f0ff45d54ea7f9ef2657ab81a96141c958a88e3ae00a56912e1bffb7f5"/>
</canvas>
<canvas name="2" width="48" height="29">
<vector name="origin" x="29" y="28"/>
<int name="z" value="0"/>
<int name="delay" value="150"/>
<vector name="lt" x="-17" y="-29"/>
<vector name="rb" x="16" y="1"/>
<string name="_hash" value="4cdb7cfbc853b896a1ce5559412cf5508665f8bc2fd4f4ee49d950a915772c98"/>
</canvas>
<canvas name="3" width="48" height="28">
<vector name="origin" x="29" y="27"/>
<int name="z" value="0"/>
<int name="delay" value="150"/>
<vector name="lt" x="-17" y="-29"/>
<vector name="rb" x="16" y="1"/>
<string name="_hash" value="bbb525ff468bc6513e72018b5b0be73d6487ddd433e19a697e5df308319a4e31"/>
</canvas>
</imgdir>
<imgdir name="chat">
<canvas name="0" width="31" height="30">
<vector name="origin" x="14" y="29"/>
<int name="z" value="0"/>
<int name="delay" value="150"/>
<vector name="lt" x="-16" y="-30"/>
<vector name="rb" x="16" y="0"/>
<string name="_hash" value="8fd4ab1938e327da787d39d793f121265bd1585a99ffa5b778176be9f02ebdb1"/>
</canvas>
<canvas name="1" width="31" height="30">
<vector name="origin" x="14" y="29"/>
<int name="z" value="0"/>
<int name="delay" value="150"/>
<vector name="lt" x="-16" y="-30"/>
<vector name="rb" x="16" y="0"/>
<string name="_hash" value="4eebc4b87343d5750f63633ecd87404396823d67a200f16f9bf481b20a7a8885"/>
</canvas>
<canvas name="2" width="1" height="1">
<vector name="origin" x="14" y="29"/>
<int name="z" value="0"/>
<int name="delay" value="150"/>
<vector name="lt" x="-16" y="-30"/>
<vector name="rb" x="16" y="0"/>
<string name="_inlink" value="chat/0"/>
</canvas>
<canvas name="3" width="31" height="30">
<vector name="origin" x="14" y="29"/>
<int name="z" value="0"/>
<int name="delay" value="150"/>
<vector name="lt" x="-16" y="-30"/>
<vector name="rb" x="16" y="0"/>
<string name="_hash" value="94457c88b54edcfa54af8f303a7bba09c82cdcba93d7e1e3422c4769139b088c"/>
</canvas>
</imgdir>
<imgdir name="love">
<canvas name="0" width="41" height="30">
<vector name="origin" x="22" y="29"/>
<int name="z" value="0"/>
<int name="delay" value="150"/>
<vector name="lt" x="-17" y="-36"/>
<vector name="rb" x="16" y="-4"/>
<string name="_hash" value="832d2f1ed698de38971f2259fa981d2ea0c1e62e8c9408e5d48c608f1fd8ed8e"/>
</canvas>
<canvas name="1" width="44" height="31">
<vector name="origin" x="25" y="30"/>
<int name="z" value="0"/>
<int name="delay" value="150"/>
<vector name="lt" x="-17" y="-36"/>
<vector name="rb" x="16" y="-4"/>
<string name="_hash" value="8b99b1c96f6590a9cadf1f2f0681ccfe203d152809b29be0f6042a670b9009ae"/>
</canvas>
<canvas name="2" width="46" height="37">
<vector name="origin" x="28" y="36"/>
<int name="z" value="0"/>
<int name="delay" value="150"/>
<vector name="lt" x="-17" y="-36"/>
<vector name="rb" x="16" y="-4"/>
<string name="_hash" value="3ac2d7bc5bd59ed6479e3279c5a3edb0d3dd94cbdc8cec3367c781b3bdafcf34"/>
</canvas>
<canvas name="3" width="44" height="36">
<vector name="origin" x="26" y="35"/>
<int name="z" value="0"/>
<int name="delay" value="150"/>
<vector name="lt" x="-17" y="-36"/>
<vector name="rb" x="16" y="-4"/>
<string name="_hash" value="b969705b63e09c4660e29b7d7d13a32de0feb9768bc24be25adc16798a7e2949"/>
</canvas>
<canvas name="4" width="45" height="35">
<vector name="origin" x="26" y="34"/>
<int name="z" value="0"/>
<int name="delay" value="150"/>
<vector name="lt" x="-17" y="-36"/>
<vector name="rb" x="16" y="-4"/>
<string name="_hash" value="fdc63cd52a410d707a7bbe9e65deb0a7e51edb05de9e436b152df11da563f592"/>
</canvas>
</imgdir>
<imgdir name="cry">
<canvas name="0" width="42" height="26">
<vector name="origin" x="19" y="22"/>
<int name="z" value="0"/>
<int name="delay" value="150"/>
<vector name="lt" x="-19" y="-21"/>
<vector name="rb" x="22" y="4"/>
<string name="_hash" value="49ab7d03e088d8a4ee492536d7d127510b56fd580de89aa6e231188067d800ec"/>
</canvas>
<canvas name="1" width="43" height="25">
<vector name="origin" x="20" y="21"/>
<int name="z" value="0"/>
<int name="delay" value="150"/>
<vector name="lt" x="-19" y="-21"/>
<vector name="rb" x="22" y="4"/>
<string name="_hash" value="9d9b55905cbccc6c48c79b825a1d559b68cce468cbba0748d443966be2814372"/>
</canvas>
<canvas name="2" width="44" height="26">
<vector name="origin" x="21" y="22"/>
<int name="z" value="0"/>
<int name="delay" value="150"/>
<vector name="lt" x="-19" y="-21"/>
<vector name="rb" x="22" y="4"/>
<string name="_hash" value="48dc8fbe607525f43d01999b9b40d01c40ddc881335c124dd5b4fb377f2dfa81"/>
</canvas>
<canvas name="3" width="39" height="25">
<vector name="origin" x="16" y="21"/>
<int name="z" value="0"/>
<int name="delay" value="150"/>
<vector name="lt" x="-19" y="-21"/>
<vector name="rb" x="22" y="4"/>
<string name="_hash" value="9b99412915329d13b6780fdc610fae85b1f9d8718df5720b69acc6680ee1b9e2"/>
</canvas>
</imgdir>
<imgdir name="dung">
<canvas name="0" width="31" height="30">
<vector name="origin" x="14" y="29"/>
<int name="z" value="0"/>
<int name="delay" value="150"/>
<vector name="lt" x="-16" y="-30"/>
<vector name="rb" x="16" y="0"/>
<string name="_hash" value="8426b342632c34dd6f63cb1713a97397cf2875839513d92e8565de4d9e46e015"/>
</canvas>
<canvas name="1" width="31" height="29">
<vector name="origin" x="14" y="28"/>
<int name="z" value="0"/>
<int name="delay" value="150"/>
<vector name="lt" x="-16" y="-30"/>
<vector name="rb" x="16" y="0"/>
<string name="_hash" value="7e93e6f27bea112af08b63854926a716422aca24268005786c860b5bfb38ba3a"/>
</canvas>
<canvas name="2" width="31" height="29">
<vector name="origin" x="14" y="28"/>
<int name="z" value="0"/>
<int name="delay" value="150"/>
<vector name="lt" x="-16" y="-30"/>
<vector name="rb" x="16" y="0"/>
<string name="_hash" value="5ab0ed3e414c97dc51e53fc515e24c905d400fae84904b41293819da61a893ed"/>
</canvas>
<canvas name="3" width="31" height="29">
<vector name="origin" x="14" y="28"/>
<int name="z" value="0"/>
<int name="delay" value="150"/>
<vector name="lt" x="-16" y="-30"/>
<vector name="rb" x="16" y="0"/>
<string name="_hash" value="7c601ea869fa6fac21db0a2301cc10452aea986c3f4825e5ecb962813afe26b3"/>
</canvas>
<canvas name="4" width="31" height="29">
<vector name="origin" x="14" y="28"/>
<int name="z" value="0"/>
<int name="delay" value="150"/>
<vector name="lt" x="-16" y="-30"/>
<vector name="rb" x="16" y="0"/>
<string name="_hash" value="18b4a8102680fdc4421eaa55995f416b01c420ef1ae252bd075f06308907abd3"/>
</canvas>
<canvas name="5" width="31" height="29">
<vector name="origin" x="14" y="28"/>
<int name="z" value="0"/>
<int name="delay" value="150"/>
<vector name="lt" x="-16" y="-30"/>
<vector name="rb" x="16" y="0"/>
<string name="_hash" value="1d69be56dbe3de20cd62199ce8873d445cf86c106be61c9ce523015e87bb89c9"/>
</canvas>
<canvas name="6" width="43" height="29">
<vector name="origin" x="14" y="28"/>
<int name="z" value="0"/>
<int name="delay" value="150"/>
<vector name="lt" x="-16" y="-30"/>
<vector name="rb" x="16" y="0"/>
<string name="_hash" value="5924ef8ed350694afb924e390da84f770f0e7f460867db4aa40977179280c26d"/>
</canvas>
<canvas name="7" width="44" height="29">
<vector name="origin" x="14" y="28"/>
<int name="z" value="0"/>
<int name="delay" value="150"/>
<vector name="lt" x="-16" y="-30"/>
<vector name="rb" x="16" y="0"/>
<string name="_hash" value="3330254ea0b272de6ca6b3418ed3873389c1d3883384ad3fd78679ad0f7a9ca3"/>
</canvas>
<canvas name="8" width="44" height="29">
<vector name="origin" x="14" y="28"/>
<int name="z" value="0"/>
<int name="delay" value="150"/>
<vector name="lt" x="-16" y="-30"/>
<vector name="rb" x="16" y="0"/>
<string name="_hash" value="34de459b6442e783df1e61e0bc366f7c2a8620e519b7064122a7ead3a997b4b0"/>
</canvas>
<canvas name="9" width="43" height="30">
<vector name="origin" x="14" y="29"/>
<int name="z" value="0"/>
<int name="delay" value="150"/>
<vector name="lt" x="-16" y="-30"/>
<vector name="rb" x="16" y="0"/>
<string name="_hash" value="b1e0164906b2c8c7a089f160aedceb4ef16143a7248c2ced9b95b3eb4e58a33a"/>
</canvas>
<canvas name="10" width="1" height="1">
<vector name="origin" x="14" y="29"/>
<int name="z" value="0"/>
<int name="delay" value="150"/>
<vector name="lt" x="-16" y="-30"/>
<vector name="rb" x="16" y="0"/>
<string name="_inlink" value="dung/0"/>
</canvas>
</imgdir>
<imgdir name="sleep">
<canvas name="0" width="45" height="25">
<vector name="origin" x="20" y="24"/>
<int name="z" value="0"/>
<int name="delay" value="150"/>
<vector name="lt" x="-21" y="-25"/>
<vector name="rb" x="22" y="0"/>
<string name="_hash" value="dce043635b2bff1ca9ea9ac29b3758ad04656ff2c5f47c88a37c43ccfc28511e"/>
</canvas>
<canvas name="1" width="45" height="26">
<vector name="origin" x="20" y="25"/>
<int name="z" value="0"/>
<int name="delay" value="150"/>
<vector name="lt" x="-21" y="-25"/>
<vector name="rb" x="22" y="0"/>
<string name="_hash" value="f35386a6e1a36d03ab0238d7193a386fa7e64b39fcb3c2bb96084dee84bc8a5b"/>
</canvas>
<canvas name="2" width="45" height="27">
<vector name="origin" x="20" y="26"/>
<int name="z" value="0"/>
<int name="delay" value="150"/>
<vector name="lt" x="-21" y="-25"/>
<vector name="rb" x="22" y="0"/>
<string name="_hash" value="54d6dcf133d272fc35e0e47127e2751fff8034f0800100876f7ddb82d14fd4cd"/>
</canvas>
<canvas name="3" width="1" height="1">
<vector name="origin" x="20" y="25"/>
<int name="z" value="0"/>
<int name="delay" value="150"/>
<vector name="lt" x="-21" y="-25"/>
<vector name="rb" x="22" y="0"/>
<string name="_inlink" value="sleep/1"/>
</canvas>
<canvas name="4" width="1" height="1">
<vector name="origin" x="20" y="24"/>
<int name="z" value="0"/>
<int name="delay" value="150"/>
<vector name="lt" x="-21" y="-25"/>
<vector name="rb" x="22" y="0"/>
<string name="_inlink" value="sleep/0"/>
</canvas>
<canvas name="5" width="1" height="1">
<vector name="origin" x="20" y="25"/>
<int name="z" value="0"/>
<int name="delay" value="150"/>
<vector name="lt" x="-21" y="-25"/>
<vector name="rb" x="22" y="0"/>
<string name="_inlink" value="sleep/1"/>
</canvas>
<canvas name="6" width="1" height="1">
<vector name="origin" x="20" y="26"/>
<int name="z" value="0"/>
<int name="delay" value="150"/>
<vector name="lt" x="-21" y="-25"/>
<vector name="rb" x="22" y="0"/>
<string name="_inlink" value="sleep/2"/>
</canvas>
<canvas name="7" width="1" height="1">
<vector name="origin" x="20" y="25"/>
<int name="z" value="0"/>
<int name="delay" value="150"/>
<vector name="lt" x="-21" y="-25"/>
<vector name="rb" x="22" y="0"/>
<string name="_inlink" value="sleep/1"/>
</canvas>
</imgdir>
<imgdir name="angry">
<canvas name="0" width="31" height="30">
<vector name="origin" x="14" y="29"/>
<int name="z" value="0"/>
<int name="delay" value="150"/>
<vector name="lt" x="-14" y="-30"/>
<vector name="rb" x="16" y="-1"/>
<string name="_hash" value="35a31fa8ff3d80a2dd6b1c2d0be929e72e6b3dd8f1efde2b57db74aa27f7165d"/>
</canvas>
<canvas name="1" width="31" height="30">
<vector name="origin" x="14" y="29"/>
<int name="z" value="0"/>
<int name="delay" value="150"/>
<vector name="lt" x="-14" y="-30"/>
<vector name="rb" x="16" y="-1"/>
<string name="_hash" value="a495a185af27e0619cffeecae69f56c4f79c6d11c4b13d558f7cba7edc76f36b"/>
</canvas>
<canvas name="2" width="1" height="1">
<vector name="origin" x="14" y="29"/>
<int name="z" value="0"/>
<int name="delay" value="150"/>
<vector name="lt" x="-14" y="-30"/>
<vector name="rb" x="16" y="-1"/>
<string name="_inlink" value="angry/0"/>
</canvas>
<canvas name="3" width="1" height="1">
<vector name="origin" x="14" y="29"/>
<int name="z" value="0"/>
<int name="delay" value="150"/>
<vector name="lt" x="-14" y="-30"/>
<vector name="rb" x="16" y="-1"/>
<string name="_inlink" value="angry/0"/>
</canvas>
</imgdir>
<imgdir name="what">
<canvas name="0" width="37" height="30">
<vector name="origin" x="20" y="29"/>
<int name="z" value="0"/>
<int name="delay" value="150"/>
<vector name="lt" x="-20" y="-30"/>
<vector name="rb" x="18" y="-1"/>
<string name="_hash" value="78b894dd6546ca3cdea46c09893aea243aa5fd14d086cfb08a0acd6c6ba99db4"/>
</canvas>
<canvas name="1" width="37" height="31">
<vector name="origin" x="20" y="30"/>
<int name="z" value="0"/>
<int name="delay" value="150"/>
<vector name="lt" x="-20" y="-30"/>
<vector name="rb" x="18" y="-1"/>
<string name="_hash" value="d442b0e7e8d52974f735deaff96771cfe7a051bbc6ed4e67a531c3f56c48d395"/>
</canvas>
<canvas name="2" width="1" height="1">
<vector name="origin" x="20" y="29"/>
<int name="z" value="0"/>
<int name="delay" value="150"/>
<vector name="lt" x="-20" y="-30"/>
<vector name="rb" x="18" y="-1"/>
<string name="_inlink" value="what/0"/>
</canvas>
<canvas name="3" width="1" height="1">
<vector name="origin" x="20" y="30"/>
<int name="z" value="0"/>
<int name="delay" value="150"/>
<vector name="lt" x="-20" y="-30"/>
<vector name="rb" x="18" y="-1"/>
<string name="_inlink" value="what/1"/>
</canvas>
</imgdir>
<uol name="sit" value="rest0"/>
<uol name="fly" value="jump"/>
</imgdir>
