<?xml version="1.0" encoding="UTF-8" standalone="yes"?>
<imgdir name="5000009.img">
<imgdir name="info">
<canvas name="icon" width="33" height="25">
<vector name="origin" x="1" y="25"/>
<string name="_hash" value="ebe3148091534c9dfe92ff4ccbff4a3f3fd408b017085e6c1f8739f1cfce55b1"/>
</canvas>
<canvas name="iconRaw" width="33" height="22">
<vector name="origin" x="1" y="25"/>
<string name="_hash" value="6b3b5110293f4c1fbd5b264e3a41d0acaf5bd4593b29f870c11263149e84ebf7"/>
</canvas>
<canvas name="iconD" width="32" height="32">
<vector name="origin" x="0" y="32"/>
<string name="_hash" value="f7bd8ffb23652628728f4f74abfe0e5da5a12e88d8196c7dcfe876e5e919ad5c"/>
</canvas>
<canvas name="iconRawD" width="32" height="30">
<vector name="origin" x="0" y="32"/>
<string name="_hash" value="716fb1a1df335d262e8ff0b19d85b287c1e2bdf1b2f2a8f682ffb367e6e632b6"/>
</canvas>
<int name="hungry" value="4"/>
<int name="cash" value="1"/>
<int name="life" value="90"/>
<int name="pickupItem" value="1"/>
<int name="nameTag" value="4"/>
<int name="chatBalloon" value="2"/>
</imgdir>
<imgdir name="interact">
<imgdir name="0">
<string name="command" value="c1"/>
<int name="inc" value="1"/>
<int name="prob" value="30"/>
<int name="l0" value="1"/>
<int name="l1" value="9"/>
<imgdir name="success">
<imgdir name="0">
<string name="act" value="rest0"/>
<string name="0" value="c1_s1"/>
<string name="1" value="c1_s2"/>
</imgdir>
</imgdir>
<imgdir name="fail">
<imgdir name="0">
<string name="act" value="stand1"/>
<string name="0" value="c1_f1"/>
<string name="1" value="c1_f2"/>
</imgdir>
</imgdir>
</imgdir>
<imgdir name="1">
<string name="command" value="c2"/>
<int name="inc" value="1"/>
<int name="prob" value="45"/>
<int name="l0" value="10"/>
<int name="l1" value="19"/>
<imgdir name="success">
<imgdir name="0">
<string name="act" value="rest0"/>
<string name="0" value="c2_s1"/>
<string name="1" value="c2_s2"/>
<string name="2" value="c2_s3"/>
<string name="3" value="c2_s4"/>
</imgdir>
</imgdir>
<imgdir name="fail">
<imgdir name="0">
<string name="act" value="stand1"/>
<string name="0" value="c2_f1"/>
<string name="1" value="c2_f2"/>
<string name="2" value="c2_f3"/>
<string name="3" value="c2_f4"/>
</imgdir>
</imgdir>
</imgdir>
<imgdir name="2">
<string name="command" value="c3"/>
<int name="inc" value="1"/>
<int name="prob" value="60"/>
<int name="l0" value="20"/>
<int name="l1" value="29"/>
<imgdir name="success">
<imgdir name="0">
<string name="act" value="rest0"/>
<string name="0" value="c3_s1"/>
<string name="1" value="c3_s2"/>
<string name="2" value="c3_s3"/>
<string name="3" value="c3_s4"/>
</imgdir>
</imgdir>
<imgdir name="fail">
<imgdir name="0">
<string name="act" value="stand1"/>
<string name="0" value="c3_f1"/>
<string name="1" value="c3_f2"/>
<string name="2" value="c3_f3"/>
<string name="3" value="c3_f4"/>
</imgdir>
</imgdir>
</imgdir>
<imgdir name="3">
<string name="command" value="c4"/>
<int name="inc" value="1"/>
<int name="prob" value="75"/>
<int name="l0" value="30"/>
<int name="l1" value="30"/>
<imgdir name="success">
<imgdir name="0">
<string name="act" value="rest0"/>
<string name="0" value="c4_s1"/>
<string name="1" value="c4_s2"/>
<string name="2" value="c4_s3"/>
<string name="3" value="c4_s4"/>
</imgdir>
</imgdir>
<imgdir name="fail">
<imgdir name="0">
<string name="act" value="stand1"/>
<string name="0" value="c4_f1"/>
<string name="1" value="c4_f2"/>
<string name="2" value="c4_f3"/>
<string name="3" value="c4_f4"/>
</imgdir>
</imgdir>
</imgdir>
<imgdir name="4">
<string name="command" value="c5"/>
<int name="inc" value="2"/>
<int name="prob" value="30"/>
<int name="l0" value="1"/>
<int name="l1" value="9"/>
<imgdir name="success">
<imgdir name="0">
<string name="act" value="cry"/>
<string name="0" value="c5_s1"/>
<string name="1" value="c5_s2"/>
</imgdir>
</imgdir>
<imgdir name="fail">
<imgdir name="0">
<string name="act" value="angry"/>
<string name="0" value="c5_f1"/>
<string name="1" value="c5_f2"/>
</imgdir>
</imgdir>
</imgdir>
<imgdir name="5">
<string name="command" value="c6"/>
<int name="inc" value="2"/>
<int name="prob" value="45"/>
<int name="l0" value="10"/>
<int name="l1" value="19"/>
<imgdir name="success">
<imgdir name="0">
<string name="act" value="cry"/>
<string name="0" value="c6_s1"/>
<string name="1" value="c6_s2"/>
<string name="2" value="c6_s3"/>
<string name="3" value="c6_s4"/>
</imgdir>
</imgdir>
<imgdir name="fail">
<imgdir name="0">
<string name="act" value="angry"/>
<string name="0" value="c6_f1"/>
<string name="1" value="c6_f2"/>
<string name="2" value="c6_f3"/>
<string name="3" value="c6_f4"/>
</imgdir>
</imgdir>
</imgdir>
<imgdir name="6">
<string name="command" value="c7"/>
<int name="inc" value="2"/>
<int name="prob" value="60"/>
<int name="l0" value="20"/>
<int name="l1" value="29"/>
<imgdir name="success">
<imgdir name="0">
<string name="act" value="cry"/>
<string name="0" value="c7_s1"/>
<string name="1" value="c7_s2"/>
<string name="2" value="c7_s3"/>
<string name="3" value="c7_s4"/>
</imgdir>
</imgdir>
<imgdir name="fail">
<imgdir name="0">
<string name="act" value="angry"/>
<string name="0" value="c7_f1"/>
<string name="1" value="c7_f2"/>
<string name="2" value="c7_f3"/>
<string name="3" value="c7_f4"/>
</imgdir>
</imgdir>
</imgdir>
<imgdir name="7">
<string name="command" value="c8"/>
<int name="inc" value="2"/>
<int name="prob" value="75"/>
<int name="l0" value="30"/>
<int name="l1" value="30"/>
<imgdir name="success">
<imgdir name="0">
<string name="act" value="cry"/>
<string name="0" value="c8_s1"/>
<string name="1" value="c8_s2"/>
<string name="2" value="c8_s3"/>
<string name="3" value="c8_s4"/>
</imgdir>
</imgdir>
<imgdir name="fail">
<imgdir name="0">
<string name="act" value="stand1"/>
<string name="0" value="c8_f1"/>
<string name="1" value="c8_f2"/>
<string name="2" value="c8_f3"/>
<string name="3" value="c8_f4"/>
</imgdir>
</imgdir>
</imgdir>
<imgdir name="8">
<string name="command" value="c9"/>
<int name="inc" value="2"/>
<int name="prob" value="30"/>
<int name="l0" value="1"/>
<int name="l1" value="9"/>
<imgdir name="success">
<imgdir name="0">
<string name="act" value="dung"/>
<string name="0" value="c9_s1"/>
<string name="1" value="c9_s2"/>
</imgdir>
</imgdir>
<imgdir name="fail">
<imgdir name="0">
<string name="act" value="rest0"/>
<string name="0" value="c9_f1"/>
<string name="1" value="c9_f2"/>
</imgdir>
</imgdir>
</imgdir>
<imgdir name="9">
<string name="command" value="c10"/>
<int name="inc" value="2"/>
<int name="prob" value="45"/>
<int name="l0" value="10"/>
<int name="l1" value="19"/>
<imgdir name="success">
<imgdir name="0">
<string name="act" value="dung"/>
<string name="0" value="c10_s1"/>
<string name="1" value="c10_s2"/>
<string name="2" value="c10_s3"/>
<string name="3" value="c10_s4"/>
</imgdir>
</imgdir>
<imgdir name="fail">
<imgdir name="0">
<string name="act" value="rest0"/>
<string name="0" value="c10_f1"/>
<string name="1" value="c10_f2"/>
<string name="2" value="c10_f3"/>
<string name="3" value="c10_f4"/>
</imgdir>
</imgdir>
</imgdir>
<imgdir name="10">
<string name="command" value="c11"/>
<int name="inc" value="2"/>
<int name="prob" value="60"/>
<int name="l0" value="20"/>
<int name="l1" value="29"/>
<imgdir name="success">
<imgdir name="0">
<string name="act" value="dung"/>
<string name="0" value="c11_s1"/>
<string name="1" value="c11_s2"/>
<string name="2" value="c11_s3"/>
<string name="3" value="c11_s4"/>
</imgdir>
</imgdir>
<imgdir name="fail">
<imgdir name="0">
<string name="act" value="rest0"/>
<string name="0" value="c11_f1"/>
<string name="1" value="c11_f2"/>
<string name="2" value="c11_f3"/>
<string name="4" value="c11_f4"/>
</imgdir>
</imgdir>
</imgdir>
<imgdir name="11">
<string name="command" value="c12"/>
<int name="inc" value="2"/>
<int name="prob" value="75"/>
<int name="l0" value="30"/>
<int name="l1" value="30"/>
<imgdir name="success">
<imgdir name="0">
<string name="act" value="dung"/>
<string name="0" value="c12_s1"/>
<string name="1" value="c12_s2"/>
<string name="2" value="c12_s3"/>
<string name="3" value="c12_s4"/>
</imgdir>
</imgdir>
<imgdir name="fail">
<imgdir name="0">
<string name="act" value="rest0"/>
<string name="0" value="c12_f1"/>
<string name="1" value="c12_f2"/>
<string name="2" value="c12_f3"/>
<string name="3" value="c12_f4"/>
</imgdir>
</imgdir>
</imgdir>
<imgdir name="12">
<string name="command" value="c13"/>
<int name="inc" value="1"/>
<int name="prob" value="30"/>
<int name="l0" value="1"/>
<int name="l1" value="9"/>
<imgdir name="success">
<imgdir name="0">
<string name="act" value="chat"/>
<string name="0" value="c13_s1"/>
<string name="1" value="c13_s2"/>
</imgdir>
</imgdir>
<imgdir name="fail">
<imgdir name="0">
<string name="act" value="deride"/>
<string name="0" value="c13_f1"/>
<string name="1" value="c13_f2"/>
</imgdir>
</imgdir>
</imgdir>
<imgdir name="13">
<string name="command" value="c14"/>
<int name="inc" value="1"/>
<int name="prob" value="30"/>
<int name="l0" value="10"/>
<int name="l1" value="19"/>
<imgdir name="success">
<imgdir name="0">
<string name="act" value="chat"/>
<string name="0" value="c14_s1"/>
<string name="1" value="c14_s2"/>
<string name="2" value="c14_s3"/>
<string name="3" value="c14_s4"/>
</imgdir>
</imgdir>
<imgdir name="fail">
<imgdir name="0">
<string name="act" value="deride"/>
<string name="0" value="c14_f1"/>
<string name="1" value="c14_f2"/>
<string name="2" value="c14_f3"/>
<string name="3" value="c14_f4"/>
</imgdir>
</imgdir>
</imgdir>
<imgdir name="14">
<string name="command" value="c15"/>
<int name="inc" value="1"/>
<int name="prob" value="30"/>
<int name="l0" value="20"/>
<int name="l1" value="29"/>
<imgdir name="success">
<imgdir name="0">
<string name="act" value="chat"/>
<string name="0" value="c15_s1"/>
<string name="1" value="c15_s2"/>
<string name="2" value="c15_s3"/>
<string name="3" value="c15_s4"/>
</imgdir>
</imgdir>
<imgdir name="fail">
<imgdir name="0">
<string name="act" value="deride"/>
<string name="0" value="c15_f1"/>
<string name="1" value="c15_f2"/>
<string name="2" value="c15_f3"/>
<string name="3" value="c15_f4"/>
</imgdir>
</imgdir>
</imgdir>
<imgdir name="15">
<string name="command" value="c16"/>
<int name="inc" value="1"/>
<int name="prob" value="30"/>
<int name="l0" value="30"/>
<int name="l1" value="30"/>
<imgdir name="success">
<imgdir name="0">
<string name="act" value="chat"/>
<string name="0" value="c16_s1"/>
<string name="1" value="c16_s2"/>
<string name="2" value="c16_s3"/>
<string name="3" value="c16_s4"/>
</imgdir>
</imgdir>
<imgdir name="fail">
<imgdir name="0">
<string name="act" value="deride"/>
<string name="0" value="c16_f1"/>
<string name="1" value="c16_f2"/>
<string name="2" value="c16_f3"/>
<string name="3" value="c16_f4"/>
</imgdir>
</imgdir>
</imgdir>
<imgdir name="16">
<string name="command" value="c17"/>
<int name="inc" value="2"/>
<int name="prob" value="30"/>
<int name="l0" value="1"/>
<int name="l1" value="9"/>
<imgdir name="success">
<imgdir name="0">
<string name="act" value="smile"/>
<string name="0" value="c17_s1"/>
<string name="1" value="c17_s2"/>
</imgdir>
</imgdir>
<imgdir name="fail">
<imgdir name="0">
<string name="act" value="rest0"/>
<string name="0" value="c17_f1"/>
<string name="1" value="c17_f2"/>
</imgdir>
</imgdir>
</imgdir>
<imgdir name="17">
<string name="command" value="c18"/>
<int name="inc" value="2"/>
<int name="prob" value="45"/>
<int name="l0" value="10"/>
<int name="l1" value="19"/>
<imgdir name="success">
<imgdir name="0">
<string name="act" value="smile"/>
<string name="0" value="c18_s1"/>
<string name="1" value="c18_s2"/>
<string name="2" value="c18_s3"/>
<string name="3" value="c18_s4"/>
</imgdir>
</imgdir>
<imgdir name="fail">
<imgdir name="0">
<string name="act" value="rest0"/>
<string name="0" value="c18_f1"/>
<string name="1" value="c18_f2"/>
<string name="2" value="c18_f3"/>
<string name="3" value="c18_f4"/>
</imgdir>
</imgdir>
</imgdir>
<imgdir name="18">
<string name="command" value="c19"/>
<int name="inc" value="2"/>
<int name="prob" value="60"/>
<int name="l0" value="20"/>
<int name="l1" value="29"/>
<imgdir name="success">
<imgdir name="0">
<string name="act" value="smile"/>
<string name="0" value="c19_s1"/>
<string name="1" value="c19_s2"/>
<string name="2" value="c19_s3"/>
<string name="3" value="c19_s4"/>
</imgdir>
</imgdir>
<imgdir name="fail">
<imgdir name="0">
<string name="act" value="rest0"/>
<string name="0" value="c19_f1"/>
<string name="1" value="c19_f2"/>
<string name="2" value="c19_f3"/>
<string name="3" value="c19_f4"/>
</imgdir>
</imgdir>
</imgdir>
<imgdir name="19">
<string name="command" value="c20"/>
<int name="inc" value="2"/>
<int name="prob" value="70"/>
<int name="l0" value="30"/>
<int name="l1" value="30"/>
<imgdir name="success">
<imgdir name="0">
<string name="act" value="smile"/>
<string name="0" value="c20_s1"/>
<string name="1" value="c20_s2"/>
<string name="2" value="c20_s3"/>
<string name="3" value="c20_s4"/>
</imgdir>
</imgdir>
<imgdir name="fail">
<imgdir name="0">
<string name="act" value="rest0"/>
<string name="0" value="c20_f1"/>
<string name="1" value="c20_f2"/>
<string name="2" value="c20_f3"/>
<string name="3" value="c20_f4"/>
</imgdir>
</imgdir>
</imgdir>
<imgdir name="20">
<string name="command" value="c21"/>
<int name="inc" value="2"/>
<int name="prob" value="35"/>
<int name="l0" value="1"/>
<int name="l1" value="9"/>
<imgdir name="success">
<imgdir name="0">
<string name="act" value="stunned"/>
<string name="0" value="c21_s1"/>
<string name="1" value="c21_s2"/>
</imgdir>
</imgdir>
<imgdir name="fail">
<imgdir name="0">
<string name="act" value="angry"/>
<string name="0" value="c21_f1"/>
<string name="1" value="c21_f2"/>
</imgdir>
</imgdir>
</imgdir>
<imgdir name="21">
<string name="command" value="c22"/>
<int name="inc" value="2"/>
<int name="prob" value="45"/>
<int name="l0" value="10"/>
<int name="l1" value="19"/>
<imgdir name="success">
<imgdir name="0">
<string name="act" value="stunned"/>
<string name="0" value="c22_s1"/>
<string name="1" value="c22_s2"/>
<string name="2" value="c22_s3"/>
<string name="3" value="c22_s4"/>
</imgdir>
</imgdir>
<imgdir name="fail">
<imgdir name="0">
<string name="act" value="angry"/>
<string name="0" value="c22_f1"/>
<string name="1" value="c22_f2"/>
<string name="2" value="c22_f3"/>
<string name="3" value="c22_f4"/>
</imgdir>
</imgdir>
</imgdir>
<imgdir name="22">
<string name="command" value="c23"/>
<int name="inc" value="2"/>
<int name="prob" value="55"/>
<int name="l0" value="20"/>
<int name="l1" value="29"/>
<imgdir name="success">
<imgdir name="0">
<string name="act" value="stunned"/>
<string name="0" value="c23_s1"/>
<string name="1" value="c23_s2"/>
<string name="2" value="c23_s3"/>
<string name="3" value="c23_s4"/>
</imgdir>
</imgdir>
<imgdir name="fail">
<imgdir name="0">
<string name="act" value="angry"/>
<string name="0" value="c23_f1"/>
<string name="1" value="c23_f2"/>
<string name="2" value="c23_f3"/>
<string name="3" value="c23_f4"/>
</imgdir>
</imgdir>
</imgdir>
<imgdir name="23">
<string name="command" value="c24"/>
<int name="inc" value="2"/>
<int name="prob" value="65"/>
<int name="l0" value="30"/>
<int name="l1" value="30"/>
<imgdir name="success">
<imgdir name="0">
<string name="act" value="stunned"/>
<string name="0" value="c24_s1"/>
<string name="1" value="c24_s2"/>
<string name="2" value="c24_s3"/>
<string name="3" value="c24_s4"/>
</imgdir>
</imgdir>
<imgdir name="fail">
<imgdir name="0">
<string name="act" value="angry"/>
<string name="0" value="c24_f1"/>
<string name="1" value="c24_f2"/>
<string name="2" value="c24_f3"/>
<string name="3" value="c24_f4"/>
</imgdir>
</imgdir>
</imgdir>
<imgdir name="24">
<string name="command" value="c25"/>
<int name="inc" value="3"/>
<int name="prob" value="35"/>
<int name="l0" value="10"/>
<int name="l1" value="19"/>
<imgdir name="success">
<imgdir name="0">
<string name="act" value="chat"/>
<string name="0" value="c25_s1"/>
<string name="1" value="c25_s2"/>
<string name="2" value="c25_s3"/>
<string name="3" value="c25_s4"/>
</imgdir>
</imgdir>
<imgdir name="fail">
<imgdir name="0">
<string name="act" value="deride"/>
<string name="0" value="c25_f1"/>
<string name="1" value="c25_f2"/>
<string name="2" value="c25_f3"/>
<string name="3" value="c25_f4"/>
</imgdir>
</imgdir>
</imgdir>
<imgdir name="25">
<string name="command" value="c26"/>
<int name="inc" value="3"/>
<int name="prob" value="50"/>
<int name="l0" value="20"/>
<int name="l1" value="29"/>
<imgdir name="success">
<imgdir name="0">
<string name="act" value="chat"/>
<string name="0" value="c26_s1"/>
<string name="1" value="c26_s2"/>
<string name="2" value="c26_s3"/>
<string name="3" value="c26_s4"/>
</imgdir>
</imgdir>
<imgdir name="fail">
<imgdir name="0">
<string name="act" value="deride"/>
<string name="0" value="c26_f1"/>
<string name="1" value="c26_f2"/>
<string name="2" value="c26_f3"/>
<string name="3" value="c26_f4"/>
</imgdir>
</imgdir>
</imgdir>
<imgdir name="26">
<string name="command" value="c27"/>
<int name="inc" value="3"/>
<int name="prob" value="65"/>
<int name="l0" value="30"/>
<int name="l1" value="30"/>
<imgdir name="success">
<imgdir name="0">
<string name="act" value="chat"/>
<string name="0" value="c27_s1"/>
<string name="1" value="c27_s2"/>
<string name="2" value="c27_s3"/>
<string name="3" value="c27_s4"/>
</imgdir>
</imgdir>
<imgdir name="fail">
<imgdir name="0">
<string name="act" value="deride"/>
<string name="0" value="c27_f1"/>
<string name="1" value="c27_f2"/>
<string name="2" value="c27_f3"/>
<string name="3" value="c27_f4"/>
</imgdir>
</imgdir>
</imgdir>
<imgdir name="27">
<string name="command" value="c28"/>
<int name="inc" value="3"/>
<int name="prob" value="35"/>
<int name="l0" value="10"/>
<int name="l1" value="19"/>
<imgdir name="success">
<imgdir name="0">
<string name="act" value="belch"/>
<string name="0" value="c28_s1"/>
<string name="1" value="c28_s2"/>
<string name="2" value="c28_s3"/>
<string name="3" value="c28_s4"/>
</imgdir>
</imgdir>
<imgdir name="fail">
<imgdir name="0">
<string name="act" value="stunned"/>
<string name="0" value="c28_f1"/>
<string name="1" value="c28_f2"/>
<string name="2" value="c28_f3"/>
<string name="3" value="c28_f4"/>
</imgdir>
</imgdir>
</imgdir>
<imgdir name="28">
<string name="command" value="c29"/>
<int name="inc" value="3"/>
<int name="prob" value="50"/>
<int name="l0" value="20"/>
<int name="l1" value="29"/>
<imgdir name="success">
<imgdir name="0">
<string name="act" value="belch"/>
<string name="0" value="c29_s1"/>
<string name="1" value="c29_s2"/>
<string name="2" value="c29_s3"/>
<string name="3" value="c29_s4"/>
</imgdir>
</imgdir>
<imgdir name="fail">
<imgdir name="0">
<string name="act" value="stunned"/>
<string name="0" value="c29_f1"/>
<string name="1" value="c29_f2"/>
<string name="2" value="c29_f3"/>
<string name="3" value="c29_f4"/>
</imgdir>
</imgdir>
</imgdir>
<imgdir name="29">
<string name="command" value="c30"/>
<int name="inc" value="3"/>
<int name="prob" value="65"/>
<int name="l0" value="30"/>
<int name="l1" value="30"/>
<imgdir name="success">
<imgdir name="0">
<string name="act" value="belch"/>
<string name="0" value="c30_s1"/>
<string name="1" value="c30_s2"/>
<string name="2" value="c30_s3"/>
<string name="3" value="c30_s4"/>
</imgdir>
</imgdir>
<imgdir name="fail">
<imgdir name="0">
<string name="act" value="stunned"/>
<string name="0" value="c30_f1"/>
<string name="1" value="c30_f2"/>
<string name="2" value="c30_f3"/>
<string name="3" value="c30_f4"/>
</imgdir>
</imgdir>
</imgdir>
<imgdir name="30">
<string name="command" value="c31"/>
<int name="inc" value="3"/>
<int name="prob" value="50"/>
<int name="l0" value="20"/>
<int name="l1" value="29"/>
<imgdir name="success">
<imgdir name="0">
<string name="act" value="sleep"/>
<string name="0" value="c31_s1"/>
<string name="1" value="c31_s2"/>
<string name="2" value="c31_s3"/>
</imgdir>
</imgdir>
<imgdir name="fail">
<imgdir name="0">
<string name="act" value="angry"/>
<string name="0" value="c31_f1"/>
<string name="1" value="c31_f2"/>
<string name="2" value="c31_3"/>
</imgdir>
</imgdir>
</imgdir>
<imgdir name="31">
<string name="command" value="c32"/>
<int name="inc" value="3"/>
<int name="prob" value="65"/>
<int name="l0" value="30"/>
<int name="l1" value="30"/>
<imgdir name="success">
<imgdir name="0">
<string name="act" value="sleep"/>
<string name="0" value="c32_s1"/>
<string name="1" value="c32_s2"/>
<string name="2" value="c32_s3"/>
</imgdir>
</imgdir>
<imgdir name="fail">
<imgdir name="0">
<string name="act" value="angry"/>
<string name="0" value="c32_f1"/>
<string name="1" value="c32_f2"/>
<string name="2" value="c32_f3"/>
</imgdir>
</imgdir>
</imgdir>
</imgdir>
<imgdir name="food">
<imgdir name="0">
<int name="l0" value="1"/>
<int name="l1" value="9"/>
<imgdir name="success">
<imgdir name="0">
<string name="act" value="rest0"/>
<string name="0" value="f1_s"/>
</imgdir>
</imgdir>
<imgdir name="fail">
<imgdir name="0">
<string name="act" value="cry"/>
<string name="0" value="f1_f"/>
</imgdir>
</imgdir>
</imgdir>
<imgdir name="1">
<int name="l0" value="10"/>
<int name="l1" value="19"/>
<imgdir name="success">
<imgdir name="0">
<string name="act" value="rest0"/>
<string name="0" value="f2_s"/>
</imgdir>
</imgdir>
<imgdir name="fail">
<imgdir name="0">
<string name="act" value="cry"/>
<string name="0" value="f2_f"/>
</imgdir>
</imgdir>
</imgdir>
<imgdir name="2">
<int name="l0" value="20"/>
<int name="l1" value="29"/>
<imgdir name="success">
<imgdir name="0">
<string name="act" value="rest0"/>
<string name="0" value="f3_s"/>
</imgdir>
</imgdir>
<imgdir name="fail">
<imgdir name="0">
<string name="act" value="cry"/>
<string name="0" value="f3_f"/>
</imgdir>
</imgdir>
</imgdir>
<imgdir name="3">
<int name="l0" value="30"/>
<int name="l1" value="30"/>
<imgdir name="success">
<imgdir name="0">
<string name="act" value="rest0"/>
<string name="0" value="f4_s"/>
</imgdir>
</imgdir>
<imgdir name="fail">
<imgdir name="0">
<string name="act" value="cry"/>
<string name="0" value="f4_f"/>
</imgdir>
</imgdir>
</imgdir>
</imgdir>
<imgdir name="slang">
<imgdir name="0">
<int name="l0" value="1"/>
<int name="l1" value="9"/>
<string name="act" value="rest0"/>
<string name="0" value="s1"/>
</imgdir>
<imgdir name="1">
<int name="l0" value="10"/>
<int name="l1" value="19"/>
<string name="act" value="rest0"/>
<string name="0" value="s2"/>
</imgdir>
<imgdir name="2">
<int name="l0" value="20"/>
<int name="l1" value="29"/>
<string name="act" value="rest0"/>
<string name="0" value="s3"/>
</imgdir>
<imgdir name="3">
<int name="l0" value="30"/>
<int name="l1" value="30"/>
<string name="act" value="rest0"/>
<string name="0" value="s4"/>
</imgdir>
</imgdir>
<imgdir name="stand0">
<canvas name="0" width="48" height="42">
<vector name="origin" x="24" y="42"/>
<vector name="lt" x="-24" y="-42"/>
<vector name="rb" x="24" y="0"/>
<int name="delay" value="2000"/>
<string name="_hash" value="6ca80427b0936a0e8b2583650f5b0bc8571cc7da09d4db655bd47a0ebd885094"/>
</canvas>
<canvas name="1" width="48" height="42">
<vector name="origin" x="24" y="42"/>
<vector name="lt" x="-24" y="-42"/>
<vector name="rb" x="24" y="0"/>
<int name="delay" value="70"/>
<string name="_hash" value="e2e89c34047b9cfacb3e8e7f91bf9674a6b6b9d49c65bbcb7bbe929f0c252dc7"/>
</canvas>
<canvas name="2" width="48" height="42">
<vector name="origin" x="24" y="42"/>
<vector name="lt" x="-24" y="-42"/>
<vector name="rb" x="24" y="0"/>
<int name="delay" value="70"/>
<string name="_hash" value="e49b9fda10ba1b0aad3ab78f10c7afbb1ccaaa788cec24b5578704b430e199f8"/>
</canvas>
</imgdir>
<imgdir name="stand1">
<canvas name="0" width="1" height="1">
<vector name="origin" x="24" y="42"/>
<vector name="lt" x="-24" y="-42"/>
<vector name="rb" x="24" y="0"/>
<int name="delay" value="100"/>
<string name="_inlink" value="stand0/0"/>
</canvas>
<canvas name="1" width="48" height="42">
<vector name="origin" x="24" y="42"/>
<vector name="lt" x="-24" y="-42"/>
<vector name="rb" x="24" y="0"/>
<int name="delay" value="500"/>
<string name="_hash" value="1f99737c4959c7ccf11ccab4b762594bf7f29d45b6b25a81ab1d48768b72ad76"/>
</canvas>
<canvas name="2" width="48" height="42">
<vector name="origin" x="24" y="42"/>
<vector name="lt" x="-24" y="-42"/>
<vector name="rb" x="24" y="0"/>
<int name="delay" value="100"/>
<string name="_hash" value="33d82bcf485c96c4308f42f9ccbd57cd09bf0feb569a1c9295c21c7ee815f3c0"/>
</canvas>
<canvas name="3" width="48" height="42">
<vector name="origin" x="24" y="42"/>
<vector name="lt" x="-24" y="-42"/>
<vector name="rb" x="24" y="0"/>
<int name="delay" value="100"/>
<string name="_hash" value="2c3a996132ea07dc83b34a514fb776320caae37eb076086d137e1143e4c700ed"/>
</canvas>
<canvas name="4" width="48" height="42">
<vector name="origin" x="24" y="42"/>
<vector name="lt" x="-24" y="-42"/>
<vector name="rb" x="24" y="0"/>
<int name="delay" value="100"/>
<string name="_hash" value="cad3799a380a934e5810fd1b5b5d11ba3db0d05f3d9cb7e97a0298fb1c13f5a3"/>
</canvas>
</imgdir>
<imgdir name="rest0">
<canvas name="0" width="46" height="42">
<vector name="origin" x="22" y="42"/>
<vector name="lt" x="-22" y="-42"/>
<vector name="rb" x="24" y="0"/>
<int name="delay" value="500"/>
<string name="_hash" value="a34f039f0e7520cd0b137239e80da2c296e33b44d5ff170afe2c99bf54aadfdc"/>
</canvas>
<canvas name="1" width="44" height="42">
<vector name="origin" x="22" y="42"/>
<vector name="lt" x="-22" y="-42"/>
<vector name="rb" x="22" y="0"/>
<int name="delay" value="200"/>
<string name="_hash" value="6bde4039722626cc1c70b1488a7807a0a4283f653a64a4874db5dee74aca01d3"/>
</canvas>
<canvas name="2" width="45" height="42">
<vector name="origin" x="22" y="42"/>
<vector name="lt" x="-22" y="-42"/>
<vector name="rb" x="23" y="0"/>
<int name="delay" value="150"/>
<string name="_hash" value="d6cbbc187ba1b92649791c144cff9fee340ed44a652286e3651582f68cd3aabb"/>
</canvas>
</imgdir>
<imgdir name="move">
<canvas name="0" width="48" height="42">
<vector name="origin" x="24" y="42"/>
<int name="delay" value="100"/>
<string name="_hash" value="e0a1f0f5c72d4ba9f9a919578f1c377d89db3ab7f9bbdbecfb839d76fb5040ea"/>
</canvas>
<canvas name="1" width="48" height="43">
<vector name="origin" x="24" y="43"/>
<int name="delay" value="100"/>
<string name="_hash" value="67b8c1525e2c45123213fd4aa59e857d5de96b8a6ad969d3c74748d03cfffc0d"/>
</canvas>
<canvas name="2" width="48" height="42">
<vector name="origin" x="24" y="42"/>
<int name="delay" value="100"/>
<string name="_hash" value="85081f191f3eef75860af670e44e1cf27d38284e358f632e04fb19b73f2c3474"/>
</canvas>
<canvas name="3" width="48" height="43">
<vector name="origin" x="24" y="43"/>
<int name="delay" value="100"/>
<string name="_hash" value="40d0963738a4bc6f0e3551f02091621d50dccb093c722879fc7e0cdcbdcdcfb7"/>
</canvas>
<canvas name="4" width="48" height="42">
<vector name="origin" x="24" y="42"/>
<int name="delay" value="100"/>
<string name="_hash" value="0980b998b2547dc006756c69580c07a7fa7e2acdb9c09c2008fb1a2c8f4a8738"/>
</canvas>
</imgdir>
<imgdir name="jump">
<canvas name="0" width="54" height="49">
<vector name="origin" x="28" y="49"/>
<vector name="lt" x="-28" y="-49"/>
<vector name="rb" x="26" y="0"/>
<string name="_hash" value="eae27208b8ed98854652d29959047687b5ce6160c89bee81e4232a851df2616e"/>
</canvas>
</imgdir>
<imgdir name="hungry">
<canvas name="0" width="48" height="38">
<vector name="origin" x="24" y="38"/>
<vector name="lt" x="-24" y="-38"/>
<vector name="rb" x="24" y="0"/>
<string name="_hash" value="b79a4fb105ae4f6ea75b3958487d6b94d24d8a72992e0419ffcba6df3ec39cd4"/>
</canvas>
</imgdir>
<imgdir name="angry">
<canvas name="0" width="82" height="45">
<vector name="origin" x="58" y="45"/>
<vector name="lt" x="-29" y="-45"/>
<vector name="rb" x="24" y="0"/>
<int name="delay" value="4000"/>
<string name="_hash" value="ae00d565dc5174bb9439a155411dd0fdc09ef68b5725a0b8571b26b3e2be99b6"/>
</canvas>
</imgdir>
<imgdir name="chat">
<canvas name="0" width="1" height="1">
<vector name="origin" x="24" y="42"/>
<vector name="lt" x="-24" y="-42"/>
<vector name="rb" x="24" y="0"/>
<int name="delay" value="1200"/>
<string name="_inlink" value="stand0/0"/>
</canvas>
<canvas name="1" width="48" height="42">
<vector name="origin" x="24" y="42"/>
<vector name="lt" x="-24" y="-42"/>
<vector name="rb" x="24" y="0"/>
<int name="delay" value="150"/>
<string name="_hash" value="f22c5feb0e07be3dcdb5147c4c1bd8fc66f924557f65879a8859865cab9991ec"/>
</canvas>
<canvas name="2" width="1" height="1">
<vector name="origin" x="24" y="42"/>
<vector name="lt" x="-24" y="-42"/>
<vector name="rb" x="24" y="0"/>
<int name="delay" value="250"/>
<string name="_inlink" value="stand0/0"/>
</canvas>
<uol name="3" value="1"/>
<uol name="4" value="0"/>
<uol name="5" value="1"/>
<uol name="6" value="2"/>
<uol name="7" value="1"/>
</imgdir>
<imgdir name="hang">
<canvas name="0" width="32" height="50">
<vector name="origin" x="14" y="57"/>
<vector name="lt" x="-14" y="-57"/>
<vector name="rb" x="18" y="-7"/>
<string name="_hash" value="3332a2bab4a3975cb62f998a05faf13fa2deb10c3b315683c3f5039b067f42ff"/>
</canvas>
</imgdir>
<imgdir name="smile">
<canvas name="0" width="48" height="42">
<vector name="origin" x="24" y="42"/>
<vector name="lt" x="-24" y="-42"/>
<vector name="rb" x="24" y="0"/>
<int name="delay" value="4000"/>
<string name="_hash" value="5e17b6274157f1ebbde8f07daf8433764eaf321b87c961e8fe1dbfe94412ac69"/>
</canvas>
</imgdir>
<imgdir name="dung">
<canvas name="0" width="52" height="44">
<vector name="origin" x="29" y="44"/>
<vector name="lt" x="-29" y="-44"/>
<vector name="rb" x="22" y="0"/>
<int name="delay" value="4000"/>
<string name="_hash" value="3ee9c1de7c918992ae4744fba97f4528c9540601d73806e05d68b6156fc1fef2"/>
</canvas>
</imgdir>
<imgdir name="stunned">
<canvas name="0" width="53" height="44">
<vector name="origin" x="29" y="44"/>
<vector name="lt" x="-29" y="-44"/>
<vector name="rb" x="23" y="0"/>
<int name="delay" value="4000"/>
<string name="_hash" value="aad3ddc5c21da4f3334c63fcaa8211d3a86ef7984516fad0d6c8a3ee86d8fe25"/>
</canvas>
</imgdir>
<imgdir name="belch">
<canvas name="0" width="62" height="42">
<vector name="origin" x="38" y="47"/>
<vector name="lt" x="-25" y="-47"/>
<vector name="rb" x="24" y="-5"/>
<int name="delay" value="4000"/>
<string name="_hash" value="0a21417f64b0a64f249eb6a14c31fc9f2a92347ca3cb89cdf094de32026c9549"/>
</canvas>
</imgdir>
<imgdir name="sleep">
<canvas name="0" width="53" height="38">
<vector name="origin" x="29" y="38"/>
<vector name="lt" x="-24" y="-38"/>
<vector name="rb" x="24" y="0"/>
<int name="delay" value="500"/>
<string name="_hash" value="fd30ad2c24e4f402033301943f9de19868297af546394a43f906a3bec8fa020e"/>
</canvas>
<canvas name="1" width="58" height="37">
<vector name="origin" x="34" y="37"/>
<vector name="lt" x="-24" y="-38"/>
<vector name="rb" x="24" y="0"/>
<int name="delay" value="500"/>
<string name="_hash" value="62bf9917631996397bdd5f66103638dc3062fd8f9e7ae6d257d32a7f7b745af4"/>
</canvas>
<uol name="2" value="0"/>
<uol name="3" value="1"/>
<uol name="4" value="0"/>
<uol name="5" value="1"/>
<uol name="6" value="0"/>
<uol name="7" value="1"/>
</imgdir>
<imgdir name="deride">
<canvas name="0" width="48" height="38">
<vector name="origin" x="24" y="38"/>
<vector name="lt" x="-24" y="-38"/>
<vector name="rb" x="24" y="0"/>
<int name="delay" value="500"/>
<string name="_hash" value="109cf9f69d2536cc470c6a3dd57dbbd0ce1287d698f845a70cfc558834f814d3"/>
</canvas>
<canvas name="1" width="48" height="37">
<vector name="origin" x="24" y="37"/>
<vector name="lt" x="-24" y="-37"/>
<vector name="rb" x="24" y="0"/>
<int name="delay" value="150"/>
<string name="_hash" value="a5d5c0d827a86e66fd2f114af1e8ddb5d59f0ad040299438bcf14625cfac72fe"/>
</canvas>
<canvas name="2" width="1" height="1">
<vector name="origin" x="24" y="38"/>
<vector name="lt" x="-24" y="-38"/>
<vector name="rb" x="24" y="0"/>
<int name="delay" value="200"/>
<string name="_inlink" value="deride/0"/>
</canvas>
<uol name="3" value="1"/>
<uol name="4" value="0"/>
<uol name="5" value="1"/>
<uol name="6" value="2"/>
<uol name="7" value="1"/>
<uol name="8" value="0"/>
<uol name="9" value="1"/>
<uol name="10" value="2"/>
<uol name="11" value="1"/>
<uol name="12" value="0"/>
<uol name="13" value="1"/>
<uol name="14" value="2"/>
<uol name="15" value="1"/>
</imgdir>
<imgdir name="cry">
<canvas name="0" width="48" height="38">
<vector name="origin" x="24" y="38"/>
<vector name="lt" x="-24" y="-38"/>
<vector name="rb" x="24" y="0"/>
<int name="delay" value="300"/>
<string name="_hash" value="37c3d0b87a6523cc26fdcced745de2b3e4f792aaa3fcbca28944f8b5854a1a67"/>
</canvas>
<canvas name="1" width="48" height="38">
<vector name="origin" x="24" y="38"/>
<vector name="lt" x="-24" y="-38"/>
<vector name="rb" x="24" y="0"/>
<int name="delay" value="200"/>
<string name="_hash" value="12d05e11eb1d253baeaf04247174005d465ad3d1468bee71388f49c2af2a0c93"/>
</canvas>
<canvas name="2" width="48" height="38">
<vector name="origin" x="24" y="38"/>
<vector name="lt" x="-24" y="-38"/>
<vector name="rb" x="24" y="0"/>
<int name="delay" value="1500"/>
<string name="_hash" value="be4106e5329f68ad7be47ec9f9988581b6e425e616061c906966241814fcccfa"/>
</canvas>
<uol name="3" value="0"/>
<uol name="4" value="1"/>
<uol name="5" value="2"/>
</imgdir>
<imgdir name="fly">
<canvas name="0" width="54" height="49">
<vector name="origin" x="28" y="49"/>
<vector name="lt" x="-28" y="-49"/>
<vector name="rb" x="26" y="1"/>
<int name="delay" value="150"/>
<string name="_hash" value="8a8f61b6785bca036db33b691324476a5057d856e42dfad080d148a18bea133b"/>
</canvas>
<canvas name="1" width="54" height="50">
<vector name="origin" x="28" y="50"/>
<vector name="lt" x="-28" y="-49"/>
<vector name="rb" x="26" y="1"/>
<int name="delay" value="150"/>
<string name="_hash" value="aee730fae7a2889198f8c5919f4b7eb227be5a7eccc856cae2a0e304ee9a1044"/>
</canvas>
</imgdir>
</imgdir>
