<?xml version="1.0" encoding="UTF-8" standalone="yes"?>
<imgdir name="5000343.img">
<imgdir name="info">
<canvas name="icon" width="34" height="31">
<vector name="origin" x="1" y="31"/>
<string name="_hash" value="8818b0d32f40ae504333fa45dc87965469510487d74e47132f9146b789e514d6"/>
</canvas>
<canvas name="iconRaw" width="34" height="28">
<vector name="origin" x="1" y="31"/>
<string name="_hash" value="c9b0e1df2d6713ebf067eb5f5c28cc795f1d38cc4cad6fea42d760db2dbfaf37"/>
</canvas>
<canvas name="iconD" width="28" height="32">
<vector name="origin" x="-3" y="32"/>
<string name="_hash" value="b921fe4d64a85bed6b6cb6b7ca1231d5abcc9a7c619c9de55c4d91fe5638be1e"/>
</canvas>
<canvas name="iconRawD" width="28" height="31">
<vector name="origin" x="-3" y="32"/>
<string name="_hash" value="04b766639c6c55875a3715e6d56e78d88ac183ceab3666dbe7e98f96e309b0ab"/>
</canvas>
<int name="nameTag" value="139"/>
<int name="chatBalloon" value="139"/>
<int name="life" value="90"/>
<int name="hungry" value="2"/>
<int name="cash" value="1"/>
<int name="multiPet" value="1"/>
<int name="pickupItem" value="1"/>
<int name="autoBuff" value="1"/>
<int name="setItemID" value="321"/>
</imgdir>
<imgdir name="interact">
<imgdir name="0">
<string name="command" value="c1"/>
<int name="inc" value="1"/>
<int name="prob" value="30"/>
<int name="l0" value="1"/>
<int name="l1" value="9"/>
<imgdir name="success">
<imgdir name="0">
<string name="act" value="rest0"/>
<string name="0" value="c1_s1"/>
<string name="1" value="c1_s2"/>
</imgdir>
</imgdir>
<imgdir name="fail">
<imgdir name="0">
<string name="act" value="chat"/>
<string name="0" value="c1_f1"/>
<string name="1" value="c1_f2"/>
</imgdir>
</imgdir>
</imgdir>
<imgdir name="1">
<string name="command" value="c2"/>
<int name="inc" value="2"/>
<int name="prob" value="45"/>
<int name="l0" value="10"/>
<int name="l1" value="19"/>
<imgdir name="success">
<imgdir name="0">
<string name="act" value="rest0"/>
<string name="0" value="c2_s1"/>
<string name="1" value="c2_s2"/>
<string name="2" value="c2_s3"/>
<string name="3" value="c2_s4"/>
</imgdir>
</imgdir>
<imgdir name="fail">
<imgdir name="0">
<string name="act" value="chat"/>
<string name="0" value="c2_f1"/>
<string name="1" value="c2_f2"/>
<string name="2" value="c2_f3"/>
<string name="3" value="c2_f4"/>
</imgdir>
</imgdir>
</imgdir>
<imgdir name="2">
<string name="command" value="c3"/>
<int name="inc" value="3"/>
<int name="prob" value="60"/>
<int name="l0" value="20"/>
<int name="l1" value="29"/>
<imgdir name="success">
<imgdir name="0">
<string name="act" value="rest0"/>
<string name="0" value="c3_s1"/>
<string name="1" value="c3_s2"/>
<string name="2" value="c3_s3"/>
<string name="3" value="c3_s4"/>
</imgdir>
</imgdir>
<imgdir name="fail">
<imgdir name="0">
<string name="act" value="cry"/>
<string name="0" value="c3_f1"/>
<string name="1" value="c3_f2"/>
<string name="2" value="c3_f3"/>
<string name="3" value="c3_f4"/>
</imgdir>
</imgdir>
</imgdir>
<imgdir name="3">
<string name="command" value="c4"/>
<int name="inc" value="2"/>
<int name="prob" value="70"/>
<int name="l0" value="30"/>
<int name="l1" value="30"/>
<imgdir name="success">
<imgdir name="0">
<string name="act" value="rest0"/>
<string name="0" value="c4_s1"/>
<string name="1" value="c4_s2"/>
<string name="2" value="c4_s3"/>
<string name="3" value="c4_s4"/>
</imgdir>
</imgdir>
<imgdir name="fail">
<imgdir name="0">
<string name="act" value="angry"/>
<string name="0" value="c4_f1"/>
<string name="1" value="c4_f2"/>
<string name="2" value="c4_f3"/>
<string name="3" value="c4_f4"/>
</imgdir>
</imgdir>
</imgdir>
<imgdir name="4">
<string name="command" value="c5"/>
<int name="inc" value="1"/>
<int name="prob" value="30"/>
<int name="l0" value="1"/>
<int name="l1" value="9"/>
<imgdir name="success">
<imgdir name="0">
<string name="act" value="cry"/>
<string name="0" value="c5_s1"/>
<string name="1" value="c5_s2"/>
</imgdir>
</imgdir>
<imgdir name="fail">
<imgdir name="0">
<string name="act" value="chat"/>
<string name="0" value="c5_f1"/>
<string name="1" value="c5_f2"/>
</imgdir>
</imgdir>
</imgdir>
<imgdir name="5">
<string name="command" value="c6"/>
<int name="inc" value="2"/>
<int name="prob" value="50"/>
<int name="l0" value="10"/>
<int name="l1" value="19"/>
<imgdir name="success">
<imgdir name="0">
<string name="act" value="cry"/>
<string name="0" value="c6_s1"/>
<string name="1" value="c6_s2"/>
<string name="2" value="c6_s3"/>
<string name="3" value="c6_s4"/>
</imgdir>
</imgdir>
<imgdir name="fail">
<imgdir name="0">
<string name="act" value="chat"/>
<string name="0" value="c6_f1"/>
<string name="1" value="c6_f2"/>
<string name="2" value="c6_f3"/>
<string name="3" value="c6_f4"/>
</imgdir>
</imgdir>
</imgdir>
<imgdir name="6">
<string name="command" value="c7"/>
<int name="inc" value="2"/>
<int name="prob" value="60"/>
<int name="l0" value="20"/>
<int name="l1" value="29"/>
<imgdir name="success">
<imgdir name="0">
<string name="act" value="cry"/>
<string name="0" value="c7_s1"/>
<string name="1" value="c7_s2"/>
<string name="2" value="c7_s3"/>
<string name="3" value="c7_s4"/>
</imgdir>
</imgdir>
<imgdir name="fail">
<imgdir name="0">
<string name="act" value="angry"/>
<string name="0" value="c7_f1"/>
<string name="1" value="c7_f2"/>
<string name="2" value="c7_f3"/>
<string name="3" value="c7_f4"/>
</imgdir>
</imgdir>
</imgdir>
<imgdir name="7">
<string name="command" value="c8"/>
<int name="inc" value="3"/>
<int name="prob" value="70"/>
<int name="l0" value="30"/>
<int name="l1" value="30"/>
<imgdir name="success">
<imgdir name="0">
<string name="act" value="cry"/>
<string name="0" value="c8_s1"/>
<string name="1" value="c8_s2"/>
<string name="2" value="c8_s3"/>
<string name="3" value="c8_s4"/>
</imgdir>
</imgdir>
<imgdir name="fail">
<imgdir name="0">
<string name="act" value="chat"/>
<string name="0" value="c8_f1"/>
<string name="1" value="c8_f2"/>
<string name="2" value="c8_f3"/>
<string name="3" value="c8_f4"/>
</imgdir>
</imgdir>
</imgdir>
<imgdir name="8">
<string name="command" value="c9"/>
<int name="inc" value="1"/>
<int name="prob" value="30"/>
<int name="l0" value="1"/>
<int name="l1" value="9"/>
<imgdir name="success">
<imgdir name="0">
<string name="act" value="love"/>
<string name="0" value="c9_s1"/>
<string name="1" value="c9_s2"/>
</imgdir>
</imgdir>
<imgdir name="fail">
<imgdir name="0">
<string name="act" value="cry"/>
<string name="0" value="c9_f1"/>
<string name="1" value="c9_f2"/>
</imgdir>
</imgdir>
</imgdir>
<imgdir name="9">
<string name="command" value="c10"/>
<int name="inc" value="2"/>
<int name="prob" value="50"/>
<int name="l0" value="10"/>
<int name="l1" value="19"/>
<imgdir name="success">
<imgdir name="0">
<string name="act" value="love"/>
<string name="0" value="c10_s1"/>
<string name="1" value="c10_s2"/>
<string name="2" value="c10_s3"/>
<string name="3" value="c10_s4"/>
</imgdir>
</imgdir>
<imgdir name="fail">
<imgdir name="0">
<string name="act" value="chat"/>
<string name="0" value="c10_f1"/>
<string name="1" value="c10_f2"/>
<string name="2" value="c10_f3"/>
<string name="3" value="c10_f4"/>
</imgdir>
</imgdir>
</imgdir>
<imgdir name="10">
<string name="command" value="c11"/>
<int name="inc" value="2"/>
<int name="prob" value="60"/>
<int name="l0" value="20"/>
<int name="l1" value="29"/>
<imgdir name="success">
<imgdir name="0">
<string name="act" value="love"/>
<string name="0" value="c11_s1"/>
<string name="1" value="c11_s2"/>
<string name="2" value="c11_s3"/>
<string name="3" value="c11_s4"/>
</imgdir>
</imgdir>
<imgdir name="fail">
<imgdir name="0">
<string name="act" value="angry"/>
<string name="0" value="c11_f1"/>
<string name="1" value="c11_f2"/>
<string name="2" value="c11_f3"/>
<string name="4" value="c11_f4"/>
</imgdir>
</imgdir>
</imgdir>
<imgdir name="11">
<string name="command" value="c12"/>
<int name="inc" value="3"/>
<int name="prob" value="70"/>
<int name="l0" value="30"/>
<int name="l1" value="30"/>
<imgdir name="success">
<imgdir name="0">
<string name="act" value="roll"/>
<string name="0" value="c12_s1"/>
<string name="1" value="c12_s2"/>
<string name="2" value="c12_s3"/>
<string name="3" value="c12_s4"/>
</imgdir>
</imgdir>
<imgdir name="fail">
<imgdir name="0">
<string name="act" value="chat"/>
<string name="0" value="c12_f1"/>
<string name="1" value="c12_f2"/>
<string name="2" value="c12_f3"/>
<string name="3" value="c12_f4"/>
</imgdir>
</imgdir>
</imgdir>
<imgdir name="12">
<string name="command" value="c13"/>
<int name="inc" value="1"/>
<int name="prob" value="30"/>
<int name="l0" value="10"/>
<int name="l1" value="19"/>
<imgdir name="success">
<imgdir name="0">
<string name="act" value="dung"/>
<string name="0" value="c13_s1"/>
<string name="1" value="c13_s2"/>
<string name="2" value="c13_s3"/>
<string name="3" value="c13_s4"/>
</imgdir>
</imgdir>
<imgdir name="fail">
<imgdir name="0">
<string name="act" value="cry"/>
<string name="0" value="c13_f1"/>
<string name="1" value="c13_f2"/>
<string name="2" value="c13_f3"/>
<string name="3" value="c13_f4"/>
</imgdir>
</imgdir>
</imgdir>
<imgdir name="13">
<string name="command" value="c14"/>
<int name="inc" value="2"/>
<int name="prob" value="50"/>
<int name="l0" value="20"/>
<int name="l1" value="29"/>
<imgdir name="success">
<imgdir name="0">
<string name="act" value="dung"/>
<string name="0" value="c14_s1"/>
<string name="1" value="c14_s2"/>
<string name="2" value="c14_s3"/>
<string name="3" value="c14_s4"/>
</imgdir>
</imgdir>
<imgdir name="fail">
<imgdir name="0">
<string name="act" value="cry"/>
<string name="0" value="c14_f1"/>
<string name="1" value="c14_f2"/>
<string name="2" value="c14_f3"/>
<string name="3" value="c14_f4"/>
</imgdir>
</imgdir>
</imgdir>
<imgdir name="14">
<string name="command" value="c15"/>
<int name="inc" value="3"/>
<int name="prob" value="70"/>
<int name="l0" value="30"/>
<int name="l1" value="30"/>
<imgdir name="success">
<imgdir name="0">
<string name="act" value="dung"/>
<string name="0" value="c15_s1"/>
<string name="1" value="c15_s2"/>
<string name="2" value="c15_s3"/>
<string name="3" value="c15_s4"/>
</imgdir>
</imgdir>
<imgdir name="fail">
<imgdir name="0">
<string name="act" value="angry"/>
<string name="0" value="c15_f1"/>
<string name="1" value="c15_f2"/>
<string name="2" value="c15_f3"/>
<string name="3" value="c15_f4"/>
</imgdir>
</imgdir>
</imgdir>
<imgdir name="15">
<string name="command" value="c16"/>
<int name="inc" value="1"/>
<int name="prob" value="30"/>
<int name="l0" value="10"/>
<int name="l1" value="19"/>
<imgdir name="success">
<imgdir name="0">
<string name="act" value="sleep"/>
<string name="0" value="c16_s1"/>
<string name="1" value="c16_s2"/>
<string name="2" value="c16_s3"/>
<string name="3" value="c16_s4"/>
</imgdir>
</imgdir>
<imgdir name="fail">
<imgdir name="0">
<string name="act" value="chat"/>
<string name="0" value="c16_f1"/>
<string name="1" value="c16_f2"/>
<string name="2" value="c16_f3"/>
<string name="3" value="c16_f4"/>
</imgdir>
</imgdir>
</imgdir>
<imgdir name="16">
<string name="command" value="c17"/>
<int name="inc" value="2"/>
<int name="prob" value="45"/>
<int name="l0" value="20"/>
<int name="l1" value="29"/>
<imgdir name="success">
<imgdir name="0">
<string name="act" value="sleep"/>
<string name="0" value="c17_s1"/>
<string name="1" value="c17_s2"/>
<string name="2" value="c17_s3"/>
<string name="3" value="c17_s4"/>
</imgdir>
</imgdir>
<imgdir name="fail">
<imgdir name="0">
<string name="act" value="cry"/>
<string name="0" value="c17_f1"/>
<string name="1" value="c17_f2"/>
<string name="2" value="c17_f3"/>
<string name="3" value="c17_f4"/>
</imgdir>
</imgdir>
</imgdir>
<imgdir name="17">
<string name="command" value="c18"/>
<int name="inc" value="3"/>
<int name="prob" value="60"/>
<int name="l0" value="30"/>
<int name="l1" value="30"/>
<imgdir name="success">
<imgdir name="0">
<string name="act" value="sleep"/>
<string name="0" value="c18_s1"/>
<string name="1" value="c18_s2"/>
<string name="2" value="c18_s3"/>
<string name="3" value="c18_s4"/>
</imgdir>
</imgdir>
<imgdir name="fail">
<imgdir name="0">
<string name="act" value="roll"/>
<string name="0" value="c18_f1"/>
<string name="1" value="c18_f2"/>
<string name="2" value="c18_f3"/>
<string name="3" value="c18_f4"/>
</imgdir>
</imgdir>
</imgdir>
<imgdir name="18">
<string name="command" value="c19"/>
<int name="inc" value="1"/>
<int name="prob" value="30"/>
<int name="l0" value="10"/>
<int name="l1" value="19"/>
<imgdir name="success">
<imgdir name="0">
<string name="act" value="love"/>
<string name="0" value="c19_s1"/>
<string name="1" value="c19_s2"/>
<string name="2" value="c19_s3"/>
<string name="3" value="c19_s4"/>
</imgdir>
</imgdir>
<imgdir name="fail">
<imgdir name="0">
<string name="act" value="chat"/>
<string name="0" value="c19_f1"/>
<string name="1" value="c19_f2"/>
<string name="2" value="c19_f3"/>
<string name="3" value="c19_f4"/>
</imgdir>
</imgdir>
</imgdir>
<imgdir name="19">
<string name="command" value="c20"/>
<int name="inc" value="2"/>
<int name="prob" value="45"/>
<int name="l0" value="20"/>
<int name="l1" value="29"/>
<imgdir name="success">
<imgdir name="0">
<string name="act" value="chat"/>
<string name="0" value="c20_s1"/>
<string name="1" value="c20_s2"/>
<string name="2" value="c20_s3"/>
<string name="3" value="c20_s4"/>
</imgdir>
</imgdir>
<imgdir name="fail">
<imgdir name="0">
<string name="act" value="cry"/>
<string name="0" value="c20_f1"/>
<string name="1" value="c20_f2"/>
<string name="2" value="c20_f3"/>
<string name="3" value="c20_f4"/>
</imgdir>
</imgdir>
</imgdir>
<imgdir name="20">
<string name="command" value="c21"/>
<int name="inc" value="3"/>
<int name="prob" value="60"/>
<int name="l0" value="30"/>
<int name="l1" value="30"/>
<imgdir name="success">
<imgdir name="0">
<string name="act" value="chat"/>
<string name="0" value="c21_s1"/>
<string name="1" value="c21_s2"/>
<string name="2" value="c21_s3"/>
<string name="3" value="c21_s4"/>
</imgdir>
</imgdir>
<imgdir name="fail">
<imgdir name="0">
<string name="act" value="angry"/>
<string name="0" value="c21_f1"/>
<string name="1" value="c21_f2"/>
<string name="2" value="c21_f3"/>
<string name="3" value="c21_f4"/>
</imgdir>
</imgdir>
</imgdir>
</imgdir>
<imgdir name="food">
<imgdir name="0">
<int name="l0" value="1"/>
<int name="l1" value="9"/>
<imgdir name="success">
<imgdir name="0">
<string name="act" value="eat"/>
<string name="0" value="f1_s"/>
</imgdir>
</imgdir>
<imgdir name="fail">
<imgdir name="0">
<string name="act" value="no"/>
<string name="0" value="f1_f"/>
</imgdir>
</imgdir>
</imgdir>
<imgdir name="1">
<int name="l0" value="10"/>
<int name="l1" value="19"/>
<imgdir name="success">
<imgdir name="0">
<string name="act" value="eat"/>
<string name="0" value="f2_s"/>
</imgdir>
</imgdir>
<imgdir name="fail">
<imgdir name="0">
<string name="act" value="no"/>
<string name="0" value="f2_f"/>
</imgdir>
</imgdir>
</imgdir>
<imgdir name="2">
<int name="l0" value="20"/>
<int name="l1" value="29"/>
<imgdir name="success">
<imgdir name="0">
<string name="act" value="eat"/>
<string name="0" value="f3_s"/>
</imgdir>
</imgdir>
<imgdir name="fail">
<imgdir name="0">
<string name="act" value="no"/>
<string name="0" value="f3_f"/>
</imgdir>
</imgdir>
</imgdir>
<imgdir name="3">
<int name="l0" value="30"/>
<int name="l1" value="30"/>
<imgdir name="success">
<imgdir name="0">
<string name="act" value="eat"/>
<string name="0" value="f4_s"/>
</imgdir>
</imgdir>
<imgdir name="fail">
<imgdir name="0">
<string name="act" value="no"/>
<string name="0" value="f4_f"/>
</imgdir>
</imgdir>
</imgdir>
</imgdir>
<imgdir name="slang">
<imgdir name="0">
<int name="l0" value="1"/>
<int name="l1" value="9"/>
<string name="act" value="ignore"/>
<string name="0" value="s1"/>
</imgdir>
<imgdir name="1">
<int name="l0" value="10"/>
<int name="l1" value="19"/>
<string name="act" value="ignore"/>
<string name="0" value="s2"/>
</imgdir>
<imgdir name="2">
<int name="l0" value="20"/>
<int name="l1" value="29"/>
<string name="act" value="angry"/>
<string name="0" value="s3"/>
</imgdir>
<imgdir name="3">
<int name="l0" value="30"/>
<int name="l1" value="30"/>
<string name="act" value="angry"/>
<string name="0" value="s4"/>
</imgdir>
</imgdir>
<imgdir name="stand0">
<canvas name="0" width="35" height="40">
<vector name="origin" x="15" y="40"/>
<int name="z" value="0"/>
<vector name="lt" x="-15" y="-40"/>
<vector name="rb" x="22" y="0"/>
<string name="_hash" value="ba4a6fdfe387f2ede7fe8d918da9b88984c54e610cfa020d34fadf140f67f476"/>
</canvas>
<canvas name="1" width="35" height="42">
<vector name="origin" x="15" y="42"/>
<int name="z" value="0"/>
<vector name="lt" x="-15" y="-40"/>
<vector name="rb" x="22" y="0"/>
<string name="_hash" value="1b23676fd3a6ed68f313d4eb31d26fffa32725e488808cd4f76a832cf4692c3f"/>
</canvas>
<canvas name="2" width="35" height="41">
<vector name="origin" x="15" y="41"/>
<int name="z" value="0"/>
<vector name="lt" x="-15" y="-40"/>
<vector name="rb" x="22" y="0"/>
<string name="_hash" value="e4076562d7ae2e0378b6eb72762084e570fb0e95cd8692c0b717b5680c2bc86c"/>
</canvas>
<canvas name="3" width="1" height="1">
<vector name="origin" x="15" y="40"/>
<int name="z" value="0"/>
<vector name="lt" x="-15" y="-40"/>
<vector name="rb" x="22" y="0"/>
<string name="_inlink" value="stand0/0"/>
</canvas>
</imgdir>
<imgdir name="stand1">
<canvas name="0" width="1" height="1">
<vector name="origin" x="15" y="40"/>
<int name="z" value="0"/>
<vector name="lt" x="-15" y="-40"/>
<vector name="rb" x="22" y="0"/>
<string name="_inlink" value="stand0/0"/>
</canvas>
<canvas name="1" width="35" height="40">
<vector name="origin" x="15" y="40"/>
<int name="z" value="0"/>
<vector name="lt" x="-15" y="-40"/>
<vector name="rb" x="22" y="0"/>
<string name="_hash" value="f6d6cfd34f6689ddf0d22f487da5455ccc2594dbf833c910e609f0bbd8ce9415"/>
</canvas>
<canvas name="2" width="35" height="40">
<vector name="origin" x="15" y="40"/>
<int name="z" value="0"/>
<vector name="lt" x="-15" y="-40"/>
<vector name="rb" x="22" y="0"/>
<string name="_hash" value="e39b181905e6b12bb87106a917fc5f3eb91e711b2aba854b7e34aaad9e0cc892"/>
</canvas>
<canvas name="3" width="35" height="40">
<vector name="origin" x="15" y="40"/>
<int name="z" value="0"/>
<vector name="lt" x="-15" y="-40"/>
<vector name="rb" x="22" y="0"/>
<string name="_hash" value="68b6a440dc7ec00caf8ec59e6563198a763c17a10df78ccf2c7ecc1506f0efb8"/>
</canvas>
</imgdir>
<imgdir name="rest0">
<canvas name="0" width="35" height="38">
<vector name="origin" x="16" y="38"/>
<int name="z" value="0"/>
<vector name="lt" x="-15" y="-40"/>
<vector name="rb" x="22" y="0"/>
<string name="_hash" value="71b4571affe38991ca684a06822c07464c778da0ef942896b5350c219d96038e"/>
</canvas>
<canvas name="1" width="35" height="38">
<vector name="origin" x="16" y="38"/>
<int name="z" value="0"/>
<vector name="lt" x="-15" y="-40"/>
<vector name="rb" x="22" y="0"/>
<string name="_hash" value="25470101f7b4a915be7c17a61f934a678eaee90674a5a44c50ee3532ab1b9ef2"/>
</canvas>
<canvas name="2" width="1" height="1">
<vector name="origin" x="16" y="38"/>
<int name="z" value="0"/>
<vector name="lt" x="-15" y="-40"/>
<vector name="rb" x="22" y="0"/>
<string name="_inlink" value="rest0/1"/>
</canvas>
<canvas name="3" width="1" height="1">
<vector name="origin" x="16" y="38"/>
<int name="z" value="0"/>
<vector name="lt" x="-15" y="-40"/>
<vector name="rb" x="22" y="0"/>
<string name="_inlink" value="rest0/0"/>
</canvas>
</imgdir>
<imgdir name="move">
<canvas name="0" width="35" height="40">
<vector name="origin" x="15" y="40"/>
<int name="z" value="0"/>
<vector name="lt" x="-15" y="-40"/>
<vector name="rb" x="22" y="0"/>
<string name="_hash" value="6bee457b037fafba7021fe127faa60e0961e9908d325821df590b1b0ac18fffd"/>
</canvas>
<canvas name="1" width="35" height="40">
<vector name="origin" x="15" y="41"/>
<int name="z" value="0"/>
<vector name="lt" x="-15" y="-40"/>
<vector name="rb" x="22" y="0"/>
<string name="_hash" value="95e8f26ff172cef0bd02a8134e1314eb1e15fa93316e34738698ca67e1d7fa15"/>
</canvas>
<canvas name="2" width="1" height="1">
<vector name="origin" x="15" y="40"/>
<int name="z" value="0"/>
<vector name="lt" x="-15" y="-40"/>
<vector name="rb" x="22" y="0"/>
<string name="_inlink" value="move/0"/>
</canvas>
<canvas name="3" width="35" height="40">
<vector name="origin" x="15" y="41"/>
<int name="z" value="0"/>
<vector name="lt" x="-15" y="-40"/>
<vector name="rb" x="22" y="0"/>
<string name="_hash" value="e1eb3136157ee8c76473efc99d25d5cabc4d1705037750f291bc832515649f8f"/>
</canvas>
</imgdir>
<imgdir name="jump">
<canvas name="0" width="35" height="40">
<vector name="origin" x="15" y="41"/>
<int name="z" value="0"/>
<vector name="lt" x="-15" y="-40"/>
<vector name="rb" x="22" y="0"/>
<string name="_hash" value="0447d9e2b69e804838de0f2bd45af1761dd83dec5770380ac9bbd952f483995d"/>
</canvas>
</imgdir>
<imgdir name="hang">
<canvas name="0" width="35" height="34">
<vector name="origin" x="15" y="53"/>
<int name="z" value="0"/>
<vector name="lt" x="-15" y="-40"/>
<vector name="rb" x="22" y="0"/>
<string name="_hash" value="9b010e6fae44d493a2dd370ba255607ca4003c26c1f55781c3518316e6312967"/>
</canvas>
</imgdir>
<imgdir name="hungry">
<canvas name="0" width="40" height="47">
<vector name="origin" x="24" y="47"/>
<int name="z" value="0"/>
<vector name="lt" x="-15" y="-40"/>
<vector name="rb" x="22" y="0"/>
<string name="_hash" value="08c28ec61f7881fa5a97444588e1592590598f0d7b16d6a64eba1d0a2d3186ee"/>
</canvas>
<canvas name="1" width="39" height="48">
<vector name="origin" x="24" y="48"/>
<int name="z" value="0"/>
<vector name="lt" x="-15" y="-40"/>
<vector name="rb" x="22" y="0"/>
<string name="_hash" value="b337c6ef0811bf5197cc44205f3559c9a3dfd8e26ff0d74c4bd59b8842555ca2"/>
</canvas>
<canvas name="2" width="40" height="47">
<vector name="origin" x="24" y="47"/>
<int name="z" value="0"/>
<vector name="lt" x="-15" y="-40"/>
<vector name="rb" x="22" y="0"/>
<string name="_hash" value="1ab2189fa4dfd697e36b087a7e713615b8c92a93a005aba37736c6c9dd702b94"/>
</canvas>
<canvas name="3" width="39" height="48">
<vector name="origin" x="24" y="48"/>
<int name="z" value="0"/>
<vector name="lt" x="-15" y="-40"/>
<vector name="rb" x="22" y="0"/>
<string name="_hash" value="341c80926bc7d8a542f52791d98177f09a6c7f11f12aab6e1aa0babf02217f71"/>
</canvas>
</imgdir>
<imgdir name="angry">
<canvas name="0" width="1" height="1">
<vector name="origin" x="15" y="40"/>
<int name="z" value="0"/>
<vector name="lt" x="-15" y="-40"/>
<vector name="rb" x="22" y="0"/>
<string name="_inlink" value="move/0"/>
</canvas>
<canvas name="1" width="35" height="42">
<vector name="origin" x="15" y="42"/>
<int name="z" value="0"/>
<vector name="lt" x="-15" y="-40"/>
<vector name="rb" x="22" y="0"/>
<string name="_hash" value="3ace8e76a7b9c60f56340d9deb4b44812c194c9c56defdca9d70577ed13f87ec"/>
</canvas>
<canvas name="2" width="35" height="41">
<vector name="origin" x="15" y="41"/>
<int name="z" value="0"/>
<vector name="lt" x="-15" y="-40"/>
<vector name="rb" x="22" y="0"/>
<string name="_hash" value="fdc49c9b57353676836aa2d9c0a873e7f0736e3b3eb542a5d6cda1419aa214d6"/>
</canvas>
<canvas name="3" width="39" height="46">
<vector name="origin" x="19" y="46"/>
<int name="z" value="0"/>
<vector name="lt" x="-15" y="-40"/>
<vector name="rb" x="22" y="0"/>
<string name="_hash" value="25ca6929b6c94bf903686b66cf788ce8d3c85ebc32ba54834d86fd9d2266a75c"/>
</canvas>
<canvas name="4" width="62" height="67">
<vector name="origin" x="27" y="67"/>
<int name="z" value="0"/>
<vector name="lt" x="-15" y="-40"/>
<vector name="rb" x="22" y="0"/>
<string name="_hash" value="b88f8894881f1dafc6e27784c19183047eed940e73314344a1533c8ce74e2cbd"/>
</canvas>
<canvas name="5" width="82" height="74">
<vector name="origin" x="38" y="74"/>
<int name="z" value="0"/>
<vector name="lt" x="-15" y="-40"/>
<vector name="rb" x="22" y="0"/>
<string name="_hash" value="c83cf4e8f3d871e774c25c850018cad04609b55781d32cf93f980df0140f58ed"/>
</canvas>
<canvas name="6" width="96" height="76">
<vector name="origin" x="46" y="76"/>
<int name="z" value="0"/>
<vector name="lt" x="-15" y="-40"/>
<vector name="rb" x="22" y="0"/>
<string name="_hash" value="8155760fab30c0aff8193fe0a590090cc1542339053f337bf88b7a60d498e3b3"/>
</canvas>
</imgdir>
<imgdir name="chat">
<canvas name="0" width="35" height="40">
<vector name="origin" x="15" y="40"/>
<int name="z" value="0"/>
<vector name="lt" x="-15" y="-40"/>
<vector name="rb" x="22" y="0"/>
<string name="_hash" value="7d5cf9c639fba0bdf64fe53e829f30896cfe1ac6d1b6b6bca2e7ba9deeef31a8"/>
</canvas>
<canvas name="1" width="35" height="42">
<vector name="origin" x="15" y="42"/>
<int name="z" value="0"/>
<vector name="lt" x="-15" y="-40"/>
<vector name="rb" x="22" y="0"/>
<string name="_hash" value="30c9fcdf0101741bb63a5bfc10302ce93220af89fed44ce156d29afbbddf3dfd"/>
</canvas>
<canvas name="2" width="35" height="41">
<vector name="origin" x="15" y="41"/>
<int name="z" value="0"/>
<vector name="lt" x="-15" y="-40"/>
<vector name="rb" x="22" y="0"/>
<string name="_hash" value="147c7d48ee0eb34e20b3c37f142d6eaffbfe22b72ff15abaaac50095969d7906"/>
</canvas>
<canvas name="3" width="35" height="40">
<vector name="origin" x="15" y="40"/>
<int name="z" value="0"/>
<vector name="lt" x="-15" y="-40"/>
<vector name="rb" x="22" y="0"/>
<string name="_hash" value="a889ea1d6694a9a005a926d7fd3115ae8c6f94100b9d97f516b927a0f478f4df"/>
</canvas>
</imgdir>
<imgdir name="love">
<canvas name="0" width="37" height="40">
<vector name="origin" x="17" y="40"/>
<int name="z" value="0"/>
<vector name="lt" x="-15" y="-40"/>
<vector name="rb" x="22" y="0"/>
<string name="_hash" value="48edde71c0a97f1418e06ffa707536e37936643c9f7fa4568bc0754c8b561e63"/>
</canvas>
<canvas name="1" width="39" height="40">
<vector name="origin" x="19" y="40"/>
<int name="z" value="0"/>
<vector name="lt" x="-15" y="-40"/>
<vector name="rb" x="22" y="0"/>
<string name="_hash" value="82daf1dee27a44609f09389bf01524840a416d1890b8a5d9096ae2f96f8cae61"/>
</canvas>
<canvas name="2" width="44" height="40">
<vector name="origin" x="24" y="40"/>
<int name="z" value="0"/>
<vector name="lt" x="-15" y="-40"/>
<vector name="rb" x="22" y="0"/>
<string name="_hash" value="6c48f7e53a8245ea5de82f5bba3f80240d7a0cf25519f8c42c29c25db201aa01"/>
</canvas>
<canvas name="3" width="47" height="40">
<vector name="origin" x="27" y="40"/>
<int name="z" value="0"/>
<vector name="lt" x="-15" y="-40"/>
<vector name="rb" x="22" y="0"/>
<string name="_hash" value="414c6b824629fffc2f838acb4a97ce4479ba9702c410e7238cd09ed80de30824"/>
</canvas>
<canvas name="4" width="51" height="40">
<vector name="origin" x="31" y="40"/>
<int name="z" value="0"/>
<vector name="lt" x="-15" y="-40"/>
<vector name="rb" x="22" y="0"/>
<string name="_hash" value="2d43bf98f463d43356580b117a40fb4548fc86f230d684e9fd533c9513288c77"/>
</canvas>
<canvas name="5" width="52" height="40">
<vector name="origin" x="32" y="40"/>
<int name="z" value="0"/>
<vector name="lt" x="-15" y="-40"/>
<vector name="rb" x="22" y="0"/>
<string name="_hash" value="c9ea773d42d84c4e15d7b0c98189cc840d44c14b80cb9b7d2b0ce771d7347fa7"/>
</canvas>
<canvas name="6" width="35" height="40">
<vector name="origin" x="15" y="40"/>
<int name="z" value="0"/>
<vector name="lt" x="-15" y="-40"/>
<vector name="rb" x="22" y="0"/>
<string name="_hash" value="542194be46f1773d211bab48107d940e50662f766396fd18d14cdc6fa8e592b1"/>
</canvas>
</imgdir>
<imgdir name="eat">
<canvas name="0" width="1" height="1">
<vector name="origin" x="15" y="40"/>
<int name="z" value="0"/>
<vector name="lt" x="-15" y="-40"/>
<vector name="rb" x="22" y="0"/>
<string name="_inlink" value="stand0/0"/>
</canvas>
<canvas name="1" width="35" height="42">
<vector name="origin" x="15" y="42"/>
<int name="z" value="0"/>
<vector name="lt" x="-15" y="-40"/>
<vector name="rb" x="22" y="0"/>
<string name="_hash" value="595b5a2fd038d3381d2e85ca9e350206073e6b084e304ff87121b5cf2f163e9a"/>
</canvas>
<canvas name="2" width="50" height="39">
<vector name="origin" x="23" y="39"/>
<int name="z" value="0"/>
<vector name="lt" x="-15" y="-40"/>
<vector name="rb" x="22" y="0"/>
<string name="_hash" value="1407c8bc87c36272a1b769594a506c4bb590274498d8b7b22d69f3029fa8f49a"/>
</canvas>
<canvas name="3" width="46" height="40">
<vector name="origin" x="21" y="40"/>
<int name="z" value="0"/>
<vector name="lt" x="-15" y="-40"/>
<vector name="rb" x="22" y="0"/>
<string name="_hash" value="63dbbb490777180d5e0800a351d4d04172629f5cc999b4714bb3220ee7723829"/>
</canvas>
<canvas name="4" width="50" height="39">
<vector name="origin" x="23" y="39"/>
<int name="z" value="0"/>
<vector name="lt" x="-15" y="-40"/>
<vector name="rb" x="22" y="0"/>
<string name="_hash" value="1e5699c69b56bc75c10d9e60e238491aa75225e5c7b3b7e56658cba13385f1cc"/>
</canvas>
<canvas name="5" width="46" height="40">
<vector name="origin" x="21" y="40"/>
<int name="z" value="0"/>
<vector name="lt" x="-15" y="-40"/>
<vector name="rb" x="22" y="0"/>
<string name="_hash" value="7a6c6794f4dec0a44a6937a99e4c6f1895068bde57c916765f4f54af2fab4cf4"/>
</canvas>
</imgdir>
<imgdir name="dung">
<canvas name="0" width="1" height="1">
<vector name="origin" x="24" y="47"/>
<int name="z" value="0"/>
<vector name="lt" x="-15" y="-40"/>
<vector name="rb" x="22" y="0"/>
<string name="_inlink" value="hungry/0"/>
</canvas>
<canvas name="1" width="1" height="1">
<vector name="origin" x="24" y="48"/>
<int name="z" value="0"/>
<vector name="lt" x="-15" y="-40"/>
<vector name="rb" x="22" y="0"/>
<string name="_inlink" value="hungry/1"/>
</canvas>
<canvas name="2" width="1" height="1">
<vector name="origin" x="24" y="47"/>
<int name="z" value="0"/>
<vector name="lt" x="-15" y="-40"/>
<vector name="rb" x="22" y="0"/>
<string name="_inlink" value="hungry/2"/>
</canvas>
<canvas name="3" width="1" height="1">
<vector name="origin" x="24" y="48"/>
<int name="z" value="0"/>
<vector name="lt" x="-15" y="-40"/>
<vector name="rb" x="22" y="0"/>
<string name="_inlink" value="hungry/3"/>
</canvas>
</imgdir>
<imgdir name="sleep">
<canvas name="0" width="45" height="39">
<vector name="origin" x="20" y="37"/>
<int name="z" value="0"/>
<vector name="lt" x="-15" y="-40"/>
<vector name="rb" x="22" y="0"/>
<string name="_hash" value="26c15758b3fc36e4fb82b00bf282551521a34f4b3db1b9529170ddecac7e853c"/>
</canvas>
<canvas name="1" width="45" height="39">
<vector name="origin" x="20" y="37"/>
<int name="z" value="0"/>
<vector name="lt" x="-15" y="-40"/>
<vector name="rb" x="22" y="0"/>
<string name="_hash" value="0707e2d99c61d4c1772b3807e1752f7c8f5d8eddbae9bdee387a763f021f0b29"/>
</canvas>
<canvas name="2" width="1" height="1">
<vector name="origin" x="20" y="37"/>
<int name="z" value="0"/>
<vector name="lt" x="-15" y="-40"/>
<vector name="rb" x="22" y="0"/>
<string name="_inlink" value="sleep/0"/>
</canvas>
<canvas name="3" width="1" height="1">
<vector name="origin" x="20" y="37"/>
<int name="z" value="0"/>
<vector name="lt" x="-15" y="-40"/>
<vector name="rb" x="22" y="0"/>
<string name="_inlink" value="sleep/1"/>
</canvas>
</imgdir>
<imgdir name="cry">
<canvas name="0" width="35" height="39">
<vector name="origin" x="14" y="39"/>
<int name="z" value="0"/>
<vector name="lt" x="-15" y="-40"/>
<vector name="rb" x="22" y="0"/>
<string name="_hash" value="4a0d577496f0e27f5f2b449a7f90cb5de4dcf6326f2ec7fe2bb74cd202006c64"/>
</canvas>
<canvas name="1" width="35" height="38">
<vector name="origin" x="13" y="38"/>
<int name="z" value="0"/>
<vector name="lt" x="-15" y="-40"/>
<vector name="rb" x="22" y="0"/>
<string name="_hash" value="4c20d81005ab88ab87e04d4f9ad06e2ca62d01034d976b4b1f961bdcc4cb66cd"/>
</canvas>
<canvas name="2" width="35" height="39">
<vector name="origin" x="14" y="39"/>
<int name="z" value="0"/>
<vector name="lt" x="-15" y="-40"/>
<vector name="rb" x="22" y="0"/>
<string name="_hash" value="4fbb91e5155c035b56fe3d09b22d38b0faa834a6df32c87980a3dff7d324e919"/>
</canvas>
<canvas name="3" width="1" height="1">
<vector name="origin" x="13" y="38"/>
<int name="z" value="0"/>
<vector name="lt" x="-15" y="-40"/>
<vector name="rb" x="22" y="0"/>
<string name="_inlink" value="cry/1"/>
</canvas>
</imgdir>
<imgdir name="sit">
<uol name="0" value="../rest0/0"/>
<uol name="1" value="../rest0/1"/>
<uol name="2" value="../rest0/2"/>
<uol name="3" value="../rest0/3"/>
</imgdir>
<imgdir name="fly">
<uol name="0" value="../jump/0"/>
</imgdir>
<imgdir name="no">
<uol name="0" value="../angry/0"/>
<uol name="1" value="../angry/1"/>
<uol name="2" value="../angry/2"/>
<uol name="3" value="../angry/3"/>
<uol name="4" value="../angry/4"/>
<uol name="5" value="../angry/5"/>
<uol name="6" value="../angry/6"/>
</imgdir>
</imgdir>
