<?xml version="1.0" encoding="UTF-8" standalone="yes"?>
<imgdir name="5000012.img">
<imgdir name="info">
<canvas name="icon" width="33" height="31">
<vector name="origin" x="1" y="31"/>
<string name="_hash" value="f53af693aa14e56b55fae8229649725306644ed32c85c91dff213c26a20e3bb3"/>
</canvas>
<canvas name="iconRaw" width="33" height="28">
<vector name="origin" x="1" y="31"/>
<string name="_hash" value="5dc2a7e0d261d109ff9143de633a7f33c2395af0a5e1776d4400d38268e1f0ed"/>
</canvas>
<canvas name="iconD" width="28" height="32">
<vector name="origin" x="-3" y="32"/>
<string name="_hash" value="0b491e5a4a029e9327480d652731e0e1b99d595fb37efc8380eeb32a009ab33d"/>
</canvas>
<canvas name="iconRawD" width="28" height="32">
<vector name="origin" x="-3" y="32"/>
<string name="_hash" value="357fb6df71628eb237fda70bf61c17d511aff38074728862a60e092f15d46962"/>
</canvas>
<int name="hungry" value="2"/>
<int name="cash" value="1"/>
<int name="life" value="90"/>
<int name="pickupItem" value="1"/>
<int name="nameTag" value="7"/>
<int name="chatBalloon" value="5"/>
<int name="consumeHP" value="1"/>
</imgdir>
<imgdir name="interact">
<imgdir name="0">
<string name="command" value="c1"/>
<int name="inc" value="1"/>
<int name="prob" value="30"/>
<int name="l0" value="1"/>
<int name="l1" value="9"/>
<imgdir name="success">
<imgdir name="0">
<string name="act" value="rest0"/>
<string name="0" value="c1_s1"/>
<string name="1" value="c1_s2"/>
</imgdir>
</imgdir>
<imgdir name="fail">
<imgdir name="0">
<string name="act" value="no"/>
<string name="0" value="c1_f1"/>
<string name="1" value="c1_f2"/>
</imgdir>
</imgdir>
</imgdir>
<imgdir name="1">
<string name="command" value="c2"/>
<int name="inc" value="1"/>
<int name="prob" value="45"/>
<int name="l0" value="10"/>
<int name="l1" value="19"/>
<imgdir name="success">
<imgdir name="0">
<string name="act" value="rest0"/>
<string name="0" value="c2_s1"/>
<string name="1" value="c2_s2"/>
<string name="2" value="c2_s3"/>
<string name="3" value="c2_s4"/>
</imgdir>
</imgdir>
<imgdir name="fail">
<imgdir name="0">
<string name="act" value="no"/>
<string name="0" value="c2_f1"/>
<string name="1" value="c2_f2"/>
<string name="2" value="c2_f3"/>
<string name="3" value="c2_f4"/>
</imgdir>
</imgdir>
</imgdir>
<imgdir name="2">
<string name="command" value="c3"/>
<int name="inc" value="1"/>
<int name="prob" value="60"/>
<int name="l0" value="20"/>
<int name="l1" value="29"/>
<imgdir name="success">
<imgdir name="0">
<string name="act" value="rest0"/>
<string name="0" value="c3_s1"/>
<string name="1" value="c3_s2"/>
<string name="2" value="c3_s3"/>
<string name="3" value="c3_s4"/>
</imgdir>
</imgdir>
<imgdir name="fail">
<imgdir name="0">
<string name="act" value="no"/>
<string name="0" value="c3_f1"/>
<string name="1" value="c3_f2"/>
<string name="2" value="c3_f3"/>
<string name="3" value="c3_f4"/>
</imgdir>
</imgdir>
</imgdir>
<imgdir name="3">
<string name="command" value="c4"/>
<int name="inc" value="1"/>
<int name="prob" value="75"/>
<int name="l0" value="30"/>
<int name="l1" value="30"/>
<imgdir name="success">
<imgdir name="0">
<string name="act" value="rest0"/>
<string name="0" value="c4_s1"/>
<string name="1" value="c4_s2"/>
<string name="2" value="c4_s3"/>
<string name="3" value="c4_s4"/>
</imgdir>
</imgdir>
<imgdir name="fail">
<imgdir name="0">
<string name="act" value="no"/>
<string name="0" value="c4_f1"/>
<string name="1" value="c4_f2"/>
<string name="2" value="c4_f3"/>
<string name="3" value="c4_f4"/>
</imgdir>
</imgdir>
</imgdir>
<imgdir name="4">
<string name="command" value="c5"/>
<int name="inc" value="2"/>
<int name="prob" value="30"/>
<int name="l0" value="1"/>
<int name="l1" value="9"/>
<imgdir name="success">
<imgdir name="0">
<string name="act" value="cry"/>
<string name="0" value="c5_s1"/>
<string name="1" value="c5_s2"/>
</imgdir>
</imgdir>
<imgdir name="fail">
<imgdir name="0">
<string name="act" value="angry"/>
<string name="0" value="c5_f1"/>
<string name="1" value="c5_f2"/>
</imgdir>
</imgdir>
</imgdir>
<imgdir name="5">
<string name="command" value="c6"/>
<int name="inc" value="2"/>
<int name="prob" value="45"/>
<int name="l0" value="10"/>
<int name="l1" value="19"/>
<imgdir name="success">
<imgdir name="0">
<string name="act" value="cry"/>
<string name="0" value="c6_s1"/>
<string name="1" value="c6_s2"/>
<string name="2" value="c6_s3"/>
<string name="3" value="c6_s4"/>
</imgdir>
</imgdir>
<imgdir name="fail">
<imgdir name="0">
<string name="act" value="angry"/>
<string name="0" value="c6_f1"/>
<string name="1" value="c6_f2"/>
<string name="2" value="c6_f3"/>
<string name="3" value="c6_f4"/>
</imgdir>
</imgdir>
</imgdir>
<imgdir name="6">
<string name="command" value="c7"/>
<int name="inc" value="2"/>
<int name="prob" value="60"/>
<int name="l0" value="20"/>
<int name="l1" value="29"/>
<imgdir name="success">
<imgdir name="0">
<string name="act" value="cry"/>
<string name="0" value="c7_s1"/>
<string name="1" value="c7_s2"/>
<string name="2" value="c7_s3"/>
<string name="3" value="c7_s4"/>
</imgdir>
</imgdir>
<imgdir name="fail">
<imgdir name="0">
<string name="act" value="angry"/>
<string name="0" value="c7_f1"/>
<string name="1" value="c7_f2"/>
<string name="2" value="c7_f3"/>
<string name="3" value="c7_f4"/>
</imgdir>
</imgdir>
</imgdir>
<imgdir name="7">
<string name="command" value="c8"/>
<int name="inc" value="2"/>
<int name="prob" value="75"/>
<int name="l0" value="30"/>
<int name="l1" value="30"/>
<imgdir name="success">
<imgdir name="0">
<string name="act" value="cry"/>
<string name="0" value="c8_s1"/>
<string name="1" value="c8_s2"/>
<string name="2" value="c8_s3"/>
<string name="3" value="c8_s4"/>
</imgdir>
</imgdir>
<imgdir name="fail">
<imgdir name="0">
<string name="act" value="stand1"/>
<string name="0" value="c8_f1"/>
<string name="1" value="c8_f2"/>
<string name="2" value="c8_f3"/>
<string name="3" value="c8_f4"/>
</imgdir>
</imgdir>
</imgdir>
<imgdir name="8">
<string name="command" value="c9"/>
<int name="inc" value="2"/>
<int name="prob" value="30"/>
<int name="l0" value="1"/>
<int name="l1" value="9"/>
<imgdir name="success">
<imgdir name="0">
<string name="act" value="dung"/>
<string name="0" value="c9_s1"/>
<string name="1" value="c9_s2"/>
</imgdir>
</imgdir>
<imgdir name="fail">
<imgdir name="0">
<string name="act" value="no"/>
<string name="0" value="c9_f1"/>
<string name="1" value="c9_f2"/>
</imgdir>
</imgdir>
</imgdir>
<imgdir name="9">
<string name="command" value="c10"/>
<int name="inc" value="2"/>
<int name="prob" value="45"/>
<int name="l0" value="10"/>
<int name="l1" value="19"/>
<imgdir name="success">
<imgdir name="0">
<string name="act" value="dung"/>
<string name="0" value="c10_s1"/>
<string name="1" value="c10_s2"/>
<string name="2" value="c10_s3"/>
<string name="3" value="c10_s4"/>
</imgdir>
</imgdir>
<imgdir name="fail">
<imgdir name="0">
<string name="act" value="no"/>
<string name="0" value="c10_f1"/>
<string name="1" value="c10_f2"/>
<string name="2" value="c10_f3"/>
<string name="3" value="c10_f4"/>
</imgdir>
</imgdir>
</imgdir>
<imgdir name="10">
<string name="command" value="c11"/>
<int name="inc" value="2"/>
<int name="prob" value="60"/>
<int name="l0" value="20"/>
<int name="l1" value="29"/>
<imgdir name="success">
<imgdir name="0">
<string name="act" value="dung"/>
<string name="0" value="c11_s1"/>
<string name="1" value="c11_s2"/>
<string name="2" value="c11_s3"/>
<string name="3" value="c11_s4"/>
</imgdir>
</imgdir>
<imgdir name="fail">
<imgdir name="0">
<string name="act" value="no"/>
<string name="0" value="c11_f1"/>
<string name="1" value="c11_f2"/>
<string name="2" value="c11_f3"/>
<string name="4" value="c11_f4"/>
</imgdir>
</imgdir>
</imgdir>
<imgdir name="11">
<string name="command" value="c12"/>
<int name="inc" value="2"/>
<int name="prob" value="75"/>
<int name="l0" value="30"/>
<int name="l1" value="30"/>
<imgdir name="success">
<imgdir name="0">
<string name="act" value="dung"/>
<string name="0" value="c12_s1"/>
<string name="1" value="c12_s2"/>
<string name="2" value="c12_s3"/>
<string name="3" value="c12_s4"/>
</imgdir>
</imgdir>
<imgdir name="fail">
<imgdir name="0">
<string name="act" value="no"/>
<string name="0" value="c12_f1"/>
<string name="1" value="c12_f2"/>
<string name="2" value="c12_f3"/>
<string name="3" value="c12_f4"/>
</imgdir>
</imgdir>
</imgdir>
<imgdir name="12">
<string name="command" value="c13"/>
<int name="inc" value="1"/>
<int name="prob" value="30"/>
<int name="l0" value="1"/>
<int name="l1" value="9"/>
<imgdir name="success">
<imgdir name="0">
<string name="act" value="chat"/>
<string name="0" value="c13_s1"/>
<string name="1" value="c13_s2"/>
<string name="2" value="c13_s3"/>
<string name="3" value="c13_s4"/>
</imgdir>
</imgdir>
<imgdir name="fail">
<imgdir name="0">
<string name="act" value="no"/>
<string name="0" value="c13_f1"/>
<string name="1" value="c13_f2"/>
<string name="2" value="c13_f3"/>
<string name="3" value="c13_f4"/>
</imgdir>
</imgdir>
</imgdir>
<imgdir name="13">
<string name="command" value="c14"/>
<int name="inc" value="1"/>
<int name="prob" value="30"/>
<int name="l0" value="10"/>
<int name="l1" value="19"/>
<imgdir name="success">
<imgdir name="0">
<string name="act" value="love"/>
<string name="0" value="c14_s1"/>
<string name="1" value="c14_s2"/>
<string name="2" value="c14_s3"/>
<string name="3" value="c14_s4"/>
</imgdir>
</imgdir>
<imgdir name="fail">
<imgdir name="0">
<string name="act" value="no"/>
<string name="0" value="c14_f1"/>
<string name="1" value="c14_f2"/>
<string name="2" value="c14_f3"/>
<string name="3" value="c14_f4"/>
</imgdir>
</imgdir>
</imgdir>
<imgdir name="14">
<string name="command" value="c15"/>
<int name="inc" value="1"/>
<int name="prob" value="30"/>
<int name="l0" value="20"/>
<int name="l1" value="29"/>
<imgdir name="success">
<imgdir name="0">
<string name="act" value="love"/>
<string name="0" value="c15_s1"/>
<string name="1" value="c15_s2"/>
<string name="2" value="c15_s3"/>
<string name="3" value="c15_s4"/>
</imgdir>
</imgdir>
<imgdir name="fail">
<imgdir name="0">
<string name="act" value="stunned"/>
<string name="0" value="c15_f1"/>
<string name="1" value="c15_f2"/>
<string name="2" value="c15_f3"/>
<string name="3" value="c15_f4"/>
</imgdir>
</imgdir>
</imgdir>
<imgdir name="15">
<string name="command" value="c16"/>
<int name="inc" value="1"/>
<int name="prob" value="30"/>
<int name="l0" value="30"/>
<int name="l1" value="30"/>
<imgdir name="success">
<imgdir name="0">
<string name="act" value="love"/>
<string name="0" value="c16_s1"/>
<string name="1" value="c16_s2"/>
<string name="2" value="c16_s3"/>
<string name="3" value="c16_s4"/>
</imgdir>
</imgdir>
<imgdir name="fail">
<imgdir name="0">
<string name="act" value="chat"/>
<string name="0" value="c16_f1"/>
<string name="1" value="c16_f2"/>
<string name="2" value="c16_f3"/>
<string name="3" value="c16_f4"/>
</imgdir>
</imgdir>
</imgdir>
<imgdir name="16">
<string name="command" value="c17"/>
<int name="inc" value="2"/>
<int name="prob" value="30"/>
<int name="l0" value="1"/>
<int name="l1" value="9"/>
<imgdir name="success">
<imgdir name="0">
<string name="act" value="smile"/>
<string name="0" value="c17_s1"/>
<string name="1" value="c17_s2"/>
</imgdir>
</imgdir>
<imgdir name="fail">
<imgdir name="0">
<string name="act" value="rest0"/>
<string name="0" value="c17_f1"/>
<string name="1" value="c17_f2"/>
</imgdir>
</imgdir>
</imgdir>
<imgdir name="17">
<string name="command" value="c18"/>
<int name="inc" value="2"/>
<int name="prob" value="45"/>
<int name="l0" value="10"/>
<int name="l1" value="19"/>
<imgdir name="success">
<imgdir name="0">
<string name="act" value="stretch"/>
<string name="0" value="c18_s1"/>
<string name="1" value="c18_s2"/>
<string name="2" value="c18_s3"/>
<string name="3" value="c18_s4"/>
</imgdir>
</imgdir>
<imgdir name="fail">
<imgdir name="0">
<string name="act" value="rest0"/>
<string name="0" value="c18_f1"/>
<string name="1" value="c18_f2"/>
<string name="2" value="c18_f3"/>
<string name="3" value="c18_f4"/>
</imgdir>
</imgdir>
</imgdir>
<imgdir name="18">
<string name="command" value="c19"/>
<int name="inc" value="2"/>
<int name="prob" value="60"/>
<int name="l0" value="20"/>
<int name="l1" value="29"/>
<imgdir name="success">
<imgdir name="0">
<string name="act" value="stretch"/>
<string name="0" value="c19_s1"/>
<string name="1" value="c19_s2"/>
<string name="2" value="c19_s3"/>
<string name="3" value="c19_s4"/>
</imgdir>
</imgdir>
<imgdir name="fail">
<imgdir name="0">
<string name="act" value="rest0"/>
<string name="0" value="c19_f1"/>
<string name="1" value="c19_f2"/>
<string name="2" value="c19_f3"/>
<string name="3" value="c19_f4"/>
</imgdir>
</imgdir>
</imgdir>
<imgdir name="19">
<string name="command" value="c20"/>
<int name="inc" value="2"/>
<int name="prob" value="70"/>
<int name="l0" value="30"/>
<int name="l1" value="30"/>
<imgdir name="success">
<imgdir name="0">
<string name="act" value="stretch"/>
<string name="0" value="c20_s1"/>
<string name="1" value="c20_s2"/>
<string name="2" value="c20_s3"/>
<string name="3" value="c20_s4"/>
</imgdir>
</imgdir>
<imgdir name="fail">
<imgdir name="0">
<string name="act" value="rest0"/>
<string name="0" value="c20_f1"/>
<string name="1" value="c20_f2"/>
<string name="2" value="c20_f3"/>
<string name="3" value="c20_f4"/>
</imgdir>
</imgdir>
</imgdir>
<imgdir name="20">
<string name="command" value="c21"/>
<int name="inc" value="2"/>
<int name="prob" value="35"/>
<int name="l0" value="1"/>
<int name="l1" value="9"/>
<imgdir name="success">
<imgdir name="0">
<string name="act" value="stretch"/>
<string name="0" value="c21_s1"/>
<string name="1" value="c21_s2"/>
<string name="2" value="c21_s3"/>
<string name="3" value="c21_s4"/>
</imgdir>
</imgdir>
<imgdir name="fail">
<imgdir name="0">
<string name="act" value="angry"/>
<string name="0" value="c21_f1"/>
<string name="1" value="c21_f2"/>
<string name="2" value="c21_f3"/>
<string name="3" value="c21_f4"/>
</imgdir>
</imgdir>
</imgdir>
<imgdir name="21">
<string name="command" value="c22"/>
<int name="inc" value="2"/>
<int name="prob" value="45"/>
<int name="l0" value="10"/>
<int name="l1" value="19"/>
<imgdir name="success">
<imgdir name="0">
<string name="act" value="stunned"/>
<string name="0" value="c22_s1"/>
<string name="1" value="c22_s2"/>
<string name="2" value="c22_s3"/>
<string name="3" value="c22_s4"/>
</imgdir>
</imgdir>
<imgdir name="fail">
<imgdir name="0">
<string name="act" value="angry"/>
<string name="0" value="c22_f1"/>
<string name="1" value="c22_f2"/>
<string name="2" value="c22_f3"/>
<string name="3" value="c22_f4"/>
</imgdir>
</imgdir>
</imgdir>
<imgdir name="22">
<string name="command" value="c23"/>
<int name="inc" value="2"/>
<int name="prob" value="55"/>
<int name="l0" value="20"/>
<int name="l1" value="29"/>
<imgdir name="success">
<imgdir name="0">
<string name="act" value="stunned"/>
<string name="0" value="c23_s1"/>
<string name="1" value="c23_s2"/>
<string name="2" value="c23_s3"/>
<string name="3" value="c23_s4"/>
</imgdir>
</imgdir>
<imgdir name="fail">
<imgdir name="0">
<string name="act" value="angry"/>
<string name="0" value="c23_f1"/>
<string name="1" value="c23_f2"/>
<string name="2" value="c23_f3"/>
<string name="3" value="c23_f4"/>
</imgdir>
</imgdir>
</imgdir>
<imgdir name="23">
<string name="command" value="c24"/>
<int name="inc" value="2"/>
<int name="prob" value="65"/>
<int name="l0" value="30"/>
<int name="l1" value="30"/>
<imgdir name="success">
<imgdir name="0">
<string name="act" value="stunned"/>
<string name="0" value="c24_s1"/>
<string name="1" value="c24_s2"/>
<string name="2" value="c24_s3"/>
<string name="3" value="c24_s4"/>
</imgdir>
</imgdir>
<imgdir name="fail">
<imgdir name="0">
<string name="act" value="angry"/>
<string name="0" value="c24_f1"/>
<string name="1" value="c24_f2"/>
<string name="2" value="c24_f3"/>
<string name="3" value="c24_f4"/>
</imgdir>
</imgdir>
</imgdir>
<imgdir name="24">
<string name="command" value="c25"/>
<int name="inc" value="3"/>
<int name="prob" value="35"/>
<int name="l0" value="10"/>
<int name="l1" value="19"/>
<imgdir name="success">
<imgdir name="0">
<string name="act" value="chat"/>
<string name="0" value="c25_s1"/>
<string name="1" value="c25_s2"/>
<string name="2" value="c25_s3"/>
<string name="3" value="c25_s4"/>
</imgdir>
</imgdir>
<imgdir name="fail">
<imgdir name="0">
<string name="act" value="no"/>
<string name="0" value="c25_f1"/>
<string name="1" value="c25_f2"/>
<string name="2" value="c25_f3"/>
<string name="3" value="c25_f4"/>
</imgdir>
</imgdir>
</imgdir>
<imgdir name="25">
<string name="command" value="c26"/>
<int name="inc" value="3"/>
<int name="prob" value="50"/>
<int name="l0" value="20"/>
<int name="l1" value="29"/>
<imgdir name="success">
<imgdir name="0">
<string name="act" value="chat"/>
<string name="0" value="c26_s1"/>
<string name="1" value="c26_s2"/>
<string name="2" value="c26_s3"/>
<string name="3" value="c26_s4"/>
</imgdir>
</imgdir>
<imgdir name="fail">
<imgdir name="0">
<string name="act" value="no"/>
<string name="0" value="c26_f1"/>
<string name="1" value="c26_f2"/>
<string name="2" value="c26_f3"/>
<string name="3" value="c26_f4"/>
</imgdir>
</imgdir>
</imgdir>
<imgdir name="26">
<string name="command" value="c27"/>
<int name="inc" value="3"/>
<int name="prob" value="65"/>
<int name="l0" value="30"/>
<int name="l1" value="30"/>
<imgdir name="success">
<imgdir name="0">
<string name="act" value="chat"/>
<string name="0" value="c27_s1"/>
<string name="1" value="c27_s2"/>
<string name="2" value="c27_s3"/>
<string name="3" value="c27_s4"/>
</imgdir>
</imgdir>
<imgdir name="fail">
<imgdir name="0">
<string name="act" value="no"/>
<string name="0" value="c27_f1"/>
<string name="1" value="c27_f2"/>
<string name="2" value="c27_f3"/>
<string name="3" value="c27_f4"/>
</imgdir>
</imgdir>
</imgdir>
<imgdir name="27">
<string name="command" value="c28"/>
<int name="inc" value="3"/>
<int name="prob" value="35"/>
<int name="l0" value="30"/>
<int name="l1" value="30"/>
<imgdir name="success">
<imgdir name="0">
<string name="act" value="chat"/>
<string name="0" value="c28_s1"/>
<string name="1" value="c28_s2"/>
<string name="2" value="c28_s3"/>
<string name="3" value="c28_s4"/>
</imgdir>
</imgdir>
<imgdir name="fail">
<imgdir name="0">
<string name="act" value="stunned"/>
<string name="0" value="c28_f1"/>
<string name="1" value="c28_f2"/>
<string name="2" value="c28_f3"/>
<string name="3" value="c28_f4"/>
</imgdir>
</imgdir>
</imgdir>
<imgdir name="28">
<string name="command" value="c29"/>
<int name="inc" value="3"/>
<int name="prob" value="50"/>
<int name="l0" value="10"/>
<int name="l1" value="19"/>
<imgdir name="success">
<imgdir name="0">
<string name="act" value="sad"/>
<string name="0" value="c29_s1"/>
<string name="1" value="c29_s2"/>
<string name="2" value="c29_s3"/>
<string name="3" value="c29_s4"/>
</imgdir>
</imgdir>
<imgdir name="fail">
<imgdir name="0">
<string name="act" value="no"/>
<string name="0" value="c29_f1"/>
<string name="1" value="c29_f2"/>
<string name="2" value="c29_f3"/>
<string name="3" value="c29_f4"/>
</imgdir>
</imgdir>
</imgdir>
<imgdir name="29">
<string name="command" value="c30"/>
<int name="inc" value="3"/>
<int name="prob" value="65"/>
<int name="l0" value="20"/>
<int name="l1" value="29"/>
<imgdir name="success">
<imgdir name="0">
<string name="act" value="sad"/>
<string name="0" value="c30_s1"/>
<string name="1" value="c30_s2"/>
<string name="2" value="c30_s3"/>
<string name="3" value="c30_s4"/>
</imgdir>
</imgdir>
<imgdir name="fail">
<imgdir name="0">
<string name="act" value="no"/>
<string name="0" value="c30_f1"/>
<string name="1" value="c30_f2"/>
<string name="2" value="c30_f3"/>
<string name="3" value="c30_f4"/>
</imgdir>
</imgdir>
</imgdir>
<imgdir name="30">
<string name="command" value="c31"/>
<int name="inc" value="3"/>
<int name="prob" value="50"/>
<int name="l0" value="20"/>
<int name="l1" value="29"/>
<imgdir name="success">
<imgdir name="0">
<string name="act" value="sad"/>
<string name="0" value="c31_s1"/>
<string name="1" value="c31_s2"/>
<string name="2" value="c31_s3"/>
<string name="3" value="c31_s4"/>
</imgdir>
</imgdir>
<imgdir name="fail">
<imgdir name="0">
<string name="act" value="no"/>
<string name="0" value="c31_f1"/>
<string name="1" value="c31_f2"/>
<string name="2" value="c31_3"/>
<string name="3" value="c31_f4"/>
</imgdir>
</imgdir>
</imgdir>
<imgdir name="31">
<string name="command" value="c32"/>
<int name="inc" value="3"/>
<int name="prob" value="65"/>
<int name="l0" value="30"/>
<int name="l1" value="30"/>
<imgdir name="success">
<imgdir name="0">
<string name="act" value="wait"/>
<string name="0" value="c32_s1"/>
<string name="1" value="c32_s2"/>
<string name="2" value="c32_s3"/>
<string name="3" value="c32_s4"/>
</imgdir>
</imgdir>
<imgdir name="fail">
<imgdir name="0">
<string name="act" value="stretch"/>
<string name="0" value="c32_f1"/>
<string name="1" value="c32_f2"/>
<string name="2" value="c32_f3"/>
<string name="3" value="c32_f4"/>
</imgdir>
</imgdir>
</imgdir>
</imgdir>
<imgdir name="food">
<imgdir name="0">
<int name="l0" value="1"/>
<int name="l1" value="9"/>
<imgdir name="success">
<imgdir name="0">
<string name="act" value="rest0"/>
<string name="0" value="f1_s"/>
</imgdir>
</imgdir>
<imgdir name="fail">
<imgdir name="0">
<string name="act" value="cry"/>
<string name="0" value="f1_f"/>
</imgdir>
</imgdir>
</imgdir>
<imgdir name="1">
<int name="l0" value="10"/>
<int name="l1" value="19"/>
<imgdir name="success">
<imgdir name="0">
<string name="act" value="rest0"/>
<string name="0" value="f2_s"/>
</imgdir>
</imgdir>
<imgdir name="fail">
<imgdir name="0">
<string name="act" value="cry"/>
<string name="0" value="f2_f"/>
</imgdir>
</imgdir>
</imgdir>
<imgdir name="2">
<int name="l0" value="20"/>
<int name="l1" value="29"/>
<imgdir name="success">
<imgdir name="0">
<string name="act" value="rest0"/>
<string name="0" value="f3_s"/>
</imgdir>
</imgdir>
<imgdir name="fail">
<imgdir name="0">
<string name="act" value="cry"/>
<string name="0" value="f3_f"/>
</imgdir>
</imgdir>
</imgdir>
<imgdir name="3">
<int name="l0" value="30"/>
<int name="l1" value="30"/>
<imgdir name="success">
<imgdir name="0">
<string name="act" value="rest0"/>
<string name="0" value="f4_s"/>
</imgdir>
</imgdir>
<imgdir name="fail">
<imgdir name="0">
<string name="act" value="cry"/>
<string name="0" value="f4_f"/>
</imgdir>
</imgdir>
</imgdir>
</imgdir>
<imgdir name="slang">
<imgdir name="0">
<int name="l0" value="1"/>
<int name="l1" value="9"/>
<string name="act" value="rest0"/>
<string name="0" value="s1"/>
</imgdir>
<imgdir name="1">
<int name="l0" value="10"/>
<int name="l1" value="19"/>
<string name="act" value="rest0"/>
<string name="0" value="s2"/>
</imgdir>
<imgdir name="2">
<int name="l0" value="20"/>
<int name="l1" value="29"/>
<string name="act" value="rest0"/>
<string name="0" value="s3"/>
</imgdir>
<imgdir name="3">
<int name="l0" value="30"/>
<int name="l1" value="30"/>
<string name="act" value="rest0"/>
<string name="0" value="s4"/>
</imgdir>
</imgdir>
<imgdir name="stand0">
<canvas name="0" width="48" height="38">
<vector name="origin" x="16" y="38"/>
<vector name="lt" x="-16" y="-38"/>
<vector name="rb" x="32" y="0"/>
<int name="delay" value="1200"/>
<string name="_hash" value="e4e06b35b89c149945b6c55945a0864f0bf9948c827ba26a64b5d249a930c028"/>
</canvas>
<canvas name="1" width="51" height="38">
<vector name="origin" x="16" y="38"/>
<vector name="lt" x="-16" y="-38"/>
<vector name="rb" x="35" y="0"/>
<int name="delay" value="60"/>
<string name="_hash" value="b9484388b5e0a533d1eb6e6e68c1a8317bfc17bde548fa4f398eda653dacfa4b"/>
</canvas>
<canvas name="2" width="47" height="38">
<vector name="origin" x="16" y="38"/>
<vector name="lt" x="-16" y="-38"/>
<vector name="rb" x="31" y="0"/>
<int name="delay" value="60"/>
<string name="_hash" value="1ad01fee541176b04b396d51ab4ab45fb8df06f07b983bcf681e49946bff3248"/>
</canvas>
<canvas name="3" width="51" height="38">
<vector name="origin" x="16" y="38"/>
<vector name="lt" x="-16" y="-38"/>
<vector name="rb" x="35" y="0"/>
<int name="delay" value="60"/>
<string name="_hash" value="bbbf45995eedbb42338512b0cd6b4844db609ebfa90ec7b51646c17b46263350"/>
</canvas>
</imgdir>
<imgdir name="stand1">
<canvas name="0" width="1" height="1">
<vector name="origin" x="16" y="38"/>
<vector name="lt" x="-16" y="-38"/>
<vector name="rb" x="32" y="0"/>
<int name="delay" value="200"/>
<string name="_inlink" value="stand0/0"/>
</canvas>
<canvas name="1" width="48" height="38">
<vector name="origin" x="16" y="38"/>
<vector name="lt" x="-16" y="-38"/>
<vector name="rb" x="32" y="0"/>
<int name="delay" value="100"/>
<string name="_hash" value="c6547e839232d07c46e1fcecd1027bab7ce976f2574806774da995c7d7c9613d"/>
</canvas>
<canvas name="2" width="48" height="38">
<vector name="origin" x="16" y="38"/>
<vector name="lt" x="-16" y="-38"/>
<vector name="rb" x="32" y="0"/>
<int name="delay" value="200"/>
<string name="_hash" value="08bd695629f657be692ce749e9b8947b0399814d05bca4b256411d34a9da0c86"/>
</canvas>
<uol name="3" value="1"/>
<uol name="4" value="0"/>
<uol name="5" value="1"/>
<uol name="6" value="2"/>
<uol name="7" value="1"/>
</imgdir>
<imgdir name="rest0">
<canvas name="0" width="38" height="38">
<vector name="origin" x="16" y="38"/>
<int name="delay" value="2900"/>
<vector name="lt" x="-17" y="-38"/>
<vector name="rb" x="22" y="0"/>
<string name="_hash" value="b50f3a45b74eacc552720fffa9ae151f8a3ea648c1dbe8ca5f104aea0a5592f5"/>
</canvas>
<canvas name="1" width="38" height="38">
<vector name="origin" x="16" y="38"/>
<vector name="lt" x="-16" y="-38"/>
<vector name="rb" x="22" y="0"/>
<int name="delay" value="100"/>
<string name="_hash" value="a3b1f037ad0d63356f46a8adf3fd83c5a2894c9a4a98d3a9377c0f08249fa86b"/>
</canvas>
</imgdir>
<imgdir name="move">
<canvas name="0" width="49" height="40">
<vector name="origin" x="19" y="40"/>
<vector name="lt" x="-19" y="-40"/>
<vector name="rb" x="30" y="0"/>
<int name="delay" value="100"/>
<string name="_hash" value="8f1ba14f737cbfbfd0658f70f263b6425cd56c45da424aba26fa4db0659888fc"/>
</canvas>
<canvas name="1" width="47" height="38">
<vector name="origin" x="20" y="38"/>
<vector name="lt" x="-20" y="-38"/>
<vector name="rb" x="27" y="0"/>
<int name="delay" value="180"/>
<string name="_hash" value="89ea2542f11603f82a17f2032ec3be34d4af6cc62e7448a8f76787052913ebc6"/>
</canvas>
<canvas name="2" width="48" height="39">
<vector name="origin" x="20" y="39"/>
<vector name="lt" x="-20" y="-39"/>
<vector name="rb" x="29" y="-5"/>
<int name="delay" value="150"/>
<string name="_hash" value="9c48dd03d9c41b25c40b3fde474e7c21964c0ce154b5c16490a3835cc25a006f"/>
</canvas>
</imgdir>
<imgdir name="jump">
<canvas name="0" width="55" height="37">
<vector name="origin" x="18" y="40"/>
<vector name="lt" x="-18" y="-40"/>
<vector name="rb" x="37" y="-3"/>
<string name="_hash" value="e119dd7a16acabe6ab0b467dc40d3f08ef85fbe005a9440dba2a1b848f02c21a"/>
</canvas>
</imgdir>
<imgdir name="hungry">
<canvas name="0" width="42" height="35">
<vector name="origin" x="20" y="35"/>
<vector name="lt" x="-20" y="-35"/>
<vector name="rb" x="22" y="0"/>
<int name="delay" value="1200"/>
<string name="_hash" value="a14a1f280f8b6f59c9d2a4e7eab7cd5244412c88808ba1ad9f0495ad40f4b035"/>
</canvas>
</imgdir>
<imgdir name="angry">
<canvas name="0" width="50" height="34">
<vector name="origin" x="18" y="34"/>
<int name="delay" value="500"/>
<vector name="lt" x="-18" y="-34"/>
<vector name="rb" x="32" y="0"/>
<string name="_hash" value="8e39c6054ac7a6bd40ece8fe53b0a8e967cc0c737f1a3d79e91c270553531704"/>
</canvas>
<canvas name="1" width="50" height="34">
<vector name="origin" x="18" y="34"/>
<vector name="lt" x="-18" y="-34"/>
<vector name="rb" x="32" y="0"/>
<int name="delay" value="2500"/>
<string name="_hash" value="ba319bc6e26039e353b298d1f44f64f3a0e0d35665dd4fc5c0c93c8e26123e53"/>
</canvas>
</imgdir>
<imgdir name="chat">
<canvas name="0" width="1" height="1">
<vector name="origin" x="16" y="38"/>
<int name="delay" value="200"/>
<vector name="lt" x="-16" y="-38"/>
<vector name="rb" x="32" y="0"/>
<string name="_inlink" value="stand0/0"/>
</canvas>
<canvas name="1" width="51" height="38">
<vector name="origin" x="16" y="38"/>
<vector name="lt" x="-16" y="-38"/>
<vector name="rb" x="35" y="0"/>
<int name="delay" value="200"/>
<string name="_hash" value="f8b4cf42aa2eba59faf9b5d5c6fd88f64b230c3fa8484775283ff994cfc7996b"/>
</canvas>
<uol name="2" value="0"/>
<uol name="3" value="1"/>
<uol name="4" value="0"/>
<uol name="5" value="1"/>
<uol name="6" value="0"/>
<uol name="7" value="1"/>
<uol name="8" value="0"/>
<uol name="9" value="1"/>
<canvas name="10" width="1" height="1">
<vector name="origin" x="16" y="38"/>
<int name="delay" value="1000"/>
<vector name="lt" x="-16" y="-38"/>
<vector name="rb" x="32" y="0"/>
<string name="_inlink" value="stand0/0"/>
</canvas>
</imgdir>
<imgdir name="alert">
<canvas name="0" width="43" height="33">
<vector name="origin" x="16" y="32"/>
<int name="delay" value="3000"/>
<vector name="lt" x="-16" y="-32"/>
<vector name="rb" x="27" y="0"/>
<string name="_hash" value="58bb45b156a151a09a19e9393d809dffc64d1bec13ba41efa376accfdd6daee9"/>
</canvas>
</imgdir>
<imgdir name="fly">
<canvas name="0" width="48" height="39">
<vector name="origin" x="19" y="39"/>
<vector name="lt" x="-19" y="-39"/>
<vector name="rb" x="29" y="0"/>
<int name="delay" value="200"/>
<string name="_hash" value="96aa69c3da9a5b25a3d2817c100ca8b63ffc99ef6cce49a622cb599a7bba0633"/>
</canvas>
<canvas name="1" width="48" height="40">
<vector name="origin" x="20" y="39"/>
<int name="delay" value="200"/>
<vector name="lt" x="-20" y="-39"/>
<vector name="rb" x="28" y="1"/>
<string name="_hash" value="8ff2c9045aa665be04c8eead0c2e3d35502b3f4ba76a0599acf093de1d30282f"/>
</canvas>
</imgdir>
<imgdir name="hang">
<canvas name="0" width="32" height="56">
<vector name="origin" x="16" y="62"/>
<vector name="lt" x="-16" y="-62"/>
<vector name="rb" x="16" y="-6"/>
<string name="_hash" value="1ab733ec579c73c018b744deaf6124d5d512ad17d67c6779b11682066a45ce50"/>
</canvas>
</imgdir>
<imgdir name="love">
<canvas name="0" width="53" height="38">
<vector name="origin" x="21" y="38"/>
<vector name="lt" x="-21" y="-38"/>
<vector name="rb" x="32" y="0"/>
<int name="delay" value="3000"/>
<string name="_hash" value="ca38f29ba3e29de65b38e39abc280b0b4d4be005e03932986abbf6d67d255237"/>
</canvas>
</imgdir>
<imgdir name="cry">
<canvas name="0" width="44" height="33">
<vector name="origin" x="22" y="33"/>
<vector name="lt" x="-22" y="-33"/>
<vector name="rb" x="22" y="0"/>
<int name="delay" value="300"/>
<string name="_hash" value="41e791951911e69f488330bc669f46ceba88bdb09107dede8d3bcd6906e8dadb"/>
</canvas>
<canvas name="1" width="44" height="33">
<vector name="origin" x="22" y="33"/>
<vector name="lt" x="-22" y="-33"/>
<vector name="rb" x="22" y="0"/>
<int name="delay" value="300"/>
<string name="_hash" value="354b425d7bfe7aca95de32ee25775d66f39f02e39bf201099bd3a2eaf77831dc"/>
</canvas>
<canvas name="2" width="44" height="33">
<vector name="origin" x="22" y="33"/>
<vector name="lt" x="-22" y="-33"/>
<vector name="rb" x="21" y="0"/>
<int name="delay" value="300"/>
<string name="_hash" value="00b300d8d09e5ec313a943e7d99c9817d5efc210a3dae01445e290c45f8dd6f9"/>
</canvas>
<uol name="3" value="0"/>
<uol name="4" value="1"/>
<uol name="5" value="2"/>
<canvas name="6" width="1" height="1">
<vector name="origin" x="22" y="33"/>
<vector name="lt" x="-22" y="-33"/>
<vector name="rb" x="22" y="0"/>
<int name="delay" value="1200"/>
<string name="_inlink" value="cry/0"/>
</canvas>
</imgdir>
<imgdir name="no">
<canvas name="0" width="56" height="39">
<vector name="origin" x="24" y="39"/>
<vector name="lt" x="-24" y="-39"/>
<vector name="rb" x="32" y="0"/>
<int name="delay" value="3000"/>
<string name="_hash" value="ab363dfc04b6060c7df064a2a3ff423ac94e530101ea03b5b4363288d68245e0"/>
</canvas>
</imgdir>
<imgdir name="stunned">
<canvas name="0" width="48" height="38">
<vector name="origin" x="16" y="38"/>
<int name="delay" value="150"/>
<vector name="lt" x="-16" y="-38"/>
<vector name="rb" x="32" y="0"/>
<string name="_hash" value="17cdbd7b7d671d32bd1de058e1cdcf2f0e33b35f173289dee0fc2136d0237a55"/>
</canvas>
<canvas name="1" width="51" height="38">
<vector name="origin" x="16" y="38"/>
<vector name="lt" x="-16" y="-38"/>
<vector name="rb" x="35" y="0"/>
<int name="delay" value="150"/>
<string name="_hash" value="52c2057ad6157157744e317f97d468d8e7b53e7b8316d057f4db383dc24ce631"/>
</canvas>
<canvas name="2" width="47" height="38">
<vector name="origin" x="16" y="38"/>
<vector name="lt" x="-16" y="-38"/>
<vector name="rb" x="31" y="0"/>
<int name="delay" value="150"/>
<string name="_hash" value="b3d77650e2145a4f7bcaa68da640ac97b588c82da36e6f9cbc0bcaa099dbd8cd"/>
</canvas>
<canvas name="3" width="1" height="1">
<vector name="origin" x="16" y="38"/>
<vector name="lt" x="-16" y="-38"/>
<vector name="rb" x="34" y="0"/>
<int name="delay" value="2550"/>
<string name="_inlink" value="stunned/1"/>
</canvas>
</imgdir>
<imgdir name="sad">
<canvas name="0" width="44" height="33">
<vector name="origin" x="22" y="33"/>
<int name="delay" value="3000"/>
<vector name="lt" x="-22" y="-33"/>
<vector name="rb" x="22" y="0"/>
<string name="_hash" value="0fcc3f223626e959bfc63a7f3b284a0e904841e786d6e62d8e4380d9eaca6775"/>
</canvas>
</imgdir>
<imgdir name="dung">
<canvas name="0" width="41" height="44">
<vector name="origin" x="18" y="44"/>
<int name="delay" value="2500"/>
<vector name="lt" x="-21" y="-39"/>
<vector name="rb" x="21" y="0"/>
<string name="_hash" value="64986e619c423e9198d928443f383708c34dcc10305de94eda82e28f9ccf5726"/>
</canvas>
<canvas name="1" width="42" height="44">
<vector name="origin" x="19" y="44"/>
<int name="delay" value="200"/>
<vector name="lt" x="-21" y="-39"/>
<vector name="rb" x="21" y="0"/>
<string name="_hash" value="b14686bdcf3ec0e0e24a60d1616a2384de9e42575fe3599c8deae74e0f22b3e5"/>
</canvas>
<canvas name="2" width="42" height="44">
<vector name="origin" x="19" y="44"/>
<int name="delay" value="300"/>
<vector name="lt" x="-21" y="-39"/>
<vector name="rb" x="21" y="0"/>
<string name="_hash" value="3815f1a3f79d39ac1c4082efb25a1ddfa309b4a18005b7da22c72422fc01389d"/>
</canvas>
</imgdir>
<imgdir name="stretch">
<canvas name="0" width="1" height="1">
<vector name="origin" x="16" y="38"/>
<vector name="lt" x="-16" y="-38"/>
<vector name="rb" x="32" y="0"/>
<int name="delay" value="300"/>
<string name="_inlink" value="stand0/0"/>
</canvas>
<canvas name="1" width="55" height="33">
<vector name="origin" x="21" y="33"/>
<vector name="lt" x="-21" y="-33"/>
<vector name="rb" x="34" y="0"/>
<int name="delay" value="300"/>
<string name="_hash" value="c1771478f12954563624a53ef2e6dbeae70f20b00327216dd202d44f56afdba1"/>
</canvas>
<canvas name="2" width="65" height="34">
<vector name="origin" x="27" y="34"/>
<vector name="lt" x="-27" y="-34"/>
<vector name="rb" x="38" y="0"/>
<int name="delay" value="300"/>
<string name="_hash" value="fa736fa310303d5f4a6eb7fe47a424c2dd2673ac455442990807cdf76c27581f"/>
</canvas>
<canvas name="3" width="70" height="34">
<vector name="origin" x="30" y="34"/>
<vector name="lt" x="-30" y="-34"/>
<vector name="rb" x="40" y="0"/>
<int name="delay" value="2100"/>
<string name="_hash" value="0406c443ff1402437c77534c220fdc67bc39191423a6408ca881895e41806eb3"/>
</canvas>
</imgdir>
<imgdir name="wait">
<canvas name="0" width="46" height="38">
<vector name="origin" x="16" y="38"/>
<int name="delay" value="200"/>
<vector name="lt" x="-19" y="-39"/>
<vector name="rb" x="19" y="0"/>
<string name="_hash" value="6ddb129f51596184e417503f2a95b33d89613fb6cad3cd2ab8f4540e8259596a"/>
</canvas>
<canvas name="1" width="46" height="38">
<vector name="origin" x="16" y="38"/>
<vector name="rb" x="19" y="0"/>
<vector name="lt" x="-19" y="-39"/>
<int name="delay" value="2800"/>
<string name="_hash" value="b635801201f4733c4642b20987188991198ea1c67da0dd9d62ebcd7c90f6df49"/>
</canvas>
</imgdir>
</imgdir>
