<?xml version="1.0" encoding="UTF-8" standalone="yes"?>
<imgdir name="5000495.img">
<imgdir name="info">
<canvas name="icon" width="32" height="27">
<vector name="origin" x="0" y="27"/>
<string name="_hash" value="b786996e8912f5d3c3b9ee1e70b3a2d5e955c4790156bc9b51574e1da9501153"/>
</canvas>
<canvas name="iconRaw" width="32" height="25">
<vector name="origin" x="0" y="27"/>
<string name="_hash" value="839fcdd196b05ed80558d1d3b9ce0822d429d2f868008cb9eff985921377a3a9"/>
</canvas>
<canvas name="iconD" width="29" height="32">
<vector name="origin" x="-2" y="32"/>
<string name="_hash" value="1cb1e5cdcc1636812fc86bd976ad6d38ba8d770db860ff806ecd0d97d4e2c3f3"/>
</canvas>
<canvas name="iconRawD" width="29" height="32">
<vector name="origin" x="-2" y="32"/>
<string name="_hash" value="63f9374c2cc2f0de894fba5970f359256e91ea4ecc37327cc39e588020e67379"/>
</canvas>
<int name="nameTag" value="239"/>
<int name="chatBalloon" value="239"/>
<int name="life" value="90"/>
<int name="hungry" value="2"/>
<int name="cash" value="1"/>
<int name="multiPet" value="1"/>
<int name="pickupItem" value="1"/>
<int name="autoBuff" value="1"/>
<int name="setItemID" value="593"/>
</imgdir>
<imgdir name="interact">
<imgdir name="0">
<string name="command" value="c1"/>
<int name="inc" value="1"/>
<int name="prob" value="30"/>
<int name="l0" value="1"/>
<int name="l1" value="9"/>
<imgdir name="success">
<imgdir name="0">
<string name="act" value="rest0"/>
<string name="0" value="c1_s1"/>
<string name="1" value="c1_s2"/>
</imgdir>
</imgdir>
<imgdir name="fail">
<imgdir name="0">
<string name="act" value="stand0"/>
<string name="0" value="c1_f1"/>
<string name="1" value="c1_f2"/>
</imgdir>
</imgdir>
</imgdir>
<imgdir name="1">
<string name="command" value="c2"/>
<int name="inc" value="2"/>
<int name="prob" value="45"/>
<int name="l0" value="10"/>
<int name="l1" value="19"/>
<imgdir name="success">
<imgdir name="0">
<string name="act" value="rest0"/>
<string name="0" value="c2_s1"/>
<string name="1" value="c2_s2"/>
<string name="2" value="c2_s3"/>
<string name="3" value="c2_s4"/>
</imgdir>
</imgdir>
<imgdir name="fail">
<imgdir name="0">
<string name="act" value="stand0"/>
<string name="0" value="c2_f1"/>
<string name="1" value="c2_f2"/>
<string name="2" value="c2_f3"/>
<string name="3" value="c2_f4"/>
</imgdir>
</imgdir>
</imgdir>
<imgdir name="2">
<string name="command" value="c3"/>
<int name="inc" value="3"/>
<int name="prob" value="60"/>
<int name="l0" value="20"/>
<int name="l1" value="29"/>
<imgdir name="success">
<imgdir name="0">
<string name="act" value="rest0"/>
<string name="0" value="c3_s1"/>
<string name="1" value="c3_s2"/>
<string name="2" value="c3_s3"/>
<string name="3" value="c3_s4"/>
</imgdir>
</imgdir>
<imgdir name="fail">
<imgdir name="0">
<string name="act" value="stand0"/>
<string name="0" value="c3_f1"/>
<string name="1" value="c3_f2"/>
<string name="2" value="c3_f3"/>
<string name="3" value="c3_f4"/>
</imgdir>
</imgdir>
</imgdir>
<imgdir name="3">
<string name="command" value="c4"/>
<int name="inc" value="2"/>
<int name="prob" value="70"/>
<int name="l0" value="30"/>
<int name="l1" value="30"/>
<imgdir name="success">
<imgdir name="0">
<string name="act" value="rest0"/>
<string name="0" value="c4_s1"/>
<string name="1" value="c4_s2"/>
<string name="2" value="c4_s3"/>
<string name="3" value="c4_s4"/>
</imgdir>
</imgdir>
<imgdir name="fail">
<imgdir name="0">
<string name="act" value="stand0"/>
<string name="0" value="c4_f1"/>
<string name="1" value="c4_f2"/>
<string name="2" value="c4_f3"/>
<string name="3" value="c4_f4"/>
</imgdir>
</imgdir>
</imgdir>
<imgdir name="4">
<string name="command" value="c5"/>
<int name="inc" value="1"/>
<int name="prob" value="30"/>
<int name="l0" value="1"/>
<int name="l1" value="9"/>
<imgdir name="success">
<imgdir name="0">
<string name="act" value="cry"/>
<string name="0" value="c5_s1"/>
<string name="1" value="c5_s2"/>
</imgdir>
</imgdir>
<imgdir name="fail">
<imgdir name="0">
<string name="act" value="angry"/>
<string name="0" value="c5_f1"/>
<string name="1" value="c5_f2"/>
</imgdir>
</imgdir>
</imgdir>
<imgdir name="5">
<string name="command" value="c6"/>
<int name="inc" value="2"/>
<int name="prob" value="50"/>
<int name="l0" value="10"/>
<int name="l1" value="19"/>
<imgdir name="success">
<imgdir name="0">
<string name="act" value="cry"/>
<string name="0" value="c6_s1"/>
<string name="1" value="c6_s2"/>
<string name="2" value="c6_s3"/>
<string name="3" value="c6_s4"/>
</imgdir>
</imgdir>
<imgdir name="fail">
<imgdir name="0">
<string name="act" value="angry"/>
<string name="0" value="c6_f1"/>
<string name="1" value="c6_f2"/>
<string name="2" value="c6_f3"/>
<string name="3" value="c6_f4"/>
</imgdir>
</imgdir>
</imgdir>
<imgdir name="6">
<string name="command" value="c7"/>
<int name="inc" value="2"/>
<int name="prob" value="60"/>
<int name="l0" value="20"/>
<int name="l1" value="29"/>
<imgdir name="success">
<imgdir name="0">
<string name="act" value="cry"/>
<string name="0" value="c7_s1"/>
<string name="1" value="c7_s2"/>
<string name="2" value="c7_s3"/>
<string name="3" value="c7_s4"/>
</imgdir>
</imgdir>
<imgdir name="fail">
<imgdir name="0">
<string name="act" value="angry"/>
<string name="0" value="c7_f1"/>
<string name="1" value="c7_f2"/>
<string name="2" value="c7_f3"/>
<string name="3" value="c7_f4"/>
</imgdir>
</imgdir>
</imgdir>
<imgdir name="7">
<string name="command" value="c8"/>
<int name="inc" value="3"/>
<int name="prob" value="70"/>
<int name="l0" value="30"/>
<int name="l1" value="30"/>
<imgdir name="success">
<imgdir name="0">
<string name="act" value="cry"/>
<string name="0" value="c8_s1"/>
<string name="1" value="c8_s2"/>
<string name="2" value="c8_s3"/>
<string name="3" value="c8_s4"/>
</imgdir>
</imgdir>
<imgdir name="fail">
<imgdir name="0">
<string name="act" value="angry"/>
<string name="0" value="c8_f1"/>
<string name="1" value="c8_f2"/>
<string name="2" value="c8_f3"/>
<string name="3" value="c8_f4"/>
</imgdir>
</imgdir>
</imgdir>
<imgdir name="8">
<string name="command" value="c9"/>
<int name="inc" value="1"/>
<int name="prob" value="30"/>
<int name="l0" value="1"/>
<int name="l1" value="9"/>
<imgdir name="success">
<imgdir name="0">
<string name="act" value="love"/>
<string name="0" value="c9_s1"/>
<string name="1" value="c9_s2"/>
</imgdir>
</imgdir>
<imgdir name="fail">
<imgdir name="0">
<string name="act" value="no"/>
<string name="0" value="c9_f1"/>
<string name="1" value="c9_f2"/>
</imgdir>
</imgdir>
</imgdir>
<imgdir name="9">
<string name="command" value="c10"/>
<int name="inc" value="2"/>
<int name="prob" value="50"/>
<int name="l0" value="10"/>
<int name="l1" value="19"/>
<imgdir name="success">
<imgdir name="0">
<string name="act" value="love"/>
<string name="0" value="c10_s1"/>
<string name="1" value="c10_s2"/>
<string name="2" value="c10_s3"/>
<string name="3" value="c10_s4"/>
</imgdir>
</imgdir>
<imgdir name="fail">
<imgdir name="0">
<string name="act" value="no"/>
<string name="0" value="c10_f1"/>
<string name="1" value="c10_f2"/>
<string name="2" value="c10_f3"/>
<string name="3" value="c10_f4"/>
</imgdir>
</imgdir>
</imgdir>
<imgdir name="10">
<string name="command" value="c11"/>
<int name="inc" value="2"/>
<int name="prob" value="60"/>
<int name="l0" value="20"/>
<int name="l1" value="29"/>
<imgdir name="success">
<imgdir name="0">
<string name="act" value="love"/>
<string name="0" value="c11_s1"/>
<string name="1" value="c11_s2"/>
<string name="2" value="c11_s3"/>
<string name="3" value="c11_s4"/>
</imgdir>
</imgdir>
<imgdir name="fail">
<imgdir name="0">
<string name="act" value="no"/>
<string name="0" value="c11_f1"/>
<string name="1" value="c11_f2"/>
<string name="2" value="c11_f3"/>
<string name="4" value="c11_f4"/>
</imgdir>
</imgdir>
</imgdir>
<imgdir name="11">
<string name="command" value="c12"/>
<int name="inc" value="3"/>
<int name="prob" value="70"/>
<int name="l0" value="30"/>
<int name="l1" value="30"/>
<imgdir name="success">
<imgdir name="0">
<string name="act" value="love"/>
<string name="0" value="c12_s1"/>
<string name="1" value="c12_s2"/>
<string name="2" value="c12_s3"/>
<string name="3" value="c12_s4"/>
</imgdir>
</imgdir>
<imgdir name="fail">
<imgdir name="0">
<string name="act" value="no"/>
<string name="0" value="c12_f1"/>
<string name="1" value="c12_f2"/>
<string name="2" value="c12_f3"/>
<string name="3" value="c12_f4"/>
</imgdir>
</imgdir>
</imgdir>
<imgdir name="12">
<string name="command" value="c13"/>
<int name="inc" value="1"/>
<int name="prob" value="30"/>
<int name="l0" value="10"/>
<int name="l1" value="19"/>
<imgdir name="success">
<imgdir name="0">
<string name="act" value="dung"/>
<string name="0" value="c13_s1"/>
<string name="1" value="c13_s2"/>
<string name="2" value="c13_s3"/>
<string name="3" value="c13_s4"/>
</imgdir>
</imgdir>
<imgdir name="fail">
<imgdir name="0">
<string name="act" value="ignore"/>
<string name="0" value="c13_f1"/>
<string name="1" value="c13_f2"/>
<string name="2" value="c13_f3"/>
<string name="3" value="c13_f4"/>
</imgdir>
</imgdir>
</imgdir>
<imgdir name="13">
<string name="command" value="c14"/>
<int name="inc" value="2"/>
<int name="prob" value="50"/>
<int name="l0" value="20"/>
<int name="l1" value="29"/>
<imgdir name="success">
<imgdir name="0">
<string name="act" value="dung"/>
<string name="0" value="c14_s1"/>
<string name="1" value="c14_s2"/>
<string name="2" value="c14_s3"/>
<string name="3" value="c14_s4"/>
</imgdir>
</imgdir>
<imgdir name="fail">
<imgdir name="0">
<string name="act" value="ignore"/>
<string name="0" value="c14_f1"/>
<string name="1" value="c14_f2"/>
<string name="2" value="c14_f3"/>
<string name="3" value="c14_f4"/>
</imgdir>
</imgdir>
</imgdir>
<imgdir name="14">
<string name="command" value="c15"/>
<int name="inc" value="3"/>
<int name="prob" value="70"/>
<int name="l0" value="30"/>
<int name="l1" value="30"/>
<imgdir name="success">
<imgdir name="0">
<string name="act" value="dung"/>
<string name="0" value="c15_s1"/>
<string name="1" value="c15_s2"/>
<string name="2" value="c15_s3"/>
<string name="3" value="c15_s4"/>
</imgdir>
</imgdir>
<imgdir name="fail">
<imgdir name="0">
<string name="act" value="angry"/>
<string name="0" value="c15_f1"/>
<string name="1" value="c15_f2"/>
<string name="2" value="c15_f3"/>
<string name="3" value="c15_f4"/>
</imgdir>
</imgdir>
</imgdir>
<imgdir name="15">
<string name="command" value="c16"/>
<int name="inc" value="1"/>
<int name="prob" value="30"/>
<int name="l0" value="10"/>
<int name="l1" value="19"/>
<imgdir name="success">
<imgdir name="0">
<string name="act" value="sleep"/>
<string name="0" value="c16_s1"/>
<string name="1" value="c16_s2"/>
<string name="2" value="c16_s3"/>
<string name="3" value="c16_s4"/>
</imgdir>
</imgdir>
<imgdir name="fail">
<imgdir name="0">
<string name="act" value="ignore"/>
<string name="0" value="c16_f1"/>
<string name="1" value="c16_f2"/>
<string name="2" value="c16_f3"/>
<string name="3" value="c16_f4"/>
</imgdir>
</imgdir>
</imgdir>
<imgdir name="16">
<string name="command" value="c17"/>
<int name="inc" value="2"/>
<int name="prob" value="45"/>
<int name="l0" value="20"/>
<int name="l1" value="29"/>
<imgdir name="success">
<imgdir name="0">
<string name="act" value="sleep"/>
<string name="0" value="c17_s1"/>
<string name="1" value="c17_s2"/>
<string name="2" value="c17_s3"/>
<string name="3" value="c17_s4"/>
</imgdir>
</imgdir>
<imgdir name="fail">
<imgdir name="0">
<string name="act" value="ignore"/>
<string name="0" value="c17_f1"/>
<string name="1" value="c17_f2"/>
<string name="2" value="c17_f3"/>
<string name="3" value="c17_f4"/>
</imgdir>
</imgdir>
</imgdir>
<imgdir name="17">
<string name="command" value="c18"/>
<int name="inc" value="3"/>
<int name="prob" value="60"/>
<int name="l0" value="30"/>
<int name="l1" value="30"/>
<imgdir name="success">
<imgdir name="0">
<string name="act" value="sleep"/>
<string name="0" value="c18_s1"/>
<string name="1" value="c18_s2"/>
<string name="2" value="c18_s3"/>
<string name="3" value="c18_s4"/>
</imgdir>
</imgdir>
<imgdir name="fail">
<imgdir name="0">
<string name="act" value="ignore"/>
<string name="0" value="c18_f1"/>
<string name="1" value="c18_f2"/>
<string name="2" value="c18_f3"/>
<string name="3" value="c18_f4"/>
</imgdir>
</imgdir>
</imgdir>
<imgdir name="18">
<string name="command" value="c19"/>
<int name="inc" value="1"/>
<int name="prob" value="30"/>
<int name="l0" value="10"/>
<int name="l1" value="19"/>
<imgdir name="success">
<imgdir name="0">
<string name="act" value="chat"/>
<string name="0" value="c19_s1"/>
<string name="1" value="c19_s2"/>
<string name="2" value="c19_s3"/>
<string name="3" value="c19_s4"/>
</imgdir>
</imgdir>
<imgdir name="fail">
<imgdir name="0">
<string name="act" value="ignore"/>
<string name="0" value="c19_f1"/>
<string name="1" value="c19_f2"/>
<string name="2" value="c19_f3"/>
<string name="3" value="c19_f4"/>
</imgdir>
</imgdir>
</imgdir>
<imgdir name="19">
<string name="command" value="c20"/>
<int name="inc" value="2"/>
<int name="prob" value="45"/>
<int name="l0" value="20"/>
<int name="l1" value="29"/>
<imgdir name="success">
<imgdir name="0">
<string name="act" value="chat"/>
<string name="0" value="c20_s1"/>
<string name="1" value="c20_s2"/>
<string name="2" value="c20_s3"/>
<string name="3" value="c20_s4"/>
</imgdir>
</imgdir>
<imgdir name="fail">
<imgdir name="0">
<string name="act" value="ignore"/>
<string name="0" value="c20_f1"/>
<string name="1" value="c20_f2"/>
<string name="2" value="c20_f3"/>
<string name="3" value="c20_f4"/>
</imgdir>
</imgdir>
</imgdir>
<imgdir name="20">
<string name="command" value="c21"/>
<int name="inc" value="3"/>
<int name="prob" value="60"/>
<int name="l0" value="30"/>
<int name="l1" value="30"/>
<imgdir name="success">
<imgdir name="0">
<string name="act" value="chat"/>
<string name="0" value="c21_s1"/>
<string name="1" value="c21_s2"/>
<string name="2" value="c21_s3"/>
<string name="3" value="c21_s4"/>
</imgdir>
</imgdir>
<imgdir name="fail">
<imgdir name="0">
<string name="act" value="ignore"/>
<string name="0" value="c21_f1"/>
<string name="1" value="c21_f2"/>
<string name="2" value="c21_f3"/>
<string name="3" value="c21_f4"/>
</imgdir>
</imgdir>
</imgdir>
<imgdir name="21">
<string name="command" value="c22"/>
<int name="inc" value="2"/>
<int name="prob" value="50"/>
<int name="l0" value="20"/>
<int name="l1" value="29"/>
<imgdir name="success">
<imgdir name="0">
<string name="act" value="play"/>
<string name="0" value="c22_s1"/>
<string name="1" value="c22_s2"/>
<string name="2" value="c22_s3"/>
<string name="3" value="c22_s4"/>
</imgdir>
</imgdir>
<imgdir name="fail">
<imgdir name="0">
<string name="act" value="no"/>
<string name="0" value="c22_f1"/>
<string name="1" value="c22_f2"/>
<string name="2" value="c22_f3"/>
<string name="3" value="c22_f4"/>
</imgdir>
</imgdir>
</imgdir>
<imgdir name="22">
<string name="command" value="c23"/>
<int name="inc" value="3"/>
<int name="prob" value="60"/>
<int name="l0" value="30"/>
<int name="l1" value="30"/>
<imgdir name="success">
<imgdir name="0">
<string name="act" value="chat"/>
<string name="0" value="c23_s1"/>
<string name="1" value="c23_s2"/>
<string name="2" value="c23_s3"/>
<string name="3" value="c23_s4"/>
</imgdir>
</imgdir>
<imgdir name="fail">
<imgdir name="0">
<string name="act" value="ignore"/>
<string name="0" value="c23_f1"/>
<string name="1" value="c23_f2"/>
<string name="2" value="c23_f3"/>
<string name="3" value="c23_f4"/>
</imgdir>
</imgdir>
</imgdir>
</imgdir>
<imgdir name="food">
<imgdir name="0">
<int name="l0" value="1"/>
<int name="l1" value="9"/>
<imgdir name="success">
<imgdir name="0">
<string name="act" value="eat"/>
<string name="0" value="f1_s"/>
</imgdir>
</imgdir>
<imgdir name="fail">
<imgdir name="0">
<string name="act" value="ignore"/>
<string name="0" value="f1_f"/>
</imgdir>
</imgdir>
</imgdir>
<imgdir name="1">
<int name="l0" value="10"/>
<int name="l1" value="19"/>
<imgdir name="success">
<imgdir name="0">
<string name="act" value="eat"/>
<string name="0" value="f2_s"/>
</imgdir>
</imgdir>
<imgdir name="fail">
<imgdir name="0">
<string name="act" value="ignore"/>
<string name="0" value="f2_f"/>
</imgdir>
</imgdir>
</imgdir>
<imgdir name="2">
<int name="l0" value="20"/>
<int name="l1" value="29"/>
<imgdir name="success">
<imgdir name="0">
<string name="act" value="eat"/>
<string name="0" value="f3_s"/>
</imgdir>
</imgdir>
<imgdir name="fail">
<imgdir name="0">
<string name="act" value="angry"/>
<string name="0" value="f3_f"/>
</imgdir>
</imgdir>
</imgdir>
<imgdir name="3">
<int name="l0" value="30"/>
<int name="l1" value="30"/>
<imgdir name="success">
<imgdir name="0">
<string name="act" value="eat"/>
<string name="0" value="f4_s"/>
</imgdir>
</imgdir>
<imgdir name="fail">
<imgdir name="0">
<string name="act" value="angry"/>
<string name="0" value="f4_f"/>
</imgdir>
</imgdir>
</imgdir>
</imgdir>
<imgdir name="slang">
<imgdir name="0">
<int name="l0" value="1"/>
<int name="l1" value="9"/>
<string name="act" value="ignore"/>
<string name="0" value="s1"/>
</imgdir>
<imgdir name="1">
<int name="l0" value="10"/>
<int name="l1" value="19"/>
<string name="act" value="ignore"/>
<string name="0" value="s2"/>
</imgdir>
<imgdir name="2">
<int name="l0" value="20"/>
<int name="l1" value="29"/>
<string name="act" value="angry"/>
<string name="0" value="s3"/>
</imgdir>
<imgdir name="3">
<int name="l0" value="30"/>
<int name="l1" value="30"/>
<string name="act" value="angry"/>
<string name="0" value="s4"/>
</imgdir>
</imgdir>
<imgdir name="stand0">
<canvas name="0" width="58" height="44">
<vector name="origin" x="25" y="47"/>
<int name="z" value="0"/>
<vector name="lt" x="-23" y="-48"/>
<vector name="rb" x="30" y="-2"/>
<string name="_hash" value="dcf43a09ef069278bebf059eed19306ffca269816231fc885731c4dccb0fd50f"/>
</canvas>
<canvas name="1" width="53" height="44">
<vector name="origin" x="23" y="48"/>
<int name="z" value="0"/>
<vector name="lt" x="-23" y="-48"/>
<vector name="rb" x="30" y="-2"/>
<string name="_hash" value="8af6e456ddfeb9b63853ae63c8a448a9c251a8822c4b0b5f6c7d45aafdf00e23"/>
</canvas>
<canvas name="2" width="58" height="44">
<vector name="origin" x="27" y="49"/>
<int name="z" value="0"/>
<vector name="lt" x="-23" y="-48"/>
<vector name="rb" x="30" y="-2"/>
<string name="_hash" value="3f17e3f7b3e454487a86e1036907bf6e72cef95af110ea02b1166e05425c5cdd"/>
</canvas>
<canvas name="3" width="1" height="1">
<vector name="origin" x="23" y="48"/>
<int name="z" value="0"/>
<vector name="lt" x="-23" y="-48"/>
<vector name="rb" x="30" y="-2"/>
<string name="_inlink" value="stand0/1"/>
</canvas>
</imgdir>
<imgdir name="stand1">
<canvas name="0" width="58" height="44">
<vector name="origin" x="25" y="47"/>
<int name="z" value="0"/>
<vector name="lt" x="-23" y="-48"/>
<vector name="rb" x="30" y="-2"/>
<string name="_hash" value="252b639207e1037bcbe95abc1e77809587a6103a807f9d497a4e860b1c135747"/>
</canvas>
<canvas name="1" width="53" height="44">
<vector name="origin" x="23" y="48"/>
<int name="z" value="0"/>
<vector name="lt" x="-23" y="-48"/>
<vector name="rb" x="30" y="-2"/>
<string name="_hash" value="53e04c1ea6385d455145a6085476f4086382df36735b5423d867f8a3167f7b3a"/>
</canvas>
<canvas name="2" width="58" height="44">
<vector name="origin" x="27" y="49"/>
<int name="z" value="0"/>
<vector name="lt" x="-23" y="-48"/>
<vector name="rb" x="30" y="-2"/>
<string name="_hash" value="fa61529fd0785c0bb2530a795a6d7888802690148b22a4d71c13e33c96a58436"/>
</canvas>
<canvas name="3" width="1" height="1">
<vector name="origin" x="23" y="48"/>
<int name="z" value="0"/>
<vector name="lt" x="-23" y="-48"/>
<vector name="rb" x="30" y="-2"/>
<string name="_inlink" value="stand1/1"/>
</canvas>
</imgdir>
<imgdir name="rest0">
<canvas name="0" width="59" height="59">
<vector name="origin" x="29" y="59"/>
<int name="z" value="0"/>
<vector name="lt" x="-23" y="-48"/>
<vector name="rb" x="30" y="-2"/>
<string name="_hash" value="fcd1d8165ce4e5e6f48d6ffd9724ead4aafb415b35e50054f85fea701b6de64a"/>
</canvas>
<canvas name="1" width="59" height="59">
<vector name="origin" x="28" y="59"/>
<int name="z" value="0"/>
<vector name="lt" x="-23" y="-48"/>
<vector name="rb" x="30" y="-2"/>
<string name="_hash" value="ce442996b01f7e90c1211ac36985efd969258e74ea656f83835bd82187dd0a29"/>
</canvas>
<canvas name="2" width="59" height="60">
<vector name="origin" x="27" y="60"/>
<int name="z" value="0"/>
<vector name="lt" x="-23" y="-48"/>
<vector name="rb" x="30" y="-2"/>
<string name="_hash" value="88e5c4ba7e963946cf4029eaa7f963b61e0f0d77fb92933007925bbb1a4996aa"/>
</canvas>
<canvas name="3" width="59" height="59">
<vector name="origin" x="28" y="59"/>
<int name="z" value="0"/>
<vector name="lt" x="-23" y="-48"/>
<vector name="rb" x="30" y="-2"/>
<string name="_hash" value="8ff7e4a8b0170108c3d7fc86132f00df32e8ef0f6c10b2d8be7cde434448d058"/>
</canvas>
</imgdir>
<imgdir name="move">
<canvas name="0" width="63" height="44">
<vector name="origin" x="17" y="47"/>
<int name="z" value="0"/>
<vector name="lt" x="-23" y="-48"/>
<vector name="rb" x="30" y="-2"/>
<string name="_hash" value="0938e4ac2ed899bbb88c62c9ae212c0e3504f641537f7b9349cdb77cfe5b50ee"/>
</canvas>
<canvas name="1" width="68" height="44">
<vector name="origin" x="16" y="48"/>
<int name="z" value="0"/>
<vector name="lt" x="-23" y="-48"/>
<vector name="rb" x="30" y="-2"/>
<string name="_hash" value="1f25c9f02fd33bf8242823fded90845980a75bf026bf66b39bd62e2e1b6560bf"/>
</canvas>
<canvas name="2" width="60" height="44">
<vector name="origin" x="16" y="49"/>
<int name="z" value="0"/>
<vector name="lt" x="-23" y="-48"/>
<vector name="rb" x="30" y="-2"/>
<string name="_hash" value="d7ff97efc1ede68a1b96bea861a683b186e628d7014c2d139d99cb9b27825d63"/>
</canvas>
<canvas name="3" width="66" height="44">
<vector name="origin" x="16" y="48"/>
<int name="z" value="0"/>
<vector name="lt" x="-23" y="-48"/>
<vector name="rb" x="30" y="-2"/>
<string name="_hash" value="a762eea777a4b7b58361fd5358dd3d1c0225c4801623e480314677f0a674c01e"/>
</canvas>
</imgdir>
<imgdir name="jump">
<canvas name="0" width="66" height="44">
<vector name="origin" x="27" y="53"/>
<int name="z" value="0"/>
<vector name="lt" x="-23" y="-48"/>
<vector name="rb" x="30" y="-2"/>
<string name="_hash" value="235aa8ec9a825267aeee713f8b73eb1c4f6538d79a0b349529b40ec0a5eab699"/>
</canvas>
</imgdir>
<imgdir name="hang">
<canvas name="0" width="38" height="45">
<vector name="origin" x="16" y="57"/>
<int name="z" value="0"/>
<vector name="lt" x="-23" y="-48"/>
<vector name="rb" x="30" y="-2"/>
<string name="_hash" value="abee47028ad1c625b14d387d8f068c4274133e48b82228ff62507cd9e1acef6b"/>
</canvas>
</imgdir>
<imgdir name="hungry">
<canvas name="0" width="51" height="39">
<vector name="origin" x="29" y="38"/>
<int name="z" value="0"/>
<vector name="lt" x="-23" y="-48"/>
<vector name="rb" x="30" y="-2"/>
<string name="_hash" value="da9cbf97fd10e07285619f85f8f0c681cdee7dd3c8355ade73233a2f1f0788b1"/>
</canvas>
<canvas name="1" width="51" height="38">
<vector name="origin" x="29" y="37"/>
<int name="z" value="0"/>
<vector name="lt" x="-23" y="-48"/>
<vector name="rb" x="30" y="-2"/>
<string name="_hash" value="4abf033f146a711cc2c80e9e44e60edda80e0a1ed06dbbdf945f1b356ac7b238"/>
</canvas>
<canvas name="2" width="51" height="38">
<vector name="origin" x="29" y="37"/>
<int name="z" value="0"/>
<vector name="lt" x="-23" y="-48"/>
<vector name="rb" x="30" y="-2"/>
<string name="_hash" value="31d83fca0e004876f10f4f056973aedf05777f082c588ed55d06d99af87b4fed"/>
</canvas>
<canvas name="3" width="51" height="39">
<vector name="origin" x="29" y="38"/>
<int name="z" value="0"/>
<vector name="lt" x="-23" y="-48"/>
<vector name="rb" x="30" y="-2"/>
<string name="_hash" value="f38d005f98af35e51670c8423d40d145acdbd9faf6c951c5ff61e52c17d15f9a"/>
</canvas>
</imgdir>
<imgdir name="angry">
<canvas name="0" width="58" height="47">
<vector name="origin" x="25" y="50"/>
<int name="z" value="0"/>
<vector name="lt" x="-23" y="-48"/>
<vector name="rb" x="30" y="-2"/>
<string name="_hash" value="3be70199418304570b41f522c2e75200866653c730f4397a91f64f0ce213bc18"/>
</canvas>
<canvas name="1" width="53" height="44">
<vector name="origin" x="23" y="48"/>
<int name="z" value="0"/>
<vector name="lt" x="-23" y="-48"/>
<vector name="rb" x="30" y="-2"/>
<string name="_hash" value="e135a705368cb0420e489513469b67ed453a16f651598789cd2214e88a14c034"/>
</canvas>
<canvas name="2" width="58" height="44">
<vector name="origin" x="27" y="49"/>
<int name="z" value="0"/>
<vector name="lt" x="-23" y="-48"/>
<vector name="rb" x="30" y="-2"/>
<string name="_hash" value="20cb1a885b615eb4fb2973c2e83c95b2c48229bfb42789e571385981565f0cc4"/>
</canvas>
<canvas name="3" width="53" height="45">
<vector name="origin" x="23" y="49"/>
<int name="z" value="0"/>
<vector name="lt" x="-23" y="-48"/>
<vector name="rb" x="30" y="-2"/>
<string name="_hash" value="46cea9f2e506d28d4dfd6e03a7f36170ba00ba08a76384d2cca1b8292bd9b85a"/>
</canvas>
</imgdir>
<imgdir name="chat">
<canvas name="0" width="60" height="44">
<vector name="origin" x="28" y="47"/>
<int name="z" value="0"/>
<vector name="lt" x="-23" y="-48"/>
<vector name="rb" x="30" y="-2"/>
<string name="_hash" value="9500f2f931f735db1cc2f97e624565e8f02794a44754db37aceeb8427d6aa6fa"/>
</canvas>
<canvas name="1" width="58" height="44">
<vector name="origin" x="27" y="48"/>
<int name="z" value="0"/>
<vector name="lt" x="-23" y="-48"/>
<vector name="rb" x="30" y="-2"/>
<string name="_hash" value="437bdeea981885c0fc98f41d3c7cf8b9aa2422196077f865a386692e41469c6b"/>
</canvas>
<canvas name="2" width="58" height="44">
<vector name="origin" x="26" y="49"/>
<int name="z" value="0"/>
<vector name="lt" x="-23" y="-48"/>
<vector name="rb" x="30" y="-2"/>
<string name="_hash" value="3d76966f4fac07b6c7a80476af0cfef45d6f797620683cab115e4d1342e9eb40"/>
</canvas>
<canvas name="3" width="60" height="44">
<vector name="origin" x="27" y="48"/>
<int name="z" value="0"/>
<vector name="lt" x="-23" y="-48"/>
<vector name="rb" x="30" y="-2"/>
<string name="_hash" value="76077a21ab2c0477ff93a4d2113eda2cebcf16cba373f9343773c9647d0c23c1"/>
</canvas>
</imgdir>
<imgdir name="love">
<canvas name="0" width="60" height="44">
<vector name="origin" x="28" y="47"/>
<int name="z" value="0"/>
<vector name="lt" x="-23" y="-48"/>
<vector name="rb" x="30" y="-2"/>
<string name="_hash" value="dffce02234807d406cc124978d8e9f3de80149ea9610934e93984f452391813d"/>
</canvas>
<canvas name="1" width="58" height="44">
<vector name="origin" x="27" y="48"/>
<int name="z" value="0"/>
<vector name="lt" x="-23" y="-48"/>
<vector name="rb" x="30" y="-2"/>
<string name="_hash" value="23c30c4c2cc3caf6edfb21464eeb591dd8714afd5fc7ab24b96bdd685e47d50f"/>
</canvas>
<canvas name="2" width="58" height="44">
<vector name="origin" x="26" y="49"/>
<int name="z" value="0"/>
<vector name="lt" x="-23" y="-48"/>
<vector name="rb" x="30" y="-2"/>
<string name="_hash" value="663282887af882812ed13287f92b6612d7318d140d1f5cf2f7971384b7b42329"/>
</canvas>
<canvas name="3" width="60" height="44">
<vector name="origin" x="27" y="48"/>
<int name="z" value="0"/>
<vector name="lt" x="-23" y="-48"/>
<vector name="rb" x="30" y="-2"/>
<string name="_hash" value="3d234f3f2f442127ba38bcff133ac2f665c0899b355d03151513e514aca39bda"/>
</canvas>
</imgdir>
<imgdir name="eat">
<canvas name="0" width="79" height="59">
<vector name="origin" x="23" y="59"/>
<int name="z" value="0"/>
<vector name="lt" x="-23" y="-48"/>
<vector name="rb" x="30" y="-2"/>
<string name="_hash" value="a37248e860d9574aedd49d6b9051b87b5b58109ebb536b2330366026fc76730e"/>
</canvas>
<canvas name="1" width="80" height="59">
<vector name="origin" x="23" y="59"/>
<int name="z" value="0"/>
<vector name="lt" x="-23" y="-48"/>
<vector name="rb" x="30" y="-2"/>
<string name="_hash" value="15520ca0df5bb226980334d174bd35caaee05111464e54ada3b73ca717485c86"/>
</canvas>
<canvas name="2" width="81" height="59">
<vector name="origin" x="23" y="59"/>
<int name="z" value="0"/>
<vector name="lt" x="-23" y="-48"/>
<vector name="rb" x="30" y="-2"/>
<string name="_hash" value="e63edf591cb2e648c897ad1c2643e5883db2a7d02507b4eaa8d0e6bd5b3732c6"/>
</canvas>
<canvas name="3" width="80" height="59">
<vector name="origin" x="23" y="59"/>
<int name="z" value="0"/>
<vector name="lt" x="-23" y="-48"/>
<vector name="rb" x="30" y="-2"/>
<string name="_hash" value="85bed9ec5d27d45695e62af9af13bd849b48b4dffdeffe0be1a5cd7ef81e5fd4"/>
</canvas>
<canvas name="4" width="79" height="59">
<vector name="origin" x="23" y="59"/>
<int name="z" value="0"/>
<vector name="lt" x="-23" y="-48"/>
<vector name="rb" x="30" y="-2"/>
<string name="_hash" value="70d1f567d271e8a31a9499d6f5d0a5270004364881b7b3e9cc2be1ca05ab7389"/>
</canvas>
<canvas name="5" width="1" height="1">
<vector name="origin" x="23" y="59"/>
<int name="z" value="0"/>
<vector name="lt" x="-23" y="-48"/>
<vector name="rb" x="30" y="-2"/>
<string name="_inlink" value="eat/3"/>
</canvas>
<canvas name="6" width="80" height="59">
<vector name="origin" x="23" y="59"/>
<int name="z" value="0"/>
<vector name="lt" x="-23" y="-48"/>
<vector name="rb" x="30" y="-2"/>
<string name="_hash" value="a5c7e5a0121a0f70f31e8dfe86c6fb62bfd6e721e27c36c0115782c679db8e2d"/>
</canvas>
<canvas name="7" width="1" height="1">
<vector name="origin" x="23" y="59"/>
<int name="z" value="0"/>
<vector name="lt" x="-23" y="-48"/>
<vector name="rb" x="30" y="-2"/>
<string name="_inlink" value="eat/1"/>
</canvas>
</imgdir>
<imgdir name="dung">
<canvas name="0" width="40" height="48">
<vector name="origin" x="17" y="48"/>
<int name="z" value="0"/>
<vector name="lt" x="-23" y="-48"/>
<vector name="rb" x="30" y="-2"/>
<string name="_hash" value="a3c9ebb3b26ab3b274ab3ac13e3467b912f511c146f7c9f40fc6549554737c5d"/>
</canvas>
<canvas name="1" width="42" height="49">
<vector name="origin" x="18" y="49"/>
<int name="z" value="0"/>
<vector name="lt" x="-23" y="-48"/>
<vector name="rb" x="30" y="-2"/>
<string name="_hash" value="1d3e96540246f4a28f117a6b001811595a3c75ae15a5bf93ee31e44d31d6f52f"/>
</canvas>
<canvas name="2" width="47" height="55">
<vector name="origin" x="17" y="55"/>
<int name="z" value="0"/>
<vector name="lt" x="-23" y="-48"/>
<vector name="rb" x="30" y="-2"/>
<string name="_hash" value="67ca85de5deb134c438a3213272fcb29d59ae6e372c65557da91e8de6deff8da"/>
</canvas>
<canvas name="3" width="50" height="57">
<vector name="origin" x="18" y="57"/>
<int name="z" value="0"/>
<vector name="lt" x="-23" y="-48"/>
<vector name="rb" x="30" y="-2"/>
<string name="_hash" value="f3e86e3b65bfaf3800efef4fc199122a0e0703f741c9ac2b87261bd8be415c93"/>
</canvas>
</imgdir>
<imgdir name="sleep">
<canvas name="0" width="51" height="59">
<vector name="origin" x="24" y="59"/>
<int name="z" value="0"/>
<vector name="lt" x="-23" y="-48"/>
<vector name="rb" x="30" y="-2"/>
<string name="_hash" value="4b1ef0dcdded14ddc5763c219fe7b0270a6293b8d7dbf152feae9a4ba51211d3"/>
</canvas>
<canvas name="1" width="57" height="59">
<vector name="origin" x="26" y="59"/>
<int name="z" value="0"/>
<vector name="lt" x="-23" y="-48"/>
<vector name="rb" x="30" y="-2"/>
<string name="_hash" value="9ea8e57259f228b03dd6db5180c936f7ef142cb29e5496a193b6b425a8f31ead"/>
</canvas>
<canvas name="2" width="61" height="64">
<vector name="origin" x="26" y="64"/>
<int name="z" value="0"/>
<vector name="lt" x="-23" y="-48"/>
<vector name="rb" x="30" y="-2"/>
<string name="_hash" value="697d2e194487ba8197eeeaac7779a6edaf5eb0ee727e303584b4205048504e48"/>
</canvas>
<canvas name="3" width="55" height="68">
<vector name="origin" x="23" y="68"/>
<int name="z" value="0"/>
<vector name="lt" x="-23" y="-48"/>
<vector name="rb" x="30" y="-2"/>
<string name="_hash" value="51db8052525f0533e4805652f7d7eda158c1cd974852e39c9b94a9e5aaacbf01"/>
</canvas>
</imgdir>
<imgdir name="cry">
<canvas name="0" width="50" height="47">
<vector name="origin" x="21" y="47"/>
<int name="z" value="0"/>
<vector name="lt" x="-23" y="-48"/>
<vector name="rb" x="30" y="-2"/>
<string name="_hash" value="99039546ba9467dfd571d1f70f308470f763b0dcca22b8e823efb70ef3f1e9cc"/>
</canvas>
<canvas name="1" width="49" height="59">
<vector name="origin" x="23" y="59"/>
<int name="z" value="0"/>
<vector name="lt" x="-23" y="-48"/>
<vector name="rb" x="30" y="-2"/>
<string name="_hash" value="c34abf171964c5ad13d2d3ac7034842eb805c1e5386b5afce2a2341f430d21dd"/>
</canvas>
<canvas name="2" width="50" height="54">
<vector name="origin" x="24" y="54"/>
<int name="z" value="0"/>
<vector name="lt" x="-23" y="-48"/>
<vector name="rb" x="30" y="-2"/>
<string name="_hash" value="9da74e40e9cec275694453f5594bf92f09ab961f6169fa3e55960cd51ac9d5e1"/>
</canvas>
<canvas name="3" width="49" height="48">
<vector name="origin" x="21" y="48"/>
<int name="z" value="0"/>
<vector name="lt" x="-23" y="-48"/>
<vector name="rb" x="30" y="-2"/>
<string name="_hash" value="4f14cee9b03692144ee5b9ae0d3b5174f3efeb77e7b26be19b03a5771ec54256"/>
</canvas>
</imgdir>
<imgdir name="sit">
<uol name="0" value="../rest0/0"/>
<uol name="1" value="../rest0/1"/>
<uol name="2" value="../rest0/2"/>
<uol name="3" value="../rest0/3"/>
</imgdir>
<imgdir name="fly">
<uol name="0" value="../move/0"/>
<uol name="1" value="../move/1"/>
<uol name="2" value="../move/2"/>
<uol name="3" value="../move/3"/>
</imgdir>
<imgdir name="ignore">
<canvas name="0" width="58" height="44">
<vector name="origin" x="25" y="47"/>
<int name="z" value="0"/>
<vector name="lt" x="-23" y="-48"/>
<vector name="rb" x="30" y="-2"/>
<string name="_hash" value="5de4bf7de5a08d44804ece5bff0b2f3b41f464ce6078fabe7966d30c22bd049c"/>
</canvas>
<canvas name="1" width="53" height="44">
<vector name="origin" x="23" y="48"/>
<int name="z" value="0"/>
<vector name="lt" x="-23" y="-48"/>
<vector name="rb" x="30" y="-2"/>
<string name="_hash" value="1a467ee951cd50da413988db9e60172c06b1b50d07622820ea264d41413e73ed"/>
</canvas>
<canvas name="2" width="58" height="44">
<vector name="origin" x="27" y="49"/>
<int name="z" value="0"/>
<vector name="lt" x="-23" y="-48"/>
<vector name="rb" x="30" y="-2"/>
<string name="_hash" value="4cad941fe35062d8b12111647ac68e0cd5eac3a816013504cf3df90c75e11f14"/>
</canvas>
<canvas name="3" width="1" height="1">
<vector name="origin" x="23" y="48"/>
<int name="z" value="0"/>
<vector name="lt" x="-23" y="-48"/>
<vector name="rb" x="30" y="-2"/>
<string name="_inlink" value="ignore/1"/>
</canvas>
</imgdir>
<imgdir name="no">
<uol name="0" value="../ignore/0"/>
<uol name="1" value="../ignore/1"/>
<uol name="2" value="../ignore/2"/>
<uol name="3" value="../ignore/3"/>
</imgdir>
</imgdir>
