<?xml version="1.0" encoding="UTF-8" standalone="yes"?>
<imgdir name="5000243.img">
<imgdir name="info">
<canvas name="icon" width="33" height="29">
<vector name="origin" x="1" y="29"/>
<string name="_hash" value="064b0d02f63bad8f09c0b12d1d38ba52cab1474c922311ce434f2bfa4ca7e88f"/>
</canvas>
<canvas name="iconRaw" width="33" height="27">
<vector name="origin" x="1" y="29"/>
<string name="_hash" value="6349e7317969347da5fd868b0de8ac827281e9880171a9581200ec421af3bf66"/>
</canvas>
<canvas name="iconD" width="31" height="32">
<vector name="origin" x="-1" y="32"/>
<string name="_hash" value="c0b835f3bc3f0c0f5a9a147a3de27b70d01fa7dd5e8e69e5152996ddce09bae5"/>
</canvas>
<canvas name="iconRawD" width="31" height="30">
<vector name="origin" x="-1" y="32"/>
<string name="_hash" value="80eb9d2493745e888b0e76e48b2b44a295f920b1b17546d5d6e9e0ea5463758e"/>
</canvas>
<int name="hungry" value="2"/>
<int name="cash" value="1"/>
<int name="nameTag" value="93"/>
<int name="chatBalloon" value="93"/>
<int name="multiPet" value="1"/>
<int name="life" value="90"/>
<int name="pickupItem" value="1"/>
<int name="autoBuff" value="1"/>
<int name="setItemID" value="140"/>
</imgdir>
<imgdir name="interact">
<imgdir name="0">
<string name="command" value="c1"/>
<int name="inc" value="1"/>
<int name="prob" value="30"/>
<int name="l0" value="1"/>
<int name="l1" value="9"/>
<imgdir name="success">
<imgdir name="0">
<string name="act" value="rest0"/>
<string name="0" value="c1_s1"/>
<string name="1" value="c1_s2"/>
</imgdir>
</imgdir>
<imgdir name="fail">
<imgdir name="0">
<string name="act" value="chat"/>
<string name="0" value="c1_f1"/>
<string name="1" value="c1_f2"/>
</imgdir>
</imgdir>
</imgdir>
<imgdir name="1">
<string name="command" value="c2"/>
<int name="inc" value="2"/>
<int name="prob" value="45"/>
<int name="l0" value="10"/>
<int name="l1" value="19"/>
<imgdir name="success">
<imgdir name="0">
<string name="act" value="rest0"/>
<string name="0" value="c2_s1"/>
<string name="1" value="c2_s2"/>
<string name="2" value="c2_s3"/>
<string name="3" value="c2_s4"/>
</imgdir>
</imgdir>
<imgdir name="fail">
<imgdir name="0">
<string name="act" value="cry"/>
<string name="0" value="c2_f1"/>
<string name="1" value="c2_f2"/>
<string name="2" value="c2_f3"/>
<string name="3" value="c2_f4"/>
</imgdir>
</imgdir>
</imgdir>
<imgdir name="2">
<string name="command" value="c3"/>
<int name="inc" value="3"/>
<int name="prob" value="60"/>
<int name="l0" value="20"/>
<int name="l1" value="29"/>
<imgdir name="success">
<imgdir name="0">
<string name="act" value="rest0"/>
<string name="0" value="c3_s1"/>
<string name="1" value="c3_s2"/>
<string name="2" value="c3_s3"/>
<string name="3" value="c3_s4"/>
</imgdir>
</imgdir>
<imgdir name="fail">
<imgdir name="0">
<string name="act" value="angry"/>
<string name="0" value="c3_f1"/>
<string name="1" value="c3_f2"/>
<string name="2" value="c3_f3"/>
<string name="3" value="c3_f4"/>
</imgdir>
</imgdir>
</imgdir>
<imgdir name="3">
<string name="command" value="c4"/>
<int name="inc" value="2"/>
<int name="prob" value="70"/>
<int name="l0" value="30"/>
<int name="l1" value="30"/>
<imgdir name="success">
<imgdir name="0">
<string name="act" value="rest0"/>
<string name="0" value="c4_s1"/>
<string name="1" value="c4_s2"/>
<string name="2" value="c4_s3"/>
<string name="3" value="c4_s4"/>
</imgdir>
</imgdir>
<imgdir name="fail">
<imgdir name="0">
<string name="act" value="angry"/>
<string name="0" value="c4_f1"/>
<string name="1" value="c4_f2"/>
<string name="2" value="c4_f3"/>
<string name="3" value="c4_f4"/>
</imgdir>
</imgdir>
</imgdir>
<imgdir name="4">
<string name="command" value="c5"/>
<int name="inc" value="1"/>
<int name="prob" value="30"/>
<int name="l0" value="1"/>
<int name="l1" value="9"/>
<imgdir name="success">
<imgdir name="0">
<string name="act" value="angry"/>
<string name="0" value="c5_s1"/>
<string name="1" value="c5_s2"/>
</imgdir>
</imgdir>
<imgdir name="fail">
<imgdir name="0">
<string name="act" value="chat"/>
<string name="0" value="c5_f1"/>
<string name="1" value="c5_f2"/>
</imgdir>
</imgdir>
</imgdir>
<imgdir name="5">
<string name="command" value="c6"/>
<int name="inc" value="2"/>
<int name="prob" value="50"/>
<int name="l0" value="10"/>
<int name="l1" value="19"/>
<imgdir name="success">
<imgdir name="0">
<string name="act" value="angry"/>
<string name="0" value="c6_s1"/>
<string name="1" value="c6_s2"/>
<string name="2" value="c6_s3"/>
<string name="3" value="c6_s4"/>
</imgdir>
</imgdir>
<imgdir name="fail">
<imgdir name="0">
<string name="act" value="cry"/>
<string name="0" value="c6_f1"/>
<string name="1" value="c6_f2"/>
<string name="2" value="c6_f3"/>
<string name="3" value="c6_f4"/>
</imgdir>
</imgdir>
</imgdir>
<imgdir name="6">
<string name="command" value="c7"/>
<int name="inc" value="2"/>
<int name="prob" value="60"/>
<int name="l0" value="20"/>
<int name="l1" value="29"/>
<imgdir name="success">
<imgdir name="0">
<string name="act" value="angry"/>
<string name="0" value="c7_s1"/>
<string name="1" value="c7_s2"/>
<string name="2" value="c7_s3"/>
<string name="3" value="c7_s4"/>
</imgdir>
</imgdir>
<imgdir name="fail">
<imgdir name="0">
<string name="act" value="angry"/>
<string name="0" value="c7_f1"/>
<string name="1" value="c7_f2"/>
<string name="2" value="c7_f3"/>
<string name="3" value="c7_f4"/>
</imgdir>
</imgdir>
</imgdir>
<imgdir name="7">
<string name="command" value="c8"/>
<int name="inc" value="3"/>
<int name="prob" value="70"/>
<int name="l0" value="30"/>
<int name="l1" value="30"/>
<imgdir name="success">
<imgdir name="0">
<string name="act" value="angry"/>
<string name="0" value="c8_s1"/>
<string name="1" value="c8_s2"/>
<string name="2" value="c8_s3"/>
<string name="3" value="c8_s4"/>
</imgdir>
</imgdir>
<imgdir name="fail">
<imgdir name="0">
<string name="act" value="angry"/>
<string name="0" value="c8_f1"/>
<string name="1" value="c8_f2"/>
<string name="2" value="c8_f3"/>
<string name="3" value="c8_f4"/>
</imgdir>
</imgdir>
</imgdir>
<imgdir name="8">
<string name="command" value="c9"/>
<int name="inc" value="1"/>
<int name="prob" value="30"/>
<int name="l0" value="1"/>
<int name="l1" value="9"/>
<imgdir name="success">
<imgdir name="0">
<string name="act" value="love"/>
<string name="0" value="c9_s1"/>
<string name="1" value="c9_s2"/>
</imgdir>
</imgdir>
<imgdir name="fail">
<imgdir name="0">
<string name="act" value="chat"/>
<string name="0" value="c9_f1"/>
<string name="1" value="c9_f2"/>
</imgdir>
</imgdir>
</imgdir>
<imgdir name="9">
<string name="command" value="c10"/>
<int name="inc" value="2"/>
<int name="prob" value="50"/>
<int name="l0" value="10"/>
<int name="l1" value="19"/>
<imgdir name="success">
<imgdir name="0">
<string name="act" value="love"/>
<string name="0" value="c10_s1"/>
<string name="1" value="c10_s2"/>
<string name="2" value="c10_s3"/>
<string name="3" value="c10_s4"/>
</imgdir>
</imgdir>
<imgdir name="fail">
<imgdir name="0">
<string name="act" value="cry"/>
<string name="0" value="c10_f1"/>
<string name="1" value="c10_f2"/>
<string name="2" value="c10_f3"/>
<string name="3" value="c10_f4"/>
</imgdir>
</imgdir>
</imgdir>
<imgdir name="10">
<string name="command" value="c11"/>
<int name="inc" value="2"/>
<int name="prob" value="60"/>
<int name="l0" value="20"/>
<int name="l1" value="29"/>
<imgdir name="success">
<imgdir name="0">
<string name="act" value="love"/>
<string name="0" value="c11_s1"/>
<string name="1" value="c11_s2"/>
<string name="2" value="c11_s3"/>
<string name="3" value="c11_s4"/>
</imgdir>
</imgdir>
<imgdir name="fail">
<imgdir name="0">
<string name="act" value="angry"/>
<string name="0" value="c11_f1"/>
<string name="1" value="c11_f2"/>
<string name="2" value="c11_f3"/>
<string name="4" value="c11_f4"/>
</imgdir>
</imgdir>
</imgdir>
<imgdir name="11">
<string name="command" value="c12"/>
<int name="inc" value="3"/>
<int name="prob" value="70"/>
<int name="l0" value="30"/>
<int name="l1" value="30"/>
<imgdir name="success">
<imgdir name="0">
<string name="act" value="love"/>
<string name="0" value="c12_s1"/>
<string name="1" value="c12_s2"/>
<string name="2" value="c12_s3"/>
<string name="3" value="c12_s4"/>
</imgdir>
</imgdir>
<imgdir name="fail">
<imgdir name="0">
<string name="act" value="angry"/>
<string name="0" value="c12_f1"/>
<string name="1" value="c12_f2"/>
<string name="2" value="c12_f3"/>
<string name="3" value="c12_f4"/>
</imgdir>
</imgdir>
</imgdir>
<imgdir name="12">
<string name="command" value="c13"/>
<int name="inc" value="1"/>
<int name="prob" value="30"/>
<int name="l0" value="10"/>
<int name="l1" value="19"/>
<imgdir name="success">
<imgdir name="0">
<string name="act" value="dung"/>
<string name="0" value="c13_s1"/>
<string name="1" value="c13_s2"/>
<string name="2" value="c13_s3"/>
<string name="3" value="c13_s4"/>
</imgdir>
</imgdir>
<imgdir name="fail">
<imgdir name="0">
<string name="act" value="cry"/>
<string name="0" value="c13_f1"/>
<string name="1" value="c13_f2"/>
<string name="2" value="c13_f3"/>
<string name="3" value="c13_f4"/>
</imgdir>
</imgdir>
</imgdir>
<imgdir name="13">
<string name="command" value="c14"/>
<int name="inc" value="2"/>
<int name="prob" value="50"/>
<int name="l0" value="20"/>
<int name="l1" value="29"/>
<imgdir name="success">
<imgdir name="0">
<string name="act" value="dung"/>
<string name="0" value="c14_s1"/>
<string name="1" value="c14_s2"/>
<string name="2" value="c14_s3"/>
<string name="3" value="c14_s4"/>
</imgdir>
</imgdir>
<imgdir name="fail">
<imgdir name="0">
<string name="act" value="cry"/>
<string name="0" value="c14_f1"/>
<string name="1" value="c14_f2"/>
<string name="2" value="c14_f3"/>
<string name="3" value="c14_f4"/>
</imgdir>
</imgdir>
</imgdir>
<imgdir name="14">
<string name="command" value="c15"/>
<int name="inc" value="3"/>
<int name="prob" value="70"/>
<int name="l0" value="30"/>
<int name="l1" value="30"/>
<imgdir name="success">
<imgdir name="0">
<string name="act" value="dung"/>
<string name="0" value="c15_s1"/>
<string name="1" value="c15_s2"/>
<string name="2" value="c15_s3"/>
<string name="3" value="c15_s4"/>
</imgdir>
</imgdir>
<imgdir name="fail">
<imgdir name="0">
<string name="act" value="angry"/>
<string name="0" value="c15_f1"/>
<string name="1" value="c15_f2"/>
<string name="2" value="c15_f3"/>
<string name="3" value="c15_f4"/>
</imgdir>
</imgdir>
</imgdir>
<imgdir name="15">
<string name="command" value="c16"/>
<int name="inc" value="1"/>
<int name="prob" value="30"/>
<int name="l0" value="10"/>
<int name="l1" value="19"/>
<imgdir name="success">
<imgdir name="0">
<string name="act" value="sleep"/>
<string name="0" value="c16_s1"/>
<string name="1" value="c16_s2"/>
<string name="2" value="c16_s3"/>
<string name="3" value="c16_s4"/>
</imgdir>
</imgdir>
<imgdir name="fail">
<imgdir name="0">
<string name="act" value="cry"/>
<string name="0" value="c16_f1"/>
<string name="1" value="c16_f2"/>
<string name="2" value="c16_f3"/>
<string name="3" value="c16_f4"/>
</imgdir>
</imgdir>
</imgdir>
<imgdir name="16">
<string name="command" value="c17"/>
<int name="inc" value="2"/>
<int name="prob" value="45"/>
<int name="l0" value="20"/>
<int name="l1" value="29"/>
<imgdir name="success">
<imgdir name="0">
<string name="act" value="sleep"/>
<string name="0" value="c17_s1"/>
<string name="1" value="c17_s2"/>
<string name="2" value="c17_s3"/>
<string name="3" value="c17_s4"/>
</imgdir>
</imgdir>
<imgdir name="fail">
<imgdir name="0">
<string name="act" value="cry"/>
<string name="0" value="c17_f1"/>
<string name="1" value="c17_f2"/>
<string name="2" value="c17_f3"/>
<string name="3" value="c17_f4"/>
</imgdir>
</imgdir>
</imgdir>
<imgdir name="17">
<string name="command" value="c18"/>
<int name="inc" value="3"/>
<int name="prob" value="60"/>
<int name="l0" value="30"/>
<int name="l1" value="30"/>
<imgdir name="success">
<imgdir name="0">
<string name="act" value="sleep"/>
<string name="0" value="c18_s1"/>
<string name="1" value="c18_s2"/>
<string name="2" value="c18_s3"/>
<string name="3" value="c18_s4"/>
</imgdir>
</imgdir>
<imgdir name="fail">
<imgdir name="0">
<string name="act" value="angry"/>
<string name="0" value="c18_f1"/>
<string name="1" value="c18_f2"/>
<string name="2" value="c18_f3"/>
<string name="3" value="c18_f4"/>
</imgdir>
</imgdir>
</imgdir>
<imgdir name="18">
<string name="command" value="c19"/>
<int name="inc" value="1"/>
<int name="prob" value="30"/>
<int name="l0" value="10"/>
<int name="l1" value="19"/>
<imgdir name="success">
<imgdir name="0">
<string name="act" value="chat"/>
<string name="0" value="c19_s1"/>
<string name="1" value="c19_s2"/>
<string name="2" value="c19_s3"/>
<string name="3" value="c19_s4"/>
</imgdir>
</imgdir>
<imgdir name="fail">
<imgdir name="0">
<string name="act" value="chat"/>
<string name="0" value="c19_f1"/>
<string name="1" value="c19_f2"/>
<string name="2" value="c19_f3"/>
<string name="3" value="c19_f4"/>
</imgdir>
</imgdir>
</imgdir>
<imgdir name="19">
<string name="command" value="c20"/>
<int name="inc" value="2"/>
<int name="prob" value="45"/>
<int name="l0" value="20"/>
<int name="l1" value="29"/>
<imgdir name="success">
<imgdir name="0">
<string name="act" value="chat"/>
<string name="0" value="c20_s1"/>
<string name="1" value="c20_s2"/>
<string name="2" value="c20_s3"/>
<string name="3" value="c20_s4"/>
</imgdir>
</imgdir>
<imgdir name="fail">
<imgdir name="0">
<string name="act" value="cry"/>
<string name="0" value="c20_f1"/>
<string name="1" value="c20_f2"/>
<string name="2" value="c20_f3"/>
<string name="3" value="c20_f4"/>
</imgdir>
</imgdir>
</imgdir>
<imgdir name="20">
<string name="command" value="c21"/>
<int name="inc" value="3"/>
<int name="prob" value="60"/>
<int name="l0" value="30"/>
<int name="l1" value="30"/>
<imgdir name="success">
<imgdir name="0">
<string name="act" value="chat"/>
<string name="0" value="c21_s1"/>
<string name="1" value="c21_s2"/>
<string name="2" value="c21_s3"/>
<string name="3" value="c21_s4"/>
</imgdir>
</imgdir>
<imgdir name="fail">
<imgdir name="0">
<string name="act" value="angry"/>
<string name="0" value="c21_f1"/>
<string name="1" value="c21_f2"/>
<string name="2" value="c21_f3"/>
<string name="3" value="c21_f4"/>
</imgdir>
</imgdir>
</imgdir>
<imgdir name="21">
<string name="command" value="c22"/>
<int name="inc" value="2"/>
<int name="prob" value="50"/>
<int name="l0" value="20"/>
<int name="l1" value="29"/>
<imgdir name="success">
<imgdir name="0">
<string name="act" value="play"/>
<string name="0" value="c22_s1"/>
<string name="1" value="c22_s2"/>
<string name="2" value="c22_s3"/>
<string name="3" value="c22_s4"/>
</imgdir>
</imgdir>
<imgdir name="fail">
<imgdir name="0">
<string name="act" value="chat"/>
<string name="0" value="c22_f1"/>
<string name="1" value="c22_f2"/>
<string name="2" value="c22_f3"/>
<string name="3" value="c22_f4"/>
</imgdir>
</imgdir>
</imgdir>
<imgdir name="22">
<string name="command" value="c23"/>
<int name="inc" value="3"/>
<int name="prob" value="60"/>
<int name="l0" value="30"/>
<int name="l1" value="30"/>
<imgdir name="success">
<imgdir name="0">
<string name="act" value="play"/>
<string name="0" value="c23_s1"/>
<string name="1" value="c23_s2"/>
<string name="2" value="c23_s3"/>
<string name="3" value="c23_s4"/>
</imgdir>
</imgdir>
<imgdir name="fail">
<imgdir name="0">
<string name="act" value="cry"/>
<string name="0" value="c23_f1"/>
<string name="1" value="c23_f2"/>
<string name="2" value="c23_f3"/>
<string name="3" value="c23_f4"/>
</imgdir>
</imgdir>
</imgdir>
</imgdir>
<imgdir name="food">
<imgdir name="0">
<int name="l0" value="1"/>
<int name="l1" value="9"/>
<imgdir name="success">
<imgdir name="0">
<string name="act" value="eat"/>
<string name="0" value="f1_s"/>
</imgdir>
</imgdir>
<imgdir name="fail">
<imgdir name="0">
<string name="act" value="cry"/>
<string name="0" value="f1_f"/>
</imgdir>
</imgdir>
</imgdir>
<imgdir name="1">
<int name="l0" value="10"/>
<int name="l1" value="19"/>
<imgdir name="success">
<imgdir name="0">
<string name="act" value="eat"/>
<string name="0" value="f2_s"/>
</imgdir>
</imgdir>
<imgdir name="fail">
<imgdir name="0">
<string name="act" value="cry"/>
<string name="0" value="f2_f"/>
</imgdir>
</imgdir>
</imgdir>
<imgdir name="2">
<int name="l0" value="20"/>
<int name="l1" value="29"/>
<imgdir name="success">
<imgdir name="0">
<string name="act" value="eat"/>
<string name="0" value="f3_s"/>
</imgdir>
</imgdir>
<imgdir name="fail">
<imgdir name="0">
<string name="act" value="angry"/>
<string name="0" value="f3_f"/>
</imgdir>
</imgdir>
</imgdir>
<imgdir name="3">
<int name="l0" value="30"/>
<int name="l1" value="30"/>
<imgdir name="success">
<imgdir name="0">
<string name="act" value="eat"/>
<string name="0" value="f4_s"/>
</imgdir>
</imgdir>
<imgdir name="fail">
<imgdir name="0">
<string name="act" value="angry"/>
<string name="0" value="f4_f"/>
</imgdir>
</imgdir>
</imgdir>
</imgdir>
<imgdir name="slang">
<imgdir name="0">
<int name="l0" value="1"/>
<int name="l1" value="9"/>
<string name="act" value="cry"/>
<string name="0" value="s1"/>
</imgdir>
<imgdir name="1">
<int name="l0" value="10"/>
<int name="l1" value="19"/>
<string name="act" value="cry"/>
<string name="0" value="s2"/>
</imgdir>
<imgdir name="2">
<int name="l0" value="20"/>
<int name="l1" value="29"/>
<string name="act" value="angry"/>
<string name="0" value="s3"/>
</imgdir>
<imgdir name="3">
<int name="l0" value="30"/>
<int name="l1" value="30"/>
<string name="act" value="angry"/>
<string name="0" value="s4"/>
</imgdir>
</imgdir>
<imgdir name="stand0">
<canvas name="0" width="38" height="42">
<vector name="origin" x="21" y="47"/>
<int name="z" value="0"/>
<vector name="lt" x="-21" y="-47"/>
<vector name="rb" x="17" y="-5"/>
<int name="delay" value="150"/>
<string name="_hash" value="a80c7ef809f069d71fd660c6c2ac3f3b33abcebc75464453b0289480ffaa4ffd"/>
</canvas>
<canvas name="1" width="37" height="42">
<vector name="origin" x="21" y="48"/>
<int name="z" value="0"/>
<int name="delay" value="150"/>
<vector name="lt" x="-21" y="-47"/>
<vector name="rb" x="17" y="-5"/>
<string name="_hash" value="18bfe17d744db3b5626e39fc0412957202bf7e55c5c3c3d0d886b7e9acc09bcb"/>
</canvas>
<canvas name="2" width="37" height="42">
<vector name="origin" x="21" y="47"/>
<int name="z" value="0"/>
<int name="delay" value="150"/>
<vector name="lt" x="-21" y="-47"/>
<vector name="rb" x="17" y="-5"/>
<string name="_hash" value="c70b2a88b9bbf9d9f14e0eb6244e1b3b7be434eed71052fd7356373d6492a24c"/>
</canvas>
<canvas name="3" width="37" height="42">
<vector name="origin" x="21" y="46"/>
<int name="z" value="0"/>
<int name="delay" value="150"/>
<vector name="lt" x="-21" y="-47"/>
<vector name="rb" x="17" y="-5"/>
<string name="_hash" value="4d3ab81de569ac3597d7a14849c253e436d1526d4e98a1f8d6966a32500fca28"/>
</canvas>
</imgdir>
<imgdir name="stand1">
<canvas name="0" width="1" height="1">
<vector name="origin" x="21" y="47"/>
<int name="z" value="0"/>
<vector name="lt" x="-21" y="-47"/>
<vector name="rb" x="17" y="-5"/>
<int name="delay" value="150"/>
<string name="_inlink" value="stand0/0"/>
</canvas>
<canvas name="1" width="1" height="1">
<vector name="origin" x="21" y="48"/>
<int name="z" value="0"/>
<int name="delay" value="150"/>
<vector name="lt" x="-21" y="-47"/>
<vector name="rb" x="17" y="-5"/>
<string name="_inlink" value="stand0/1"/>
</canvas>
<canvas name="2" width="37" height="42">
<vector name="origin" x="21" y="47"/>
<int name="z" value="0"/>
<int name="delay" value="150"/>
<vector name="lt" x="-21" y="-47"/>
<vector name="rb" x="17" y="-5"/>
<string name="_hash" value="6d3124fa708c6d628126b8c534bd9fd7b978e0a44a6f93ee88b99df839088054"/>
</canvas>
<canvas name="3" width="37" height="42">
<vector name="origin" x="21" y="46"/>
<int name="z" value="0"/>
<int name="delay" value="150"/>
<vector name="lt" x="-21" y="-47"/>
<vector name="rb" x="17" y="-5"/>
<string name="_hash" value="ef0d6f1631183ea54ac3521442751fd92d14a3bf0cfea060f10741dea8a7784e"/>
</canvas>
</imgdir>
<imgdir name="rest0">
<canvas name="0" width="37" height="36">
<vector name="origin" x="20" y="36"/>
<int name="z" value="0"/>
<vector name="lt" x="-21" y="-47"/>
<vector name="rb" x="17" y="-5"/>
<int name="delay" value="150"/>
<string name="_hash" value="eb34e94d96157908e20ff109a6bf5c6d5cde56a5e24b49b0795961afc08e4602"/>
</canvas>
<canvas name="1" width="39" height="36">
<vector name="origin" x="21" y="36"/>
<int name="z" value="0"/>
<vector name="lt" x="-21" y="-47"/>
<vector name="rb" x="17" y="-5"/>
<int name="delay" value="150"/>
<string name="_hash" value="3a716da054dbc15dd161ad6ef37ea2e0445f85ea669e3e9b6c4b1dba16f4d24e"/>
</canvas>
<canvas name="2" width="37" height="36">
<vector name="origin" x="20" y="36"/>
<int name="z" value="0"/>
<vector name="lt" x="-21" y="-47"/>
<vector name="rb" x="17" y="-5"/>
<int name="delay" value="150"/>
<string name="_hash" value="c64084da8763e3062f0c10505af4bf5f7ffe590af13edcfa8c48a482f9fa8017"/>
</canvas>
<canvas name="3" width="1" height="1">
<vector name="origin" x="21" y="36"/>
<int name="z" value="0"/>
<vector name="lt" x="-21" y="-47"/>
<vector name="rb" x="17" y="-5"/>
<int name="delay" value="150"/>
<string name="_inlink" value="rest0/1"/>
</canvas>
</imgdir>
<imgdir name="move">
<canvas name="0" width="1" height="1">
<vector name="origin" x="21" y="47"/>
<int name="z" value="0"/>
<vector name="lt" x="-21" y="-47"/>
<vector name="rb" x="17" y="-5"/>
<int name="delay" value="150"/>
<string name="_inlink" value="stand0/0"/>
</canvas>
<canvas name="1" width="1" height="1">
<vector name="origin" x="21" y="48"/>
<int name="z" value="0"/>
<vector name="lt" x="-21" y="-47"/>
<vector name="rb" x="17" y="-5"/>
<int name="delay" value="150"/>
<string name="_inlink" value="stand0/1"/>
</canvas>
<canvas name="2" width="1" height="1">
<vector name="origin" x="21" y="47"/>
<int name="z" value="0"/>
<vector name="lt" x="-21" y="-47"/>
<vector name="rb" x="17" y="-5"/>
<int name="delay" value="150"/>
<string name="_inlink" value="stand0/2"/>
</canvas>
<canvas name="3" width="1" height="1">
<vector name="origin" x="21" y="46"/>
<int name="z" value="0"/>
<vector name="lt" x="-21" y="-47"/>
<vector name="rb" x="17" y="-5"/>
<int name="delay" value="150"/>
<string name="_inlink" value="stand0/3"/>
</canvas>
</imgdir>
<imgdir name="jump">
<canvas name="0" width="37" height="42">
<vector name="origin" x="21" y="48"/>
<int name="z" value="0"/>
<string name="_hash" value="cdb7d096ff0b17918e2a5b098bee05d11a37c8876f3228949904a2a8cfb25fec"/>
</canvas>
</imgdir>
<imgdir name="hang">
<canvas name="0" width="41" height="41">
<vector name="origin" x="21" y="53"/>
<int name="z" value="0"/>
<string name="_hash" value="3eb0b0a29e5e703a37bebe520b99b0158fbcbf0dac7d28920f6fdd7ecabea13e"/>
</canvas>
</imgdir>
<imgdir name="hungry">
<canvas name="0" width="38" height="53">
<vector name="origin" x="21" y="58"/>
<int name="z" value="0"/>
<int name="delay" value="150"/>
<vector name="lt" x="-21" y="-47"/>
<vector name="rb" x="17" y="-5"/>
<string name="_hash" value="8e0fe9394110d8853560f19a4862724459815e7817a00fed42fc96658ca1b441"/>
</canvas>
<canvas name="1" width="38" height="53">
<vector name="origin" x="21" y="59"/>
<int name="z" value="0"/>
<int name="delay" value="150"/>
<vector name="lt" x="-21" y="-47"/>
<vector name="rb" x="17" y="-5"/>
<string name="_hash" value="d325a2344a7cabdbdae141d9249ea11f83a9adaf190494583df0a42901ffe302"/>
</canvas>
<canvas name="2" width="38" height="53">
<vector name="origin" x="21" y="58"/>
<int name="z" value="0"/>
<int name="delay" value="150"/>
<vector name="lt" x="-21" y="-47"/>
<vector name="rb" x="17" y="-5"/>
<string name="_hash" value="2f676e44c2a0aa7e3eed42df40b2a530219f385c0fd1a34097e4e472a50ee022"/>
</canvas>
<canvas name="3" width="38" height="55">
<vector name="origin" x="21" y="59"/>
<int name="z" value="0"/>
<int name="delay" value="150"/>
<vector name="lt" x="-21" y="-47"/>
<vector name="rb" x="17" y="-5"/>
<string name="_hash" value="12b926b5889aa241ce89718406d3462870d776f943511756496cfd34da142112"/>
</canvas>
</imgdir>
<imgdir name="angry">
<canvas name="0" width="38" height="42">
<vector name="origin" x="21" y="47"/>
<int name="z" value="0"/>
<int name="delay" value="150"/>
<vector name="lt" x="-21" y="-47"/>
<vector name="rb" x="17" y="-5"/>
<string name="_hash" value="2fc10e871d5840fe7250263a99d432327de95893cabd28e90a62ccb1f56896b1"/>
</canvas>
<canvas name="1" width="37" height="42">
<vector name="origin" x="21" y="48"/>
<int name="z" value="0"/>
<int name="delay" value="150"/>
<vector name="lt" x="-21" y="-47"/>
<vector name="rb" x="17" y="-5"/>
<string name="_hash" value="1713c47ad97d441b2a308924b5c2544adb15985c795f6a93c6758885f13be0b1"/>
</canvas>
<canvas name="2" width="37" height="42">
<vector name="origin" x="21" y="47"/>
<int name="z" value="0"/>
<int name="delay" value="150"/>
<vector name="lt" x="-21" y="-47"/>
<vector name="rb" x="17" y="-5"/>
<string name="_hash" value="943e2e1d225460ae7c2e458bfbcaf6114a0b725aeb17abd6c9c9f5f950eefe12"/>
</canvas>
<canvas name="3" width="44" height="42">
<vector name="origin" x="28" y="46"/>
<int name="z" value="0"/>
<int name="delay" value="150"/>
<vector name="lt" x="-21" y="-47"/>
<vector name="rb" x="17" y="-5"/>
<string name="_hash" value="8e38ac41e7005bb143f832f59f7417c4f56f934e30d6794dac6c47ce50a197fb"/>
</canvas>
<uol name="4" value="0"/>
<uol name="5" value="1"/>
<uol name="6" value="2"/>
<uol name="7" value="3"/>
<uol name="8" value="0"/>
<uol name="9" value="1"/>
<uol name="10" value="2"/>
<uol name="11" value="3"/>
</imgdir>
<imgdir name="chat">
<canvas name="0" width="1" height="1">
<vector name="origin" x="21" y="47"/>
<int name="z" value="0"/>
<vector name="lt" x="-21" y="-47"/>
<vector name="rb" x="17" y="-5"/>
<int name="delay" value="150"/>
<string name="_inlink" value="stand0/0"/>
</canvas>
<canvas name="1" width="37" height="42">
<vector name="origin" x="21" y="48"/>
<int name="z" value="0"/>
<vector name="lt" x="-21" y="-47"/>
<vector name="rb" x="17" y="-5"/>
<int name="delay" value="150"/>
<string name="_hash" value="ae0388d1a15f0203c47027a413aed85ea660729b91099ed7e887a9c6acb33a35"/>
</canvas>
<canvas name="2" width="37" height="42">
<vector name="origin" x="21" y="47"/>
<int name="z" value="0"/>
<vector name="lt" x="-21" y="-47"/>
<vector name="rb" x="17" y="-5"/>
<int name="delay" value="150"/>
<string name="_hash" value="c29aea02f6035bfca3a457884e48e5f56150615796d614d193a7bc630be2d0f3"/>
</canvas>
<canvas name="3" width="37" height="42">
<vector name="origin" x="21" y="46"/>
<int name="z" value="0"/>
<vector name="lt" x="-21" y="-47"/>
<vector name="rb" x="17" y="-5"/>
<int name="delay" value="150"/>
<string name="_hash" value="47ee379f3c0c48191136b98cb41a56cd9e298e0e92124851a5e15401eb50d8ef"/>
</canvas>
<uol name="4" value="0"/>
<uol name="5" value="1"/>
<uol name="6" value="2"/>
<uol name="7" value="3"/>
<uol name="8" value="0"/>
<uol name="9" value="1"/>
<uol name="10" value="2"/>
<uol name="11" value="3"/>
</imgdir>
<imgdir name="love">
<canvas name="0" width="40" height="42">
<vector name="origin" x="21" y="47"/>
<int name="z" value="0"/>
<vector name="lt" x="-21" y="-47"/>
<vector name="rb" x="17" y="-5"/>
<int name="delay" value="150"/>
<string name="_hash" value="a03034c258b4bbb893570f5fba36b87e903685d120e3f47e9bc31979ac63d121"/>
</canvas>
<canvas name="1" width="41" height="42">
<vector name="origin" x="22" y="48"/>
<int name="z" value="0"/>
<int name="delay" value="150"/>
<vector name="lt" x="-21" y="-47"/>
<vector name="rb" x="17" y="-5"/>
<string name="_hash" value="c74e807d7f0a2512696a73b27dcfd087101c4744ce1a0bd636054a3a5dddedac"/>
</canvas>
<canvas name="2" width="41" height="42">
<vector name="origin" x="20" y="47"/>
<int name="z" value="0"/>
<int name="delay" value="150"/>
<vector name="lt" x="-21" y="-47"/>
<vector name="rb" x="17" y="-5"/>
<string name="_hash" value="91a8b9d1076540b8f4955e39c9a449c2c800d2ae4a597b0824ab32185a0d8433"/>
</canvas>
<canvas name="3" width="46" height="42">
<vector name="origin" x="21" y="47"/>
<int name="z" value="0"/>
<int name="delay" value="150"/>
<vector name="lt" x="-21" y="-47"/>
<vector name="rb" x="17" y="-5"/>
<string name="_hash" value="f949f810b216b4926b2f77b0044e1a9bf5600a7e23cde85fb518cbc17511bf71"/>
</canvas>
<canvas name="4" width="45" height="45">
<vector name="origin" x="22" y="50"/>
<int name="z" value="0"/>
<int name="delay" value="150"/>
<vector name="lt" x="-21" y="-47"/>
<vector name="rb" x="17" y="-5"/>
<string name="_hash" value="acdf5e36b7ed6c11b14b462164f9789e86b8e71d7732044653008f77ca4cb6bc"/>
</canvas>
<canvas name="5" width="38" height="47">
<vector name="origin" x="23" y="53"/>
<int name="z" value="0"/>
<int name="delay" value="150"/>
<vector name="lt" x="-21" y="-47"/>
<vector name="rb" x="17" y="-5"/>
<string name="_hash" value="a2b4b3308e8850e3db96a747734dc80d931d3a184c1dff4d9fce85fdf7492e97"/>
</canvas>
<canvas name="6" width="43" height="52">
<vector name="origin" x="22" y="57"/>
<int name="z" value="0"/>
<int name="delay" value="150"/>
<vector name="lt" x="-21" y="-47"/>
<vector name="rb" x="17" y="-5"/>
<string name="_hash" value="6d27c52b9b4557fcac87e0d6b44a3fbda91a7ef234999b23e2267c2f209597de"/>
</canvas>
<canvas name="7" width="37" height="52">
<vector name="origin" x="12" y="57"/>
<int name="z" value="0"/>
<int name="delay" value="150"/>
<vector name="lt" x="-21" y="-47"/>
<vector name="rb" x="17" y="-5"/>
<string name="_hash" value="7ae8aa6fcc53e0c8be05b6e14f1aa3f977df7071ff1715209705d25113a9f768"/>
</canvas>
</imgdir>
<imgdir name="eat">
<canvas name="0" width="37" height="42">
<vector name="origin" x="21" y="48"/>
<int name="z" value="0"/>
<int name="delay" value="150"/>
<vector name="lt" x="-21" y="-47"/>
<vector name="rb" x="17" y="-5"/>
<string name="_hash" value="1452865dc18c146f37d4de77bcac933bb74032779d8d96cdfba89b0e1fb45057"/>
</canvas>
<canvas name="1" width="38" height="42">
<vector name="origin" x="21" y="47"/>
<int name="z" value="0"/>
<int name="delay" value="150"/>
<vector name="lt" x="-21" y="-47"/>
<vector name="rb" x="17" y="-5"/>
<string name="_hash" value="8a69aa223f34e12f6e0c24b93dc9563cf81fff7bee065f5570abcedfc95e5af9"/>
</canvas>
<canvas name="2" width="37" height="42">
<vector name="origin" x="21" y="48"/>
<int name="z" value="0"/>
<int name="delay" value="150"/>
<vector name="lt" x="-21" y="-47"/>
<vector name="rb" x="17" y="-5"/>
<string name="_hash" value="bf8a13cb73172b4e04bf3ee7d6f9d02d96479dbc4f09c64c0617d8bfe6b02462"/>
</canvas>
<canvas name="3" width="39" height="42">
<vector name="origin" x="22" y="47"/>
<int name="z" value="0"/>
<int name="delay" value="150"/>
<vector name="lt" x="-21" y="-47"/>
<vector name="rb" x="17" y="-5"/>
<string name="_hash" value="a26c09f776e72dad7b74d0ded7b05f7f528bace844102f0d4f6781411f5c9698"/>
</canvas>
<uol name="4" value="0"/>
<uol name="5" value="1"/>
<uol name="6" value="2"/>
<uol name="7" value="3"/>
</imgdir>
<imgdir name="dung">
<canvas name="0" width="38" height="41">
<vector name="origin" x="18" y="41"/>
<int name="z" value="0"/>
<int name="delay" value="150"/>
<vector name="lt" x="-21" y="-47"/>
<vector name="rb" x="17" y="-5"/>
<string name="_hash" value="bccaf83637e5ad991d1641f4803f6ff223699c2b79fdeb1cf70e232e155cffda"/>
</canvas>
<canvas name="1" width="39" height="49">
<vector name="origin" x="19" y="49"/>
<int name="z" value="0"/>
<int name="delay" value="150"/>
<vector name="lt" x="-21" y="-47"/>
<vector name="rb" x="17" y="-5"/>
<string name="_hash" value="b18b32a0a23169c8976a0f9c7ca4db8617cc70c281aba69e671fb8a5a4fada2f"/>
</canvas>
<canvas name="2" width="40" height="56">
<vector name="origin" x="18" y="56"/>
<int name="z" value="0"/>
<int name="delay" value="150"/>
<vector name="lt" x="-21" y="-47"/>
<vector name="rb" x="17" y="-5"/>
<string name="_hash" value="102f10740a4fe2db93cf635322c03f0ab7b91f5091685d623673393d5a0a5d87"/>
</canvas>
<canvas name="3" width="43" height="58">
<vector name="origin" x="19" y="58"/>
<int name="z" value="0"/>
<int name="delay" value="150"/>
<vector name="lt" x="-21" y="-47"/>
<vector name="rb" x="17" y="-5"/>
<string name="_hash" value="7eea23518e3cdeb8ad778b73b5916bb002d2d2111b299aaf5a3ea9ec055608bc"/>
</canvas>
<uol name="4" value="0"/>
<uol name="5" value="1"/>
<uol name="6" value="2"/>
<uol name="7" value="3"/>
</imgdir>
<imgdir name="sleep">
<canvas name="0" width="42" height="29">
<vector name="origin" x="24" y="29"/>
<int name="z" value="0"/>
<int name="delay" value="150"/>
<vector name="lt" x="-21" y="-47"/>
<vector name="rb" x="17" y="-5"/>
<string name="_hash" value="28a4e7e75ba0b2eb696ed3baa5f15e37733e29e1f1c11ed1ec8a01d04a087590"/>
</canvas>
<canvas name="1" width="42" height="29">
<vector name="origin" x="24" y="29"/>
<int name="z" value="0"/>
<int name="delay" value="150"/>
<vector name="lt" x="-21" y="-47"/>
<vector name="rb" x="17" y="-5"/>
<string name="_hash" value="0344bbe74133c84e8dde69a11ac26ff6f3e6fb3117cdb67bc0f4bb01c01d6e73"/>
</canvas>
<canvas name="2" width="42" height="29">
<vector name="origin" x="24" y="29"/>
<int name="z" value="0"/>
<int name="delay" value="150"/>
<vector name="lt" x="-21" y="-47"/>
<vector name="rb" x="17" y="-5"/>
<string name="_hash" value="d5a605ad770b7e5f3c8bdfaba81c8b13a4b7867f462f6fe698fdc8b54638c52b"/>
</canvas>
<canvas name="3" width="1" height="1">
<vector name="origin" x="24" y="29"/>
<int name="z" value="0"/>
<int name="delay" value="150"/>
<vector name="lt" x="-21" y="-47"/>
<vector name="rb" x="17" y="-5"/>
<string name="_inlink" value="sleep/1"/>
</canvas>
<uol name="4" value="0"/>
<uol name="5" value="1"/>
<uol name="6" value="2"/>
<uol name="7" value="3"/>
</imgdir>
<imgdir name="cry">
<canvas name="0" width="38" height="42">
<vector name="origin" x="21" y="47"/>
<int name="z" value="0"/>
<int name="delay" value="150"/>
<vector name="lt" x="-21" y="-47"/>
<vector name="rb" x="17" y="-5"/>
<string name="_hash" value="3a3b6c81811813e1b3cb160bceed288fb11aa97e4d2e9dd6784119859d077f24"/>
</canvas>
<canvas name="1" width="37" height="42">
<vector name="origin" x="21" y="48"/>
<int name="z" value="0"/>
<int name="delay" value="150"/>
<vector name="lt" x="-21" y="-47"/>
<vector name="rb" x="17" y="-5"/>
<string name="_hash" value="2d98cb223100f2933b48d714e313dbb8774df0c2ab581e83eae4df362851fce0"/>
</canvas>
<canvas name="2" width="37" height="42">
<vector name="origin" x="21" y="47"/>
<int name="z" value="0"/>
<int name="delay" value="150"/>
<vector name="lt" x="-21" y="-47"/>
<vector name="rb" x="17" y="-5"/>
<string name="_hash" value="d34fd25b09271ddf86b4eec00f2714d9f7ab80c121766a492bdef28a553e929e"/>
</canvas>
<canvas name="3" width="37" height="42">
<vector name="origin" x="21" y="46"/>
<int name="z" value="0"/>
<int name="delay" value="150"/>
<vector name="lt" x="-21" y="-47"/>
<vector name="rb" x="17" y="-5"/>
<string name="_hash" value="7956a8d15a3527c9d4b00695466db1b72a505e484ae0c76e3d1e7ddd91ccb7f5"/>
</canvas>
<uol name="4" value="0"/>
<uol name="5" value="1"/>
<uol name="6" value="2"/>
<uol name="7" value="3"/>
<uol name="8" value="0"/>
<uol name="9" value="1"/>
<uol name="10" value="2"/>
<uol name="11" value="3"/>
</imgdir>
<imgdir name="ok">
<canvas name="0" width="38" height="43">
<vector name="origin" x="20" y="49"/>
<int name="z" value="0"/>
<int name="delay" value="150"/>
<string name="_hash" value="1714cbce30d421e9be202cabc7eca05cd217ce54347444dd2251e8aad4088f4c"/>
</canvas>
<canvas name="1" width="38" height="42">
<vector name="origin" x="21" y="47"/>
<int name="z" value="0"/>
<int name="delay" value="150"/>
<string name="_hash" value="7fd5e48009d9bd78e711e7bb6c914207e26c6aed73e1195c0d3f567d75eebc23"/>
</canvas>
<canvas name="2" width="1" height="1">
<vector name="origin" x="20" y="49"/>
<int name="z" value="0"/>
<int name="delay" value="150"/>
<string name="_inlink" value="ok/0"/>
</canvas>
<canvas name="3" width="1" height="1">
<vector name="origin" x="21" y="47"/>
<int name="z" value="0"/>
<int name="delay" value="150"/>
<string name="_inlink" value="ok/1"/>
</canvas>
</imgdir>
<imgdir name="play">
<canvas name="0" width="1" height="1">
<vector name="origin" x="21" y="47"/>
<int name="z" value="0"/>
<int name="delay" value="150"/>
<vector name="lt" x="-21" y="-47"/>
<vector name="rb" x="17" y="-5"/>
<string name="_inlink" value="stand0/0"/>
</canvas>
<canvas name="1" width="37" height="42">
<vector name="origin" x="21" y="48"/>
<int name="z" value="0"/>
<int name="delay" value="150"/>
<vector name="lt" x="-21" y="-47"/>
<vector name="rb" x="17" y="-5"/>
<string name="_hash" value="079fc6122aae1396e61a533fd58057bf018d2257f782b8e7e635c4cca5b89939"/>
</canvas>
<canvas name="2" width="37" height="42">
<vector name="origin" x="21" y="47"/>
<int name="z" value="0"/>
<int name="delay" value="150"/>
<vector name="lt" x="-21" y="-47"/>
<vector name="rb" x="17" y="-5"/>
<string name="_hash" value="e6eca59a4db15aa1b1fd8c4e49cd042543731b95a99e3fa1934bc3d30b90fbc5"/>
</canvas>
<canvas name="3" width="37" height="42">
<vector name="origin" x="21" y="46"/>
<int name="z" value="0"/>
<int name="delay" value="150"/>
<vector name="lt" x="-21" y="-47"/>
<vector name="rb" x="17" y="-5"/>
<string name="_hash" value="7c668d7b906e679d65772ca3837748ca7c317cc0fd3a6cb056d725467a4a7c19"/>
</canvas>
<canvas name="4" width="38" height="42">
<vector name="origin" x="21" y="47"/>
<int name="z" value="0"/>
<int name="delay" value="150"/>
<vector name="lt" x="-21" y="-47"/>
<vector name="rb" x="17" y="-5"/>
<string name="_hash" value="7f223357ff0d82cdb1fa0b959a879382ff71c4fb2acff026e180b6d52b38c487"/>
</canvas>
<canvas name="5" width="37" height="42">
<vector name="origin" x="21" y="48"/>
<int name="z" value="0"/>
<int name="delay" value="150"/>
<vector name="lt" x="-21" y="-47"/>
<vector name="rb" x="17" y="-5"/>
<string name="_hash" value="c45e19e7d551af635b1a004324fea96e776d887aa5c4a9998b80933f1797cb35"/>
</canvas>
<canvas name="6" width="37" height="42">
<vector name="origin" x="21" y="47"/>
<int name="z" value="0"/>
<int name="delay" value="150"/>
<vector name="lt" x="-21" y="-47"/>
<vector name="rb" x="17" y="-5"/>
<string name="_hash" value="eeb611cff3403b5df3a74fc642769bd4d5b7f68b1229f3017e4717e939000463"/>
</canvas>
<canvas name="7" width="37" height="42">
<vector name="origin" x="21" y="46"/>
<int name="z" value="0"/>
<int name="delay" value="150"/>
<vector name="lt" x="-21" y="-47"/>
<vector name="rb" x="17" y="-5"/>
<string name="_hash" value="3e5a8ebd9100f9f5dcf5af0a62c51790afba78ddc3cd0eb256213b2ca3e8d436"/>
</canvas>
<canvas name="8" width="38" height="42">
<vector name="origin" x="21" y="47"/>
<int name="z" value="0"/>
<int name="delay" value="150"/>
<vector name="lt" x="-21" y="-47"/>
<vector name="rb" x="17" y="-5"/>
<string name="_hash" value="6c4e4eebbfe0cdfd1b56baec3f985d6b4ab200063ba62a543e0ec74b7c062abe"/>
</canvas>
<canvas name="9" width="1" height="1">
<vector name="origin" x="21" y="48"/>
<int name="z" value="0"/>
<int name="delay" value="150"/>
<vector name="lt" x="-21" y="-47"/>
<vector name="rb" x="17" y="-5"/>
<string name="_inlink" value="play/5"/>
</canvas>
<canvas name="10" width="37" height="42">
<vector name="origin" x="21" y="47"/>
<int name="z" value="0"/>
<int name="delay" value="150"/>
<vector name="lt" x="-21" y="-47"/>
<vector name="rb" x="17" y="-5"/>
<string name="_hash" value="d2fc3b1f3b7911aa86006e15a7fffeadb9630002cc0b2154105eec93d07a443d"/>
</canvas>
<canvas name="11" width="37" height="42">
<vector name="origin" x="21" y="46"/>
<int name="z" value="0"/>
<int name="delay" value="150"/>
<vector name="lt" x="-21" y="-47"/>
<vector name="rb" x="17" y="-5"/>
<string name="_hash" value="286269687141c921e5db7faf2681b115e1bec8e2d5ea632a07dde87cc81d10c6"/>
</canvas>
<canvas name="12" width="38" height="42">
<vector name="origin" x="21" y="47"/>
<int name="z" value="0"/>
<int name="delay" value="150"/>
<vector name="lt" x="-21" y="-47"/>
<vector name="rb" x="17" y="-5"/>
<string name="_hash" value="fdc39f99353795f28e8b42dae27d872ae67e09a99c55f52f891baea18dca19b8"/>
</canvas>
<canvas name="13" width="1" height="1">
<vector name="origin" x="21" y="48"/>
<int name="z" value="0"/>
<int name="delay" value="150"/>
<vector name="lt" x="-21" y="-47"/>
<vector name="rb" x="17" y="-5"/>
<string name="_inlink" value="play/1"/>
</canvas>
<canvas name="14" width="1" height="1">
<vector name="origin" x="21" y="47"/>
<int name="z" value="0"/>
<int name="delay" value="150"/>
<vector name="lt" x="-21" y="-47"/>
<vector name="rb" x="17" y="-5"/>
<string name="_inlink" value="stand0/2"/>
</canvas>
<canvas name="15" width="1" height="1">
<vector name="origin" x="21" y="46"/>
<int name="z" value="0"/>
<int name="delay" value="150"/>
<vector name="lt" x="-21" y="-47"/>
<vector name="rb" x="17" y="-5"/>
<string name="_inlink" value="stand0/3"/>
</canvas>
</imgdir>
<imgdir name="fly">
<uol name="0" value="../jump/0"/>
</imgdir>
</imgdir>
