<?xml version="1.0" encoding="UTF-8" standalone="yes"?>
<imgdir name="5000930.img">
<imgdir name="info">
<canvas name="icon" width="36" height="32">
<vector name="origin" x="3" y="31"/>
<string name="_hash" value="1682df710769d816f215cd45589e327d5a14f3dace706d1611706be9dd29244e"/>
</canvas>
<canvas name="iconRaw" width="36" height="32">
<vector name="origin" x="3" y="31"/>
<string name="_hash" value="06981e6ff4a55da3fc6025c588edc7ef46dea29966ad8c345c7792a917692be9"/>
</canvas>
<canvas name="iconD" width="30" height="36">
<vector name="origin" x="-2" y="34"/>
<string name="_hash" value="8b88bbf8caca24560f61f48e933c4c034983ddaaf9a6beb271241d3a57a2c023"/>
</canvas>
<canvas name="iconRawD" width="30" height="36">
<vector name="origin" x="-2" y="34"/>
<string name="_hash" value="264bb766ca4c1b5bb483d07aab8cf16cc7350af4a8ce39650344def4538e2716"/>
</canvas>
<int name="hungry" value="2"/>
<int name="cash" value="1"/>
<int name="life" value="90"/>
<int name="chatBalloon" value="344"/>
<int name="nameTag" value="344"/>
<int name="pickupItem" value="1"/>
<int name="multiPet" value="1"/>
<int name="autoBuff" value="1"/>
<int name="setItemID" value="720"/>
<int name="sweepForDrop" value="1"/>
<int name="wonderGrade" value="6"/>
</imgdir>
<imgdir name="interact">
<imgdir name="0">
<string name="command" value="c1"/>
<int name="inc" value="1"/>
<int name="prob" value="45"/>
<int name="l0" value="1"/>
<int name="l1" value="9"/>
<imgdir name="success">
<imgdir name="0">
<string name="act" value="rest0"/>
<string name="0" value="c1_s1"/>
<string name="1" value="c1_s2"/>
</imgdir>
</imgdir>
<imgdir name="fail">
<imgdir name="0">
<string name="act" value="stand0"/>
<string name="0" value="c1_f1"/>
<string name="1" value="c1_f2"/>
</imgdir>
</imgdir>
</imgdir>
<imgdir name="1">
<string name="command" value="c2"/>
<int name="inc" value="1"/>
<int name="prob" value="60"/>
<int name="l0" value="10"/>
<int name="l1" value="19"/>
<imgdir name="success">
<imgdir name="0">
<string name="act" value="rest0"/>
<string name="0" value="c2_s1"/>
<string name="1" value="c2_s2"/>
<string name="2" value="c2_s3"/>
<string name="3" value="c2_s4"/>
</imgdir>
</imgdir>
<imgdir name="fail">
<imgdir name="0">
<string name="act" value="stand1"/>
<string name="0" value="c2_f1"/>
<string name="1" value="c2_f2"/>
<string name="2" value="c2_f3"/>
<string name="3" value="c2_f4"/>
</imgdir>
</imgdir>
</imgdir>
<imgdir name="2">
<string name="command" value="c3"/>
<int name="inc" value="1"/>
<int name="prob" value="75"/>
<int name="l0" value="20"/>
<int name="l1" value="29"/>
<imgdir name="success">
<imgdir name="0">
<string name="act" value="rest0"/>
<string name="0" value="c3_s1"/>
<string name="1" value="c3_s2"/>
<string name="2" value="c3_s3"/>
<string name="3" value="c3_s4"/>
</imgdir>
</imgdir>
<imgdir name="fail">
<imgdir name="0">
<string name="act" value="stand1"/>
<string name="0" value="c3_f1"/>
<string name="1" value="c3_f2"/>
<string name="2" value="c3_f3"/>
<string name="3" value="c3_f4"/>
</imgdir>
</imgdir>
</imgdir>
<imgdir name="3">
<string name="command" value="c4"/>
<int name="inc" value="1"/>
<int name="prob" value="45"/>
<int name="l0" value="30"/>
<int name="l1" value="30"/>
<imgdir name="success">
<imgdir name="0">
<string name="act" value="rest0"/>
<string name="0" value="c4_s1"/>
<string name="1" value="c4_s2"/>
<string name="2" value="c4_s3"/>
<string name="3" value="c4_s4"/>
</imgdir>
</imgdir>
<imgdir name="fail">
<imgdir name="0">
<string name="act" value="stand0"/>
<string name="0" value="c4_f1"/>
<string name="1" value="c4_f2"/>
<string name="2" value="c4_f3"/>
<string name="3" value="c4_f4"/>
</imgdir>
</imgdir>
</imgdir>
<imgdir name="4">
<string name="command" value="c5"/>
<int name="inc" value="1"/>
<int name="prob" value="60"/>
<int name="l0" value="1"/>
<int name="l1" value="9"/>
<imgdir name="success">
<imgdir name="0">
<string name="act" value="cry"/>
<string name="0" value="c5_s1"/>
<string name="1" value="c5_s2"/>
</imgdir>
</imgdir>
<imgdir name="fail">
<imgdir name="0">
<string name="act" value="stand1"/>
<string name="0" value="c5_f1"/>
<string name="1" value="c5_f2"/>
</imgdir>
</imgdir>
</imgdir>
<imgdir name="5">
<string name="command" value="c6"/>
<int name="inc" value="1"/>
<int name="prob" value="75"/>
<int name="l0" value="10"/>
<int name="l1" value="19"/>
<imgdir name="success">
<imgdir name="0">
<string name="act" value="cry"/>
<string name="0" value="c6_s1"/>
<string name="1" value="c6_s2"/>
<string name="2" value="c6_s3"/>
<string name="3" value="c6_s4"/>
</imgdir>
</imgdir>
<imgdir name="fail">
<imgdir name="0">
<string name="act" value="stand1"/>
<string name="0" value="c6_f1"/>
<string name="1" value="c6_f2"/>
<string name="2" value="c6_f3"/>
<string name="3" value="c6_f4"/>
</imgdir>
</imgdir>
</imgdir>
<imgdir name="6">
<string name="command" value="c7"/>
<int name="inc" value="1"/>
<int name="prob" value="45"/>
<int name="l0" value="20"/>
<int name="l1" value="29"/>
<imgdir name="success">
<imgdir name="0">
<string name="act" value="cry"/>
<string name="0" value="c7_s1"/>
<string name="1" value="c7_s2"/>
<string name="2" value="c7_s3"/>
<string name="3" value="c7_s4"/>
</imgdir>
</imgdir>
<imgdir name="fail">
<imgdir name="0">
<string name="act" value="stand1"/>
<string name="0" value="c7_f1"/>
<string name="1" value="c7_f2"/>
<string name="2" value="c7_f3"/>
<string name="3" value="c7_f4"/>
</imgdir>
</imgdir>
</imgdir>
<imgdir name="7">
<string name="command" value="c8"/>
<int name="inc" value="1"/>
<int name="prob" value="60"/>
<int name="l0" value="30"/>
<int name="l1" value="30"/>
<imgdir name="success">
<imgdir name="0">
<string name="act" value="cry"/>
<string name="0" value="c8_s1"/>
<string name="1" value="c8_s2"/>
<string name="2" value="c8_s3"/>
<string name="3" value="c8_s4"/>
</imgdir>
</imgdir>
<imgdir name="fail">
<imgdir name="0">
<string name="act" value="stand1"/>
<string name="0" value="c8_f1"/>
<string name="1" value="c8_f2"/>
<string name="2" value="c8_f3"/>
<string name="3" value="c8_f4"/>
</imgdir>
</imgdir>
</imgdir>
<imgdir name="8">
<string name="command" value="c9"/>
<int name="inc" value="1"/>
<int name="prob" value="75"/>
<int name="l0" value="1"/>
<int name="l1" value="9"/>
<imgdir name="success">
<imgdir name="0">
<string name="act" value="love"/>
<string name="0" value="c9_s1"/>
<string name="1" value="c9_s2"/>
</imgdir>
</imgdir>
<imgdir name="fail">
<imgdir name="0">
<string name="act" value="stand0"/>
<string name="0" value="c9_f1"/>
<string name="1" value="c9_f2"/>
</imgdir>
</imgdir>
</imgdir>
<imgdir name="9">
<string name="command" value="c10"/>
<int name="inc" value="1"/>
<int name="prob" value="55"/>
<int name="l0" value="10"/>
<int name="l1" value="19"/>
<imgdir name="success">
<imgdir name="0">
<string name="act" value="love"/>
<string name="0" value="c10_s1"/>
<string name="1" value="c10_s2"/>
<string name="2" value="c10_s3"/>
<string name="3" value="c10_s4"/>
</imgdir>
</imgdir>
<imgdir name="fail">
<imgdir name="0">
<string name="act" value="stand0"/>
<string name="0" value="c10_f1"/>
<string name="1" value="c10_f2"/>
<string name="2" value="c10_f3"/>
<string name="3" value="c10_f4"/>
</imgdir>
</imgdir>
</imgdir>
<imgdir name="10">
<string name="command" value="c11"/>
<int name="inc" value="1"/>
<int name="prob" value="60"/>
<int name="l0" value="20"/>
<int name="l1" value="29"/>
<imgdir name="success">
<imgdir name="0">
<string name="act" value="love"/>
<string name="0" value="c11_s1"/>
<string name="1" value="c11_s2"/>
<string name="2" value="c11_s3"/>
<string name="3" value="c11_s4"/>
</imgdir>
</imgdir>
<imgdir name="fail">
<imgdir name="0">
<string name="act" value="what"/>
<string name="0" value="c11_f1"/>
<string name="1" value="c11_f2"/>
<string name="2" value="c11_f3"/>
<string name="3" value="c11_f4"/>
</imgdir>
</imgdir>
</imgdir>
<imgdir name="11">
<string name="command" value="c12"/>
<int name="inc" value="1"/>
<int name="prob" value="75"/>
<int name="l0" value="30"/>
<int name="l1" value="30"/>
<imgdir name="success">
<imgdir name="0">
<string name="act" value="love"/>
<string name="0" value="c12_s1"/>
<string name="1" value="c12_s2"/>
<string name="2" value="c12_s3"/>
<string name="3" value="c12_s4"/>
</imgdir>
</imgdir>
<imgdir name="fail">
<imgdir name="0">
<string name="act" value="stand0"/>
<string name="0" value="c12_f1"/>
<string name="1" value="c12_f2"/>
<string name="2" value="c12_f3"/>
<string name="3" value="c12_f4"/>
</imgdir>
</imgdir>
</imgdir>
<imgdir name="12">
<string name="command" value="c13"/>
<int name="inc" value="1"/>
<int name="prob" value="45"/>
<int name="l0" value="10"/>
<int name="l1" value="19"/>
<imgdir name="success">
<imgdir name="0">
<string name="act" value="dung"/>
<string name="0" value="c13_s1"/>
<string name="1" value="c13_s2"/>
<string name="2" value="c13_s3"/>
<string name="3" value="c13_s4"/>
</imgdir>
</imgdir>
<imgdir name="fail">
<imgdir name="0">
<string name="act" value="what"/>
<string name="0" value="c13_f1"/>
<string name="1" value="c13_f2"/>
<string name="2" value="c13_f3"/>
<string name="3" value="c13_f4"/>
</imgdir>
</imgdir>
</imgdir>
<imgdir name="13">
<string name="command" value="c14"/>
<int name="inc" value="1"/>
<int name="prob" value="60"/>
<int name="l0" value="20"/>
<int name="l1" value="29"/>
<imgdir name="success">
<imgdir name="0">
<string name="act" value="dung"/>
<string name="0" value="c14_s1"/>
<string name="1" value="c14_s2"/>
<string name="2" value="c14_s3"/>
<string name="3" value="c14_s4"/>
</imgdir>
</imgdir>
<imgdir name="fail">
<imgdir name="0">
<string name="act" value="cry"/>
<string name="0" value="c14_f1"/>
<string name="1" value="c14_f2"/>
<string name="2" value="c14_f3"/>
<string name="3" value="c14_f4"/>
</imgdir>
</imgdir>
</imgdir>
<imgdir name="14">
<string name="command" value="c15"/>
<int name="inc" value="1"/>
<int name="prob" value="75"/>
<int name="l0" value="30"/>
<int name="l1" value="30"/>
<imgdir name="success">
<imgdir name="0">
<string name="act" value="dung"/>
<string name="0" value="c15_s1"/>
<string name="1" value="c15_s2"/>
<string name="2" value="c15_s3"/>
<string name="3" value="c15_s4"/>
</imgdir>
</imgdir>
<imgdir name="fail">
<imgdir name="0">
<string name="act" value="chat"/>
<string name="0" value="c15_f1"/>
<string name="1" value="c15_f2"/>
<string name="2" value="c15_f3"/>
<string name="3" value="c15_f4"/>
</imgdir>
</imgdir>
</imgdir>
<imgdir name="15">
<string name="command" value="c16"/>
<int name="inc" value="1"/>
<int name="prob" value="80"/>
<int name="l0" value="10"/>
<int name="l1" value="19"/>
<imgdir name="success">
<imgdir name="0">
<string name="act" value="sleep"/>
<string name="0" value="c16_s1"/>
<string name="1" value="c16_s2"/>
<string name="2" value="c16_s3"/>
<string name="3" value="c16_s4"/>
</imgdir>
</imgdir>
<imgdir name="fail">
<imgdir name="0">
<string name="act" value="hungry"/>
<string name="0" value="c16_f1"/>
<string name="1" value="c16_f2"/>
<string name="2" value="c16_f3"/>
<string name="3" value="c16_f4"/>
</imgdir>
</imgdir>
</imgdir>
<imgdir name="16">
<string name="command" value="c17"/>
<int name="inc" value="2"/>
<int name="prob" value="80"/>
<int name="l0" value="20"/>
<int name="l1" value="29"/>
<imgdir name="success">
<imgdir name="0">
<string name="act" value="sleep"/>
<string name="0" value="c17_s1"/>
<string name="1" value="c17_s2"/>
<string name="2" value="c17_s3"/>
<string name="3" value="c17_s4"/>
</imgdir>
</imgdir>
<imgdir name="fail">
<imgdir name="0">
<string name="act" value="jump"/>
<string name="0" value="c17_f1"/>
<string name="1" value="c17_f2"/>
<string name="2" value="c17_f3"/>
<string name="3" value="c17_f4"/>
</imgdir>
</imgdir>
</imgdir>
<imgdir name="17">
<string name="command" value="c18"/>
<int name="inc" value="2"/>
<int name="prob" value="80"/>
<int name="l0" value="30"/>
<int name="l1" value="30"/>
<imgdir name="success">
<imgdir name="0">
<string name="act" value="chat"/>
<string name="0" value="c18_s1"/>
<string name="1" value="c18_s2"/>
<string name="2" value="c18_s3"/>
<string name="3" value="c18_s4"/>
</imgdir>
</imgdir>
<imgdir name="fail">
<imgdir name="0">
<string name="act" value="move"/>
<string name="0" value="c18_f1"/>
<string name="1" value="c18_f2"/>
<string name="2" value="c18_f3"/>
<string name="3" value="c18_f4"/>
</imgdir>
</imgdir>
</imgdir>
<imgdir name="18">
<string name="command" value="c19"/>
<int name="inc" value="2"/>
<int name="prob" value="50"/>
<int name="l0" value="10"/>
<int name="l1" value="19"/>
<imgdir name="success">
<imgdir name="0">
<string name="act" value="chat"/>
<string name="0" value="c19_s1"/>
<string name="1" value="c19_s2"/>
<string name="2" value="c19_s3"/>
<string name="3" value="c19_s4"/>
</imgdir>
</imgdir>
<imgdir name="fail">
<imgdir name="0">
<string name="act" value="what"/>
<string name="0" value="c19_f1"/>
<string name="1" value="c19_f2"/>
<string name="2" value="c19_f3"/>
<string name="3" value="c19_f4"/>
</imgdir>
</imgdir>
</imgdir>
<imgdir name="19">
<string name="command" value="c20"/>
<int name="inc" value="2"/>
<int name="prob" value="65"/>
<int name="l0" value="20"/>
<int name="l1" value="29"/>
<imgdir name="success">
<imgdir name="0">
<string name="act" value="chat"/>
<string name="0" value="c20_s1"/>
<string name="1" value="c20_s2"/>
<string name="2" value="c20_s3"/>
<string name="3" value="c20_s4"/>
</imgdir>
</imgdir>
<imgdir name="fail">
<imgdir name="0">
<string name="act" value="what"/>
<string name="0" value="c20_f1"/>
<string name="1" value="c20_f2"/>
<string name="2" value="c20_f3"/>
<string name="3" value="c20_f4"/>
</imgdir>
</imgdir>
</imgdir>
<imgdir name="20">
<string name="command" value="c21"/>
<int name="inc" value="2"/>
<int name="prob" value="80"/>
<int name="l0" value="30"/>
<int name="l1" value="30"/>
<imgdir name="success">
<imgdir name="0">
<string name="act" value="chat"/>
<string name="0" value="c21_s1"/>
<string name="1" value="c21_s2"/>
<string name="2" value="c21_s3"/>
<string name="3" value="c21_s4"/>
</imgdir>
</imgdir>
<imgdir name="fail">
<imgdir name="0">
<string name="act" value="what"/>
<string name="0" value="c21_f1"/>
<string name="1" value="c21_f2"/>
<string name="2" value="c21_f3"/>
<string name="3" value="c21_f4"/>
</imgdir>
</imgdir>
</imgdir>
</imgdir>
<imgdir name="food">
<imgdir name="0">
<int name="l0" value="1"/>
<int name="l1" value="9"/>
<imgdir name="success">
<imgdir name="0">
<string name="act" value="eat"/>
<string name="0" value="f1_s"/>
</imgdir>
</imgdir>
<imgdir name="fail">
<imgdir name="0">
<string name="act" value="cry"/>
<string name="0" value="f1_f"/>
</imgdir>
</imgdir>
</imgdir>
<imgdir name="1">
<int name="l0" value="10"/>
<int name="l1" value="19"/>
<imgdir name="success">
<imgdir name="0">
<string name="act" value="eat"/>
<string name="0" value="f2_s"/>
</imgdir>
</imgdir>
<imgdir name="fail">
<imgdir name="0">
<string name="act" value="cry"/>
<string name="0" value="f2_f"/>
</imgdir>
</imgdir>
</imgdir>
<imgdir name="2">
<int name="l0" value="20"/>
<int name="l1" value="29"/>
<imgdir name="success">
<imgdir name="0">
<string name="act" value="eat"/>
<string name="0" value="f3_s"/>
</imgdir>
</imgdir>
<imgdir name="fail">
<imgdir name="0">
<string name="act" value="cry"/>
<string name="0" value="f3_f"/>
</imgdir>
</imgdir>
</imgdir>
<imgdir name="3">
<int name="l0" value="30"/>
<int name="l1" value="30"/>
<imgdir name="success">
<imgdir name="0">
<string name="act" value="eat"/>
<string name="0" value="f4_s"/>
</imgdir>
</imgdir>
<imgdir name="fail">
<imgdir name="0">
<string name="act" value="cry"/>
<string name="0" value="f4_f"/>
</imgdir>
</imgdir>
</imgdir>
</imgdir>
<imgdir name="slang">
<imgdir name="0">
<int name="l0" value="1"/>
<int name="l1" value="9"/>
<string name="act" value="cry"/>
<string name="0" value="s1"/>
</imgdir>
<imgdir name="1">
<int name="l0" value="10"/>
<int name="l1" value="19"/>
<string name="act" value="cry"/>
<string name="0" value="s2"/>
</imgdir>
<imgdir name="2">
<int name="l0" value="20"/>
<int name="l1" value="29"/>
<string name="act" value="angry"/>
<string name="0" value="s3"/>
</imgdir>
<imgdir name="3">
<int name="l0" value="30"/>
<int name="l1" value="30"/>
<string name="act" value="angry"/>
<string name="0" value="s4"/>
</imgdir>
</imgdir>
<imgdir name="stand0">
<canvas name="0" width="44" height="51">
<vector name="origin" x="20" y="47"/>
<int name="z" value="0"/>
<int name="delay" value="150"/>
<vector name="lt" x="-19" y="-43"/>
<vector name="rb" x="21" y="1"/>
<string name="_hash" value="7b93a4db3295cfbbc4cad2fa98087863dcbc1ef92d36c8245f64e87c593540ac"/>
</canvas>
<canvas name="1" width="45" height="51">
<vector name="origin" x="21" y="46"/>
<int name="z" value="0"/>
<int name="delay" value="150"/>
<vector name="lt" x="-19" y="-43"/>
<vector name="rb" x="21" y="1"/>
<string name="_hash" value="d262737f3d108ef8460a6b029deae0b6ac77d18920a04f75bbcc420413b287c4"/>
</canvas>
<canvas name="2" width="44" height="51">
<vector name="origin" x="20" y="47"/>
<int name="z" value="0"/>
<int name="delay" value="150"/>
<vector name="lt" x="-19" y="-43"/>
<vector name="rb" x="21" y="1"/>
<string name="_hash" value="4039677d34ef866e100ef656634efe9e2f09dae21e33694edb5b178129306fee"/>
</canvas>
<canvas name="3" width="44" height="51">
<vector name="origin" x="20" y="48"/>
<int name="z" value="0"/>
<int name="delay" value="150"/>
<vector name="lt" x="-19" y="-43"/>
<vector name="rb" x="21" y="1"/>
<string name="_hash" value="2770a116fe627863e393e48383a6c74ea9b627ffcbf5fb87bb9d8524c561d621"/>
</canvas>
</imgdir>
<imgdir name="stand1">
<canvas name="0" width="1" height="1">
<vector name="origin" x="20" y="47"/>
<int name="z" value="0"/>
<int name="delay" value="150"/>
<vector name="lt" x="-19" y="-43"/>
<vector name="rb" x="21" y="1"/>
<string name="_inlink" value="stand0/0"/>
</canvas>
<canvas name="1" width="45" height="51">
<vector name="origin" x="21" y="46"/>
<int name="z" value="0"/>
<int name="delay" value="150"/>
<vector name="lt" x="-19" y="-43"/>
<vector name="rb" x="21" y="1"/>
<string name="_hash" value="24363f65b1e87c6d9d59f6d26c41837ed3130788df636fcd21b28e164dd143fa"/>
</canvas>
<canvas name="2" width="44" height="51">
<vector name="origin" x="20" y="47"/>
<int name="z" value="0"/>
<int name="delay" value="150"/>
<vector name="lt" x="-19" y="-43"/>
<vector name="rb" x="21" y="1"/>
<string name="_hash" value="4194ce95cd225a3c699e160ae14aeda8ed169c717add2dfd26644253ed0c517b"/>
</canvas>
<canvas name="3" width="1" height="1">
<vector name="origin" x="20" y="48"/>
<int name="z" value="0"/>
<int name="delay" value="150"/>
<vector name="lt" x="-19" y="-43"/>
<vector name="rb" x="21" y="1"/>
<string name="_inlink" value="stand0/3"/>
</canvas>
</imgdir>
<imgdir name="rest0">
<canvas name="0" width="45" height="54">
<vector name="origin" x="22" y="45"/>
<int name="z" value="0"/>
<int name="delay" value="150"/>
<vector name="lt" x="-19" y="-43"/>
<vector name="rb" x="21" y="1"/>
<string name="_hash" value="abd41e691c210f6184213c0b11173d1ccc387add5c1124ea02d45c5bd64e8c0e"/>
</canvas>
<canvas name="1" width="47" height="54">
<vector name="origin" x="23" y="44"/>
<int name="z" value="0"/>
<int name="delay" value="150"/>
<vector name="lt" x="-19" y="-43"/>
<vector name="rb" x="21" y="1"/>
<string name="_hash" value="7b5ef1eb96dfc811e972701a8d80abce7408e4d43942776b1dfa6ff918b7e47f"/>
</canvas>
<canvas name="2" width="47" height="54">
<vector name="origin" x="24" y="45"/>
<int name="z" value="0"/>
<int name="delay" value="150"/>
<vector name="lt" x="-19" y="-43"/>
<vector name="rb" x="21" y="1"/>
<string name="_hash" value="10fd64e38457ab5cd860f1632fcb52bc7ae49c583bca4a8d5998a7dead1d7c92"/>
</canvas>
<canvas name="3" width="49" height="54">
<vector name="origin" x="25" y="46"/>
<int name="z" value="0"/>
<int name="delay" value="150"/>
<vector name="lt" x="-19" y="-43"/>
<vector name="rb" x="21" y="1"/>
<string name="_hash" value="4444041c7e078cbeb47ba6b13881f3fb25a8860d0afeaa321146129b8db979b1"/>
</canvas>
<canvas name="4" width="49" height="54">
<vector name="origin" x="26" y="45"/>
<int name="z" value="0"/>
<int name="delay" value="150"/>
<vector name="lt" x="-19" y="-43"/>
<vector name="rb" x="21" y="1"/>
<string name="_hash" value="12ad9b4208d9b38adafb6e2f4274e7214f6dc13696dee5740f1013afab0e2e23"/>
</canvas>
<canvas name="5" width="51" height="54">
<vector name="origin" x="27" y="44"/>
<int name="z" value="0"/>
<int name="delay" value="150"/>
<vector name="lt" x="-19" y="-43"/>
<vector name="rb" x="21" y="1"/>
<string name="_hash" value="b63b141dc4afc794147c3d7670288987db4db04e539900b3f3197e6619ffbf83"/>
</canvas>
<canvas name="6" width="52" height="54">
<vector name="origin" x="28" y="45"/>
<int name="z" value="0"/>
<int name="delay" value="150"/>
<vector name="lt" x="-19" y="-43"/>
<vector name="rb" x="21" y="1"/>
<string name="_hash" value="65e8c920f0aa0776079667f9589b95bff88f41a8d7e6101e358f324824d126ec"/>
</canvas>
<canvas name="7" width="53" height="54">
<vector name="origin" x="29" y="46"/>
<int name="z" value="0"/>
<int name="delay" value="150"/>
<vector name="lt" x="-19" y="-43"/>
<vector name="rb" x="21" y="1"/>
<string name="_hash" value="f8e2550010ebd8623983e4a2b82ebb6fa30408fa7718b6ff8bc3ca24074efc27"/>
</canvas>
</imgdir>
<imgdir name="move">
<canvas name="0" width="44" height="51">
<vector name="origin" x="20" y="48"/>
<int name="z" value="0"/>
<int name="delay" value="150"/>
<vector name="lt" x="-19" y="-43"/>
<vector name="rb" x="21" y="1"/>
<string name="_hash" value="0e331ba878633f62ae10e218dbe58c735e7db0e129d9d3d3d8c198f03de6ffba"/>
</canvas>
<canvas name="1" width="43" height="51">
<vector name="origin" x="19" y="47"/>
<int name="z" value="0"/>
<int name="delay" value="150"/>
<vector name="lt" x="-19" y="-43"/>
<vector name="rb" x="21" y="1"/>
<string name="_hash" value="9e67b341bdc57ad5f78c3e626aca543fad8a10b474aa9a8116fe4c7d0599d165"/>
</canvas>
<canvas name="2" width="43" height="51">
<vector name="origin" x="19" y="46"/>
<int name="z" value="0"/>
<int name="delay" value="150"/>
<vector name="lt" x="-19" y="-43"/>
<vector name="rb" x="21" y="1"/>
<string name="_hash" value="42c9488bc4cb6c87c447468551f1c658096ef3afbc992fd060802335ba7326c8"/>
</canvas>
<canvas name="3" width="43" height="51">
<vector name="origin" x="19" y="47"/>
<int name="z" value="0"/>
<int name="delay" value="150"/>
<vector name="lt" x="-19" y="-43"/>
<vector name="rb" x="21" y="1"/>
<string name="_hash" value="bf46dc07b7ea9b797e783298e0e61d511c75212fa3082dfdec4407a93bffbe3d"/>
</canvas>
</imgdir>
<imgdir name="jump">
<canvas name="0" width="45" height="51">
<vector name="origin" x="20" y="49"/>
<int name="z" value="0"/>
<int name="delay" value="150"/>
<vector name="lt" x="-19" y="-43"/>
<vector name="rb" x="21" y="1"/>
<string name="_hash" value="e3bc1d2bc50888610c9eda04ae1c21d7cc4e17f98ec09af45ba624a7e88e21c5"/>
</canvas>
</imgdir>
<imgdir name="sleep">
<canvas name="0" width="46" height="51">
<vector name="origin" x="25" y="44"/>
<int name="z" value="0"/>
<int name="delay" value="150"/>
<vector name="lt" x="-19" y="-43"/>
<vector name="rb" x="21" y="1"/>
<string name="_hash" value="12553ac4e1c2821cf255d6d23c212d9fbfcc1314371ff82f5fdf2fab3716bc85"/>
</canvas>
<canvas name="1" width="50" height="50">
<vector name="origin" x="29" y="43"/>
<int name="z" value="0"/>
<int name="delay" value="150"/>
<vector name="lt" x="-19" y="-43"/>
<vector name="rb" x="21" y="1"/>
<string name="_hash" value="5a30eee5ca04c75a1a83efff57f3c716f268d6705b60d7e646abad2f8e0cefc6"/>
</canvas>
<canvas name="2" width="51" height="50">
<vector name="origin" x="30" y="43"/>
<int name="z" value="0"/>
<int name="delay" value="150"/>
<vector name="lt" x="-19" y="-43"/>
<vector name="rb" x="21" y="1"/>
<string name="_hash" value="a369b5d52811f92a350cdca4a59c0be5aa4a2d5a97cbcb6b84c744584cca5949"/>
</canvas>
<canvas name="3" width="52" height="50">
<vector name="origin" x="31" y="43"/>
<int name="z" value="0"/>
<int name="delay" value="150"/>
<vector name="lt" x="-19" y="-43"/>
<vector name="rb" x="21" y="1"/>
<string name="_hash" value="bf57bf05713959bb7aa20fa2d9ab6fe982964515b1ca01f6f5ce4617cc67cb95"/>
</canvas>
<canvas name="4" width="54" height="50">
<vector name="origin" x="33" y="43"/>
<int name="z" value="0"/>
<int name="delay" value="150"/>
<vector name="lt" x="-19" y="-43"/>
<vector name="rb" x="21" y="1"/>
<string name="_hash" value="bd59a795f1ec31c402ef1a6e9e51d9ff6ab69ff417e318a5a8db27d0631aecda"/>
</canvas>
<canvas name="5" width="55" height="50">
<vector name="origin" x="34" y="43"/>
<int name="z" value="0"/>
<int name="delay" value="150"/>
<vector name="lt" x="-19" y="-43"/>
<vector name="rb" x="21" y="1"/>
<string name="_hash" value="8145e0bc90a192a1be58727943d173156d24d4e6f12e2dc958c737b88e9ae5c1"/>
</canvas>
</imgdir>
<imgdir name="hungry">
<canvas name="0" width="44" height="51">
<vector name="origin" x="21" y="47"/>
<int name="z" value="0"/>
<int name="delay" value="150"/>
<vector name="lt" x="-19" y="-43"/>
<vector name="rb" x="21" y="1"/>
<string name="_hash" value="cbf81ace9abdc40dc2005e5193c5a01155540cb5d03b77f96a1ae5d308b60fe1"/>
</canvas>
<canvas name="1" width="44" height="51">
<vector name="origin" x="21" y="46"/>
<int name="z" value="0"/>
<int name="delay" value="150"/>
<vector name="lt" x="-19" y="-43"/>
<vector name="rb" x="21" y="1"/>
<string name="_hash" value="653322faf0a43b9e226194bcef4f09e2757bc55584557b3ffc80c5bef20faebb"/>
</canvas>
<canvas name="2" width="43" height="52">
<vector name="origin" x="21" y="45"/>
<int name="z" value="0"/>
<int name="delay" value="150"/>
<vector name="lt" x="-19" y="-43"/>
<vector name="rb" x="21" y="1"/>
<string name="_hash" value="88341c52d0658e761fe79902803bd91991934f646f9870c9d55955558d82ce6b"/>
</canvas>
<canvas name="3" width="44" height="51">
<vector name="origin" x="21" y="46"/>
<int name="z" value="0"/>
<int name="delay" value="150"/>
<vector name="lt" x="-19" y="-43"/>
<vector name="rb" x="21" y="1"/>
<string name="_hash" value="b4842f42d86acc977c43e33cba01acb2771f801694a0ba624037e7ffe864ca8b"/>
</canvas>
</imgdir>
<imgdir name="hang">
<canvas name="0" width="45" height="53">
<vector name="origin" x="24" y="58"/>
<int name="z" value="0"/>
<vector name="lt" x="-19" y="-43"/>
<vector name="rb" x="21" y="1"/>
<int name="delay" value="150"/>
<string name="_hash" value="b64c19edcca538f88dfaeb59cc7a3a7da3de4cbf2087f09678ed9f6c650a5733"/>
</canvas>
</imgdir>
<imgdir name="eat">
<canvas name="0" width="44" height="51">
<vector name="origin" x="20" y="47"/>
<int name="z" value="0"/>
<int name="delay" value="150"/>
<vector name="lt" x="-19" y="-43"/>
<vector name="rb" x="21" y="1"/>
<string name="_hash" value="68475cf3e9d5c2c13a953b1eafa65538bba14405034983496c5dd79a53ed29fd"/>
</canvas>
<canvas name="1" width="45" height="51">
<vector name="origin" x="21" y="46"/>
<int name="z" value="0"/>
<int name="delay" value="150"/>
<vector name="lt" x="-19" y="-43"/>
<vector name="rb" x="21" y="1"/>
<string name="_hash" value="042921d61ddf4d5ed88b2e0c7b3fd192b8e6c1ad1903c670d255421d84c44626"/>
</canvas>
<canvas name="2" width="44" height="51">
<vector name="origin" x="20" y="47"/>
<int name="z" value="0"/>
<int name="delay" value="150"/>
<vector name="lt" x="-19" y="-43"/>
<vector name="rb" x="21" y="1"/>
<string name="_hash" value="8d9a2a9751dd009e2319591d3323f52d1ef62823b39da32b4b99a2385febb8af"/>
</canvas>
<canvas name="3" width="44" height="51">
<vector name="origin" x="20" y="48"/>
<int name="z" value="0"/>
<int name="delay" value="150"/>
<vector name="lt" x="-19" y="-43"/>
<vector name="rb" x="21" y="1"/>
<string name="_hash" value="05c5cda67264717f4789656d90739e7aa614c33058cb4155092fd0209a5dd3f4"/>
</canvas>
</imgdir>
<imgdir name="chat">
<canvas name="0" width="1" height="1">
<vector name="origin" x="20" y="47"/>
<int name="z" value="0"/>
<int name="delay" value="150"/>
<vector name="lt" x="-19" y="-43"/>
<vector name="rb" x="21" y="1"/>
<string name="_inlink" value="stand0/0"/>
</canvas>
<canvas name="1" width="45" height="51">
<vector name="origin" x="21" y="46"/>
<int name="z" value="0"/>
<int name="delay" value="150"/>
<vector name="lt" x="-19" y="-43"/>
<vector name="rb" x="21" y="1"/>
<string name="_hash" value="29afc990c416aa3cf9795b7ec4072a57e1837317e3a9c98a55baf0812889d706"/>
</canvas>
<canvas name="2" width="1" height="1">
<vector name="origin" x="20" y="47"/>
<int name="z" value="0"/>
<int name="delay" value="150"/>
<vector name="lt" x="-19" y="-43"/>
<vector name="rb" x="21" y="1"/>
<string name="_inlink" value="stand0/2"/>
</canvas>
<canvas name="3" width="44" height="51">
<vector name="origin" x="20" y="48"/>
<int name="z" value="0"/>
<int name="delay" value="150"/>
<vector name="lt" x="-19" y="-43"/>
<vector name="rb" x="21" y="1"/>
<string name="_hash" value="8b837c14ad89c2c55b8b011880571a6f4127d78679aca4406627cbcc199ea4c4"/>
</canvas>
</imgdir>
<imgdir name="love">
<canvas name="0" width="44" height="50">
<vector name="origin" x="20" y="46"/>
<int name="z" value="0"/>
<int name="delay" value="150"/>
<vector name="lt" x="-19" y="-43"/>
<vector name="rb" x="21" y="1"/>
<string name="_hash" value="587a276f4bce0b2e7b84383a980541100e085c256a5821d0271e60aedd28417f"/>
</canvas>
<canvas name="1" width="46" height="50">
<vector name="origin" x="20" y="45"/>
<int name="z" value="0"/>
<int name="delay" value="150"/>
<vector name="lt" x="-19" y="-43"/>
<vector name="rb" x="21" y="1"/>
<string name="_hash" value="f21f533fcdeec7816c707a9860dcbe37f1d2c91f767e12eadd19e4fbe445d398"/>
</canvas>
<canvas name="2" width="43" height="50">
<vector name="origin" x="19" y="46"/>
<int name="z" value="0"/>
<int name="delay" value="150"/>
<vector name="lt" x="-19" y="-43"/>
<vector name="rb" x="21" y="1"/>
<string name="_hash" value="4ff52028f6b3c01ff1dc5529274acd1b920e076a54a2062ac69786b5c43aa506"/>
</canvas>
<canvas name="3" width="44" height="50">
<vector name="origin" x="20" y="47"/>
<int name="z" value="0"/>
<int name="delay" value="150"/>
<vector name="lt" x="-19" y="-43"/>
<vector name="rb" x="21" y="1"/>
<string name="_hash" value="73b1b8a58a41fc5ea01c0e9b5cbc31c9f1dede2b1663c08be1f3c175d2d91355"/>
</canvas>
<canvas name="4" width="44" height="50">
<vector name="origin" x="20" y="46"/>
<int name="z" value="0"/>
<int name="delay" value="150"/>
<vector name="lt" x="-19" y="-43"/>
<vector name="rb" x="21" y="1"/>
<string name="_hash" value="5ef56eb67ae4a10f99503bd42eab7eda61f47e35449fb42309078eba93266d5a"/>
</canvas>
<canvas name="5" width="46" height="50">
<vector name="origin" x="20" y="45"/>
<int name="z" value="0"/>
<int name="delay" value="150"/>
<vector name="lt" x="-19" y="-43"/>
<vector name="rb" x="21" y="1"/>
<string name="_hash" value="a60a03f39d87ca61c36641105e67c99eb2901bc52c57aaafa42d5774ae704fc3"/>
</canvas>
<canvas name="6" width="43" height="50">
<vector name="origin" x="19" y="46"/>
<int name="z" value="0"/>
<int name="delay" value="150"/>
<vector name="lt" x="-19" y="-43"/>
<vector name="rb" x="21" y="1"/>
<string name="_hash" value="33fae448fdc4de760ef0d7046a1715b3e76f8cc4fa6ba941b39296f0e4e76621"/>
</canvas>
<canvas name="7" width="44" height="50">
<vector name="origin" x="20" y="47"/>
<int name="z" value="0"/>
<int name="delay" value="150"/>
<vector name="lt" x="-19" y="-43"/>
<vector name="rb" x="21" y="1"/>
<string name="_hash" value="4735a64b7feeac0e52ffa9418640e2b55a684d7f4569eba14f3281828e2191cb"/>
</canvas>
</imgdir>
<imgdir name="cry">
<canvas name="0" width="44" height="51">
<vector name="origin" x="20" y="47"/>
<int name="z" value="0"/>
<int name="delay" value="150"/>
<vector name="lt" x="-19" y="-43"/>
<vector name="rb" x="21" y="1"/>
<string name="_hash" value="02c19c7d67e3d02aa082e227740d1e0843ad64a0715305c22a2248970398899c"/>
</canvas>
<canvas name="1" width="45" height="51">
<vector name="origin" x="21" y="46"/>
<int name="z" value="0"/>
<int name="delay" value="150"/>
<vector name="lt" x="-19" y="-43"/>
<vector name="rb" x="21" y="1"/>
<string name="_hash" value="669e7a0bbfc720721a6f8b4a6761ae569296d5ea296974c35287ca908f54540c"/>
</canvas>
<canvas name="2" width="44" height="51">
<vector name="origin" x="20" y="47"/>
<int name="z" value="0"/>
<int name="delay" value="150"/>
<vector name="lt" x="-19" y="-43"/>
<vector name="rb" x="21" y="1"/>
<string name="_hash" value="21f9fde570b89fbeae0a62c6e5b348da9ed8552ac377acf324e4ae011bcd8a7e"/>
</canvas>
<canvas name="3" width="44" height="51">
<vector name="origin" x="20" y="48"/>
<int name="z" value="0"/>
<int name="delay" value="150"/>
<vector name="lt" x="-19" y="-43"/>
<vector name="rb" x="21" y="1"/>
<string name="_hash" value="f44d2ccf771b1f91198e13b1382c0b5c3af0a0ede71f137de83e817961cb14c0"/>
</canvas>
</imgdir>
<imgdir name="dung">
<canvas name="0" width="43" height="49">
<vector name="origin" x="21" y="48"/>
<int name="z" value="0"/>
<int name="delay" value="150"/>
<vector name="lt" x="-19" y="-43"/>
<vector name="rb" x="21" y="1"/>
<string name="_hash" value="679ae6940fda4a06f79e5d13695c5e20c6e3eecf8d06575135a5d53730284da8"/>
</canvas>
<canvas name="1" width="45" height="48">
<vector name="origin" x="23" y="47"/>
<int name="z" value="0"/>
<int name="delay" value="150"/>
<vector name="lt" x="-19" y="-43"/>
<vector name="rb" x="21" y="1"/>
<string name="_hash" value="ffa355f12c55fe5923726562601b5d1409909404c6ed82d2a5a370b175c2c538"/>
</canvas>
<canvas name="2" width="46" height="49">
<vector name="origin" x="22" y="49"/>
<int name="z" value="0"/>
<int name="delay" value="150"/>
<vector name="lt" x="-19" y="-43"/>
<vector name="rb" x="21" y="1"/>
<string name="_hash" value="267168686ed9446c475292ffde09d248d1da5021a9f2a2b9ac1214a79918bc05"/>
</canvas>
<canvas name="3" width="47" height="50">
<vector name="origin" x="22" y="50"/>
<int name="z" value="0"/>
<int name="delay" value="150"/>
<vector name="lt" x="-19" y="-43"/>
<vector name="rb" x="21" y="1"/>
<string name="_hash" value="826d07d59fbf722963d6c4ffcd3e0038e6b15efe22c2b13387bb8cfda2a1fdcf"/>
</canvas>
<canvas name="4" width="48" height="51">
<vector name="origin" x="22" y="51"/>
<int name="z" value="0"/>
<int name="delay" value="150"/>
<vector name="lt" x="-19" y="-43"/>
<vector name="rb" x="21" y="1"/>
<string name="_hash" value="8e7858f43428c75d0077b38c2b0fd5b5b30e2fe4a14920fea08792c23d3b2010"/>
</canvas>
</imgdir>
<uol name="sit" value="rest0"/>
<uol name="fly" value="jump"/>
<imgdir name="roll">
<canvas name="0" width="95" height="90">
<vector name="origin" x="43" y="67"/>
<int name="z" value="0"/>
<int name="delay" value="150"/>
<vector name="lt" x="-19" y="-43"/>
<vector name="rb" x="21" y="1"/>
<string name="_hash" value="2f08c252ef122c875c248bc4be30ae9a81552653f63b2fc8559bc207909ecb25"/>
</canvas>
<canvas name="1" width="95" height="93">
<vector name="origin" x="48" y="70"/>
<int name="z" value="0"/>
<int name="delay" value="150"/>
<vector name="lt" x="-19" y="-43"/>
<vector name="rb" x="21" y="1"/>
<string name="_hash" value="b1a0f8ad6370feea46afbb4414154914149c0fb68a2b8ddd81fbfcb67426a3bc"/>
</canvas>
</imgdir>
<imgdir name="angry">
<canvas name="0" width="48" height="51">
<vector name="origin" x="20" y="47"/>
<int name="z" value="0"/>
<int name="delay" value="150"/>
<vector name="lt" x="-19" y="-43"/>
<vector name="rb" x="21" y="1"/>
<string name="_hash" value="f6f95165ce96766a9ffc2a238fa8992d0161c90f0669d596710947410456a886"/>
</canvas>
<canvas name="1" width="53" height="51">
<vector name="origin" x="21" y="46"/>
<int name="z" value="0"/>
<int name="delay" value="150"/>
<vector name="lt" x="-19" y="-43"/>
<vector name="rb" x="21" y="1"/>
<string name="_hash" value="e4cd1388f58872263e3766f1928d65ae379b03e1418610cf51d090ea9fb2f6aa"/>
</canvas>
<canvas name="2" width="44" height="52">
<vector name="origin" x="20" y="46"/>
<int name="z" value="0"/>
<int name="delay" value="150"/>
<vector name="lt" x="-19" y="-43"/>
<vector name="rb" x="21" y="1"/>
<string name="_hash" value="8bb2ca6075ca9091645d978130aee401875fa9c043c2deb04db7385e8b0fe368"/>
</canvas>
<canvas name="3" width="46" height="52">
<vector name="origin" x="20" y="47"/>
<int name="z" value="0"/>
<int name="delay" value="150"/>
<vector name="lt" x="-19" y="-43"/>
<vector name="rb" x="21" y="1"/>
<string name="_hash" value="e34be5890a5b9bd4381e4e72dca88894f04704115d7c606a095cee56b100561c"/>
</canvas>
</imgdir>
<imgdir name="what">
<canvas name="0" width="44" height="53">
<vector name="origin" x="18" y="51"/>
<int name="z" value="0"/>
<int name="delay" value="150"/>
<vector name="lt" x="-19" y="-43"/>
<vector name="rb" x="21" y="1"/>
<string name="_hash" value="d628feb1b801c9cdbbddd34f7fe8af4d8a0d399307fbc49d5391ad6b9fc25391"/>
</canvas>
<canvas name="1" width="47" height="52">
<vector name="origin" x="18" y="49"/>
<int name="z" value="0"/>
<int name="delay" value="150"/>
<vector name="lt" x="-19" y="-43"/>
<vector name="rb" x="21" y="1"/>
<string name="_hash" value="cddd0d0f58f1b4b2c38906056f7d43862346d7e98fb9fd48c94c25d67b9ccbaf"/>
</canvas>
<canvas name="2" width="51" height="51">
<vector name="origin" x="17" y="46"/>
<int name="z" value="0"/>
<int name="delay" value="150"/>
<vector name="lt" x="-19" y="-43"/>
<vector name="rb" x="21" y="1"/>
<string name="_hash" value="df38062fd8707972f93fca1ec979bf75f1e12c7a7480c5a0381d751cda7bdc06"/>
</canvas>
<canvas name="3" width="51" height="51">
<vector name="origin" x="17" y="47"/>
<int name="z" value="0"/>
<int name="delay" value="150"/>
<vector name="lt" x="-19" y="-43"/>
<vector name="rb" x="21" y="1"/>
<string name="_hash" value="9f13a71ecc7f635f6474c8c2592f7b293c73dd2c5f8c5a34eb2bb43b4e866bce"/>
</canvas>
</imgdir>
</imgdir>
