<?xml version="1.0" encoding="UTF-8" standalone="yes"?>
<imgdir name="5000314.img">
<imgdir name="info">
<canvas name="icon" width="1" height="1">
<vector name="origin" x="0" y="34"/>
<string name="_hash" value="83b62c5da389a4c9eb4a587beee06933aee1fb425ecc2af229ef63b087e1ee99"/>
<string name="_outlink" value="Item/Pet/5000026.img/info/icon"/>
</canvas>
<canvas name="iconRaw" width="1" height="1">
<vector name="origin" x="0" y="33"/>
<string name="_hash" value="c614484fcb4cdab59fb0b38a2327b35942a09f5e3d3d030a475e8137b1df0846"/>
<string name="_outlink" value="Item/Pet/5000026.img/info/iconRaw"/>
</canvas>
<canvas name="iconD" width="1" height="1">
<vector name="origin" x="0" y="34"/>
<string name="_hash" value="4f6118b28861c22dfb4759ac77f943d8da470c2e353e49e65b29d0b88bc1df8e"/>
<string name="_outlink" value="Item/Pet/5000026.img/info/iconD"/>
</canvas>
<canvas name="iconRawD" width="1" height="1">
<vector name="origin" x="0" y="34"/>
<string name="_hash" value="9a80dbfb5f07ea3f627feed95e0e0c0844a535d4ef10be460f0f5c7db68120e7"/>
<string name="_outlink" value="Item/Pet/5000026.img/info/iconRawD"/>
</canvas>
<int name="hungry" value="2"/>
<int name="cash" value="1"/>
<int name="life" value="14"/>
<int name="pickupItem" value="1"/>
<int name="chatBalloon" value="14"/>
<int name="nameTag" value="16"/>
<int name="noRevive" value="1"/>
</imgdir>
<imgdir name="interact">
<imgdir name="0">
<string name="command" value="c1"/>
<int name="inc" value="1"/>
<int name="prob" value="40"/>
<int name="l0" value="1"/>
<int name="l1" value="9"/>
<imgdir name="success">
<imgdir name="0">
<string name="act" value="rest0"/>
<string name="0" value="c1_s1"/>
<string name="1" value="c1_s2"/>
</imgdir>
</imgdir>
<imgdir name="fail">
<imgdir name="0">
<string name="act" value="stand0"/>
<string name="0" value="c1_f1"/>
<string name="1" value="c1_f2"/>
</imgdir>
</imgdir>
</imgdir>
<imgdir name="1">
<string name="command" value="c2"/>
<int name="inc" value="1"/>
<int name="prob" value="55"/>
<int name="l0" value="10"/>
<int name="l1" value="19"/>
<imgdir name="success">
<imgdir name="0">
<string name="act" value="rest0"/>
<string name="0" value="c2_s1"/>
<string name="1" value="c2_s2"/>
<string name="2" value="c2_s3"/>
<string name="3" value="c2_s4"/>
</imgdir>
</imgdir>
<imgdir name="fail">
<imgdir name="0">
<string name="act" value="stand0"/>
<string name="0" value="c2_f1"/>
<string name="1" value="c2_f2"/>
<string name="2" value="c2_f3"/>
<string name="3" value="c2_f4"/>
</imgdir>
</imgdir>
</imgdir>
<imgdir name="2">
<string name="command" value="c3"/>
<int name="inc" value="1"/>
<int name="prob" value="70"/>
<int name="l0" value="20"/>
<int name="l1" value="29"/>
<imgdir name="success">
<imgdir name="0">
<string name="act" value="rest0"/>
<string name="0" value="c3_s1"/>
<string name="1" value="c3_s2"/>
<string name="2" value="c3_s3"/>
<string name="3" value="c3_s4"/>
</imgdir>
</imgdir>
<imgdir name="fail">
<imgdir name="0">
<string name="act" value="stand0"/>
<string name="0" value="c3_f1"/>
<string name="1" value="c3_f2"/>
<string name="2" value="c3_f3"/>
<string name="3" value="c3_f4"/>
</imgdir>
</imgdir>
</imgdir>
<imgdir name="3">
<string name="command" value="c4"/>
<int name="inc" value="1"/>
<int name="prob" value="80"/>
<int name="l0" value="30"/>
<int name="l1" value="30"/>
<imgdir name="success">
<imgdir name="0">
<string name="act" value="rest0"/>
<string name="0" value="c4_s1"/>
<string name="1" value="c4_s2"/>
<string name="2" value="c4_s3"/>
<string name="3" value="c4_s4"/>
</imgdir>
</imgdir>
<imgdir name="fail">
<imgdir name="0">
<string name="act" value="stand0"/>
<string name="0" value="c4_f1"/>
<string name="1" value="c4_f2"/>
<string name="2" value="c4_f3"/>
<string name="3" value="c4_f4"/>
</imgdir>
</imgdir>
</imgdir>
<imgdir name="4">
<string name="command" value="c5"/>
<int name="inc" value="1"/>
<int name="prob" value="30"/>
<int name="l0" value="1"/>
<int name="l1" value="9"/>
<imgdir name="success">
<imgdir name="0">
<string name="act" value="cry"/>
<string name="0" value="c5_s1"/>
<string name="1" value="c5_s2"/>
</imgdir>
</imgdir>
<imgdir name="fail">
<imgdir name="0">
<string name="act" value="angry"/>
<string name="0" value="c5_f1"/>
<string name="1" value="c5_f2"/>
</imgdir>
</imgdir>
</imgdir>
<imgdir name="5">
<string name="command" value="c6"/>
<int name="inc" value="1"/>
<int name="prob" value="45"/>
<int name="l0" value="10"/>
<int name="l1" value="19"/>
<imgdir name="success">
<imgdir name="0">
<string name="act" value="cry"/>
<string name="0" value="c6_s1"/>
<string name="1" value="c6_s2"/>
<string name="2" value="c6_s3"/>
<string name="3" value="c6_s4"/>
</imgdir>
</imgdir>
<imgdir name="fail">
<imgdir name="0">
<string name="act" value="angry"/>
<string name="0" value="c6_f1"/>
<string name="1" value="c6_f2"/>
<string name="2" value="c6_f3"/>
<string name="3" value="c6_f4"/>
</imgdir>
</imgdir>
</imgdir>
<imgdir name="6">
<string name="command" value="c7"/>
<int name="inc" value="1"/>
<int name="prob" value="60"/>
<int name="l0" value="20"/>
<int name="l1" value="29"/>
<imgdir name="success">
<imgdir name="0">
<string name="act" value="cry"/>
<string name="0" value="c7_s1"/>
<string name="1" value="c7_s2"/>
<string name="2" value="c7_s3"/>
<string name="3" value="c7_s4"/>
</imgdir>
</imgdir>
<imgdir name="fail">
<imgdir name="0">
<string name="act" value="angry"/>
<string name="0" value="c7_f1"/>
<string name="1" value="c7_f2"/>
<string name="2" value="c7_f3"/>
<string name="3" value="c7_f4"/>
</imgdir>
</imgdir>
</imgdir>
<imgdir name="7">
<string name="command" value="c8"/>
<int name="inc" value="1"/>
<int name="prob" value="75"/>
<int name="l0" value="30"/>
<int name="l1" value="30"/>
<imgdir name="success">
<imgdir name="0">
<string name="act" value="cry"/>
<string name="0" value="c8_s1"/>
<string name="1" value="c8_s2"/>
<string name="2" value="c8_s3"/>
<string name="3" value="c8_s4"/>
</imgdir>
</imgdir>
<imgdir name="fail">
<imgdir name="0">
<string name="act" value="angry"/>
<string name="0" value="c8_f1"/>
<string name="1" value="c8_f2"/>
<string name="2" value="c8_f3"/>
<string name="3" value="c8_f4"/>
</imgdir>
</imgdir>
</imgdir>
<imgdir name="8">
<string name="command" value="c9"/>
<int name="inc" value="1"/>
<int name="prob" value="30"/>
<int name="l0" value="1"/>
<int name="l1" value="9"/>
<imgdir name="success">
<imgdir name="0">
<string name="act" value="dung"/>
<string name="0" value="c9_s1"/>
<string name="1" value="c9_s2"/>
</imgdir>
</imgdir>
<imgdir name="fail">
<imgdir name="0">
<string name="act" value="stunned"/>
<string name="0" value="c9_f1"/>
<string name="1" value="c9_f2"/>
</imgdir>
</imgdir>
</imgdir>
<imgdir name="9">
<string name="command" value="c10"/>
<int name="inc" value="1"/>
<int name="prob" value="45"/>
<int name="l0" value="10"/>
<int name="l1" value="19"/>
<imgdir name="success">
<imgdir name="0">
<string name="act" value="dung"/>
<string name="0" value="c10_s1"/>
<string name="1" value="c10_s2"/>
<string name="2" value="c10_s3"/>
<string name="3" value="c10_s4"/>
</imgdir>
</imgdir>
<imgdir name="fail">
<imgdir name="0">
<string name="act" value="stunned"/>
<string name="0" value="c10_f1"/>
<string name="1" value="c10_f2"/>
<string name="2" value="c10_f3"/>
<string name="3" value="c10_f4"/>
</imgdir>
</imgdir>
</imgdir>
<imgdir name="10">
<string name="command" value="c11"/>
<int name="inc" value="1"/>
<int name="prob" value="60"/>
<int name="l0" value="20"/>
<int name="l1" value="29"/>
<imgdir name="success">
<imgdir name="0">
<string name="act" value="dung"/>
<string name="0" value="c11_s1"/>
<string name="1" value="c11_s2"/>
<string name="2" value="c11_s3"/>
<string name="3" value="c11_s4"/>
</imgdir>
</imgdir>
<imgdir name="fail">
<imgdir name="0">
<string name="act" value="stunned"/>
<string name="0" value="c11_f1"/>
<string name="1" value="c11_f2"/>
<string name="2" value="c11_f3"/>
<string name="3" value="c11_f4"/>
</imgdir>
</imgdir>
</imgdir>
<imgdir name="11">
<string name="command" value="c12"/>
<int name="inc" value="1"/>
<int name="prob" value="75"/>
<int name="l0" value="30"/>
<int name="l1" value="30"/>
<imgdir name="success">
<imgdir name="0">
<string name="act" value="dung"/>
<string name="0" value="c12_s1"/>
<string name="1" value="c12_s2"/>
<string name="2" value="c12_s3"/>
<string name="3" value="c12_s4"/>
</imgdir>
</imgdir>
<imgdir name="fail">
<imgdir name="0">
<string name="act" value="stunned"/>
<string name="0" value="c12_f1"/>
<string name="1" value="c12_f2"/>
<string name="2" value="c12_f3"/>
<string name="3" value="c12_f4"/>
</imgdir>
</imgdir>
</imgdir>
<imgdir name="12">
<string name="command" value="c13"/>
<int name="inc" value="2"/>
<int name="prob" value="30"/>
<int name="l0" value="1"/>
<int name="l1" value="9"/>
<imgdir name="success">
<imgdir name="0">
<string name="act" value="happy"/>
<string name="0" value="c13_s1"/>
<string name="1" value="c13_s2"/>
</imgdir>
</imgdir>
<imgdir name="fail">
<imgdir name="0">
<string name="act" value="rest0"/>
<string name="0" value="c13_f1"/>
<string name="1" value="c13_f2"/>
</imgdir>
</imgdir>
</imgdir>
<imgdir name="13">
<string name="command" value="c14"/>
<int name="inc" value="2"/>
<int name="prob" value="45"/>
<int name="l0" value="10"/>
<int name="l1" value="19"/>
<imgdir name="success">
<imgdir name="0">
<string name="act" value="happy"/>
<string name="0" value="c14_s1"/>
<string name="1" value="c14_s2"/>
<string name="2" value="c14_s3"/>
<string name="3" value="c14_s4"/>
</imgdir>
</imgdir>
<imgdir name="fail">
<imgdir name="0">
<string name="act" value="rest0"/>
<string name="0" value="c14_f1"/>
<string name="1" value="c14_f2"/>
<string name="2" value="c14_f3"/>
<string name="3" value="c14_f4"/>
</imgdir>
</imgdir>
</imgdir>
<imgdir name="14">
<string name="command" value="c15"/>
<int name="inc" value="2"/>
<int name="prob" value="60"/>
<int name="l0" value="20"/>
<int name="l1" value="29"/>
<imgdir name="success">
<imgdir name="0">
<string name="act" value="happy"/>
<string name="0" value="c15_s1"/>
<string name="1" value="c15_s2"/>
<string name="2" value="c15_s3"/>
<string name="3" value="c15_s4"/>
</imgdir>
</imgdir>
<imgdir name="fail">
<imgdir name="0">
<string name="act" value="rest0"/>
<string name="0" value="c15_f1"/>
<string name="1" value="c15_f2"/>
<string name="2" value="c15_f3"/>
<string name="3" value="c15_f4"/>
</imgdir>
</imgdir>
</imgdir>
<imgdir name="15">
<string name="command" value="c16"/>
<int name="inc" value="2"/>
<int name="prob" value="75"/>
<int name="l0" value="30"/>
<int name="l1" value="30"/>
<imgdir name="success">
<imgdir name="0">
<string name="act" value="happy"/>
<string name="0" value="c16_s1"/>
<string name="1" value="c16_s2"/>
<string name="2" value="c16_s3"/>
<string name="3" value="c16_s4"/>
</imgdir>
</imgdir>
<imgdir name="fail">
<imgdir name="0">
<string name="act" value="rest0"/>
<string name="0" value="c16_f1"/>
<string name="1" value="c16_f2"/>
<string name="2" value="c16_f3"/>
<string name="3" value="c16_f4"/>
</imgdir>
</imgdir>
</imgdir>
<imgdir name="16">
<string name="command" value="c17"/>
<int name="inc" value="2"/>
<int name="prob" value="35"/>
<int name="l0" value="1"/>
<int name="l1" value="9"/>
<imgdir name="success">
<imgdir name="0">
<string name="act" value="love"/>
<string name="0" value="c17_s1"/>
<string name="1" value="c17_s2"/>
</imgdir>
</imgdir>
<imgdir name="fail">
<imgdir name="0">
<string name="act" value="stunned"/>
<string name="0" value="c17_f1"/>
<string name="1" value="c17_f2"/>
</imgdir>
</imgdir>
</imgdir>
<imgdir name="17">
<string name="command" value="c18"/>
<int name="inc" value="2"/>
<int name="prob" value="50"/>
<int name="l0" value="10"/>
<int name="l1" value="19"/>
<imgdir name="success">
<imgdir name="0">
<string name="act" value="love"/>
<string name="0" value="c18_s1"/>
<string name="1" value="c18_s2"/>
<string name="2" value="c18_s3"/>
<string name="3" value="c18_s4"/>
</imgdir>
</imgdir>
<imgdir name="fail">
<imgdir name="0">
<string name="act" value="stunned"/>
<string name="0" value="c18_f1"/>
<string name="1" value="c18_f2"/>
<string name="2" value="c18_f3"/>
<string name="3" value="c18_f4"/>
</imgdir>
</imgdir>
</imgdir>
<imgdir name="18">
<string name="command" value="c19"/>
<int name="inc" value="2"/>
<int name="prob" value="65"/>
<int name="l0" value="20"/>
<int name="l1" value="29"/>
<imgdir name="success">
<imgdir name="0">
<string name="act" value="love"/>
<string name="0" value="c19_s1"/>
<string name="1" value="c19_s2"/>
<string name="2" value="c19_s3"/>
<string name="3" value="c19_s4"/>
</imgdir>
</imgdir>
<imgdir name="fail">
<imgdir name="0">
<string name="act" value="stunned"/>
<string name="0" value="c19_f1"/>
<string name="1" value="c19_f2"/>
<string name="2" value="c19_f3"/>
<string name="3" value="c19_f4"/>
</imgdir>
</imgdir>
</imgdir>
<imgdir name="19">
<string name="command" value="c20"/>
<int name="inc" value="2"/>
<int name="prob" value="80"/>
<int name="l0" value="30"/>
<int name="l1" value="30"/>
<imgdir name="success">
<imgdir name="0">
<string name="act" value="love"/>
<string name="0" value="c20_s1"/>
<string name="1" value="c20_s2"/>
<string name="2" value="c20_s3"/>
<string name="3" value="c20_s4"/>
</imgdir>
</imgdir>
<imgdir name="fail">
<imgdir name="0">
<string name="act" value="stunned"/>
<string name="0" value="c20_f1"/>
<string name="1" value="c20_f2"/>
<string name="2" value="c20_f3"/>
<string name="3" value="c20_f4"/>
</imgdir>
</imgdir>
</imgdir>
<imgdir name="20">
<string name="command" value="c21"/>
<int name="inc" value="2"/>
<int name="prob" value="45"/>
<int name="l0" value="10"/>
<int name="l1" value="19"/>
<imgdir name="success">
<imgdir name="0">
<string name="act" value="chat"/>
<string name="0" value="c21_s1"/>
<string name="1" value="c21_s2"/>
<string name="2" value="c21_s3"/>
<string name="3" value="c21_s4"/>
</imgdir>
</imgdir>
<imgdir name="fail">
<imgdir name="0">
<string name="act" value="stunned"/>
<string name="0" value="c21_f1"/>
<string name="1" value="c21_f2"/>
<string name="2" value="c21_f3"/>
<string name="3" value="c21_f4"/>
</imgdir>
</imgdir>
</imgdir>
<imgdir name="21">
<string name="command" value="c22"/>
<int name="inc" value="2"/>
<int name="prob" value="60"/>
<int name="l0" value="20"/>
<int name="l1" value="29"/>
<imgdir name="success">
<imgdir name="0">
<string name="act" value="chat"/>
<string name="0" value="c22_s1"/>
<string name="1" value="c22_s2"/>
<string name="2" value="c22_s3"/>
<string name="3" value="c22_s4"/>
</imgdir>
</imgdir>
<imgdir name="fail">
<imgdir name="0">
<string name="act" value="stunned"/>
<string name="0" value="c22_f1"/>
<string name="1" value="c22_f2"/>
<string name="2" value="c22_f3"/>
<string name="3" value="c22_f4"/>
</imgdir>
</imgdir>
</imgdir>
<imgdir name="22">
<string name="command" value="c23"/>
<int name="inc" value="2"/>
<int name="prob" value="75"/>
<int name="l0" value="30"/>
<int name="l1" value="30"/>
<imgdir name="success">
<imgdir name="0">
<string name="act" value="chat"/>
<string name="0" value="c23_s1"/>
<string name="1" value="c23_s2"/>
<string name="2" value="c23_s3"/>
<string name="3" value="c23_s4"/>
</imgdir>
</imgdir>
<imgdir name="fail">
<imgdir name="0">
<string name="act" value="stunned"/>
<string name="0" value="c23_f1"/>
<string name="1" value="c23_f2"/>
<string name="2" value="c23_f3"/>
<string name="3" value="c23_f4"/>
</imgdir>
</imgdir>
</imgdir>
<imgdir name="23">
<string name="command" value="c24"/>
<int name="inc" value="2"/>
<int name="prob" value="40"/>
<int name="l0" value="10"/>
<int name="l1" value="19"/>
<imgdir name="success">
<imgdir name="0">
<string name="act" value="sleep"/>
<string name="0" value="c24_s1"/>
<string name="1" value="c24_s2"/>
<string name="2" value="c24_s3"/>
</imgdir>
</imgdir>
<imgdir name="fail">
<imgdir name="0">
<string name="act" value="hungry"/>
<string name="0" value="c24_f1"/>
<string name="1" value="c24_f2"/>
<string name="2" value="c24_f3"/>
</imgdir>
</imgdir>
</imgdir>
<imgdir name="24">
<string name="command" value="c25"/>
<int name="inc" value="2"/>
<int name="prob" value="60"/>
<int name="l0" value="20"/>
<int name="l1" value="29"/>
<imgdir name="success">
<imgdir name="0">
<string name="act" value="sleep"/>
<string name="0" value="c25_s1"/>
<string name="1" value="c25_s2"/>
<string name="2" value="c25_s3"/>
</imgdir>
</imgdir>
<imgdir name="fail">
<imgdir name="0">
<string name="act" value="hungry"/>
<string name="0" value="c25_f1"/>
<string name="1" value="c25_f2"/>
<string name="2" value="c25_f3"/>
</imgdir>
</imgdir>
</imgdir>
<imgdir name="25">
<string name="command" value="c26"/>
<int name="inc" value="2"/>
<int name="prob" value="80"/>
<int name="l0" value="30"/>
<int name="l1" value="30"/>
<imgdir name="success">
<imgdir name="0">
<string name="act" value="sleep"/>
<string name="0" value="c26_s1"/>
<string name="1" value="c26_s2"/>
<string name="2" value="c26_s3"/>
</imgdir>
</imgdir>
<imgdir name="fail">
<imgdir name="0">
<string name="act" value="hungry"/>
<string name="0" value="c26_f1"/>
<string name="1" value="c26_f2"/>
<string name="2" value="c26_f3"/>
</imgdir>
</imgdir>
</imgdir>
<imgdir name="26">
<string name="command" value="c27"/>
<int name="inc" value="3"/>
<int name="prob" value="50"/>
<int name="l0" value="20"/>
<int name="l1" value="29"/>
<imgdir name="success">
<imgdir name="0">
<string name="act" value="transformation"/>
<string name="0" value="c27_s1"/>
<string name="1" value="c27_s2"/>
<string name="2" value="c27_s3"/>
</imgdir>
</imgdir>
<imgdir name="fail">
<imgdir name="0">
<string name="act" value="angry"/>
<string name="0" value="c27_f1"/>
<string name="1" value="c27_f2"/>
<string name="2" value="c27_f3"/>
</imgdir>
</imgdir>
</imgdir>
<imgdir name="27">
<string name="command" value="c28"/>
<int name="inc" value="3"/>
<int name="prob" value="75"/>
<int name="l0" value="30"/>
<int name="l1" value="30"/>
<imgdir name="success">
<imgdir name="0">
<string name="act" value="transformation"/>
<string name="0" value="c28_s1"/>
<string name="1" value="c28_s2"/>
<string name="2" value="c28_s3"/>
</imgdir>
</imgdir>
<imgdir name="fail">
<imgdir name="0">
<string name="act" value="angry"/>
<string name="0" value="c28_f1"/>
<string name="1" value="c28_f2"/>
<string name="2" value="c28_f3"/>
</imgdir>
</imgdir>
</imgdir>
</imgdir>
<imgdir name="food">
<imgdir name="0">
<int name="l0" value="1"/>
<int name="l1" value="9"/>
<imgdir name="success">
<imgdir name="0">
<string name="act" value="eat"/>
<string name="0" value="f1_s"/>
</imgdir>
</imgdir>
<imgdir name="fail">
<imgdir name="0">
<string name="act" value="hungry"/>
<string name="0" value="f1_f"/>
</imgdir>
</imgdir>
</imgdir>
<imgdir name="1">
<int name="l0" value="10"/>
<int name="l1" value="19"/>
<imgdir name="success">
<imgdir name="0">
<string name="act" value="eat"/>
<string name="0" value="f2_s"/>
</imgdir>
</imgdir>
<imgdir name="fail">
<imgdir name="0">
<string name="act" value="hungry"/>
<string name="0" value="f2_f"/>
</imgdir>
</imgdir>
</imgdir>
<imgdir name="2">
<int name="l0" value="20"/>
<int name="l1" value="29"/>
<imgdir name="success">
<imgdir name="0">
<string name="act" value="eat"/>
<string name="0" value="f3_s"/>
</imgdir>
</imgdir>
<imgdir name="fail">
<imgdir name="0">
<string name="act" value="hungry"/>
<string name="0" value="f3_f"/>
</imgdir>
</imgdir>
</imgdir>
<imgdir name="3">
<int name="l0" value="30"/>
<int name="l1" value="30"/>
<imgdir name="success">
<imgdir name="0">
<string name="act" value="eat"/>
<string name="0" value="f4_s"/>
</imgdir>
</imgdir>
<imgdir name="fail">
<imgdir name="0">
<string name="act" value="hungry"/>
<string name="0" value="f4_f"/>
</imgdir>
</imgdir>
</imgdir>
</imgdir>
<imgdir name="slang">
<imgdir name="0">
<int name="l0" value="1"/>
<int name="l1" value="9"/>
<string name="act" value="rest0"/>
<string name="0" value="s1"/>
</imgdir>
<imgdir name="1">
<int name="l0" value="10"/>
<int name="l1" value="19"/>
<string name="act" value="rest0"/>
<string name="0" value="s2"/>
</imgdir>
<imgdir name="2">
<int name="l0" value="20"/>
<int name="l1" value="29"/>
<string name="act" value="rest0"/>
<string name="0" value="s3"/>
</imgdir>
<imgdir name="3">
<int name="l0" value="30"/>
<int name="l1" value="30"/>
<string name="act" value="rest0"/>
<string name="0" value="s4"/>
</imgdir>
</imgdir>
<imgdir name="stand0">
<canvas name="0" width="1" height="1">
<vector name="origin" x="22" y="51"/>
<vector name="lt" x="-22" y="-51"/>
<vector name="rb" x="20" y="0"/>
<int name="delay" value="600"/>
<string name="_hash" value="cb2f7bcdbed264108f43ea8d4bd1de50132f457d0de56c83ff928edb2cd48920"/>
<string name="_outlink" value="Item/Pet/5000026.img/stand0/0"/>
</canvas>
<canvas name="1" width="1" height="1">
<vector name="origin" x="22" y="51"/>
<vector name="lt" x="-22" y="-51"/>
<vector name="rb" x="20" y="0"/>
<int name="delay" value="120"/>
<string name="_hash" value="b4056f46cd6c78ef86cd578e62b9099cfcd73b29c13b5c5fb700cea98817ab4d"/>
<string name="_outlink" value="Item/Pet/5000026.img/stand0/1"/>
</canvas>
</imgdir>
<imgdir name="stand1">
<canvas name="0" width="1" height="1">
<vector name="origin" x="23" y="51"/>
<vector name="lt" x="-23" y="-51"/>
<vector name="rb" x="20" y="0"/>
<int name="delay" value="240"/>
<string name="_hash" value="8b03278259f1afdcf5b70fd3ece18472c176db9e9cb39ac3c3eed3d70f7a53c7"/>
<string name="_outlink" value="Item/Pet/5000026.img/stand1/0"/>
</canvas>
<canvas name="1" width="1" height="1">
<vector name="origin" x="23" y="51"/>
<vector name="lt" x="-23" y="-51"/>
<vector name="rb" x="20" y="0"/>
<int name="delay" value="240"/>
<string name="_hash" value="6409973cea2065bb2da1102fdfc8779f0bdb65430186286c40cbc1c42341bb64"/>
<string name="_outlink" value="Item/Pet/5000026.img/stand1/1"/>
</canvas>
<canvas name="2" width="1" height="1">
<vector name="origin" x="23" y="51"/>
<int name="z" value="0"/>
<vector name="lt" x="-23" y="-51"/>
<vector name="rb" x="21" y="0"/>
<int name="delay" value="240"/>
<string name="_hash" value="f6778b85d41e9b248c49fa49baf56d5d01d0b79a397c366cf94b2068d37c0cf1"/>
<string name="_outlink" value="Item/Pet/5000026.img/stand1/2"/>
</canvas>
<canvas name="3" width="1" height="1">
<vector name="origin" x="23" y="51"/>
<int name="z" value="0"/>
<vector name="lt" x="-23" y="-51"/>
<vector name="rb" x="21" y="0"/>
<int name="delay" value="240"/>
<string name="_outlink" value="Item/Pet/5000026.img/stand1/2"/>
</canvas>
<canvas name="4" width="1" height="1">
<vector name="origin" x="23" y="51"/>
<int name="z" value="0"/>
<vector name="lt" x="-23" y="-51"/>
<vector name="rb" x="22" y="0"/>
<int name="delay" value="240"/>
<string name="_hash" value="50d0883dec531e06e2a54d47e2924ab0a1c1ba75a2e856d0976e4e25fe0bc6e9"/>
<string name="_outlink" value="Item/Pet/5000026.img/stand1/4"/>
</canvas>
<canvas name="5" width="1" height="1">
<vector name="origin" x="23" y="51"/>
<int name="z" value="0"/>
<vector name="lt" x="-23" y="-51"/>
<vector name="rb" x="22" y="0"/>
<int name="delay" value="240"/>
<string name="_outlink" value="Item/Pet/5000026.img/stand1/4"/>
</canvas>
<canvas name="6" width="1" height="1">
<vector name="origin" x="23" y="51"/>
<int name="z" value="0"/>
<vector name="lt" x="-23" y="-51"/>
<vector name="rb" x="21" y="0"/>
<int name="delay" value="240"/>
<string name="_hash" value="7de1f2a85fb283bc33d3fe14146d1d697552f564bb37963ce4282a55ec128d46"/>
<string name="_outlink" value="Item/Pet/5000026.img/stand1/6"/>
</canvas>
<canvas name="7" width="1" height="1">
<vector name="origin" x="23" y="51"/>
<int name="z" value="0"/>
<vector name="lt" x="-23" y="-51"/>
<vector name="rb" x="21" y="0"/>
<int name="delay" value="240"/>
<string name="_outlink" value="Item/Pet/5000026.img/stand1/6"/>
</canvas>
</imgdir>
<imgdir name="hungry">
<canvas name="0" width="1" height="1">
<vector name="origin" x="23" y="48"/>
<vector name="lt" x="-23" y="-48"/>
<vector name="rb" x="19" y="0"/>
<int name="delay" value="1200"/>
<string name="_hash" value="ff511bbe599f1783d7cb0bbcb15132e27449675198eb9dd398975c15827185e0"/>
<string name="_outlink" value="Item/Pet/5000026.img/hungry/0"/>
</canvas>
</imgdir>
<imgdir name="move">
<canvas name="0" width="1" height="1">
<vector name="origin" x="26" y="61"/>
<vector name="lt" x="-27" y="-51"/>
<vector name="rb" x="32" y="5"/>
<int name="delay" value="160"/>
<string name="_hash" value="9bd1975812028058d4edfc4ce3c663d55fa6608fe5a7bd7968a81a3f34bbf225"/>
<string name="_outlink" value="Item/Pet/5000026.img/move/0"/>
</canvas>
<canvas name="1" width="1" height="1">
<vector name="origin" x="26" y="62"/>
<vector name="lt" x="-27" y="-49"/>
<vector name="rb" x="31" y="5"/>
<int name="delay" value="160"/>
<string name="_hash" value="7fd277529fef9ce18aaf1237b5045b44d979af17c53a814a7a7f3c14133552c8"/>
<string name="_outlink" value="Item/Pet/5000026.img/move/1"/>
</canvas>
<canvas name="2" width="1" height="1">
<vector name="origin" x="26" y="61"/>
<vector name="lt" x="-27" y="-47"/>
<vector name="rb" x="30" y="5"/>
<int name="delay" value="160"/>
<string name="_hash" value="0863d877267cbf31245b174c73a2f791a01be59187cda9aa2b14027e01e1d5f1"/>
<string name="_outlink" value="Item/Pet/5000026.img/move/2"/>
</canvas>
<canvas name="3" width="1" height="1">
<vector name="origin" x="26" y="60"/>
<vector name="lt" x="-27" y="-51"/>
<vector name="rb" x="32" y="5"/>
<int name="delay" value="160"/>
<string name="_hash" value="b86fc4e12517390ef972a466bd3c61c34d832d44763d2b499364359165dbaf76"/>
<string name="_outlink" value="Item/Pet/5000026.img/move/3"/>
</canvas>
</imgdir>
<imgdir name="rest0">
<canvas name="0" width="1" height="1">
<vector name="origin" x="22" y="48"/>
<vector name="lt" x="-22" y="-48"/>
<vector name="rb" x="21" y="0"/>
<int name="delay" value="240"/>
<string name="_hash" value="95ba8d3dcab19c019998d899f826497aee204aedece8e2bd5206737121437c04"/>
<string name="_outlink" value="Item/Pet/5000026.img/rest0/0"/>
</canvas>
<canvas name="1" width="1" height="1">
<vector name="origin" x="22" y="48"/>
<vector name="lt" x="-22" y="-48"/>
<vector name="rb" x="22" y="0"/>
<int name="delay" value="240"/>
<string name="_hash" value="661b3c92601927fb2f40f4ee594ee0029bfbf514e681a9373903caaa573c25c2"/>
<string name="_outlink" value="Item/Pet/5000026.img/rest0/1"/>
</canvas>
<canvas name="2" width="1" height="1">
<vector name="origin" x="22" y="48"/>
<vector name="lt" x="-22" y="-48"/>
<vector name="rb" x="23" y="0"/>
<int name="delay" value="240"/>
<string name="_hash" value="9df71e5e9415b6fba4aad1d246fce31bac874753b14f7abf49762f8108c3e7aa"/>
<string name="_outlink" value="Item/Pet/5000026.img/rest0/2"/>
</canvas>
<canvas name="3" width="1" height="1">
<vector name="origin" x="22" y="48"/>
<vector name="lt" x="-22" y="-48"/>
<vector name="rb" x="22" y="0"/>
<int name="delay" value="240"/>
<string name="_hash" value="bc525340ce48b553673fdeffb9591fa251e4206641c116c0f068ae2db03db5ad"/>
<string name="_outlink" value="Item/Pet/5000026.img/rest0/3"/>
</canvas>
</imgdir>
<imgdir name="chat">
<canvas name="0" width="1" height="1">
<vector name="origin" x="22" y="51"/>
<vector name="lt" x="-22" y="-51"/>
<vector name="rb" x="20" y="0"/>
<int name="delay" value="220"/>
<string name="_hash" value="d902cf93439c6ebc1d47015ace362859ebe61274dc86e447676bdcc6448b6a2f"/>
<string name="_outlink" value="Item/Pet/5000026.img/chat/0"/>
</canvas>
<canvas name="1" width="1" height="1">
<vector name="origin" x="22" y="51"/>
<vector name="lt" x="-22" y="-51"/>
<vector name="rb" x="20" y="0"/>
<int name="delay" value="220"/>
<string name="_hash" value="003efc697c836fd9fcc49c75d5cf628b32811555fd3a3a4c5562d470cd743d44"/>
<string name="_outlink" value="Item/Pet/5000026.img/chat/1"/>
</canvas>
<uol name="2" value="0"/>
<uol name="3" value="1"/>
<uol name="4" value="0"/>
<uol name="5" value="1"/>
<uol name="6" value="0"/>
<uol name="7" value="1"/>
<uol name="8" value="0"/>
<uol name="9" value="1"/>
<uol name="10" value="0"/>
</imgdir>
<imgdir name="angry">
<canvas name="0" width="1" height="1">
<vector name="origin" x="31" y="57"/>
<vector name="lt" x="-31" y="-57"/>
<vector name="rb" x="18" y="0"/>
<int name="delay" value="120"/>
<string name="_hash" value="f82357f32c121eafffbb868c27d1dd48cb37de4284e9c40b56f71794dca6cb96"/>
<string name="_outlink" value="Item/Pet/5000026.img/angry/0"/>
</canvas>
<canvas name="1" width="1" height="1">
<vector name="origin" x="29" y="62"/>
<vector name="lt" x="-29" y="-62"/>
<vector name="rb" x="18" y="0"/>
<int name="delay" value="120"/>
<string name="_hash" value="97127535ec3b02d04cec7fc60f77f37a7de6ed5e4c6de3352f40968707d43573"/>
<string name="_outlink" value="Item/Pet/5000026.img/angry/1"/>
</canvas>
<canvas name="2" width="1" height="1">
<vector name="origin" x="29" y="65"/>
<vector name="lt" x="-29" y="-65"/>
<vector name="rb" x="18" y="0"/>
<int name="delay" value="120"/>
<string name="_hash" value="05df8b7a8811190cf65404a742679f9c5cc42e3fd9116821653f2648f2885ab1"/>
<string name="_outlink" value="Item/Pet/5000026.img/angry/2"/>
</canvas>
<canvas name="3" width="1" height="1">
<vector name="origin" x="29" y="56"/>
<vector name="lt" x="-29" y="-56"/>
<vector name="rb" x="18" y="0"/>
<int name="delay" value="120"/>
<string name="_hash" value="0e4e175c4921303a2d9ec7b16f739c7e88a1e7b1f0ca64b4e30082cba50bec47"/>
<string name="_outlink" value="Item/Pet/5000026.img/angry/3"/>
</canvas>
</imgdir>
<imgdir name="hang">
<canvas name="0" width="1" height="1">
<vector name="origin" x="23" y="61"/>
<vector name="lt" x="-23" y="-61"/>
<vector name="rb" x="20" y="0"/>
<int name="delay" value="240"/>
<string name="_hash" value="24d7271ef36be98fe2c93f0dfeb5d3d0e1fe4663b316b91955e5ec1a306aa3e5"/>
<string name="_outlink" value="Item/Pet/5000026.img/hang/0"/>
</canvas>
</imgdir>
<imgdir name="dung">
<canvas name="0" width="1" height="1">
<vector name="origin" x="27" y="46"/>
<vector name="lt" x="-27" y="-46"/>
<vector name="rb" x="19" y="0"/>
<int name="delay" value="4000"/>
<string name="_hash" value="2c97d1c1b383a3578ca532dae383093e14ec5e9599a6f1a8255d1d5d16e4b994"/>
<string name="_outlink" value="Item/Pet/5000026.img/dung/0"/>
</canvas>
</imgdir>
<imgdir name="jump">
<canvas name="0" width="1" height="1">
<vector name="origin" x="26" y="55"/>
<vector name="lt" x="-26" y="-55"/>
<vector name="rb" x="16" y="0"/>
<string name="_hash" value="29507b757ee4ce9ae51ba5e99a69919d320c6535f92842b0eea1843651270cd9"/>
<string name="_outlink" value="Item/Pet/5000026.img/jump/0"/>
</canvas>
</imgdir>
<imgdir name="fly">
<canvas name="0" width="1" height="1">
<vector name="origin" x="24" y="51"/>
<vector name="lt" x="-24" y="-51"/>
<vector name="rb" x="22" y="-3"/>
<int name="delay" value="220"/>
<string name="_hash" value="345972542984171508c4e62999dfe91d9817012310fd0dc55608cbec0b1dd19a"/>
<string name="_outlink" value="Item/Pet/5000026.img/fly/0"/>
</canvas>
<canvas name="1" width="1" height="1">
<vector name="origin" x="25" y="50"/>
<vector name="lt" x="-25" y="-50"/>
<vector name="rb" x="25" y="-4"/>
<int name="delay" value="220"/>
<string name="_hash" value="66ccc6dcd6dae9aa708aecc88d076de5503ec6523dcd33552f21aebafb46895c"/>
<string name="_outlink" value="Item/Pet/5000026.img/fly/1"/>
</canvas>
</imgdir>
<imgdir name="sleep">
<canvas name="0" width="1" height="1">
<vector name="origin" x="22" y="55"/>
<vector name="lt" x="-22" y="-55"/>
<vector name="rb" x="26" y="-2"/>
<int name="delay" value="160"/>
<string name="_hash" value="64be44ff4646d45ad21781144dc0d405e6b160ba9ad1a3bb9e22c35df751efcc"/>
<string name="_outlink" value="Item/Pet/5000026.img/sleep/0"/>
</canvas>
<canvas name="1" width="1" height="1">
<vector name="origin" x="22" y="54"/>
<vector name="lt" x="-22" y="-54"/>
<vector name="rb" x="26" y="-1"/>
<int name="delay" value="160"/>
<string name="_outlink" value="Item/Pet/5000026.img/sleep/0"/>
</canvas>
<canvas name="2" width="1" height="1">
<vector name="origin" x="23" y="53"/>
<vector name="lt" x="-23" y="-53"/>
<vector name="rb" x="26" y="0"/>
<int name="delay" value="160"/>
<string name="_hash" value="6c6f852fd0be729ed9e00bf5215c1aabd56f5cff179e2a09afbf5fa8b49fa133"/>
<string name="_outlink" value="Item/Pet/5000026.img/sleep/2"/>
</canvas>
<canvas name="3" width="1" height="1">
<vector name="origin" x="26" y="54"/>
<vector name="lt" x="-26" y="-54"/>
<vector name="rb" x="26" y="-1"/>
<int name="delay" value="160"/>
<string name="_hash" value="f1a41b32f58527bd26c1ea48bc0acafd8e7d74038711b4cec7e34e0d3910ed11"/>
<string name="_outlink" value="Item/Pet/5000026.img/sleep/3"/>
</canvas>
<canvas name="4" width="1" height="1">
<vector name="origin" x="28" y="55"/>
<vector name="lt" x="-28" y="-55"/>
<vector name="rb" x="26" y="-2"/>
<int name="delay" value="160"/>
<string name="_hash" value="2bf6cc2307857eab76bca81c0717781aeb6b9608ffe0d36484499e01637ed910"/>
<string name="_outlink" value="Item/Pet/5000026.img/sleep/4"/>
</canvas>
<canvas name="5" width="1" height="1">
<vector name="origin" x="32" y="56"/>
<vector name="lt" x="-32" y="-56"/>
<vector name="rb" x="26" y="-2"/>
<int name="delay" value="160"/>
<string name="_hash" value="4867286c516f91aa7d5a6ed6e5d55766a74b2c9cd5310d96eed1d71bb5031390"/>
<string name="_outlink" value="Item/Pet/5000026.img/sleep/5"/>
</canvas>
<uol name="6" value="0"/>
<uol name="7" value="1"/>
<uol name="8" value="2"/>
<uol name="9" value="3"/>
<uol name="10" value="4"/>
<uol name="11" value="5"/>
</imgdir>
<imgdir name="stunned">
<canvas name="0" width="1" height="1">
<vector name="origin" x="28" y="51"/>
<vector name="lt" x="-28" y="-51"/>
<vector name="rb" x="24" y="0"/>
<int name="delay" value="300"/>
<string name="_hash" value="cfb9db6703e3c3217d47c4fa4eecf70f49e204d9b620e39c264d98810dfb5726"/>
<string name="_outlink" value="Item/Pet/5000026.img/stunned/0"/>
</canvas>
<canvas name="1" width="1" height="1">
<vector name="origin" x="28" y="51"/>
<vector name="lt" x="-28" y="-51"/>
<vector name="rb" x="24" y="0"/>
<int name="delay" value="110"/>
<string name="_hash" value="559ad1a7410bb6d5ca8b7f2aea74182419719a66dfecc697b8f4d2822c42c1e3"/>
<string name="_outlink" value="Item/Pet/5000026.img/stunned/1"/>
</canvas>
<uol name="2" value="0"/>
<uol name="3" value="1"/>
<uol name="4" value="0"/>
<uol name="5" value="1"/>
</imgdir>
<imgdir name="eat">
<canvas name="0" width="1" height="1">
<vector name="origin" x="22" y="48"/>
<vector name="lt" x="-22" y="-48"/>
<vector name="rb" x="21" y="0"/>
<int name="delay" value="220"/>
<string name="_hash" value="0c38d3d665477c29930373e909bb7e092e27c89eab6e453f35bbc2422b678628"/>
<string name="_outlink" value="Item/Pet/5000026.img/eat/0"/>
</canvas>
<canvas name="1" width="1" height="1">
<vector name="origin" x="24" y="48"/>
<vector name="lt" x="-24" y="-48"/>
<vector name="rb" x="22" y="0"/>
<int name="delay" value="220"/>
<string name="_hash" value="7f6fe778ee672892918bbab37d2379044b00999d9d9b2faa6879dce93e71896a"/>
<string name="_outlink" value="Item/Pet/5000026.img/eat/1"/>
</canvas>
<canvas name="2" width="1" height="1">
<vector name="origin" x="22" y="48"/>
<vector name="lt" x="-22" y="-48"/>
<vector name="rb" x="23" y="0"/>
<int name="delay" value="220"/>
<string name="_hash" value="ce5806d3fc7ba46abd43d07b99dbdf17a6d7de71879c378ecb1bbeead4feec48"/>
<string name="_outlink" value="Item/Pet/5000026.img/eat/2"/>
</canvas>
<canvas name="3" width="1" height="1">
<vector name="origin" x="24" y="48"/>
<vector name="lt" x="-24" y="-48"/>
<vector name="rb" x="22" y="0"/>
<int name="delay" value="220"/>
<string name="_hash" value="4962e1e722463875b3508828991e96021512b20322b0bfee26392cb43c7239f7"/>
<string name="_outlink" value="Item/Pet/5000026.img/eat/3"/>
</canvas>
<uol name="4" value="0"/>
<uol name="5" value="1"/>
<uol name="6" value="2"/>
<uol name="7" value="3"/>
</imgdir>
<imgdir name="cry">
<canvas name="0" width="1" height="1">
<vector name="origin" x="27" y="77"/>
<vector name="lt" x="-27" y="-36"/>
<vector name="rb" x="28" y="3"/>
<int name="delay" value="160"/>
<string name="_hash" value="25019896d3a8a1f04531c0d56a6a2a67735b3cd926de1846984453b77c8a289a"/>
<string name="_outlink" value="Item/Pet/5000026.img/cry/0"/>
</canvas>
<canvas name="1" width="1" height="1">
<vector name="origin" x="27" y="76"/>
<vector name="lt" x="-27" y="-36"/>
<vector name="rb" x="28" y="3"/>
<int name="delay" value="160"/>
<string name="_hash" value="23410fe493427eb81a5d2594b2832372b433e10230061ce4e49c888747bd7012"/>
<string name="_outlink" value="Item/Pet/5000026.img/cry/1"/>
</canvas>
<canvas name="2" width="1" height="1">
<vector name="origin" x="27" y="77"/>
<vector name="lt" x="-27" y="-36"/>
<vector name="rb" x="28" y="3"/>
<int name="delay" value="160"/>
<string name="_outlink" value="Item/Pet/5000026.img/cry/0"/>
</canvas>
<canvas name="3" width="1" height="1">
<vector name="origin" x="27" y="76"/>
<vector name="lt" x="-27" y="-36"/>
<vector name="rb" x="28" y="3"/>
<int name="delay" value="160"/>
<string name="_outlink" value="Item/Pet/5000026.img/cry/1"/>
</canvas>
<canvas name="4" width="1" height="1">
<vector name="origin" x="27" y="77"/>
<vector name="lt" x="-27" y="-37"/>
<vector name="rb" x="28" y="3"/>
<int name="delay" value="160"/>
<string name="_outlink" value="Item/Pet/5000026.img/cry/0"/>
</canvas>
<canvas name="5" width="1" height="1">
<vector name="origin" x="27" y="76"/>
<vector name="lt" x="-27" y="-37"/>
<vector name="rb" x="28" y="3"/>
<int name="delay" value="160"/>
<string name="_outlink" value="Item/Pet/5000026.img/cry/1"/>
</canvas>
<canvas name="6" width="1" height="1">
<vector name="origin" x="27" y="77"/>
<vector name="lt" x="-27" y="-37"/>
<vector name="rb" x="28" y="3"/>
<int name="delay" value="110"/>
<string name="_hash" value="2245583be386da8aa36f6542d63157b942857cb3158c76c714bba0ea104427cc"/>
<string name="_outlink" value="Item/Pet/5000026.img/cry/6"/>
</canvas>
<canvas name="7" width="1" height="1">
<vector name="origin" x="27" y="76"/>
<vector name="lt" x="-27" y="-37"/>
<vector name="rb" x="28" y="3"/>
<int name="delay" value="160"/>
<string name="_hash" value="b7dc7a047d65975610de03d7bd67acbf548369e5e1b0446f7bcbf06e8189ae56"/>
<string name="_outlink" value="Item/Pet/5000026.img/cry/7"/>
</canvas>
<canvas name="8" width="1" height="1">
<vector name="origin" x="27" y="77"/>
<vector name="lt" x="-27" y="-37"/>
<vector name="rb" x="28" y="3"/>
<int name="delay" value="110"/>
<string name="_hash" value="cc010c857b6f39672a0dfdace62949daf5f1c369d0c328381907664f86e85f2c"/>
<string name="_outlink" value="Item/Pet/5000026.img/cry/8"/>
</canvas>
<canvas name="9" width="1" height="1">
<vector name="origin" x="27" y="76"/>
<vector name="lt" x="-27" y="-37"/>
<vector name="rb" x="28" y="3"/>
<int name="delay" value="160"/>
<string name="_hash" value="cbea895cb750e189a4c4bcaee193fe518a6cb934fe6383e8860396846bca38ac"/>
<string name="_outlink" value="Item/Pet/5000026.img/cry/9"/>
</canvas>
</imgdir>
<imgdir name="love">
<canvas name="0" width="1" height="1">
<vector name="origin" x="18" y="51"/>
<vector name="lt" x="-18" y="-51"/>
<vector name="rb" x="24" y="0"/>
<int name="delay" value="150"/>
<string name="_hash" value="f3bca1dc13d1fd3a5c82524a087e5ebad22be8439e49e2e55944e450ab6d5a05"/>
<string name="_outlink" value="Item/Pet/5000026.img/love/0"/>
</canvas>
<canvas name="1" width="1" height="1">
<vector name="origin" x="18" y="51"/>
<vector name="lt" x="-18" y="-51"/>
<vector name="rb" x="24" y="0"/>
<int name="delay" value="150"/>
<string name="_hash" value="f75bf8fb1a1a9a68ef935c9f4a637164d01fde949f5212968ae41229e1e5ecb4"/>
<string name="_outlink" value="Item/Pet/5000026.img/love/1"/>
</canvas>
<canvas name="2" width="1" height="1">
<vector name="origin" x="18" y="51"/>
<vector name="lt" x="-18" y="-51"/>
<vector name="rb" x="24" y="0"/>
<int name="delay" value="150"/>
<string name="_hash" value="36b00c4163e216fbaae567b2e118e85f42ddd48808f078c313892c79163ddd00"/>
<string name="_outlink" value="Item/Pet/5000026.img/love/2"/>
</canvas>
<canvas name="3" width="1" height="1">
<vector name="origin" x="26" y="51"/>
<vector name="lt" x="-26" y="-51"/>
<vector name="rb" x="25" y="0"/>
<int name="delay" value="150"/>
<string name="_hash" value="5155d48baa6fbd380b749b3462b1a7ab7514bbf56179c6e9d1473b6b268796e1"/>
<string name="_outlink" value="Item/Pet/5000026.img/love/3"/>
</canvas>
<canvas name="4" width="1" height="1">
<vector name="origin" x="18" y="51"/>
<vector name="lt" x="-18" y="-51"/>
<vector name="rb" x="24" y="0"/>
<int name="delay" value="150"/>
<string name="_outlink" value="Item/Pet/5000026.img/love/2"/>
</canvas>
<canvas name="5" width="1" height="1">
<vector name="origin" x="18" y="51"/>
<vector name="lt" x="-18" y="-51"/>
<vector name="rb" x="24" y="0"/>
<int name="delay" value="150"/>
<string name="_outlink" value="Item/Pet/5000026.img/love/1"/>
</canvas>
<uol name="6" value="0"/>
<uol name="7" value="1"/>
<uol name="8" value="2"/>
<uol name="9" value="3"/>
<uol name="10" value="4"/>
<uol name="11" value="5"/>
</imgdir>
<imgdir name="happy">
<canvas name="0" width="1" height="1">
<vector name="origin" x="32" y="47"/>
<vector name="lt" x="-32" y="-47"/>
<vector name="rb" x="15" y="0"/>
<int name="delay" value="220"/>
<string name="_hash" value="86abc5ae2d26b6e6fbcc44b22590fa4f089bc174090686342db5e08284960635"/>
<string name="_outlink" value="Item/Pet/5000026.img/happy/0"/>
</canvas>
<canvas name="1" width="1" height="1">
<vector name="origin" x="36" y="47"/>
<vector name="lt" x="-36" y="-47"/>
<vector name="rb" x="22" y="0"/>
<int name="delay" value="220"/>
<string name="_hash" value="689bcaff50e0424110ecda924a7483a20566db10f23a78bb5b9cb300a5d09365"/>
<string name="_outlink" value="Item/Pet/5000026.img/happy/1"/>
</canvas>
<canvas name="2" width="1" height="1">
<vector name="origin" x="42" y="47"/>
<vector name="lt" x="-42" y="-47"/>
<vector name="rb" x="19" y="0"/>
<int name="delay" value="220"/>
<string name="_hash" value="0336a01c6dd1ba4b3cdf720d6a345b70874ef6a5c730bd198ea1a42a8a076cb3"/>
<string name="_outlink" value="Item/Pet/5000026.img/happy/2"/>
</canvas>
<canvas name="3" width="1" height="1">
<vector name="origin" x="43" y="47"/>
<vector name="lt" x="-43" y="-47"/>
<vector name="rb" x="10" y="0"/>
<int name="delay" value="220"/>
<string name="_hash" value="c042c726f79f3720e3542c90ba342c148982e37fd87688c4fd04c0ccb000bee2"/>
<string name="_outlink" value="Item/Pet/5000026.img/happy/3"/>
</canvas>
<uol name="4" value="0"/>
<uol name="5" value="1"/>
<uol name="6" value="2"/>
<uol name="7" value="3"/>
</imgdir>
<imgdir name="transformation">
<canvas name="0" width="1" height="1">
<vector name="origin" x="22" y="51"/>
<vector name="lt" x="-22" y="-51"/>
<vector name="rb" x="20" y="0"/>
<int name="delay" value="500"/>
<string name="_outlink" value="Item/Pet/5000026.img/chat/0"/>
</canvas>
<canvas name="1" width="1" height="1">
<vector name="origin" x="21" y="51"/>
<vector name="lt" x="-21" y="-51"/>
<vector name="rb" x="21" y="0"/>
<int name="delay" value="180"/>
<string name="_hash" value="d8a3737747c1138a77d6286f1c77b327a4e3445fbb0b4c1313dfe40df6842806"/>
<string name="_outlink" value="Item/Pet/5000026.img/transformation/1"/>
</canvas>
<canvas name="2" width="1" height="1">
<vector name="origin" x="21" y="51"/>
<vector name="lt" x="-21" y="-51"/>
<vector name="rb" x="21" y="0"/>
<int name="delay" value="180"/>
<string name="_hash" value="aa119a34ea871e044c6636a35253cee253f6a842754f873f09fa86410aba1dcf"/>
<string name="_outlink" value="Item/Pet/5000026.img/transformation/2"/>
</canvas>
<canvas name="3" width="1" height="1">
<vector name="origin" x="21" y="51"/>
<vector name="lt" x="-21" y="-51"/>
<vector name="rb" x="21" y="0"/>
<int name="delay" value="180"/>
<string name="_hash" value="6959833a325cb2d5768892a0edda31b5f0c53188d37baef5cd2ce21434d8c347"/>
<string name="_outlink" value="Item/Pet/5000026.img/transformation/3"/>
</canvas>
<canvas name="4" width="1" height="1">
<vector name="origin" x="21" y="51"/>
<vector name="lt" x="-21" y="-51"/>
<vector name="rb" x="21" y="0"/>
<int name="delay" value="180"/>
<string name="_hash" value="d877c59396ab03b482a495bb904e5315fc7c06e3a7af08b27736d7634a138b6a"/>
<string name="_outlink" value="Item/Pet/5000026.img/transformation/4"/>
</canvas>
<canvas name="5" width="1" height="1">
<vector name="origin" x="73" y="51"/>
<vector name="lt" x="-73" y="-51"/>
<vector name="rb" x="71" y="0"/>
<int name="delay" value="180"/>
<string name="_hash" value="1dd5fd0df15f75313c9d1f05a81bd8bd7aac9b33170f81ec96552fb49d8d3dd4"/>
<string name="_outlink" value="Item/Pet/5000026.img/transformation/5"/>
</canvas>
<canvas name="6" width="1" height="1">
<vector name="origin" x="72" y="60"/>
<vector name="lt" x="-72" y="-60"/>
<vector name="rb" x="72" y="0"/>
<int name="delay" value="180"/>
<string name="_hash" value="c2c782a3b8a517d15a5f2f3ce2a6ca5003fa6c2b34a022c504e87302baaf4760"/>
<string name="_outlink" value="Item/Pet/5000026.img/transformation/6"/>
</canvas>
<canvas name="7" width="1" height="1">
<vector name="origin" x="57" y="82"/>
<vector name="lt" x="-57" y="-82"/>
<vector name="rb" x="72" y="0"/>
<int name="delay" value="110"/>
<string name="_hash" value="b5cf4ed9288391bc7ab993c420edd5f6550ce1122a0704490fe2818715119afd"/>
<string name="_outlink" value="Item/Pet/5000026.img/transformation/7"/>
</canvas>
<canvas name="8" width="1" height="1">
<vector name="origin" x="22" y="119"/>
<vector name="lt" x="-22" y="-119"/>
<vector name="rb" x="65" y="0"/>
<int name="delay" value="110"/>
<string name="_hash" value="20b430b1df182ceb5b79aae636db5e2d094a43b28f21ca941133fb47d1a643bf"/>
<string name="_outlink" value="Item/Pet/5000026.img/transformation/8"/>
</canvas>
<canvas name="9" width="1" height="1">
<vector name="origin" x="24" y="142"/>
<vector name="lt" x="-24" y="-142"/>
<vector name="rb" x="23" y="0"/>
<int name="delay" value="110"/>
<string name="_hash" value="2833341e96c31c80233561a4a001d0486c8bf4c5cc7e237856b61ca354f46e81"/>
<string name="_outlink" value="Item/Pet/5000026.img/transformation/9"/>
</canvas>
<canvas name="10" width="1" height="1">
<vector name="origin" x="22" y="148"/>
<vector name="lt" x="-22" y="-148"/>
<vector name="rb" x="21" y="0"/>
<int name="delay" value="110"/>
<string name="_hash" value="66b6d575e1ecfaf5631f2fe00e3fe7c34067706334e9f9435bf18388998be1c1"/>
<string name="_outlink" value="Item/Pet/5000026.img/transformation/10"/>
</canvas>
<canvas name="11" width="1" height="1">
<vector name="origin" x="38" y="143"/>
<vector name="lt" x="-38" y="-143"/>
<vector name="rb" x="35" y="0"/>
<int name="delay" value="110"/>
<string name="_hash" value="263c79d774bed1e6d9f8937ef1f93214635725e6eef12a72679007a488b95859"/>
<string name="_outlink" value="Item/Pet/5000026.img/transformation/11"/>
</canvas>
<canvas name="12" width="1" height="1">
<vector name="origin" x="46" y="148"/>
<vector name="lt" x="-46" y="-148"/>
<vector name="rb" x="36" y="0"/>
<int name="delay" value="110"/>
<string name="_hash" value="dfd36744af798de4e62750f5e022dddef743996e7b71a0305109118912e364a3"/>
<string name="_outlink" value="Item/Pet/5000026.img/transformation/12"/>
</canvas>
<canvas name="13" width="1" height="1">
<vector name="origin" x="43" y="122"/>
<vector name="lt" x="-43" y="-122"/>
<vector name="rb" x="36" y="-5"/>
<int name="delay" value="110"/>
<string name="_hash" value="e26dc62ccfc96da053334961b3faf47410cc2095b6a260c5dd74c15ae6d7fbb2"/>
<string name="_outlink" value="Item/Pet/5000026.img/transformation/13"/>
</canvas>
<canvas name="14" width="1" height="1">
<vector name="origin" x="49" y="125"/>
<vector name="lt" x="-49" y="-125"/>
<vector name="rb" x="42" y="-2"/>
<int name="delay" value="110"/>
<string name="_hash" value="4e35ca48e686e18501fd04188146882d04e7907a1f2993555f44e047a5e69595"/>
<string name="_outlink" value="Item/Pet/5000026.img/transformation/14"/>
</canvas>
<canvas name="15" width="1" height="1">
<vector name="origin" x="8" y="125"/>
<vector name="lt" x="-8" y="-125"/>
<vector name="rb" x="7" y="-2"/>
<int name="delay" value="500"/>
<string name="_hash" value="6a95f963243e6a5ade324f41140ba85d006bd5a1fc7ac42acbe3eb9937360757"/>
<string name="_outlink" value="Item/Pet/5000026.img/transformation/15"/>
</canvas>
<canvas name="16" width="1" height="1">
<vector name="origin" x="8" y="125"/>
<vector name="lt" x="-8" y="-125"/>
<vector name="rb" x="7" y="-2"/>
<int name="delay" value="110"/>
<string name="_hash" value="5055a3192a2d387bfcfd4edbedb99c732526f826670e4e8d6dd0ff2b77691720"/>
<string name="_outlink" value="Item/Pet/5000026.img/transformation/16"/>
</canvas>
<canvas name="17" width="1" height="1">
<vector name="origin" x="8" y="125"/>
<vector name="lt" x="-8" y="-125"/>
<vector name="rb" x="7" y="-2"/>
<int name="delay" value="110"/>
<string name="_hash" value="0488b9df46959164f31be50335b0c40232912f2b03e87304f1a954072e603267"/>
<string name="_outlink" value="Item/Pet/5000026.img/transformation/17"/>
</canvas>
<canvas name="18" width="1" height="1">
<vector name="origin" x="8" y="125"/>
<vector name="lt" x="-8" y="-125"/>
<vector name="rb" x="7" y="-2"/>
<int name="delay" value="110"/>
<string name="_outlink" value="Item/Pet/5000026.img/transformation/15"/>
</canvas>
<canvas name="19" width="1" height="1">
<vector name="origin" x="8" y="125"/>
<vector name="lt" x="-8" y="-125"/>
<vector name="rb" x="14" y="-2"/>
<int name="delay" value="110"/>
<string name="_hash" value="497605d91826fcf1cf6b054bc5b30132604a4ba90b41fde9055966ad99bb4083"/>
<string name="_outlink" value="Item/Pet/5000026.img/transformation/19"/>
</canvas>
<canvas name="20" width="1" height="1">
<vector name="origin" x="8" y="125"/>
<vector name="lt" x="-8" y="-125"/>
<vector name="rb" x="14" y="-2"/>
<int name="delay" value="110"/>
<string name="_hash" value="3e6181c3425c5840f73827878d6902b4eecfb62f947e0ac531186c595e09c942"/>
<string name="_outlink" value="Item/Pet/5000026.img/transformation/20"/>
</canvas>
<canvas name="21" width="1" height="1">
<vector name="origin" x="8" y="125"/>
<vector name="lt" x="-8" y="-125"/>
<vector name="rb" x="14" y="-2"/>
<int name="delay" value="110"/>
<string name="_hash" value="ec4c75c2b757b086a38dea3b863da5748721cb23f9f08cadcb55dcfd80996f04"/>
<string name="_outlink" value="Item/Pet/5000026.img/transformation/21"/>
</canvas>
<canvas name="22" width="1" height="1">
<vector name="origin" x="8" y="125"/>
<vector name="lt" x="-8" y="-125"/>
<vector name="rb" x="7" y="-2"/>
<int name="delay" value="110"/>
<string name="_hash" value="fb9a2e9e16087cb42cee58ab07276f52d916e5f4eabfeacb9dcb25c2c0be6105"/>
<string name="_outlink" value="Item/Pet/5000026.img/transformation/22"/>
</canvas>
<canvas name="23" width="1" height="1">
<vector name="origin" x="35" y="125"/>
<vector name="lt" x="-35" y="-125"/>
<vector name="rb" x="38" y="-2"/>
<int name="delay" value="110"/>
<string name="_hash" value="ee2338d60cc6aa5f404d94139384cd22af3f599a9971c526218c5d8b00ae1675"/>
<string name="_outlink" value="Item/Pet/5000026.img/transformation/23"/>
</canvas>
<canvas name="24" width="1" height="1">
<vector name="origin" x="43" y="124"/>
<vector name="lt" x="-43" y="-124"/>
<vector name="rb" x="39" y="-3"/>
<int name="delay" value="110"/>
<string name="_hash" value="b27ff79df097be431db6956d486e55d9ad7df38b3c38bc1ccf6bf8939adb892a"/>
<string name="_outlink" value="Item/Pet/5000026.img/transformation/24"/>
</canvas>
<canvas name="25" width="1" height="1">
<vector name="origin" x="40" y="123"/>
<vector name="lt" x="-40" y="-123"/>
<vector name="rb" x="39" y="-4"/>
<int name="delay" value="110"/>
<string name="_hash" value="9106bdad148db752a53689aaada80f9cf21e80f98ff20f0bb48c6ff7cd8c254d"/>
<string name="_outlink" value="Item/Pet/5000026.img/transformation/25"/>
</canvas>
<canvas name="26" width="1" height="1">
<vector name="origin" x="46" y="113"/>
<vector name="lt" x="-46" y="-113"/>
<vector name="rb" x="45" y="-9"/>
<int name="delay" value="110"/>
<string name="_hash" value="98e185ed035ebad685b201dab551083a562444dbc8ebdaed1acf3c6bd7fbf22a"/>
<string name="_outlink" value="Item/Pet/5000026.img/transformation/26"/>
</canvas>
<canvas name="27" width="1" height="1">
<vector name="origin" x="22" y="50"/>
<vector name="lt" x="-22" y="-50"/>
<vector name="rb" x="20" y="0"/>
<int name="delay" value="110"/>
<string name="_hash" value="b3e0462d0bd394fc6c73bb87976ecb3d0702fbd7f955eaee09ea6fae9bc3f327"/>
<string name="_outlink" value="Item/Pet/5000026.img/transformation/27"/>
</canvas>
</imgdir>
</imgdir>
