<?xml version="1.0" encoding="UTF-8" standalone="yes"?>
<imgdir name="5000447.img">
<imgdir name="info">
<canvas name="icon" width="34" height="27">
<vector name="origin" x="1" y="27"/>
<string name="_hash" value="c1acbb083430c99dcff55e4da1082ea447d28e26706a50e7b5f7558ce5fa112b"/>
</canvas>
<canvas name="iconRaw" width="34" height="23">
<vector name="origin" x="1" y="27"/>
<string name="_hash" value="43081f0389bfed676d222cb1d736b8765aa95dec50db61d96d24fc4f80c5862d"/>
</canvas>
<canvas name="iconD" width="30" height="27">
<vector name="origin" x="-1" y="27"/>
<string name="_hash" value="fb07dfac746065a155e1060f2c78a19f7e72a30e9f137ae349e1d8c01367e34c"/>
</canvas>
<canvas name="iconRawD" width="30" height="24">
<vector name="origin" x="-1" y="27"/>
<string name="_hash" value="f70af753f1294f0ca2783237c31b6e6ee95331095ed123c427c498dfce82bd87"/>
</canvas>
<int name="hungry" value="2"/>
<int name="cash" value="1"/>
<string name="nameTag" value="212"/>
<int name="chatBalloon" value="212"/>
<int name="multiPet" value="1"/>
<int name="life" value="90"/>
<int name="pickupItem" value="1"/>
<int name="autoBuff" value="1"/>
<int name="setItemID" value="535"/>
</imgdir>
<imgdir name="interact">
<imgdir name="0">
<string name="command" value="c1"/>
<int name="inc" value="1"/>
<int name="prob" value="30"/>
<int name="l0" value="1"/>
<int name="l1" value="9"/>
<imgdir name="success">
<imgdir name="0">
<string name="act" value="rest0"/>
<string name="0" value="c1_s1"/>
<string name="1" value="c1_s2"/>
</imgdir>
</imgdir>
<imgdir name="fail">
<imgdir name="0">
<string name="act" value="chat"/>
<string name="0" value="c1_f1"/>
<string name="1" value="c1_f2"/>
</imgdir>
</imgdir>
</imgdir>
<imgdir name="1">
<string name="command" value="c2"/>
<int name="inc" value="2"/>
<int name="prob" value="45"/>
<int name="l0" value="10"/>
<int name="l1" value="19"/>
<imgdir name="success">
<imgdir name="0">
<string name="act" value="rest0"/>
<string name="0" value="c2_s1"/>
<string name="1" value="c2_s2"/>
<string name="2" value="c2_s3"/>
<string name="3" value="c2_s4"/>
</imgdir>
</imgdir>
<imgdir name="fail">
<imgdir name="0">
<string name="act" value="chat"/>
<string name="0" value="c2_f1"/>
<string name="1" value="c2_f2"/>
<string name="2" value="c2_f3"/>
<string name="3" value="c2_f4"/>
</imgdir>
</imgdir>
</imgdir>
<imgdir name="2">
<string name="command" value="c3"/>
<int name="inc" value="3"/>
<int name="prob" value="60"/>
<int name="l0" value="20"/>
<int name="l1" value="29"/>
<imgdir name="success">
<imgdir name="0">
<string name="act" value="rest0"/>
<string name="0" value="c3_s1"/>
<string name="1" value="c3_s2"/>
<string name="2" value="c3_s3"/>
<string name="3" value="c3_s4"/>
</imgdir>
</imgdir>
<imgdir name="fail">
<imgdir name="0">
<string name="act" value="cry"/>
<string name="0" value="c3_f1"/>
<string name="1" value="c3_f2"/>
<string name="2" value="c3_f3"/>
<string name="3" value="c3_f4"/>
</imgdir>
</imgdir>
</imgdir>
<imgdir name="3">
<string name="command" value="c4"/>
<int name="inc" value="2"/>
<int name="prob" value="70"/>
<int name="l0" value="30"/>
<int name="l1" value="30"/>
<imgdir name="success">
<imgdir name="0">
<string name="act" value="rest0"/>
<string name="0" value="c4_s1"/>
<string name="1" value="c4_s2"/>
<string name="2" value="c4_s3"/>
<string name="3" value="c4_s4"/>
</imgdir>
</imgdir>
<imgdir name="fail">
<imgdir name="0">
<string name="act" value="angry"/>
<string name="0" value="c4_f1"/>
<string name="1" value="c4_f2"/>
<string name="2" value="c4_f3"/>
<string name="3" value="c4_f4"/>
</imgdir>
</imgdir>
</imgdir>
<imgdir name="4">
<string name="command" value="c5"/>
<int name="inc" value="1"/>
<int name="prob" value="30"/>
<int name="l0" value="1"/>
<int name="l1" value="9"/>
<imgdir name="success">
<imgdir name="0">
<string name="act" value="cry"/>
<string name="0" value="c5_s1"/>
<string name="1" value="c5_s2"/>
</imgdir>
</imgdir>
<imgdir name="fail">
<imgdir name="0">
<string name="act" value="chat"/>
<string name="0" value="c5_f1"/>
<string name="1" value="c5_f2"/>
</imgdir>
</imgdir>
</imgdir>
<imgdir name="5">
<string name="command" value="c6"/>
<int name="inc" value="2"/>
<int name="prob" value="50"/>
<int name="l0" value="10"/>
<int name="l1" value="19"/>
<imgdir name="success">
<imgdir name="0">
<string name="act" value="absurd"/>
<string name="0" value="c6_s1"/>
<string name="1" value="c6_s2"/>
<string name="2" value="c6_s3"/>
<string name="3" value="c6_s4"/>
</imgdir>
</imgdir>
<imgdir name="fail">
<imgdir name="0">
<string name="act" value="chat"/>
<string name="0" value="c6_f1"/>
<string name="1" value="c6_f2"/>
<string name="2" value="c6_f3"/>
<string name="3" value="c6_f4"/>
</imgdir>
</imgdir>
</imgdir>
<imgdir name="6">
<string name="command" value="c7"/>
<int name="inc" value="2"/>
<int name="prob" value="60"/>
<int name="l0" value="20"/>
<int name="l1" value="29"/>
<imgdir name="success">
<imgdir name="0">
<string name="act" value="cry"/>
<string name="0" value="c7_s1"/>
<string name="1" value="c7_s2"/>
<string name="2" value="c7_s3"/>
<string name="3" value="c7_s4"/>
</imgdir>
</imgdir>
<imgdir name="fail">
<imgdir name="0">
<string name="act" value="angry"/>
<string name="0" value="c7_f1"/>
<string name="1" value="c7_f2"/>
<string name="2" value="c7_f3"/>
<string name="3" value="c7_f4"/>
</imgdir>
</imgdir>
</imgdir>
<imgdir name="7">
<string name="command" value="c8"/>
<int name="inc" value="3"/>
<int name="prob" value="70"/>
<int name="l0" value="30"/>
<int name="l1" value="30"/>
<imgdir name="success">
<imgdir name="0">
<string name="act" value="cry"/>
<string name="0" value="c8_s1"/>
<string name="1" value="c8_s2"/>
<string name="2" value="c8_s3"/>
<string name="3" value="c8_s4"/>
</imgdir>
</imgdir>
<imgdir name="fail">
<imgdir name="0">
<string name="act" value="chat"/>
<string name="0" value="c8_f1"/>
<string name="1" value="c8_f2"/>
<string name="2" value="c8_f3"/>
<string name="3" value="c8_f4"/>
</imgdir>
</imgdir>
</imgdir>
<imgdir name="8">
<string name="command" value="c9"/>
<int name="inc" value="1"/>
<int name="prob" value="30"/>
<int name="l0" value="1"/>
<int name="l1" value="9"/>
<imgdir name="success">
<imgdir name="0">
<string name="act" value="love"/>
<string name="0" value="c9_s1"/>
<string name="1" value="c9_s2"/>
</imgdir>
</imgdir>
<imgdir name="fail">
<imgdir name="0">
<string name="act" value="absurd"/>
<string name="0" value="c9_f1"/>
<string name="1" value="c9_f2"/>
</imgdir>
</imgdir>
</imgdir>
<imgdir name="9">
<string name="command" value="c10"/>
<int name="inc" value="2"/>
<int name="prob" value="50"/>
<int name="l0" value="10"/>
<int name="l1" value="19"/>
<imgdir name="success">
<imgdir name="0">
<string name="act" value="like"/>
<string name="0" value="c10_s1"/>
<string name="1" value="c10_s2"/>
<string name="2" value="c10_s3"/>
<string name="3" value="c10_s4"/>
</imgdir>
</imgdir>
<imgdir name="fail">
<imgdir name="0">
<string name="act" value="chat"/>
<string name="0" value="c10_f1"/>
<string name="1" value="c10_f2"/>
<string name="2" value="c10_f3"/>
<string name="3" value="c10_f4"/>
</imgdir>
</imgdir>
</imgdir>
<imgdir name="10">
<string name="command" value="c11"/>
<int name="inc" value="2"/>
<int name="prob" value="60"/>
<int name="l0" value="20"/>
<int name="l1" value="29"/>
<imgdir name="success">
<imgdir name="0">
<string name="act" value="love"/>
<string name="0" value="c11_s1"/>
<string name="1" value="c11_s2"/>
<string name="2" value="c11_s3"/>
<string name="3" value="c11_s4"/>
</imgdir>
</imgdir>
<imgdir name="fail">
<imgdir name="0">
<string name="act" value="angry"/>
<string name="0" value="c11_f1"/>
<string name="1" value="c11_f2"/>
<string name="2" value="c11_f3"/>
<string name="4" value="c11_f4"/>
</imgdir>
</imgdir>
</imgdir>
<imgdir name="11">
<string name="command" value="c12"/>
<int name="inc" value="3"/>
<int name="prob" value="70"/>
<int name="l0" value="30"/>
<int name="l1" value="30"/>
<imgdir name="success">
<imgdir name="0">
<string name="act" value="love"/>
<string name="0" value="c12_s1"/>
<string name="1" value="c12_s2"/>
<string name="2" value="c12_s3"/>
<string name="3" value="c12_s4"/>
</imgdir>
</imgdir>
<imgdir name="fail">
<imgdir name="0">
<string name="act" value="chat"/>
<string name="0" value="c12_f1"/>
<string name="1" value="c12_f2"/>
<string name="2" value="c12_f3"/>
<string name="3" value="c12_f4"/>
</imgdir>
</imgdir>
</imgdir>
<imgdir name="12">
<string name="command" value="c13"/>
<int name="inc" value="1"/>
<int name="prob" value="30"/>
<int name="l0" value="10"/>
<int name="l1" value="19"/>
<imgdir name="success">
<imgdir name="0">
<string name="act" value="dung"/>
<string name="0" value="c13_s1"/>
<string name="1" value="c13_s2"/>
<string name="2" value="c13_s3"/>
<string name="3" value="c13_s4"/>
</imgdir>
</imgdir>
<imgdir name="fail">
<imgdir name="0">
<string name="act" value="cry"/>
<string name="0" value="c13_f1"/>
<string name="1" value="c13_f2"/>
<string name="2" value="c13_f3"/>
<string name="3" value="c13_f4"/>
</imgdir>
</imgdir>
</imgdir>
<imgdir name="13">
<string name="command" value="c14"/>
<int name="inc" value="2"/>
<int name="prob" value="50"/>
<int name="l0" value="20"/>
<int name="l1" value="29"/>
<imgdir name="success">
<imgdir name="0">
<string name="act" value="dung"/>
<string name="0" value="c14_s1"/>
<string name="1" value="c14_s2"/>
<string name="2" value="c14_s3"/>
<string name="3" value="c14_s4"/>
</imgdir>
</imgdir>
<imgdir name="fail">
<imgdir name="0">
<string name="act" value="cry"/>
<string name="0" value="c14_f1"/>
<string name="1" value="c14_f2"/>
<string name="2" value="c14_f3"/>
<string name="3" value="c14_f4"/>
</imgdir>
</imgdir>
</imgdir>
<imgdir name="14">
<string name="command" value="c15"/>
<int name="inc" value="3"/>
<int name="prob" value="70"/>
<int name="l0" value="30"/>
<int name="l1" value="30"/>
<imgdir name="success">
<imgdir name="0">
<string name="act" value="dung"/>
<string name="0" value="c15_s1"/>
<string name="1" value="c15_s2"/>
<string name="2" value="c15_s3"/>
<string name="3" value="c15_s4"/>
</imgdir>
</imgdir>
<imgdir name="fail">
<imgdir name="0">
<string name="act" value="angry"/>
<string name="0" value="c15_f1"/>
<string name="1" value="c15_f2"/>
<string name="2" value="c15_f3"/>
<string name="3" value="c15_f4"/>
</imgdir>
</imgdir>
</imgdir>
<imgdir name="15">
<string name="command" value="c16"/>
<int name="inc" value="1"/>
<int name="prob" value="30"/>
<int name="l0" value="10"/>
<int name="l1" value="19"/>
<imgdir name="success">
<imgdir name="0">
<string name="act" value="sleep"/>
<string name="0" value="c16_s1"/>
<string name="1" value="c16_s2"/>
<string name="2" value="c16_s3"/>
<string name="3" value="c16_s4"/>
</imgdir>
</imgdir>
<imgdir name="fail">
<imgdir name="0">
<string name="act" value="chat"/>
<string name="0" value="c16_f1"/>
<string name="1" value="c16_f2"/>
<string name="2" value="c16_f3"/>
<string name="3" value="c16_f4"/>
</imgdir>
</imgdir>
</imgdir>
<imgdir name="16">
<string name="command" value="c17"/>
<int name="inc" value="2"/>
<int name="prob" value="45"/>
<int name="l0" value="20"/>
<int name="l1" value="29"/>
<imgdir name="success">
<imgdir name="0">
<string name="act" value="sleep"/>
<string name="0" value="c17_s1"/>
<string name="1" value="c17_s2"/>
<string name="2" value="c17_s3"/>
<string name="3" value="c17_s4"/>
</imgdir>
</imgdir>
<imgdir name="fail">
<imgdir name="0">
<string name="act" value="cry"/>
<string name="0" value="c17_f1"/>
<string name="1" value="c17_f2"/>
<string name="2" value="c17_f3"/>
<string name="3" value="c17_f4"/>
</imgdir>
</imgdir>
</imgdir>
<imgdir name="17">
<string name="command" value="c18"/>
<int name="inc" value="3"/>
<int name="prob" value="60"/>
<int name="l0" value="30"/>
<int name="l1" value="30"/>
<imgdir name="success">
<imgdir name="0">
<string name="act" value="sleep"/>
<string name="0" value="c18_s1"/>
<string name="1" value="c18_s2"/>
<string name="2" value="c18_s3"/>
<string name="3" value="c18_s4"/>
</imgdir>
</imgdir>
<imgdir name="fail">
<imgdir name="0">
<string name="act" value="roll"/>
<string name="0" value="c18_f1"/>
<string name="1" value="c18_f2"/>
<string name="2" value="c18_f3"/>
<string name="3" value="c18_f4"/>
</imgdir>
</imgdir>
</imgdir>
<imgdir name="18">
<string name="command" value="c19"/>
<int name="inc" value="1"/>
<int name="prob" value="30"/>
<int name="l0" value="10"/>
<int name="l1" value="19"/>
<imgdir name="success">
<imgdir name="0">
<string name="act" value="love"/>
<string name="0" value="c19_s1"/>
<string name="1" value="c19_s2"/>
<string name="2" value="c19_s3"/>
<string name="3" value="c19_s4"/>
</imgdir>
</imgdir>
<imgdir name="fail">
<imgdir name="0">
<string name="act" value="chat"/>
<string name="0" value="c19_f1"/>
<string name="1" value="c19_f2"/>
<string name="2" value="c19_f3"/>
<string name="3" value="c19_f4"/>
</imgdir>
</imgdir>
</imgdir>
<imgdir name="19">
<string name="command" value="c20"/>
<int name="inc" value="2"/>
<int name="prob" value="45"/>
<int name="l0" value="20"/>
<int name="l1" value="29"/>
<imgdir name="success">
<imgdir name="0">
<string name="act" value="chat"/>
<string name="0" value="c20_s1"/>
<string name="1" value="c20_s2"/>
<string name="2" value="c20_s3"/>
<string name="3" value="c20_s4"/>
</imgdir>
</imgdir>
<imgdir name="fail">
<imgdir name="0">
<string name="act" value="cry"/>
<string name="0" value="c20_f1"/>
<string name="1" value="c20_f2"/>
<string name="2" value="c20_f3"/>
<string name="3" value="c20_f4"/>
</imgdir>
</imgdir>
</imgdir>
<imgdir name="20">
<string name="command" value="c21"/>
<int name="inc" value="3"/>
<int name="prob" value="60"/>
<int name="l0" value="30"/>
<int name="l1" value="30"/>
<imgdir name="success">
<imgdir name="0">
<string name="act" value="chat"/>
<string name="0" value="c21_s1"/>
<string name="1" value="c21_s2"/>
<string name="2" value="c21_s3"/>
<string name="3" value="c21_s4"/>
</imgdir>
</imgdir>
<imgdir name="fail">
<imgdir name="0">
<string name="act" value="angry"/>
<string name="0" value="c21_f1"/>
<string name="1" value="c21_f2"/>
<string name="2" value="c21_f3"/>
<string name="3" value="c21_f4"/>
</imgdir>
</imgdir>
</imgdir>
</imgdir>
<imgdir name="food">
<imgdir name="0">
<int name="l0" value="1"/>
<int name="l1" value="9"/>
<imgdir name="success">
<imgdir name="0">
<string name="act" value="eat"/>
<string name="0" value="f1_s"/>
</imgdir>
</imgdir>
<imgdir name="fail">
<imgdir name="0">
<string name="act" value="cry"/>
<string name="0" value="f1_f"/>
</imgdir>
</imgdir>
</imgdir>
<imgdir name="1">
<int name="l0" value="10"/>
<int name="l1" value="19"/>
<imgdir name="success">
<imgdir name="0">
<string name="act" value="eat"/>
<string name="0" value="f2_s"/>
</imgdir>
</imgdir>
<imgdir name="fail">
<imgdir name="0">
<string name="act" value="cry"/>
<string name="0" value="f2_f"/>
</imgdir>
</imgdir>
</imgdir>
<imgdir name="2">
<int name="l0" value="20"/>
<int name="l1" value="29"/>
<imgdir name="success">
<imgdir name="0">
<string name="act" value="eat"/>
<string name="0" value="f3_s"/>
</imgdir>
</imgdir>
<imgdir name="fail">
<imgdir name="0">
<string name="act" value="angry"/>
<string name="0" value="f3_f"/>
</imgdir>
</imgdir>
</imgdir>
<imgdir name="3">
<int name="l0" value="30"/>
<int name="l1" value="30"/>
<imgdir name="success">
<imgdir name="0">
<string name="act" value="eat"/>
<string name="0" value="f4_s"/>
</imgdir>
</imgdir>
<imgdir name="fail">
<imgdir name="0">
<string name="act" value="angry"/>
<string name="0" value="f4_f"/>
</imgdir>
</imgdir>
</imgdir>
</imgdir>
<imgdir name="slang">
<imgdir name="0">
<int name="l0" value="1"/>
<int name="l1" value="9"/>
<string name="act" value="absurd"/>
<string name="0" value="s1"/>
</imgdir>
<imgdir name="1">
<int name="l0" value="10"/>
<int name="l1" value="19"/>
<string name="act" value="cry"/>
<string name="0" value="s2"/>
</imgdir>
<imgdir name="2">
<int name="l0" value="20"/>
<int name="l1" value="29"/>
<string name="act" value="angry"/>
<string name="0" value="s3"/>
</imgdir>
<imgdir name="3">
<int name="l0" value="30"/>
<int name="l1" value="30"/>
<string name="act" value="angry"/>
<string name="0" value="s4"/>
</imgdir>
</imgdir>
<imgdir name="stand0">
<canvas name="0" width="46" height="35">
<vector name="origin" x="22" y="43"/>
<int name="z" value="0"/>
<vector name="lt" x="-32" y="-44"/>
<vector name="rb" x="32" y="0"/>
<string name="_hash" value="04a4ae2aef0d63a476d5d74be2cc5e650c2b50684d4c7c428af5100e0d444f1e"/>
</canvas>
<canvas name="1" width="1" height="1">
<vector name="origin" x="22" y="44"/>
<int name="z" value="0"/>
<vector name="lt" x="-32" y="-44"/>
<vector name="rb" x="32" y="0"/>
<string name="_inlink" value="stand0/0"/>
</canvas>
<canvas name="2" width="1" height="1">
<vector name="origin" x="22" y="45"/>
<int name="z" value="0"/>
<vector name="lt" x="-32" y="-44"/>
<vector name="rb" x="32" y="0"/>
<string name="_inlink" value="stand0/0"/>
</canvas>
<canvas name="3" width="46" height="35">
<vector name="origin" x="22" y="46"/>
<int name="z" value="0"/>
<vector name="lt" x="-32" y="-44"/>
<vector name="rb" x="32" y="0"/>
<string name="_hash" value="312edce8c6ba106368401461da5b43eee4503e0951a5dd9391cd2623fae23eef"/>
</canvas>
<canvas name="4" width="1" height="1">
<vector name="origin" x="22" y="45"/>
<int name="z" value="0"/>
<vector name="lt" x="-32" y="-44"/>
<vector name="rb" x="32" y="0"/>
<string name="_inlink" value="stand0/0"/>
</canvas>
<canvas name="5" width="1" height="1">
<vector name="origin" x="22" y="44"/>
<int name="z" value="0"/>
<vector name="lt" x="-32" y="-44"/>
<vector name="rb" x="32" y="0"/>
<string name="_inlink" value="stand0/3"/>
</canvas>
<canvas name="6" width="1" height="1">
<vector name="origin" x="22" y="43"/>
<int name="z" value="0"/>
<vector name="lt" x="-32" y="-44"/>
<vector name="rb" x="32" y="0"/>
<string name="_inlink" value="stand0/0"/>
</canvas>
<canvas name="7" width="1" height="1">
<vector name="origin" x="22" y="42"/>
<int name="z" value="0"/>
<vector name="lt" x="-32" y="-44"/>
<vector name="rb" x="32" y="0"/>
<string name="_inlink" value="stand0/0"/>
</canvas>
</imgdir>
<imgdir name="stand1">
<canvas name="0" width="1" height="1">
<vector name="origin" x="22" y="43"/>
<int name="z" value="0"/>
<vector name="lt" x="-32" y="-44"/>
<vector name="rb" x="32" y="0"/>
<string name="_inlink" value="stand0/0"/>
</canvas>
<canvas name="1" width="46" height="35">
<vector name="origin" x="22" y="44"/>
<int name="z" value="0"/>
<vector name="lt" x="-32" y="-44"/>
<vector name="rb" x="32" y="0"/>
<string name="_hash" value="f1cc892981e48fdcd512f856eff007f5593dcccdf536ba42fca3319499e44f80"/>
</canvas>
<canvas name="2" width="1" height="1">
<vector name="origin" x="22" y="45"/>
<int name="z" value="0"/>
<vector name="lt" x="-32" y="-44"/>
<vector name="rb" x="32" y="0"/>
<string name="_inlink" value="stand0/0"/>
</canvas>
<canvas name="3" width="1" height="1">
<vector name="origin" x="22" y="46"/>
<int name="z" value="0"/>
<vector name="lt" x="-32" y="-44"/>
<vector name="rb" x="32" y="0"/>
<string name="_inlink" value="stand1/1"/>
</canvas>
<canvas name="4" width="1" height="1">
<vector name="origin" x="22" y="45"/>
<int name="z" value="0"/>
<vector name="lt" x="-32" y="-44"/>
<vector name="rb" x="32" y="0"/>
<string name="_inlink" value="stand0/0"/>
</canvas>
<canvas name="5" width="1" height="1">
<vector name="origin" x="22" y="44"/>
<int name="z" value="0"/>
<vector name="lt" x="-32" y="-44"/>
<vector name="rb" x="32" y="0"/>
<string name="_inlink" value="stand1/1"/>
</canvas>
</imgdir>
<imgdir name="rest0">
<canvas name="0" width="57" height="36">
<vector name="origin" x="28" y="36"/>
<int name="z" value="0"/>
<vector name="lt" x="-32" y="-44"/>
<vector name="rb" x="32" y="0"/>
<string name="_hash" value="2cba8bf8eb8ac2f5049b5698f63ff2c9aa2b7129a5e4796d428220518ef81dd8"/>
</canvas>
<canvas name="1" width="1" height="1">
<vector name="origin" x="28" y="36"/>
<int name="z" value="0"/>
<vector name="lt" x="-32" y="-44"/>
<vector name="rb" x="32" y="0"/>
<string name="_inlink" value="rest0/0"/>
</canvas>
<canvas name="2" width="1" height="1">
<vector name="origin" x="28" y="36"/>
<int name="z" value="0"/>
<vector name="lt" x="-32" y="-44"/>
<vector name="rb" x="32" y="0"/>
<string name="_inlink" value="rest0/0"/>
</canvas>
<canvas name="3" width="1" height="1">
<vector name="origin" x="28" y="36"/>
<int name="z" value="0"/>
<vector name="lt" x="-32" y="-44"/>
<vector name="rb" x="32" y="0"/>
<string name="_inlink" value="rest0/0"/>
</canvas>
<canvas name="4" width="57" height="36">
<vector name="origin" x="28" y="36"/>
<int name="z" value="0"/>
<vector name="lt" x="-32" y="-44"/>
<vector name="rb" x="32" y="0"/>
<string name="_hash" value="a953c05a81cb8587905e27ebf12320d2be6f1066774382c95eddb5d7e50a695c"/>
</canvas>
<canvas name="5" width="1" height="1">
<vector name="origin" x="28" y="36"/>
<int name="z" value="0"/>
<vector name="lt" x="-32" y="-44"/>
<vector name="rb" x="32" y="0"/>
<string name="_inlink" value="rest0/0"/>
</canvas>
</imgdir>
<imgdir name="move">
<canvas name="0" width="46" height="35">
<vector name="origin" x="22" y="43"/>
<int name="z" value="0"/>
<vector name="lt" x="-32" y="-44"/>
<vector name="rb" x="32" y="0"/>
<string name="_hash" value="99e7d447e8e58b7fb4211fc5a5cfcfc99cd7eb079794fdd0252ec611a85c3194"/>
</canvas>
<canvas name="1" width="46" height="35">
<vector name="origin" x="22" y="44"/>
<int name="z" value="0"/>
<vector name="lt" x="-32" y="-44"/>
<vector name="rb" x="32" y="0"/>
<string name="_hash" value="914a4ed2ac1261aa2d675356a54d178edde3d3aed3b32683702448490a4c4814"/>
</canvas>
<canvas name="2" width="1" height="1">
<vector name="origin" x="22" y="45"/>
<int name="z" value="0"/>
<vector name="lt" x="-32" y="-44"/>
<vector name="rb" x="32" y="0"/>
<string name="_inlink" value="move/0"/>
</canvas>
<canvas name="3" width="46" height="35">
<vector name="origin" x="22" y="44"/>
<int name="z" value="0"/>
<vector name="lt" x="-32" y="-44"/>
<vector name="rb" x="32" y="0"/>
<string name="_hash" value="4e41a9c6f91316c463927bb6d9ae4ffb897f3f6f6784e4a671893e9304c231d7"/>
</canvas>
</imgdir>
<imgdir name="jump">
<canvas name="0" width="1" height="1">
<vector name="origin" x="22" y="43"/>
<int name="z" value="0"/>
<vector name="lt" x="-32" y="-44"/>
<vector name="rb" x="32" y="0"/>
<string name="_inlink" value="stand0/0"/>
</canvas>
<canvas name="1" width="46" height="35">
<vector name="origin" x="22" y="46"/>
<int name="z" value="0"/>
<vector name="lt" x="-32" y="-44"/>
<vector name="rb" x="32" y="0"/>
<string name="_hash" value="0ffb60ab0f7914b4afd69b455b32233157c41ff580205a6d5ea0c60bfcb410a4"/>
</canvas>
</imgdir>
<imgdir name="hang">
<canvas name="0" width="43" height="40">
<vector name="origin" x="21" y="51"/>
<int name="z" value="0"/>
<vector name="lt" x="-32" y="-44"/>
<vector name="rb" x="32" y="0"/>
<string name="_hash" value="bb39c7ded713e4600bdc7cd6a853cb0c381bf99fcb73e0f7c46f59405967efda"/>
</canvas>
</imgdir>
<imgdir name="hungry">
<canvas name="0" width="66" height="35">
<vector name="origin" x="42" y="43"/>
<int name="z" value="0"/>
<vector name="lt" x="-32" y="-44"/>
<vector name="rb" x="32" y="0"/>
<string name="_hash" value="38faf43a8d969c2a8f16bdc7c217a1a23b6e005e0567cf9e42e1b30ee0952882"/>
</canvas>
<canvas name="1" width="66" height="35">
<vector name="origin" x="42" y="44"/>
<int name="z" value="0"/>
<vector name="lt" x="-32" y="-44"/>
<vector name="rb" x="32" y="0"/>
<string name="_hash" value="893c675223700b92f3499f340df73396b15f220598413d4fdcb595c9f4908a88"/>
</canvas>
<canvas name="2" width="66" height="35">
<vector name="origin" x="42" y="45"/>
<int name="z" value="0"/>
<vector name="lt" x="-32" y="-44"/>
<vector name="rb" x="32" y="0"/>
<string name="_hash" value="99748b3792ba79efbc155c8867d0547e902a9833ca63f5bfdcffc5fbffa600bf"/>
</canvas>
<canvas name="3" width="66" height="35">
<vector name="origin" x="42" y="46"/>
<int name="z" value="0"/>
<vector name="lt" x="-32" y="-44"/>
<vector name="rb" x="32" y="0"/>
<string name="_hash" value="14635054e74b19835cb750e80697e3c600f2e2413ac07d04d4bd02172d0dc40f"/>
</canvas>
<canvas name="4" width="66" height="35">
<vector name="origin" x="42" y="45"/>
<int name="z" value="0"/>
<vector name="lt" x="-32" y="-44"/>
<vector name="rb" x="32" y="0"/>
<string name="_hash" value="5dbb1b0e5de859b1c67cde5577fa49b3b45b1c15467c9c3796350a185a8ce502"/>
</canvas>
<canvas name="5" width="1" height="1">
<vector name="origin" x="42" y="44"/>
<int name="z" value="0"/>
<vector name="lt" x="-32" y="-44"/>
<vector name="rb" x="32" y="0"/>
<string name="_inlink" value="hungry/1"/>
</canvas>
<canvas name="6" width="66" height="35">
<vector name="origin" x="42" y="43"/>
<int name="z" value="0"/>
<vector name="lt" x="-32" y="-44"/>
<vector name="rb" x="32" y="0"/>
<string name="_hash" value="122ba04d06043f20b99ac8c17a056aba709e2da6a082c1ccc98b74c90a2b2153"/>
</canvas>
<canvas name="7" width="66" height="35">
<vector name="origin" x="42" y="42"/>
<int name="z" value="0"/>
<vector name="lt" x="-32" y="-44"/>
<vector name="rb" x="32" y="0"/>
<string name="_hash" value="e4078300fe24b7a15030467da79b9c59f12fb03182f157fce6e8fb97c0922686"/>
</canvas>
</imgdir>
<imgdir name="angry">
<canvas name="0" width="56" height="35">
<vector name="origin" x="32" y="43"/>
<int name="z" value="0"/>
<vector name="lt" x="-32" y="-44"/>
<vector name="rb" x="32" y="0"/>
<string name="_hash" value="0d6261b9c0891402b1415948a53b9de5fb76fd0c0ad7de2293681b264f6151fc"/>
</canvas>
<canvas name="1" width="57" height="35">
<vector name="origin" x="33" y="44"/>
<int name="z" value="0"/>
<vector name="lt" x="-32" y="-44"/>
<vector name="rb" x="32" y="0"/>
<string name="_hash" value="42241ea63ec5cb0b4b37b10fcabc5dc5259fd4be8171e378b5433ca2448f7209"/>
</canvas>
<canvas name="2" width="56" height="35">
<vector name="origin" x="32" y="43"/>
<int name="z" value="0"/>
<vector name="lt" x="-32" y="-44"/>
<vector name="rb" x="32" y="0"/>
<string name="_hash" value="0910432044c7f4a5232ee4fdcbb038af739a52b9544171f7db25f2604cbafe92"/>
</canvas>
<canvas name="3" width="57" height="35">
<vector name="origin" x="33" y="44"/>
<int name="z" value="0"/>
<vector name="lt" x="-32" y="-44"/>
<vector name="rb" x="32" y="0"/>
<string name="_hash" value="4ee532854843083cb46e978f028cdaf4b2efbb6a1a7f67474b4612163096884f"/>
</canvas>
</imgdir>
<imgdir name="chat">
<canvas name="0" width="54" height="35">
<vector name="origin" x="30" y="43"/>
<int name="z" value="0"/>
<vector name="lt" x="-32" y="-44"/>
<vector name="rb" x="32" y="0"/>
<string name="_hash" value="0dfc7ab7f2e3b6b501b5131bfa912603ef95fece5009758da1bc7a6dc20873e8"/>
</canvas>
<canvas name="1" width="57" height="35">
<vector name="origin" x="33" y="44"/>
<int name="z" value="0"/>
<vector name="lt" x="-32" y="-44"/>
<vector name="rb" x="32" y="0"/>
<string name="_hash" value="484bcbb975fb2450b6c4bee985daa25c7fdbe3063f9d9ab12f9da1af683b3c65"/>
</canvas>
<canvas name="2" width="54" height="35">
<vector name="origin" x="30" y="45"/>
<int name="z" value="0"/>
<vector name="lt" x="-32" y="-44"/>
<vector name="rb" x="32" y="0"/>
<string name="_hash" value="7ef9a10116a9563a0f7cbd068e32459d41db62cc7511baecff6b64724543d503"/>
</canvas>
<canvas name="3" width="57" height="35">
<vector name="origin" x="33" y="46"/>
<int name="z" value="0"/>
<vector name="lt" x="-32" y="-44"/>
<vector name="rb" x="32" y="0"/>
<string name="_hash" value="98e68a858f36719a142ba1772fce48b3abfd0e62fbb8a4bfff4b6ec09c340069"/>
</canvas>
<canvas name="4" width="54" height="35">
<vector name="origin" x="30" y="45"/>
<int name="z" value="0"/>
<vector name="lt" x="-32" y="-44"/>
<vector name="rb" x="32" y="0"/>
<string name="_hash" value="ec1bf6705f7332977a65dd2eebbce329f40cbe2bf9c71982c516e4f5b8d80c31"/>
</canvas>
<canvas name="5" width="57" height="35">
<vector name="origin" x="33" y="44"/>
<int name="z" value="0"/>
<vector name="lt" x="-32" y="-44"/>
<vector name="rb" x="32" y="0"/>
<string name="_hash" value="e5387746c306caee4f97615a36ddf48f9966ba07db7da2c02f42e5aa845d51ed"/>
</canvas>
<canvas name="6" width="54" height="35">
<vector name="origin" x="30" y="43"/>
<int name="z" value="0"/>
<vector name="lt" x="-32" y="-44"/>
<vector name="rb" x="32" y="0"/>
<string name="_hash" value="9272bba40bd3ab9ee6ba37049f3bdfc447601cb13d27f590b78b14fbf81a961a"/>
</canvas>
<canvas name="7" width="57" height="35">
<vector name="origin" x="33" y="42"/>
<int name="z" value="0"/>
<vector name="lt" x="-32" y="-44"/>
<vector name="rb" x="32" y="0"/>
<string name="_hash" value="f2dc98a19193ac65b3b2ae54fd044fff1bacac536de44353ae43c4aa7548d8da"/>
</canvas>
</imgdir>
<imgdir name="love">
<canvas name="0" width="46" height="35">
<vector name="origin" x="22" y="43"/>
<int name="z" value="0"/>
<vector name="lt" x="-32" y="-44"/>
<vector name="rb" x="32" y="0"/>
<string name="_hash" value="3e286ac8bd5c67495ea6e901175a33c6994def2309434d69a39799e248510d97"/>
</canvas>
<canvas name="1" width="48" height="48">
<vector name="origin" x="29" y="55"/>
<int name="z" value="0"/>
<vector name="lt" x="-32" y="-44"/>
<vector name="rb" x="32" y="0"/>
<string name="_hash" value="e9d8742a381f48124392ac1a2ae932d41821bf144df2863b5783e05de1654c4c"/>
</canvas>
<canvas name="2" width="49" height="57">
<vector name="origin" x="25" y="65"/>
<int name="z" value="0"/>
<vector name="lt" x="-32" y="-44"/>
<vector name="rb" x="32" y="0"/>
<string name="_hash" value="b40da5816f4f94337ee258df4e90df14afd7e28cc89c2639ccbb8fea1aee6467"/>
</canvas>
<canvas name="3" width="61" height="59">
<vector name="origin" x="25" y="66"/>
<int name="z" value="0"/>
<vector name="lt" x="-32" y="-44"/>
<vector name="rb" x="32" y="0"/>
<string name="_hash" value="20de56e5cc181f3f6a7bb82343feb03fa0f591306cb7607beec29d4585e36d0e"/>
</canvas>
<canvas name="4" width="59" height="59">
<vector name="origin" x="22" y="67"/>
<int name="z" value="0"/>
<vector name="lt" x="-32" y="-44"/>
<vector name="rb" x="32" y="0"/>
<string name="_hash" value="da82d96aeb2749fe07e9b217e6792e2089c6e300140c6729b5ae7bedf72e347f"/>
</canvas>
<canvas name="5" width="66" height="51">
<vector name="origin" x="29" y="58"/>
<int name="z" value="0"/>
<vector name="lt" x="-32" y="-44"/>
<vector name="rb" x="32" y="0"/>
<string name="_hash" value="9a8ab6578507aac034152d2d8036908c1a01ea77b6b9fac85ea308432c4b70ef"/>
</canvas>
<canvas name="6" width="1" height="1">
<vector name="origin" x="22" y="43"/>
<int name="z" value="0"/>
<vector name="lt" x="-32" y="-44"/>
<vector name="rb" x="32" y="0"/>
<string name="_inlink" value="love/0"/>
</canvas>
<canvas name="7" width="48" height="39">
<vector name="origin" x="19" y="46"/>
<int name="z" value="0"/>
<vector name="lt" x="-32" y="-44"/>
<vector name="rb" x="32" y="0"/>
<string name="_hash" value="c5ee0ae8760830aeaa0af768d9d7b608430c2fd86e278d3dc328d45517d5b42b"/>
</canvas>
</imgdir>
<imgdir name="cry">
<canvas name="0" width="45" height="34">
<vector name="origin" x="22" y="34"/>
<int name="z" value="0"/>
<vector name="lt" x="-32" y="-44"/>
<vector name="rb" x="32" y="0"/>
<string name="_hash" value="812ab555dd8abb9646ec81631b16e24ffb3a3a9689da9d0b923f8f255f1bedee"/>
</canvas>
<canvas name="1" width="45" height="34">
<vector name="origin" x="22" y="34"/>
<int name="z" value="0"/>
<vector name="lt" x="-32" y="-44"/>
<vector name="rb" x="32" y="0"/>
<string name="_hash" value="9dd219571804981eea28b336fe22a65da38086daeb5906754399ac5dc79b4676"/>
</canvas>
</imgdir>
<imgdir name="sleep">
<canvas name="0" width="47" height="24">
<vector name="origin" x="19" y="20"/>
<int name="z" value="0"/>
<vector name="lt" x="-32" y="-44"/>
<vector name="rb" x="32" y="0"/>
<string name="_hash" value="aba26a6629ca648f3e625fd2123598a8585d02760280f4377ddb582a167bf47d"/>
</canvas>
<canvas name="1" width="47" height="33">
<vector name="origin" x="19" y="29"/>
<int name="z" value="0"/>
<vector name="lt" x="-32" y="-44"/>
<vector name="rb" x="32" y="0"/>
<string name="_hash" value="bd580aed3ffd7cf496a649508643fd5b41d9185b1047fabdef3cddf85f9b14a4"/>
</canvas>
<canvas name="2" width="47" height="39">
<vector name="origin" x="19" y="35"/>
<int name="z" value="0"/>
<vector name="lt" x="-32" y="-44"/>
<vector name="rb" x="32" y="0"/>
<string name="_hash" value="23f42b4ff63de543571f5cc3edd824d4bfacd50ed6c229f5266d4fac48df4981"/>
</canvas>
<canvas name="3" width="47" height="39">
<vector name="origin" x="19" y="35"/>
<int name="z" value="0"/>
<vector name="lt" x="-32" y="-44"/>
<vector name="rb" x="32" y="0"/>
<string name="_hash" value="7204052c21238bb1c7208960f2bdba89a50d0bb48d7e5cc2d105edc3f792690a"/>
</canvas>
<canvas name="4" width="47" height="39">
<vector name="origin" x="19" y="35"/>
<int name="z" value="0"/>
<vector name="lt" x="-32" y="-44"/>
<vector name="rb" x="32" y="0"/>
<string name="_hash" value="867ae5b09bbb388b7277fa9a2e893dc7c190a4d71bdf991c5de327ec511387bc"/>
</canvas>
<canvas name="5" width="47" height="35">
<vector name="origin" x="19" y="31"/>
<int name="z" value="0"/>
<vector name="lt" x="-32" y="-44"/>
<vector name="rb" x="32" y="0"/>
<string name="_hash" value="ea9bc1b98ac28cb2088cfa4a596a0d97ccc3890a7189545d527d7e7efcb58481"/>
</canvas>
</imgdir>
<imgdir name="roll">
<canvas name="0" width="53" height="50">
<vector name="origin" x="26" y="52"/>
<int name="z" value="0"/>
<vector name="lt" x="-32" y="-44"/>
<vector name="rb" x="32" y="0"/>
<string name="_hash" value="2fa55e300a3578faca924887fc1a628ae40c2873518462e51bb584138659e55a"/>
</canvas>
<canvas name="1" width="50" height="53">
<vector name="origin" x="22" y="51"/>
<int name="z" value="0"/>
<vector name="lt" x="-32" y="-44"/>
<vector name="rb" x="32" y="0"/>
<string name="_hash" value="cb53248b539236ff9d322733856efa31939e9d7579d4953a319f28499dbd5eab"/>
</canvas>
</imgdir>
<imgdir name="eat">
<canvas name="0" width="46" height="35">
<vector name="origin" x="22" y="43"/>
<int name="z" value="0"/>
<vector name="lt" x="-32" y="-44"/>
<vector name="rb" x="32" y="0"/>
<string name="_hash" value="f5f685708eda76f32912631f339570cd449fbe806700c1b43998b957a639366b"/>
</canvas>
<canvas name="1" width="1" height="1">
<vector name="origin" x="22" y="44"/>
<int name="z" value="0"/>
<vector name="lt" x="-32" y="-44"/>
<vector name="rb" x="32" y="0"/>
<string name="_inlink" value="eat/0"/>
</canvas>
<canvas name="2" width="46" height="35">
<vector name="origin" x="22" y="45"/>
<int name="z" value="0"/>
<vector name="lt" x="-32" y="-44"/>
<vector name="rb" x="32" y="0"/>
<string name="_hash" value="e64bcf39ae64c8f7756050e1d7953c6f7315f66cf0ed5e330b24833d26927d2b"/>
</canvas>
<canvas name="3" width="1" height="1">
<vector name="origin" x="22" y="46"/>
<int name="z" value="0"/>
<vector name="lt" x="-32" y="-44"/>
<vector name="rb" x="32" y="0"/>
<string name="_inlink" value="eat/2"/>
</canvas>
<canvas name="4" width="1" height="1">
<vector name="origin" x="22" y="45"/>
<int name="z" value="0"/>
<vector name="lt" x="-32" y="-44"/>
<vector name="rb" x="32" y="0"/>
<string name="_inlink" value="eat/0"/>
</canvas>
<canvas name="5" width="1" height="1">
<vector name="origin" x="22" y="44"/>
<int name="z" value="0"/>
<vector name="lt" x="-32" y="-44"/>
<vector name="rb" x="32" y="0"/>
<string name="_inlink" value="eat/0"/>
</canvas>
<canvas name="6" width="1" height="1">
<vector name="origin" x="22" y="43"/>
<int name="z" value="0"/>
<vector name="lt" x="-32" y="-44"/>
<vector name="rb" x="32" y="0"/>
<string name="_inlink" value="eat/2"/>
</canvas>
<canvas name="7" width="1" height="1">
<vector name="origin" x="22" y="42"/>
<int name="z" value="0"/>
<vector name="lt" x="-32" y="-44"/>
<vector name="rb" x="32" y="0"/>
<string name="_inlink" value="eat/2"/>
</canvas>
</imgdir>
<imgdir name="fly">
<uol name="0" value="../jump/0"/>
</imgdir>
<imgdir name="dung">
<canvas name="0" width="46" height="35">
<vector name="origin" x="22" y="43"/>
<int name="z" value="0"/>
<vector name="lt" x="-32" y="-44"/>
<vector name="rb" x="32" y="0"/>
<string name="_hash" value="a30e3307b2e8d7322de5f518264a0a25692bffa776faeb839991b9160440a303"/>
</canvas>
<canvas name="1" width="46" height="35">
<vector name="origin" x="22" y="44"/>
<int name="z" value="0"/>
<vector name="lt" x="-32" y="-44"/>
<vector name="rb" x="32" y="0"/>
<string name="_hash" value="2ac6b00bb3ed23f377b9006b80d1b7866e0958df67243675800c9c1d9543d8aa"/>
</canvas>
<canvas name="2" width="44" height="35">
<vector name="origin" x="21" y="45"/>
<int name="z" value="0"/>
<vector name="lt" x="-32" y="-44"/>
<vector name="rb" x="32" y="0"/>
<string name="_hash" value="feaadccffd4771f0867906aa7fa8754ef5b284ef68aefaaf21d500e83892df8c"/>
</canvas>
<canvas name="3" width="56" height="37">
<vector name="origin" x="21" y="42"/>
<int name="z" value="0"/>
<vector name="lt" x="-32" y="-44"/>
<vector name="rb" x="32" y="0"/>
<string name="_hash" value="4a7e2c5899a9d11b4b56a6310395ced1f0b3714feadda51d81041fe809e5131e"/>
</canvas>
<canvas name="4" width="65" height="35">
<vector name="origin" x="21" y="41"/>
<int name="z" value="0"/>
<vector name="lt" x="-32" y="-44"/>
<vector name="rb" x="32" y="0"/>
<string name="_hash" value="f469826839712f32da574f8f922164dd2b50fc9f8882c758df0c29b99494915d"/>
</canvas>
<canvas name="5" width="68" height="44">
<vector name="origin" x="21" y="49"/>
<int name="z" value="0"/>
<vector name="lt" x="-32" y="-44"/>
<vector name="rb" x="32" y="0"/>
<string name="_hash" value="4e195a1d5ad027482c2af034b31207c860ff7cd7030e1644ae78b06822c2c66e"/>
</canvas>
<canvas name="6" width="69" height="38">
<vector name="origin" x="22" y="43"/>
<int name="z" value="0"/>
<vector name="lt" x="-32" y="-44"/>
<vector name="rb" x="32" y="0"/>
<string name="_hash" value="99adf9005303ee8121d3a0d4033f10af075130aeb495bbe93b9554ad037cfce6"/>
</canvas>
<canvas name="7" width="46" height="35">
<vector name="origin" x="22" y="42"/>
<int name="z" value="0"/>
<vector name="lt" x="-32" y="-44"/>
<vector name="rb" x="32" y="0"/>
<string name="_hash" value="b5c0b8696540a48016d463f46ad19e978e3c199b11c00eee54a1b8a3457af699"/>
</canvas>
</imgdir>
<imgdir name="absurd">
<canvas name="0" width="46" height="39">
<vector name="origin" x="22" y="47"/>
<int name="z" value="0"/>
<vector name="lt" x="-32" y="-44"/>
<vector name="rb" x="32" y="0"/>
<string name="_hash" value="37f26126655c4c305a9f365343e6f426a9f8a3963dde1fae37085d8523f51811"/>
</canvas>
<canvas name="1" width="46" height="43">
<vector name="origin" x="22" y="52"/>
<int name="z" value="0"/>
<vector name="lt" x="-32" y="-44"/>
<vector name="rb" x="32" y="0"/>
<string name="_hash" value="101c6f20762be7432774034cef671ff959e4e6cbd2e0c8431fe173d721180291"/>
</canvas>
<canvas name="2" width="46" height="45">
<vector name="origin" x="22" y="53"/>
<int name="z" value="0"/>
<vector name="lt" x="-32" y="-44"/>
<vector name="rb" x="32" y="0"/>
<string name="_hash" value="629fb2cc2f6a11eaea477863a8e6fd12aa4ae4244c0fa952fd11405d3b30522b"/>
</canvas>
<canvas name="3" width="46" height="45">
<vector name="origin" x="22" y="54"/>
<int name="z" value="0"/>
<vector name="lt" x="-32" y="-44"/>
<vector name="rb" x="32" y="0"/>
<string name="_hash" value="62978947a266cd17eda3b6a1bf903d9e9eb51624e6703ee70c03623f2eeeed3d"/>
</canvas>
<canvas name="4" width="46" height="43">
<vector name="origin" x="22" y="51"/>
<int name="z" value="0"/>
<vector name="lt" x="-32" y="-44"/>
<vector name="rb" x="32" y="0"/>
<string name="_hash" value="a417fb4beb0f4277b7718a0ceae85afa70a3eecd3a7b340b769479d8a27ea77e"/>
</canvas>
<canvas name="5" width="46" height="43">
<vector name="origin" x="22" y="52"/>
<int name="z" value="0"/>
<vector name="lt" x="-32" y="-44"/>
<vector name="rb" x="32" y="0"/>
<string name="_hash" value="5c0f10216a967ad70df2f7bd6d37d07db50a89f12f8ec81255420263a43f6763"/>
</canvas>
</imgdir>
<imgdir name="like">
<canvas name="0" width="49" height="35">
<vector name="origin" x="25" y="43"/>
<int name="z" value="0"/>
<vector name="lt" x="-32" y="-44"/>
<vector name="rb" x="32" y="0"/>
<string name="_hash" value="ffb8e5451e163337da99bbe43978ee51112195c30f9614d449bc72f8354162f5"/>
</canvas>
<canvas name="1" width="51" height="35">
<vector name="origin" x="27" y="44"/>
<int name="z" value="0"/>
<vector name="lt" x="-32" y="-44"/>
<vector name="rb" x="32" y="0"/>
<string name="_hash" value="5279f92e55baf30831ef3d57c8a96ce96b6b7f7bb9b694002eae02774644a435"/>
</canvas>
</imgdir>
</imgdir>
