<?xml version="1.0" encoding="UTF-8" standalone="yes"?>
<imgdir name="5000405.img">
<imgdir name="info">
<canvas name="icon" width="34" height="27">
<vector name="origin" x="1" y="27"/>
<string name="_hash" value="2c3db7d3c1735723e02f79927ea2fbfb0ff083f6a83ed1d488b2900c64cb44ca"/>
</canvas>
<canvas name="iconRaw" width="34" height="25">
<vector name="origin" x="1" y="27"/>
<string name="_hash" value="ef49d3903b6ad077d444fdad64f0b4f1175cdfe401f392d1449e2851ce455fb8"/>
</canvas>
<canvas name="iconD" width="32" height="30">
<vector name="origin" x="0" y="30"/>
<string name="_hash" value="0a0e9ccedff003c6480b3787f09ad5882507013fae671788efbd8de1681755c0"/>
</canvas>
<canvas name="iconRawD" width="32" height="28">
<vector name="origin" x="0" y="30"/>
<string name="_hash" value="238d00f58346f769cdf8192c72183f2b5bba81b6787995cfa30336c8d8cdb26c"/>
</canvas>
<int name="nameTag" value="180"/>
<int name="chatBalloon" value="180"/>
<int name="life" value="90"/>
<int name="hungry" value="2"/>
<int name="cash" value="1"/>
<int name="multiPet" value="1"/>
<int name="pickupItem" value="1"/>
<int name="autoBuff" value="1"/>
<int name="setItemID" value="469"/>
</imgdir>
<imgdir name="interact">
<imgdir name="0">
<string name="command" value="c1"/>
<int name="inc" value="1"/>
<int name="prob" value="30"/>
<int name="l0" value="1"/>
<int name="l1" value="9"/>
<imgdir name="success">
<imgdir name="0">
<string name="act" value="rest0"/>
<string name="0" value="c1_s1"/>
<string name="1" value="c1_s2"/>
</imgdir>
</imgdir>
<imgdir name="fail">
<imgdir name="0">
<string name="act" value="stand0"/>
<string name="0" value="c1_f1"/>
<string name="1" value="c1_f2"/>
</imgdir>
</imgdir>
</imgdir>
<imgdir name="1">
<string name="command" value="c2"/>
<int name="inc" value="2"/>
<int name="prob" value="45"/>
<int name="l0" value="10"/>
<int name="l1" value="19"/>
<imgdir name="success">
<imgdir name="0">
<string name="act" value="rest0"/>
<string name="0" value="c2_s1"/>
<string name="1" value="c2_s2"/>
<string name="2" value="c2_s3"/>
<string name="3" value="c2_s4"/>
</imgdir>
</imgdir>
<imgdir name="fail">
<imgdir name="0">
<string name="act" value="stand0"/>
<string name="0" value="c2_f1"/>
<string name="1" value="c2_f2"/>
<string name="2" value="c2_f3"/>
<string name="3" value="c2_f4"/>
</imgdir>
</imgdir>
</imgdir>
<imgdir name="2">
<string name="command" value="c3"/>
<int name="inc" value="3"/>
<int name="prob" value="60"/>
<int name="l0" value="20"/>
<int name="l1" value="29"/>
<imgdir name="success">
<imgdir name="0">
<string name="act" value="rest0"/>
<string name="0" value="c3_s1"/>
<string name="1" value="c3_s2"/>
<string name="2" value="c3_s3"/>
<string name="3" value="c3_s4"/>
</imgdir>
</imgdir>
<imgdir name="fail">
<imgdir name="0">
<string name="act" value="stand0"/>
<string name="0" value="c3_f1"/>
<string name="1" value="c3_f2"/>
<string name="2" value="c3_f3"/>
<string name="3" value="c3_f4"/>
</imgdir>
</imgdir>
</imgdir>
<imgdir name="3">
<string name="command" value="c4"/>
<int name="inc" value="2"/>
<int name="prob" value="70"/>
<int name="l0" value="30"/>
<int name="l1" value="30"/>
<imgdir name="success">
<imgdir name="0">
<string name="act" value="rest0"/>
<string name="0" value="c4_s1"/>
<string name="1" value="c4_s2"/>
<string name="2" value="c4_s3"/>
<string name="3" value="c4_s4"/>
</imgdir>
</imgdir>
<imgdir name="fail">
<imgdir name="0">
<string name="act" value="stand0"/>
<string name="0" value="c4_f1"/>
<string name="1" value="c4_f2"/>
<string name="2" value="c4_f3"/>
<string name="3" value="c4_f4"/>
</imgdir>
</imgdir>
</imgdir>
<imgdir name="4">
<string name="command" value="c5"/>
<int name="inc" value="1"/>
<int name="prob" value="30"/>
<int name="l0" value="1"/>
<int name="l1" value="9"/>
<imgdir name="success">
<imgdir name="0">
<string name="act" value="cry"/>
<string name="0" value="c5_s1"/>
<string name="1" value="c5_s2"/>
</imgdir>
</imgdir>
<imgdir name="fail">
<imgdir name="0">
<string name="act" value="angry"/>
<string name="0" value="c5_f1"/>
<string name="1" value="c5_f2"/>
</imgdir>
</imgdir>
</imgdir>
<imgdir name="5">
<string name="command" value="c6"/>
<int name="inc" value="2"/>
<int name="prob" value="50"/>
<int name="l0" value="10"/>
<int name="l1" value="19"/>
<imgdir name="success">
<imgdir name="0">
<string name="act" value="cry"/>
<string name="0" value="c6_s1"/>
<string name="1" value="c6_s2"/>
<string name="2" value="c6_s3"/>
<string name="3" value="c6_s4"/>
</imgdir>
</imgdir>
<imgdir name="fail">
<imgdir name="0">
<string name="act" value="angry"/>
<string name="0" value="c6_f1"/>
<string name="1" value="c6_f2"/>
<string name="2" value="c6_f3"/>
<string name="3" value="c6_f4"/>
</imgdir>
</imgdir>
</imgdir>
<imgdir name="6">
<string name="command" value="c7"/>
<int name="inc" value="2"/>
<int name="prob" value="60"/>
<int name="l0" value="20"/>
<int name="l1" value="29"/>
<imgdir name="success">
<imgdir name="0">
<string name="act" value="cry"/>
<string name="0" value="c7_s1"/>
<string name="1" value="c7_s2"/>
<string name="2" value="c7_s3"/>
<string name="3" value="c7_s4"/>
</imgdir>
</imgdir>
<imgdir name="fail">
<imgdir name="0">
<string name="act" value="flame"/>
<string name="0" value="c7_f1"/>
<string name="1" value="c7_f2"/>
<string name="2" value="c7_f3"/>
<string name="3" value="c7_f4"/>
</imgdir>
</imgdir>
</imgdir>
<imgdir name="7">
<string name="command" value="c8"/>
<int name="inc" value="3"/>
<int name="prob" value="70"/>
<int name="l0" value="30"/>
<int name="l1" value="30"/>
<imgdir name="success">
<imgdir name="0">
<string name="act" value="cry"/>
<string name="0" value="c8_s1"/>
<string name="1" value="c8_s2"/>
<string name="2" value="c8_s3"/>
<string name="3" value="c8_s4"/>
</imgdir>
</imgdir>
<imgdir name="fail">
<imgdir name="0">
<string name="act" value="flame"/>
<string name="0" value="c8_f1"/>
<string name="1" value="c8_f2"/>
<string name="2" value="c8_f3"/>
<string name="3" value="c8_f4"/>
</imgdir>
</imgdir>
</imgdir>
<imgdir name="8">
<string name="command" value="c9"/>
<int name="inc" value="1"/>
<int name="prob" value="30"/>
<int name="l0" value="1"/>
<int name="l1" value="9"/>
<imgdir name="success">
<imgdir name="0">
<string name="act" value="love"/>
<string name="0" value="c9_s1"/>
<string name="1" value="c9_s2"/>
</imgdir>
</imgdir>
<imgdir name="fail">
<imgdir name="0">
<string name="act" value="angry"/>
<string name="0" value="c9_f1"/>
<string name="1" value="c9_f2"/>
</imgdir>
</imgdir>
</imgdir>
<imgdir name="9">
<string name="command" value="c10"/>
<int name="inc" value="2"/>
<int name="prob" value="50"/>
<int name="l0" value="10"/>
<int name="l1" value="19"/>
<imgdir name="success">
<imgdir name="0">
<string name="act" value="love"/>
<string name="0" value="c10_s1"/>
<string name="1" value="c10_s2"/>
<string name="2" value="c10_s3"/>
<string name="3" value="c10_s4"/>
</imgdir>
</imgdir>
<imgdir name="fail">
<imgdir name="0">
<string name="act" value="angry"/>
<string name="0" value="c10_f1"/>
<string name="1" value="c10_f2"/>
<string name="2" value="c10_f3"/>
<string name="3" value="c10_f4"/>
</imgdir>
</imgdir>
</imgdir>
<imgdir name="10">
<string name="command" value="c11"/>
<int name="inc" value="2"/>
<int name="prob" value="60"/>
<int name="l0" value="20"/>
<int name="l1" value="29"/>
<imgdir name="success">
<imgdir name="0">
<string name="act" value="love"/>
<string name="0" value="c11_s1"/>
<string name="1" value="c11_s2"/>
<string name="2" value="c11_s3"/>
<string name="3" value="c11_s4"/>
</imgdir>
</imgdir>
<imgdir name="fail">
<imgdir name="0">
<string name="act" value="angry"/>
<string name="0" value="c11_f1"/>
<string name="1" value="c11_f2"/>
<string name="2" value="c11_f3"/>
<string name="4" value="c11_f4"/>
</imgdir>
</imgdir>
</imgdir>
<imgdir name="11">
<string name="command" value="c12"/>
<int name="inc" value="3"/>
<int name="prob" value="70"/>
<int name="l0" value="30"/>
<int name="l1" value="30"/>
<imgdir name="success">
<imgdir name="0">
<string name="act" value="love"/>
<string name="0" value="c12_s1"/>
<string name="1" value="c12_s2"/>
<string name="2" value="c12_s3"/>
<string name="3" value="c12_s4"/>
</imgdir>
</imgdir>
<imgdir name="fail">
<imgdir name="0">
<string name="act" value="angry"/>
<string name="0" value="c12_f1"/>
<string name="1" value="c12_f2"/>
<string name="2" value="c12_f3"/>
<string name="3" value="c12_f4"/>
</imgdir>
</imgdir>
</imgdir>
<imgdir name="12">
<string name="command" value="c13"/>
<int name="inc" value="1"/>
<int name="prob" value="30"/>
<int name="l0" value="10"/>
<int name="l1" value="19"/>
<imgdir name="success">
<imgdir name="0">
<string name="act" value="dung"/>
<string name="0" value="c13_s1"/>
<string name="1" value="c13_s2"/>
<string name="2" value="c13_s3"/>
<string name="3" value="c13_s4"/>
</imgdir>
</imgdir>
<imgdir name="fail">
<imgdir name="0">
<string name="act" value="angry"/>
<string name="0" value="c13_f1"/>
<string name="1" value="c13_f2"/>
<string name="2" value="c13_f3"/>
<string name="3" value="c13_f4"/>
</imgdir>
</imgdir>
</imgdir>
<imgdir name="13">
<string name="command" value="c14"/>
<int name="inc" value="2"/>
<int name="prob" value="50"/>
<int name="l0" value="20"/>
<int name="l1" value="29"/>
<imgdir name="success">
<imgdir name="0">
<string name="act" value="dung"/>
<string name="0" value="c14_s1"/>
<string name="1" value="c14_s2"/>
<string name="2" value="c14_s3"/>
<string name="3" value="c14_s4"/>
</imgdir>
</imgdir>
<imgdir name="fail">
<imgdir name="0">
<string name="act" value="angry"/>
<string name="0" value="c14_f1"/>
<string name="1" value="c14_f2"/>
<string name="2" value="c14_f3"/>
<string name="3" value="c14_f4"/>
</imgdir>
</imgdir>
</imgdir>
<imgdir name="14">
<string name="command" value="c15"/>
<int name="inc" value="3"/>
<int name="prob" value="70"/>
<int name="l0" value="30"/>
<int name="l1" value="30"/>
<imgdir name="success">
<imgdir name="0">
<string name="act" value="dung"/>
<string name="0" value="c15_s1"/>
<string name="1" value="c15_s2"/>
<string name="2" value="c15_s3"/>
<string name="3" value="c15_s4"/>
</imgdir>
</imgdir>
<imgdir name="fail">
<imgdir name="0">
<string name="act" value="angry"/>
<string name="0" value="c15_f1"/>
<string name="1" value="c15_f2"/>
<string name="2" value="c15_f3"/>
<string name="3" value="c15_f4"/>
</imgdir>
</imgdir>
</imgdir>
<imgdir name="15">
<string name="command" value="c16"/>
<int name="inc" value="1"/>
<int name="prob" value="30"/>
<int name="l0" value="10"/>
<int name="l1" value="19"/>
<imgdir name="success">
<imgdir name="0">
<string name="act" value="sleep"/>
<string name="0" value="c16_s1"/>
<string name="1" value="c16_s2"/>
<string name="2" value="c16_s3"/>
<string name="3" value="c16_s4"/>
</imgdir>
</imgdir>
<imgdir name="fail">
<imgdir name="0">
<string name="act" value="chat"/>
<string name="0" value="c16_f1"/>
<string name="1" value="c16_f2"/>
<string name="2" value="c16_f3"/>
<string name="3" value="c16_f4"/>
</imgdir>
</imgdir>
</imgdir>
<imgdir name="16">
<string name="command" value="c17"/>
<int name="inc" value="2"/>
<int name="prob" value="45"/>
<int name="l0" value="20"/>
<int name="l1" value="29"/>
<imgdir name="success">
<imgdir name="0">
<string name="act" value="sleep"/>
<string name="0" value="c17_s1"/>
<string name="1" value="c17_s2"/>
<string name="2" value="c17_s3"/>
<string name="3" value="c17_s4"/>
</imgdir>
</imgdir>
<imgdir name="fail">
<imgdir name="0">
<string name="act" value="chat"/>
<string name="0" value="c17_f1"/>
<string name="1" value="c17_f2"/>
<string name="2" value="c17_f3"/>
<string name="3" value="c17_f4"/>
</imgdir>
</imgdir>
</imgdir>
<imgdir name="17">
<string name="command" value="c18"/>
<int name="inc" value="3"/>
<int name="prob" value="60"/>
<int name="l0" value="30"/>
<int name="l1" value="30"/>
<imgdir name="success">
<imgdir name="0">
<string name="act" value="sleep"/>
<string name="0" value="c18_s1"/>
<string name="1" value="c18_s2"/>
<string name="2" value="c18_s3"/>
<string name="3" value="c18_s4"/>
</imgdir>
</imgdir>
<imgdir name="fail">
<imgdir name="0">
<string name="act" value="chat"/>
<string name="0" value="c18_f1"/>
<string name="1" value="c18_f2"/>
<string name="2" value="c18_f3"/>
<string name="3" value="c18_f4"/>
</imgdir>
</imgdir>
</imgdir>
<imgdir name="18">
<string name="command" value="c19"/>
<int name="inc" value="1"/>
<int name="prob" value="30"/>
<int name="l0" value="10"/>
<int name="l1" value="19"/>
<imgdir name="success">
<imgdir name="0">
<string name="act" value="chat"/>
<string name="0" value="c19_s1"/>
<string name="1" value="c19_s2"/>
<string name="2" value="c19_s3"/>
<string name="3" value="c19_s4"/>
</imgdir>
</imgdir>
<imgdir name="fail">
<imgdir name="0">
<string name="act" value="stand0"/>
<string name="0" value="c19_f1"/>
<string name="1" value="c19_f2"/>
<string name="2" value="c19_f3"/>
<string name="3" value="c19_f4"/>
</imgdir>
</imgdir>
</imgdir>
<imgdir name="19">
<string name="command" value="c20"/>
<int name="inc" value="2"/>
<int name="prob" value="45"/>
<int name="l0" value="20"/>
<int name="l1" value="29"/>
<imgdir name="success">
<imgdir name="0">
<string name="act" value="chat"/>
<string name="0" value="c20_s1"/>
<string name="1" value="c20_s2"/>
<string name="2" value="c20_s3"/>
<string name="3" value="c20_s4"/>
</imgdir>
</imgdir>
<imgdir name="fail">
<imgdir name="0">
<string name="act" value="stand0"/>
<string name="0" value="c20_f1"/>
<string name="1" value="c20_f2"/>
<string name="2" value="c20_f3"/>
<string name="3" value="c20_f4"/>
</imgdir>
</imgdir>
</imgdir>
<imgdir name="20">
<string name="command" value="c21"/>
<int name="inc" value="3"/>
<int name="prob" value="60"/>
<int name="l0" value="30"/>
<int name="l1" value="30"/>
<imgdir name="success">
<imgdir name="0">
<string name="act" value="chat"/>
<string name="0" value="c21_s1"/>
<string name="1" value="c21_s2"/>
<string name="2" value="c21_s3"/>
<string name="3" value="c21_s4"/>
</imgdir>
</imgdir>
<imgdir name="fail">
<imgdir name="0">
<string name="act" value="stand0"/>
<string name="0" value="c21_f1"/>
<string name="1" value="c21_f2"/>
<string name="2" value="c21_f3"/>
<string name="3" value="c21_f4"/>
</imgdir>
</imgdir>
</imgdir>
<imgdir name="21">
<string name="command" value="c22"/>
<int name="inc" value="2"/>
<int name="prob" value="50"/>
<int name="l0" value="20"/>
<int name="l1" value="29"/>
<imgdir name="success">
<imgdir name="0">
<string name="act" value="chat"/>
<string name="0" value="c22_s1"/>
<string name="1" value="c22_s2"/>
<string name="2" value="c22_s3"/>
<string name="3" value="c22_s4"/>
</imgdir>
</imgdir>
<imgdir name="fail">
<imgdir name="0">
<string name="act" value="stand0"/>
<string name="0" value="c22_f1"/>
<string name="1" value="c22_f2"/>
<string name="2" value="c22_f3"/>
<string name="3" value="c22_f4"/>
</imgdir>
</imgdir>
</imgdir>
<imgdir name="22">
<string name="command" value="c23"/>
<int name="inc" value="3"/>
<int name="prob" value="60"/>
<int name="l0" value="30"/>
<int name="l1" value="30"/>
<imgdir name="success">
<imgdir name="0">
<string name="act" value="chat"/>
<string name="0" value="c23_s1"/>
<string name="1" value="c23_s2"/>
<string name="2" value="c23_s3"/>
<string name="3" value="c23_s4"/>
</imgdir>
</imgdir>
<imgdir name="fail">
<imgdir name="0">
<string name="act" value="stand0"/>
<string name="0" value="c23_f1"/>
<string name="1" value="c23_f2"/>
<string name="2" value="c23_f3"/>
<string name="3" value="c23_f4"/>
</imgdir>
</imgdir>
</imgdir>
</imgdir>
<imgdir name="food">
<imgdir name="0">
<int name="l0" value="1"/>
<int name="l1" value="9"/>
<imgdir name="success">
<imgdir name="0">
<string name="act" value="eat"/>
<string name="0" value="f1_s"/>
</imgdir>
</imgdir>
<imgdir name="fail">
<imgdir name="0">
<string name="act" value="stand"/>
<string name="0" value="f1_f"/>
</imgdir>
</imgdir>
</imgdir>
<imgdir name="1">
<int name="l0" value="10"/>
<int name="l1" value="19"/>
<imgdir name="success">
<imgdir name="0">
<string name="act" value="eat"/>
<string name="0" value="f2_s"/>
</imgdir>
</imgdir>
<imgdir name="fail">
<imgdir name="0">
<string name="act" value="stand"/>
<string name="0" value="f2_f"/>
</imgdir>
</imgdir>
</imgdir>
<imgdir name="2">
<int name="l0" value="20"/>
<int name="l1" value="29"/>
<imgdir name="success">
<imgdir name="0">
<string name="act" value="eat"/>
<string name="0" value="f3_s"/>
</imgdir>
</imgdir>
<imgdir name="fail">
<imgdir name="0">
<string name="act" value="stand"/>
<string name="0" value="f3_f"/>
</imgdir>
</imgdir>
</imgdir>
<imgdir name="3">
<int name="l0" value="30"/>
<int name="l1" value="30"/>
<imgdir name="success">
<imgdir name="0">
<string name="act" value="eat"/>
<string name="0" value="f4_s"/>
</imgdir>
</imgdir>
<imgdir name="fail">
<imgdir name="0">
<string name="act" value="angry"/>
<string name="0" value="f4_f"/>
</imgdir>
</imgdir>
</imgdir>
</imgdir>
<imgdir name="slang">
<imgdir name="0">
<int name="l0" value="1"/>
<int name="l1" value="9"/>
<string name="act" value="igangryre"/>
<string name="0" value="s1"/>
</imgdir>
<imgdir name="1">
<int name="l0" value="10"/>
<int name="l1" value="19"/>
<string name="act" value="igangryre"/>
<string name="0" value="s2"/>
</imgdir>
<imgdir name="2">
<int name="l0" value="20"/>
<int name="l1" value="29"/>
<string name="act" value="angry"/>
<string name="0" value="s3"/>
</imgdir>
<imgdir name="3">
<int name="l0" value="30"/>
<int name="l1" value="30"/>
<string name="act" value="angry"/>
<string name="0" value="s4"/>
</imgdir>
</imgdir>
<imgdir name="stand0">
<canvas name="0" width="49" height="27">
<vector name="origin" x="24" y="27"/>
<int name="z" value="0"/>
<vector name="lt" x="-27" y="-27"/>
<vector name="rb" x="27" y="1"/>
<string name="_hash" value="1d06441bbf1dcd76ef6f8e884f068321779fade2a0b21d1c1fd769cae11eda74"/>
</canvas>
<canvas name="1" width="1" height="1">
<vector name="origin" x="24" y="27"/>
<int name="z" value="0"/>
<vector name="lt" x="-27" y="-27"/>
<vector name="rb" x="27" y="1"/>
<string name="_inlink" value="stand0/0"/>
</canvas>
<canvas name="2" width="49" height="27">
<vector name="origin" x="24" y="27"/>
<int name="z" value="0"/>
<vector name="lt" x="-27" y="-27"/>
<vector name="rb" x="27" y="1"/>
<string name="_hash" value="a3d7f933306ab1beff96efcc6e56795c59c838da5ea4c6b9fadf770d8d78128f"/>
</canvas>
<canvas name="3" width="49" height="27">
<vector name="origin" x="24" y="27"/>
<int name="z" value="0"/>
<vector name="lt" x="-27" y="-27"/>
<vector name="rb" x="27" y="1"/>
<string name="_hash" value="57c145d742aa2e6b1a7d88038d47ce0e805acb3063cc3e101080829f3767afb8"/>
</canvas>
<canvas name="4" width="1" height="1">
<vector name="origin" x="24" y="27"/>
<int name="z" value="0"/>
<vector name="lt" x="-27" y="-27"/>
<vector name="rb" x="27" y="1"/>
<string name="_inlink" value="stand0/0"/>
</canvas>
<canvas name="5" width="1" height="1">
<vector name="origin" x="24" y="27"/>
<int name="z" value="0"/>
<vector name="lt" x="-27" y="-27"/>
<vector name="rb" x="27" y="1"/>
<string name="_inlink" value="stand0/0"/>
</canvas>
</imgdir>
<imgdir name="stand1">
<canvas name="0" width="1" height="1">
<vector name="origin" x="24" y="27"/>
<int name="z" value="0"/>
<vector name="lt" x="-27" y="-27"/>
<vector name="rb" x="27" y="1"/>
<string name="_inlink" value="stand0/0"/>
</canvas>
<canvas name="1" width="49" height="27">
<vector name="origin" x="24" y="27"/>
<int name="z" value="0"/>
<vector name="lt" x="-27" y="-27"/>
<vector name="rb" x="27" y="1"/>
<string name="_hash" value="ca3ec6b6c44b1ff7d075ebad47bcb8274d08ad7b350499e30c44bebb46abeac8"/>
</canvas>
<canvas name="2" width="49" height="27">
<vector name="origin" x="24" y="27"/>
<int name="z" value="0"/>
<vector name="lt" x="-27" y="-27"/>
<vector name="rb" x="27" y="1"/>
<string name="_hash" value="2bcc0ae6959b6fc9e34e881955b46f57da28c0d0915cffc8cdce9166ea5308c7"/>
</canvas>
<canvas name="3" width="49" height="27">
<vector name="origin" x="24" y="27"/>
<int name="z" value="0"/>
<vector name="lt" x="-27" y="-27"/>
<vector name="rb" x="27" y="1"/>
<string name="_hash" value="d041cf7cccaa4108a9487fe04aa8317082b74af603a25a0e6c5317d920024648"/>
</canvas>
</imgdir>
<imgdir name="rest0">
<canvas name="0" width="67" height="25">
<vector name="origin" x="24" y="25"/>
<int name="z" value="0"/>
<string name="_hash" value="35f07bd7c5b66a3e85e5a14760b359f904e021bda468a1b8fbad912ab1ec767d"/>
</canvas>
<canvas name="1" width="1" height="1">
<vector name="origin" x="24" y="25"/>
<int name="z" value="0"/>
<string name="_inlink" value="rest0/0"/>
</canvas>
<canvas name="2" width="67" height="25">
<vector name="origin" x="24" y="25"/>
<int name="z" value="0"/>
<string name="_hash" value="e7fde4331de52c4e13373a59e9c76cc586a6990b27f4a523c43d35bcc65ef094"/>
</canvas>
<canvas name="3" width="67" height="25">
<vector name="origin" x="24" y="25"/>
<int name="z" value="0"/>
<string name="_hash" value="8e7e1a52c82f08ed57604d6a409d1b7b7c1b335732f1bc3a1c6d6d150e4aef60"/>
</canvas>
</imgdir>
<imgdir name="move">
<canvas name="0" width="49" height="27">
<vector name="origin" x="24" y="27"/>
<int name="z" value="0"/>
<vector name="lt" x="-27" y="-27"/>
<vector name="rb" x="27" y="1"/>
<string name="_hash" value="adc2b52f89af717d085d55d5c9c1627be658009b6f96cbe2f88bcec8be512629"/>
</canvas>
<canvas name="1" width="49" height="28">
<vector name="origin" x="24" y="28"/>
<int name="z" value="0"/>
<vector name="lt" x="-27" y="-27"/>
<vector name="rb" x="27" y="1"/>
<string name="_hash" value="345911962c850d42a8761fcec7f5daeef4dbce34f1c7fe4d84da1982464d475b"/>
</canvas>
<canvas name="2" width="49" height="27">
<vector name="origin" x="24" y="27"/>
<int name="z" value="0"/>
<vector name="lt" x="-27" y="-27"/>
<vector name="rb" x="27" y="1"/>
<string name="_hash" value="dd5380bf0144822a27ff835b3423ffd3c8f7b419c7ec33d87c4178664cd516bf"/>
</canvas>
<canvas name="3" width="49" height="28">
<vector name="origin" x="24" y="28"/>
<int name="z" value="0"/>
<vector name="lt" x="-27" y="-27"/>
<vector name="rb" x="27" y="1"/>
<string name="_hash" value="0749cf08d95c696a8e0a181324c755dceec09eeddf61b142094f856f086dc774"/>
</canvas>
</imgdir>
<imgdir name="jump">
<canvas name="0" width="48" height="28">
<vector name="origin" x="23" y="33"/>
<int name="z" value="0"/>
<vector name="lt" x="-27" y="-27"/>
<vector name="rb" x="27" y="1"/>
<string name="_hash" value="51a91c906faa8a4118ab0fc362848459e15d5e740785f1fb17efc4c8c6048d66"/>
</canvas>
</imgdir>
<imgdir name="hang">
<canvas name="0" width="25" height="52">
<vector name="origin" x="12" y="62"/>
<int name="z" value="0"/>
<vector name="lt" x="-27" y="-27"/>
<vector name="rb" x="27" y="1"/>
<string name="_hash" value="b6878ee6fcb6f09afd6e3a14cf0aefd03787cc5d75c9f1398932fb6681e61a64"/>
</canvas>
</imgdir>
<imgdir name="hungry">
<canvas name="0" width="67" height="42">
<vector name="origin" x="23" y="42"/>
<int name="z" value="0"/>
<vector name="lt" x="-27" y="-27"/>
<vector name="rb" x="27" y="1"/>
<string name="_hash" value="e958b2bc039d3bebd5da8a85c9b2878670adfc10c57a84842d264f7b850e10ff"/>
</canvas>
<canvas name="1" width="67" height="42">
<vector name="origin" x="23" y="42"/>
<int name="z" value="0"/>
<vector name="lt" x="-27" y="-27"/>
<vector name="rb" x="27" y="1"/>
<string name="_hash" value="e16506d9b131b5f1ffc8e8ef39bab4749ee60742d9bb444cf83ac936b6c429f8"/>
</canvas>
<canvas name="2" width="67" height="42">
<vector name="origin" x="23" y="42"/>
<int name="z" value="0"/>
<vector name="lt" x="-27" y="-27"/>
<vector name="rb" x="27" y="1"/>
<string name="_hash" value="0fa46600c7fdeb9d7543b086d0b648095027ffe70dbab2a091178138840af839"/>
</canvas>
<canvas name="3" width="1" height="1">
<vector name="origin" x="23" y="42"/>
<int name="z" value="0"/>
<vector name="lt" x="-27" y="-27"/>
<vector name="rb" x="27" y="1"/>
<string name="_inlink" value="hungry/2"/>
</canvas>
</imgdir>
<imgdir name="angry">
<canvas name="0" width="55" height="35">
<vector name="origin" x="30" y="35"/>
<int name="z" value="0"/>
<vector name="lt" x="-27" y="-27"/>
<vector name="rb" x="27" y="1"/>
<string name="_hash" value="1bb4edaf2c82c89e5dd3a0a1f9b230d527d1f12eb3fcb90968e274c66fe46e15"/>
</canvas>
<canvas name="1" width="55" height="38">
<vector name="origin" x="32" y="38"/>
<int name="z" value="0"/>
<vector name="lt" x="-27" y="-27"/>
<vector name="rb" x="27" y="1"/>
<string name="_hash" value="f9af0b5c22c42cb470fd807656bd98a892e2a040fd9c02662ed2f5b0bcc27718"/>
</canvas>
<canvas name="2" width="1" height="1">
<vector name="origin" x="30" y="35"/>
<int name="z" value="0"/>
<vector name="lt" x="-27" y="-27"/>
<vector name="rb" x="27" y="1"/>
<string name="_inlink" value="angry/0"/>
</canvas>
<canvas name="3" width="1" height="1">
<vector name="origin" x="32" y="38"/>
<int name="z" value="0"/>
<vector name="lt" x="-27" y="-27"/>
<vector name="rb" x="27" y="1"/>
<string name="_inlink" value="angry/1"/>
</canvas>
</imgdir>
<imgdir name="chat">
<canvas name="0" width="1" height="1">
<vector name="origin" x="24" y="27"/>
<int name="z" value="0"/>
<vector name="lt" x="-27" y="-27"/>
<vector name="rb" x="27" y="1"/>
<string name="_inlink" value="stand0/0"/>
</canvas>
<canvas name="1" width="54" height="26">
<vector name="origin" x="24" y="26"/>
<int name="z" value="0"/>
<vector name="lt" x="-27" y="-27"/>
<vector name="rb" x="27" y="1"/>
<string name="_hash" value="86471d53e31c94539e4b0746ed2dfd1f74914bb7d9bb2159dcc196938e258581"/>
</canvas>
<canvas name="2" width="62" height="26">
<vector name="origin" x="24" y="26"/>
<int name="z" value="0"/>
<vector name="lt" x="-27" y="-27"/>
<vector name="rb" x="27" y="1"/>
<string name="_hash" value="1649c7e89cac26d4be91a8b64bbb9f4cf9b01eaf9502a8c6af164eb8fd6fc3d3"/>
</canvas>
<canvas name="3" width="54" height="27">
<vector name="origin" x="24" y="27"/>
<int name="z" value="0"/>
<vector name="lt" x="-27" y="-27"/>
<vector name="rb" x="27" y="1"/>
<string name="_hash" value="25cfa664309fe78938c02a3e32085e8fdb01d4bdc96b085f5d5302e9644ab16c"/>
</canvas>
<canvas name="4" width="52" height="26">
<vector name="origin" x="24" y="26"/>
<int name="z" value="0"/>
<vector name="lt" x="-27" y="-27"/>
<vector name="rb" x="27" y="1"/>
<string name="_hash" value="6045aa6fc3e523c382059e48beff1a001def73ca3b022d3c42acbabacac3c244"/>
</canvas>
</imgdir>
<imgdir name="love">
<canvas name="0" width="50" height="41">
<vector name="origin" x="25" y="41"/>
<int name="z" value="0"/>
<vector name="lt" x="-27" y="-27"/>
<vector name="rb" x="27" y="1"/>
<string name="_hash" value="5df7dacc417ed64e88b5c4d6c5ec3561f945963e6b84a075aeed6fa0c1ac325a"/>
</canvas>
<canvas name="1" width="58" height="58">
<vector name="origin" x="28" y="58"/>
<int name="z" value="0"/>
<vector name="lt" x="-27" y="-27"/>
<vector name="rb" x="27" y="1"/>
<string name="_hash" value="2a9654f0b06689da436f0772854f54508c50a7b90a1414e2ac414216b9e53d56"/>
</canvas>
<canvas name="2" width="68" height="61">
<vector name="origin" x="30" y="61"/>
<int name="z" value="0"/>
<vector name="lt" x="-27" y="-27"/>
<vector name="rb" x="27" y="1"/>
<string name="_hash" value="8bdbdb3f8670998bafc4cb6063b5bd058c3732a52bc5daa2aa21ca68436972e5"/>
</canvas>
<canvas name="3" width="54" height="60">
<vector name="origin" x="24" y="60"/>
<int name="z" value="0"/>
<vector name="lt" x="-27" y="-27"/>
<vector name="rb" x="27" y="1"/>
<string name="_hash" value="44f62a9b9a88353cfa35300ac547241a33f8a24721b829fd86682d692226c213"/>
</canvas>
<canvas name="4" width="52" height="57">
<vector name="origin" x="24" y="57"/>
<int name="z" value="0"/>
<vector name="lt" x="-27" y="-27"/>
<vector name="rb" x="27" y="1"/>
<string name="_hash" value="3ddce269a2eac24d50cf135e60d54ada0b941a22cf724163f96a7536f7640872"/>
</canvas>
</imgdir>
<imgdir name="eat">
<canvas name="0" width="49" height="32">
<vector name="origin" x="28" y="31"/>
<int name="z" value="0"/>
<vector name="lt" x="-27" y="-27"/>
<vector name="rb" x="27" y="1"/>
<string name="_hash" value="249c9904c73e05ac6c284e4ec48fbca2b3c546807f1a1cb7bc736c2bd6dfd7b7"/>
</canvas>
<canvas name="1" width="49" height="33">
<vector name="origin" x="28" y="32"/>
<int name="z" value="0"/>
<vector name="lt" x="-27" y="-27"/>
<vector name="rb" x="27" y="1"/>
<string name="_hash" value="57eff133ffde922653bf17ec25ef42262239e3688bc53ce00583e963b2609588"/>
</canvas>
<canvas name="2" width="53" height="34">
<vector name="origin" x="32" y="33"/>
<int name="z" value="0"/>
<vector name="lt" x="-27" y="-27"/>
<vector name="rb" x="27" y="1"/>
<string name="_hash" value="0166e1aab8431251c7677ea43613953b75ba8f9204e9ca558b9fa04038f955b4"/>
</canvas>
</imgdir>
<imgdir name="dung">
<canvas name="0" width="38" height="41">
<vector name="origin" x="19" y="41"/>
<int name="z" value="0"/>
<vector name="lt" x="-27" y="-27"/>
<vector name="rb" x="27" y="1"/>
<string name="_hash" value="713aa6d70085d31b8d4a03ba8538e5662a80e98fe127f72e3ad52c01be2f78d3"/>
</canvas>
<canvas name="1" width="40" height="50">
<vector name="origin" x="19" y="50"/>
<int name="z" value="0"/>
<vector name="lt" x="-27" y="-27"/>
<vector name="rb" x="27" y="1"/>
<string name="_hash" value="aad56fe3f45587a0911f2e7d59fd6bc7b71de91a40879b535e0cd2be7604c6f7"/>
</canvas>
<canvas name="2" width="43" height="52">
<vector name="origin" x="19" y="52"/>
<int name="z" value="0"/>
<vector name="lt" x="-27" y="-27"/>
<vector name="rb" x="27" y="1"/>
<string name="_hash" value="9b702de67805274e994e19eeb712a6c2c57c70ca8d1fa066ee4e8d70727ebf3a"/>
</canvas>
</imgdir>
<imgdir name="sleep">
<canvas name="0" width="73" height="25">
<vector name="origin" x="30" y="25"/>
<int name="z" value="0"/>
<vector name="lt" x="-27" y="-27"/>
<vector name="rb" x="27" y="1"/>
<string name="_hash" value="c370dc483d5f8b06861caf1b24ee8961ad7a6e7e3a3eff34a6afa238bf656aef"/>
</canvas>
<canvas name="1" width="75" height="25">
<vector name="origin" x="32" y="25"/>
<int name="z" value="0"/>
<vector name="lt" x="-27" y="-27"/>
<vector name="rb" x="27" y="1"/>
<string name="_hash" value="6bd550065653431a82e6b8e1ca71ddf414150ccdb789c0563dfd715256e09293"/>
</canvas>
<canvas name="2" width="78" height="25">
<vector name="origin" x="35" y="25"/>
<int name="z" value="0"/>
<vector name="lt" x="-27" y="-27"/>
<vector name="rb" x="27" y="1"/>
<string name="_hash" value="d36e74c6964afe752a69e9151c713e0203d85f8afc4c4470a2d71d2b89e68ca3"/>
</canvas>
<canvas name="3" width="79" height="25">
<vector name="origin" x="36" y="25"/>
<int name="z" value="0"/>
<vector name="lt" x="-27" y="-27"/>
<vector name="rb" x="27" y="1"/>
<string name="_hash" value="a6ba2116d625339452749d50e62ffb9f1ffd20066dcf92da6e49c09aff36a803"/>
</canvas>
<canvas name="4" width="67" height="25">
<vector name="origin" x="24" y="25"/>
<int name="z" value="0"/>
<vector name="lt" x="-27" y="-27"/>
<vector name="rb" x="27" y="1"/>
<string name="_hash" value="cd96c3b87fb8f2e06a57232458ea81b32f253eeaa48c4a3d037dca7d0d6b48ee"/>
</canvas>
</imgdir>
<imgdir name="cry">
<canvas name="0" width="46" height="31">
<vector name="origin" x="25" y="31"/>
<int name="z" value="0"/>
<vector name="lt" x="-27" y="-27"/>
<vector name="rb" x="27" y="1"/>
<string name="_hash" value="ebffa580e788b2a02dd689d3eeabe127acd8a5e561290aa4f444b8c73667633f"/>
</canvas>
<canvas name="1" width="46" height="32">
<vector name="origin" x="25" y="32"/>
<int name="z" value="0"/>
<vector name="lt" x="-27" y="-27"/>
<vector name="rb" x="27" y="1"/>
<string name="_hash" value="cb90db612ed9398770551bcda46b0594a7e7910c793c8adfe0498a6e804c14f7"/>
</canvas>
</imgdir>
<imgdir name="sit">
<uol name="0" value="../rest0/0"/>
<uol name="1" value="../rest0/1"/>
<uol name="2" value="../rest0/2"/>
<uol name="3" value="../rest0/3"/>
</imgdir>
<imgdir name="fly">
<uol name="0" value="../jump/0"/>
</imgdir>
<imgdir name="etc">
<canvas name="0" width="1" height="1">
<vector name="origin" x="24" y="27"/>
<int name="z" value="0"/>
<vector name="lt" x="-27" y="-27"/>
<vector name="rb" x="27" y="1"/>
<string name="_inlink" value="stand0/0"/>
</canvas>
<canvas name="1" width="1" height="1">
<vector name="origin" x="24" y="27"/>
<int name="z" value="0"/>
<vector name="lt" x="-27" y="-27"/>
<vector name="rb" x="27" y="1"/>
<string name="_inlink" value="stand1/1"/>
</canvas>
<canvas name="2" width="1" height="1">
<vector name="origin" x="24" y="27"/>
<int name="z" value="0"/>
<vector name="lt" x="-27" y="-27"/>
<vector name="rb" x="27" y="1"/>
<string name="_inlink" value="stand1/2"/>
</canvas>
<canvas name="3" width="1" height="1">
<vector name="origin" x="24" y="27"/>
<int name="z" value="0"/>
<vector name="lt" x="-27" y="-27"/>
<vector name="rb" x="27" y="1"/>
<string name="_inlink" value="stand1/3"/>
</canvas>
<canvas name="4" width="1" height="1">
<vector name="origin" x="24" y="27"/>
<int name="z" value="0"/>
<vector name="lt" x="-27" y="-27"/>
<vector name="rb" x="27" y="1"/>
<string name="_inlink" value="stand0/0"/>
</canvas>
<canvas name="5" width="49" height="27">
<vector name="origin" x="24" y="27"/>
<int name="z" value="0"/>
<vector name="lt" x="-27" y="-27"/>
<vector name="rb" x="27" y="1"/>
<string name="_hash" value="61b714fc9bda4ba394e29c28be81f6ef4d0f3e5d564ede302936f39dc2658ea4"/>
</canvas>
<canvas name="6" width="73" height="39">
<vector name="origin" x="48" y="39"/>
<int name="z" value="0"/>
<vector name="lt" x="-27" y="-27"/>
<vector name="rb" x="27" y="1"/>
<string name="_hash" value="ad577c0dca1255233b461e070aae0e68887bda5bdbcb7023642c7a7bb2bae8d6"/>
</canvas>
<canvas name="7" width="60" height="28">
<vector name="origin" x="35" y="28"/>
<int name="z" value="0"/>
<vector name="lt" x="-27" y="-27"/>
<vector name="rb" x="27" y="1"/>
<string name="_hash" value="755c1bfe9c25fac031a36d617882ddb9bff4a03f9ba1fa107ce015a0cd4387be"/>
</canvas>
</imgdir>
</imgdir>
