<?xml version="1.0" encoding="UTF-8" standalone="yes"?>
<imgdir name="5000377.img">
<imgdir name="info">
<canvas name="icon" width="33" height="29">
<vector name="origin" x="0" y="29"/>
<string name="_hash" value="c0c50cae789662c4532b002b3d81c25df3bc5f744dfc741ba72fb95f4bfdd820"/>
</canvas>
<canvas name="iconRaw" width="33" height="27">
<vector name="origin" x="0" y="29"/>
<string name="_hash" value="387a3f5bf5181358bbfc0b915f1b59413ead5f1825003db89ab4b00814fb3979"/>
</canvas>
<canvas name="iconD" width="26" height="32">
<vector name="origin" x="-5" y="32"/>
<string name="_hash" value="0862a2863b11b0e622006b4b5f726c94285aeec4b1bd8823edfccd3754a0c9fb"/>
</canvas>
<canvas name="iconRawD" width="24" height="30">
<vector name="origin" x="-6" y="32"/>
<string name="_hash" value="3b9c96ab9c42fa7c5fcbb19f80a1c07316fcb81df1b79cd04bf067f625071fad"/>
</canvas>
<int name="hungry" value="2"/>
<int name="cash" value="1"/>
<int name="nameTag" value="160"/>
<int name="chatBalloon" value="160"/>
<int name="multiPet" value="1"/>
<int name="life" value="90"/>
<int name="pickupItem" value="1"/>
<int name="autoBuff" value="1"/>
<int name="setItemID" value="377"/>
</imgdir>
<imgdir name="interact">
<imgdir name="0">
<string name="command" value="c1"/>
<int name="inc" value="1"/>
<int name="prob" value="30"/>
<int name="l0" value="1"/>
<int name="l1" value="9"/>
<imgdir name="success">
<imgdir name="0">
<string name="act" value="rest0"/>
<string name="0" value="c1_s1"/>
<string name="1" value="c1_s2"/>
</imgdir>
</imgdir>
<imgdir name="fail">
<imgdir name="0">
<string name="act" value="chat"/>
<string name="0" value="c1_f1"/>
<string name="1" value="c1_f2"/>
</imgdir>
</imgdir>
</imgdir>
<imgdir name="1">
<string name="command" value="c2"/>
<int name="inc" value="2"/>
<int name="prob" value="45"/>
<int name="l0" value="10"/>
<int name="l1" value="19"/>
<imgdir name="success">
<imgdir name="0">
<string name="act" value="rest0"/>
<string name="0" value="c2_s1"/>
<string name="1" value="c2_s2"/>
<string name="2" value="c2_s3"/>
<string name="3" value="c2_s4"/>
</imgdir>
</imgdir>
<imgdir name="fail">
<imgdir name="0">
<string name="act" value="chat"/>
<string name="0" value="c2_f1"/>
<string name="1" value="c2_f2"/>
<string name="2" value="c2_f3"/>
<string name="3" value="c2_f4"/>
</imgdir>
</imgdir>
</imgdir>
<imgdir name="2">
<string name="command" value="c3"/>
<int name="inc" value="3"/>
<int name="prob" value="60"/>
<int name="l0" value="20"/>
<int name="l1" value="29"/>
<imgdir name="success">
<imgdir name="0">
<string name="act" value="rest0"/>
<string name="0" value="c3_s1"/>
<string name="1" value="c3_s2"/>
<string name="2" value="c3_s3"/>
<string name="3" value="c3_s4"/>
</imgdir>
</imgdir>
<imgdir name="fail">
<imgdir name="0">
<string name="act" value="cry"/>
<string name="0" value="c3_f1"/>
<string name="1" value="c3_f2"/>
<string name="2" value="c3_f3"/>
<string name="3" value="c3_f4"/>
</imgdir>
</imgdir>
</imgdir>
<imgdir name="3">
<string name="command" value="c4"/>
<int name="inc" value="2"/>
<int name="prob" value="70"/>
<int name="l0" value="30"/>
<int name="l1" value="30"/>
<imgdir name="success">
<imgdir name="0">
<string name="act" value="rest0"/>
<string name="0" value="c4_s1"/>
<string name="1" value="c4_s2"/>
<string name="2" value="c4_s3"/>
<string name="3" value="c4_s4"/>
</imgdir>
</imgdir>
<imgdir name="fail">
<imgdir name="0">
<string name="act" value="angry"/>
<string name="0" value="c4_f1"/>
<string name="1" value="c4_f2"/>
<string name="2" value="c4_f3"/>
<string name="3" value="c4_f4"/>
</imgdir>
</imgdir>
</imgdir>
<imgdir name="4">
<string name="command" value="c5"/>
<int name="inc" value="1"/>
<int name="prob" value="30"/>
<int name="l0" value="1"/>
<int name="l1" value="9"/>
<imgdir name="success">
<imgdir name="0">
<string name="act" value="cry"/>
<string name="0" value="c5_s1"/>
<string name="1" value="c5_s2"/>
</imgdir>
</imgdir>
<imgdir name="fail">
<imgdir name="0">
<string name="act" value="chat"/>
<string name="0" value="c5_f1"/>
<string name="1" value="c5_f2"/>
</imgdir>
</imgdir>
</imgdir>
<imgdir name="5">
<string name="command" value="c6"/>
<int name="inc" value="2"/>
<int name="prob" value="50"/>
<int name="l0" value="10"/>
<int name="l1" value="19"/>
<imgdir name="success">
<imgdir name="0">
<string name="act" value="cry"/>
<string name="0" value="c6_s1"/>
<string name="1" value="c6_s2"/>
<string name="2" value="c6_s3"/>
<string name="3" value="c6_s4"/>
</imgdir>
</imgdir>
<imgdir name="fail">
<imgdir name="0">
<string name="act" value="chat"/>
<string name="0" value="c6_f1"/>
<string name="1" value="c6_f2"/>
<string name="2" value="c6_f3"/>
<string name="3" value="c6_f4"/>
</imgdir>
</imgdir>
</imgdir>
<imgdir name="6">
<string name="command" value="c7"/>
<int name="inc" value="2"/>
<int name="prob" value="60"/>
<int name="l0" value="20"/>
<int name="l1" value="29"/>
<imgdir name="success">
<imgdir name="0">
<string name="act" value="cry"/>
<string name="0" value="c7_s1"/>
<string name="1" value="c7_s2"/>
<string name="2" value="c7_s3"/>
<string name="3" value="c7_s4"/>
</imgdir>
</imgdir>
<imgdir name="fail">
<imgdir name="0">
<string name="act" value="angry"/>
<string name="0" value="c7_f1"/>
<string name="1" value="c7_f2"/>
<string name="2" value="c7_f3"/>
<string name="3" value="c7_f4"/>
</imgdir>
</imgdir>
</imgdir>
<imgdir name="7">
<string name="command" value="c8"/>
<int name="inc" value="3"/>
<int name="prob" value="70"/>
<int name="l0" value="30"/>
<int name="l1" value="30"/>
<imgdir name="success">
<imgdir name="0">
<string name="act" value="cry"/>
<string name="0" value="c8_s1"/>
<string name="1" value="c8_s2"/>
<string name="2" value="c8_s3"/>
<string name="3" value="c8_s4"/>
</imgdir>
</imgdir>
<imgdir name="fail">
<imgdir name="0">
<string name="act" value="chat"/>
<string name="0" value="c8_f1"/>
<string name="1" value="c8_f2"/>
<string name="2" value="c8_f3"/>
<string name="3" value="c8_f4"/>
</imgdir>
</imgdir>
</imgdir>
<imgdir name="8">
<string name="command" value="c9"/>
<int name="inc" value="1"/>
<int name="prob" value="30"/>
<int name="l0" value="1"/>
<int name="l1" value="9"/>
<imgdir name="success">
<imgdir name="0">
<string name="act" value="love"/>
<string name="0" value="c9_s1"/>
<string name="1" value="c9_s2"/>
</imgdir>
</imgdir>
<imgdir name="fail">
<imgdir name="0">
<string name="act" value="cry"/>
<string name="0" value="c9_f1"/>
<string name="1" value="c9_f2"/>
</imgdir>
</imgdir>
</imgdir>
<imgdir name="9">
<string name="command" value="c10"/>
<int name="inc" value="2"/>
<int name="prob" value="50"/>
<int name="l0" value="10"/>
<int name="l1" value="19"/>
<imgdir name="success">
<imgdir name="0">
<string name="act" value="love"/>
<string name="0" value="c10_s1"/>
<string name="1" value="c10_s2"/>
<string name="2" value="c10_s3"/>
<string name="3" value="c10_s4"/>
</imgdir>
</imgdir>
<imgdir name="fail">
<imgdir name="0">
<string name="act" value="chat"/>
<string name="0" value="c10_f1"/>
<string name="1" value="c10_f2"/>
<string name="2" value="c10_f3"/>
<string name="3" value="c10_f4"/>
</imgdir>
</imgdir>
</imgdir>
<imgdir name="10">
<string name="command" value="c11"/>
<int name="inc" value="2"/>
<int name="prob" value="60"/>
<int name="l0" value="20"/>
<int name="l1" value="29"/>
<imgdir name="success">
<imgdir name="0">
<string name="act" value="love"/>
<string name="0" value="c11_s1"/>
<string name="1" value="c11_s2"/>
<string name="2" value="c11_s3"/>
<string name="3" value="c11_s4"/>
</imgdir>
</imgdir>
<imgdir name="fail">
<imgdir name="0">
<string name="act" value="angry"/>
<string name="0" value="c11_f1"/>
<string name="1" value="c11_f2"/>
<string name="2" value="c11_f3"/>
<string name="4" value="c11_f4"/>
</imgdir>
</imgdir>
</imgdir>
<imgdir name="11">
<string name="command" value="c12"/>
<int name="inc" value="3"/>
<int name="prob" value="70"/>
<int name="l0" value="30"/>
<int name="l1" value="30"/>
<imgdir name="success">
<imgdir name="0">
<string name="act" value="love"/>
<string name="0" value="c12_s1"/>
<string name="1" value="c12_s2"/>
<string name="2" value="c12_s3"/>
<string name="3" value="c12_s4"/>
</imgdir>
</imgdir>
<imgdir name="fail">
<imgdir name="0">
<string name="act" value="chat"/>
<string name="0" value="c12_f1"/>
<string name="1" value="c12_f2"/>
<string name="2" value="c12_f3"/>
<string name="3" value="c12_f4"/>
</imgdir>
</imgdir>
</imgdir>
<imgdir name="12">
<string name="command" value="c13"/>
<int name="inc" value="1"/>
<int name="prob" value="30"/>
<int name="l0" value="10"/>
<int name="l1" value="19"/>
<imgdir name="success">
<imgdir name="0">
<string name="act" value="dung"/>
<string name="0" value="c13_s1"/>
<string name="1" value="c13_s2"/>
<string name="2" value="c13_s3"/>
<string name="3" value="c13_s4"/>
</imgdir>
</imgdir>
<imgdir name="fail">
<imgdir name="0">
<string name="act" value="cry"/>
<string name="0" value="c13_f1"/>
<string name="1" value="c13_f2"/>
<string name="2" value="c13_f3"/>
<string name="3" value="c13_f4"/>
</imgdir>
</imgdir>
</imgdir>
<imgdir name="13">
<string name="command" value="c14"/>
<int name="inc" value="2"/>
<int name="prob" value="50"/>
<int name="l0" value="20"/>
<int name="l1" value="29"/>
<imgdir name="success">
<imgdir name="0">
<string name="act" value="dung"/>
<string name="0" value="c14_s1"/>
<string name="1" value="c14_s2"/>
<string name="2" value="c14_s3"/>
<string name="3" value="c14_s4"/>
</imgdir>
</imgdir>
<imgdir name="fail">
<imgdir name="0">
<string name="act" value="cry"/>
<string name="0" value="c14_f1"/>
<string name="1" value="c14_f2"/>
<string name="2" value="c14_f3"/>
<string name="3" value="c14_f4"/>
</imgdir>
</imgdir>
</imgdir>
<imgdir name="14">
<string name="command" value="c15"/>
<int name="inc" value="3"/>
<int name="prob" value="70"/>
<int name="l0" value="30"/>
<int name="l1" value="30"/>
<imgdir name="success">
<imgdir name="0">
<string name="act" value="dung"/>
<string name="0" value="c15_s1"/>
<string name="1" value="c15_s2"/>
<string name="2" value="c15_s3"/>
<string name="3" value="c15_s4"/>
</imgdir>
</imgdir>
<imgdir name="fail">
<imgdir name="0">
<string name="act" value="angry"/>
<string name="0" value="c15_f1"/>
<string name="1" value="c15_f2"/>
<string name="2" value="c15_f3"/>
<string name="3" value="c15_f4"/>
</imgdir>
</imgdir>
</imgdir>
<imgdir name="15">
<string name="command" value="c16"/>
<int name="inc" value="1"/>
<int name="prob" value="30"/>
<int name="l0" value="10"/>
<int name="l1" value="19"/>
<imgdir name="success">
<imgdir name="0">
<string name="act" value="sleep"/>
<string name="0" value="c16_s1"/>
<string name="1" value="c16_s2"/>
<string name="2" value="c16_s3"/>
<string name="3" value="c16_s4"/>
</imgdir>
</imgdir>
<imgdir name="fail">
<imgdir name="0">
<string name="act" value="chat"/>
<string name="0" value="c16_f1"/>
<string name="1" value="c16_f2"/>
<string name="2" value="c16_f3"/>
<string name="3" value="c16_f4"/>
</imgdir>
</imgdir>
</imgdir>
<imgdir name="16">
<string name="command" value="c17"/>
<int name="inc" value="2"/>
<int name="prob" value="45"/>
<int name="l0" value="20"/>
<int name="l1" value="29"/>
<imgdir name="success">
<imgdir name="0">
<string name="act" value="sleep"/>
<string name="0" value="c17_s1"/>
<string name="1" value="c17_s2"/>
<string name="2" value="c17_s3"/>
<string name="3" value="c17_s4"/>
</imgdir>
</imgdir>
<imgdir name="fail">
<imgdir name="0">
<string name="act" value="cry"/>
<string name="0" value="c17_f1"/>
<string name="1" value="c17_f2"/>
<string name="2" value="c17_f3"/>
<string name="3" value="c17_f4"/>
</imgdir>
</imgdir>
</imgdir>
<imgdir name="17">
<string name="command" value="c18"/>
<int name="inc" value="3"/>
<int name="prob" value="60"/>
<int name="l0" value="30"/>
<int name="l1" value="30"/>
<imgdir name="success">
<imgdir name="0">
<string name="act" value="sleep"/>
<string name="0" value="c18_s1"/>
<string name="1" value="c18_s2"/>
<string name="2" value="c18_s3"/>
<string name="3" value="c18_s4"/>
</imgdir>
</imgdir>
<imgdir name="fail">
<imgdir name="0">
<string name="act" value="roll"/>
<string name="0" value="c18_f1"/>
<string name="1" value="c18_f2"/>
<string name="2" value="c18_f3"/>
<string name="3" value="c18_f4"/>
</imgdir>
</imgdir>
</imgdir>
<imgdir name="18">
<string name="command" value="c19"/>
<int name="inc" value="1"/>
<int name="prob" value="30"/>
<int name="l0" value="10"/>
<int name="l1" value="19"/>
<imgdir name="success">
<imgdir name="0">
<string name="act" value="love"/>
<string name="0" value="c19_s1"/>
<string name="1" value="c19_s2"/>
<string name="2" value="c19_s3"/>
<string name="3" value="c19_s4"/>
</imgdir>
</imgdir>
<imgdir name="fail">
<imgdir name="0">
<string name="act" value="chat"/>
<string name="0" value="c19_f1"/>
<string name="1" value="c19_f2"/>
<string name="2" value="c19_f3"/>
<string name="3" value="c19_f4"/>
</imgdir>
</imgdir>
</imgdir>
<imgdir name="19">
<string name="command" value="c20"/>
<int name="inc" value="2"/>
<int name="prob" value="45"/>
<int name="l0" value="20"/>
<int name="l1" value="29"/>
<imgdir name="success">
<imgdir name="0">
<string name="act" value="chat"/>
<string name="0" value="c20_s1"/>
<string name="1" value="c20_s2"/>
<string name="2" value="c20_s3"/>
<string name="3" value="c20_s4"/>
</imgdir>
</imgdir>
<imgdir name="fail">
<imgdir name="0">
<string name="act" value="cry"/>
<string name="0" value="c20_f1"/>
<string name="1" value="c20_f2"/>
<string name="2" value="c20_f3"/>
<string name="3" value="c20_f4"/>
</imgdir>
</imgdir>
</imgdir>
<imgdir name="20">
<string name="command" value="c21"/>
<int name="inc" value="3"/>
<int name="prob" value="60"/>
<int name="l0" value="30"/>
<int name="l1" value="30"/>
<imgdir name="success">
<imgdir name="0">
<string name="act" value="chat"/>
<string name="0" value="c21_s1"/>
<string name="1" value="c21_s2"/>
<string name="2" value="c21_s3"/>
<string name="3" value="c21_s4"/>
</imgdir>
</imgdir>
<imgdir name="fail">
<imgdir name="0">
<string name="act" value="angry"/>
<string name="0" value="c21_f1"/>
<string name="1" value="c21_f2"/>
<string name="2" value="c21_f3"/>
<string name="3" value="c21_f4"/>
</imgdir>
</imgdir>
</imgdir>
</imgdir>
<imgdir name="food">
<imgdir name="0">
<int name="l0" value="1"/>
<int name="l1" value="9"/>
<imgdir name="success">
<imgdir name="0">
<string name="act" value="eat"/>
<string name="0" value="f1_s"/>
</imgdir>
</imgdir>
<imgdir name="fail">
<imgdir name="0">
<string name="act" value="cry"/>
<string name="0" value="f1_f"/>
</imgdir>
</imgdir>
</imgdir>
<imgdir name="1">
<int name="l0" value="10"/>
<int name="l1" value="19"/>
<imgdir name="success">
<imgdir name="0">
<string name="act" value="eat"/>
<string name="0" value="f2_s"/>
</imgdir>
</imgdir>
<imgdir name="fail">
<imgdir name="0">
<string name="act" value="cry"/>
<string name="0" value="f2_f"/>
</imgdir>
</imgdir>
</imgdir>
<imgdir name="2">
<int name="l0" value="20"/>
<int name="l1" value="29"/>
<imgdir name="success">
<imgdir name="0">
<string name="act" value="eat"/>
<string name="0" value="f3_s"/>
</imgdir>
</imgdir>
<imgdir name="fail">
<imgdir name="0">
<string name="act" value="angry"/>
<string name="0" value="f3_f"/>
</imgdir>
</imgdir>
</imgdir>
<imgdir name="3">
<int name="l0" value="30"/>
<int name="l1" value="30"/>
<imgdir name="success">
<imgdir name="0">
<string name="act" value="eat"/>
<string name="0" value="f4_s"/>
</imgdir>
</imgdir>
<imgdir name="fail">
<imgdir name="0">
<string name="act" value="angry"/>
<string name="0" value="f4_f"/>
</imgdir>
</imgdir>
</imgdir>
</imgdir>
<imgdir name="slang">
<imgdir name="0">
<int name="l0" value="1"/>
<int name="l1" value="9"/>
<string name="act" value="cry"/>
<string name="0" value="s1"/>
</imgdir>
<imgdir name="1">
<int name="l0" value="10"/>
<int name="l1" value="19"/>
<string name="act" value="cry"/>
<string name="0" value="s2"/>
</imgdir>
<imgdir name="2">
<int name="l0" value="20"/>
<int name="l1" value="29"/>
<string name="act" value="angry"/>
<string name="0" value="s3"/>
</imgdir>
<imgdir name="3">
<int name="l0" value="30"/>
<int name="l1" value="30"/>
<string name="act" value="angry"/>
<string name="0" value="s4"/>
</imgdir>
</imgdir>
<imgdir name="stand0">
<canvas name="0" width="32" height="43">
<vector name="origin" x="14" y="43"/>
<int name="z" value="0"/>
<vector name="lt" x="-23" y="-52"/>
<vector name="rb" x="32" y="0"/>
<string name="_hash" value="50553fc8b7fe9694012791062c963b6569158d79dbaf7068b210b9c308826ab8"/>
</canvas>
<canvas name="1" width="32" height="44">
<vector name="origin" x="14" y="44"/>
<int name="z" value="0"/>
<vector name="lt" x="-23" y="-52"/>
<vector name="rb" x="32" y="0"/>
<string name="_hash" value="c28fe48e8619571282ac367a53601a97636356cf5aec008fdec81b5d6d6fef05"/>
</canvas>
<canvas name="2" width="1" height="1">
<vector name="origin" x="14" y="43"/>
<int name="z" value="0"/>
<vector name="lt" x="-23" y="-52"/>
<vector name="rb" x="32" y="0"/>
<string name="_inlink" value="stand0/0"/>
</canvas>
<canvas name="3" width="1" height="1">
<vector name="origin" x="14" y="44"/>
<int name="z" value="0"/>
<vector name="lt" x="-23" y="-52"/>
<vector name="rb" x="32" y="0"/>
<string name="_inlink" value="stand0/1"/>
</canvas>
</imgdir>
<imgdir name="stand1">
<canvas name="0" width="1" height="1">
<vector name="origin" x="14" y="43"/>
<int name="z" value="0"/>
<vector name="lt" x="-23" y="-52"/>
<vector name="rb" x="32" y="-1"/>
<string name="_inlink" value="stand0/0"/>
</canvas>
<canvas name="1" width="1" height="1">
<vector name="origin" x="14" y="43"/>
<int name="z" value="0"/>
<vector name="lt" x="-23" y="-52"/>
<vector name="rb" x="32" y="-1"/>
<string name="_inlink" value="stand0/0"/>
</canvas>
<canvas name="2" width="1" height="1">
<vector name="origin" x="14" y="43"/>
<int name="z" value="0"/>
<vector name="lt" x="-23" y="-52"/>
<vector name="rb" x="32" y="-1"/>
<string name="_inlink" value="stand0/0"/>
</canvas>
<canvas name="3" width="32" height="43">
<vector name="origin" x="14" y="43"/>
<int name="z" value="0"/>
<vector name="lt" x="-23" y="-52"/>
<vector name="rb" x="32" y="-1"/>
<string name="_hash" value="86167c940ba4dc1c288d26ea5a608a828c929fb5bc83960b4a5edac565c71ce0"/>
</canvas>
<canvas name="4" width="1" height="1">
<vector name="origin" x="14" y="43"/>
<int name="z" value="0"/>
<vector name="lt" x="-23" y="-52"/>
<vector name="rb" x="32" y="-1"/>
<string name="_inlink" value="stand0/0"/>
</canvas>
<canvas name="5" width="1" height="1">
<vector name="origin" x="14" y="43"/>
<int name="z" value="0"/>
<vector name="lt" x="-23" y="-52"/>
<vector name="rb" x="32" y="-1"/>
<string name="_inlink" value="stand1/3"/>
</canvas>
</imgdir>
<imgdir name="rest0">
<canvas name="0" width="32" height="41">
<vector name="origin" x="15" y="41"/>
<int name="z" value="0"/>
<vector name="lt" x="-23" y="-52"/>
<vector name="rb" x="32" y="0"/>
<string name="_hash" value="a48040b328a04d218e9befdbe8eaaf9d750832ec7bb9367bc81d6102303fd7e2"/>
</canvas>
<canvas name="1" width="32" height="41">
<vector name="origin" x="15" y="41"/>
<int name="z" value="0"/>
<vector name="lt" x="-23" y="-52"/>
<vector name="rb" x="32" y="0"/>
<string name="_hash" value="a1c9380705caae5f68bdea7496b273c0e062c09af829015c13d913d77f06545d"/>
</canvas>
<canvas name="2" width="1" height="1">
<vector name="origin" x="15" y="41"/>
<int name="z" value="0"/>
<vector name="lt" x="-23" y="-52"/>
<vector name="rb" x="32" y="0"/>
<string name="_inlink" value="rest0/0"/>
</canvas>
</imgdir>
<imgdir name="move">
<canvas name="0" width="32" height="43">
<vector name="origin" x="14" y="43"/>
<int name="z" value="0"/>
<vector name="lt" x="-23" y="-52"/>
<vector name="rb" x="30" y="0"/>
<string name="_hash" value="fde6dfd8321fc9be469a2eb8fd62b48bba0276a52a9d43c92ff63b224105504b"/>
</canvas>
<canvas name="1" width="32" height="44">
<vector name="origin" x="14" y="44"/>
<int name="z" value="0"/>
<vector name="lt" x="-23" y="-52"/>
<vector name="rb" x="30" y="0"/>
<string name="_hash" value="ac28b6002805b8ce11bd32f81f8184d141e195501dd864427d5d361a185a536c"/>
</canvas>
<canvas name="2" width="1" height="1">
<vector name="origin" x="14" y="43"/>
<int name="z" value="0"/>
<vector name="lt" x="-23" y="-52"/>
<vector name="rb" x="30" y="0"/>
<string name="_inlink" value="move/0"/>
</canvas>
<canvas name="3" width="32" height="44">
<vector name="origin" x="14" y="44"/>
<int name="z" value="0"/>
<vector name="lt" x="-23" y="-52"/>
<vector name="rb" x="30" y="0"/>
<string name="_hash" value="d8d7fdd64574797d4ca0ea45236a102142f359816e7d1d56d539b72811762311"/>
</canvas>
</imgdir>
<imgdir name="jump">
<canvas name="0" width="32" height="44">
<vector name="origin" x="14" y="49"/>
<int name="z" value="0"/>
<vector name="lt" x="-23" y="-52"/>
<vector name="rb" x="30" y="0"/>
<string name="_hash" value="7f8e993dae1a98402e91cf5507979ea20eeeebb863800c3f6910bd12f482e5d2"/>
</canvas>
</imgdir>
<imgdir name="hang">
<canvas name="0" width="32" height="47">
<vector name="origin" x="15" y="57"/>
<int name="z" value="0"/>
<vector name="lt" x="-22" y="-54"/>
<vector name="rb" x="23" y="-4"/>
<string name="_hash" value="1c205a7e2f44cbef4ee98e0bf7e25d9273cc1c3d932984400d8eddb67ffa2d2c"/>
</canvas>
</imgdir>
<imgdir name="hungry">
<canvas name="0" width="32" height="43">
<vector name="origin" x="14" y="43"/>
<int name="z" value="0"/>
<vector name="lt" x="-23" y="-52"/>
<vector name="rb" x="30" y="0"/>
<string name="_hash" value="b3b18c0499372550ebf14a79fb9de8e88c1c8ea19aff68bbe464edfe6b96badb"/>
</canvas>
<canvas name="1" width="32" height="43">
<vector name="origin" x="14" y="43"/>
<int name="z" value="0"/>
<vector name="lt" x="-23" y="-52"/>
<vector name="rb" x="30" y="0"/>
<string name="_hash" value="8721f3f1adf4061588d0e166ce3d512f447a8b86705587c8bfb9cdf6ecf0d475"/>
</canvas>
<canvas name="2" width="32" height="43">
<vector name="origin" x="14" y="43"/>
<int name="z" value="0"/>
<vector name="lt" x="-23" y="-52"/>
<vector name="rb" x="30" y="0"/>
<string name="_hash" value="4ad84990f2aeefac74d003dd645a9c2c9b834c1157e5a6987267623d69c334d7"/>
</canvas>
<canvas name="3" width="32" height="43">
<vector name="origin" x="14" y="43"/>
<int name="z" value="0"/>
<vector name="lt" x="-23" y="-52"/>
<vector name="rb" x="30" y="0"/>
<string name="_hash" value="7ee39d34f4a72410c81a281d5cc51d5a8bc6d0071f443e6b0d8d09b356610c31"/>
</canvas>
</imgdir>
<imgdir name="angry">
<canvas name="0" width="46" height="46">
<vector name="origin" x="28" y="46"/>
<int name="z" value="0"/>
<vector name="lt" x="-23" y="-52"/>
<vector name="rb" x="30" y="0"/>
<string name="_hash" value="7a46b8f8a7489052a9d7557683ff1c92e5bb319ce13b46e41c2cac54a5caf156"/>
</canvas>
<canvas name="1" width="47" height="46">
<vector name="origin" x="29" y="46"/>
<int name="z" value="0"/>
<vector name="lt" x="-23" y="-52"/>
<vector name="rb" x="30" y="0"/>
<string name="_hash" value="657dcabe8e67c036b5ca62c4e80ae1cf759d0169dca039b750d1a6ebe2749193"/>
</canvas>
<canvas name="2" width="49" height="48">
<vector name="origin" x="31" y="48"/>
<int name="z" value="0"/>
<vector name="lt" x="-23" y="-52"/>
<vector name="rb" x="30" y="0"/>
<string name="_hash" value="71b70099edede5dc00ecd31b547f1395938de903f3cea02564b73ccde46b1946"/>
</canvas>
<canvas name="3" width="50" height="49">
<vector name="origin" x="32" y="49"/>
<int name="z" value="0"/>
<vector name="lt" x="-23" y="-52"/>
<vector name="rb" x="30" y="0"/>
<string name="_hash" value="a83836f792edec0127fc5bcd8d19475ea80cf3a92db21ebd9396a0931c820ca9"/>
</canvas>
</imgdir>
<imgdir name="chat">
<canvas name="0" width="1" height="1">
<vector name="origin" x="14" y="43"/>
<int name="z" value="0"/>
<vector name="lt" x="-23" y="-52"/>
<vector name="rb" x="30" y="0"/>
<string name="_inlink" value="move/0"/>
</canvas>
<canvas name="1" width="32" height="44">
<vector name="origin" x="14" y="44"/>
<int name="z" value="0"/>
<vector name="lt" x="-23" y="-52"/>
<vector name="rb" x="30" y="0"/>
<string name="_hash" value="e6354c135b3f6e9af8b0c7f6f17af7a63bcba0ff6c4e20abd51582f7256c7e62"/>
</canvas>
<canvas name="2" width="32" height="43">
<vector name="origin" x="14" y="43"/>
<int name="z" value="0"/>
<vector name="lt" x="-23" y="-52"/>
<vector name="rb" x="30" y="0"/>
<string name="_hash" value="93a6c24c698966e83cf4c11c0938b54dc2af1328a2d8a6aa0ce740bc58b2dfcc"/>
</canvas>
<canvas name="3" width="1" height="1">
<vector name="origin" x="14" y="44"/>
<int name="z" value="0"/>
<string name="_inlink" value="chat/1"/>
</canvas>
</imgdir>
<imgdir name="love">
<canvas name="0" width="55" height="43">
<vector name="origin" x="24" y="43"/>
<int name="z" value="0"/>
<vector name="lt" x="-33" y="-53"/>
<vector name="rb" x="31" y="0"/>
<string name="_hash" value="7d69757b3911cda386411ab80e9fa4b52e35b11f4d115a74e03c18c98e68c02f"/>
</canvas>
<canvas name="1" width="52" height="46">
<vector name="origin" x="22" y="46"/>
<int name="z" value="0"/>
<vector name="lt" x="-33" y="-53"/>
<vector name="rb" x="31" y="0"/>
<string name="_hash" value="cd013562a09e01a7017dca155bc9b2df444261246ff40ce5e6d0a678d44a9b11"/>
</canvas>
<canvas name="2" width="49" height="51">
<vector name="origin" x="21" y="51"/>
<int name="z" value="0"/>
<vector name="lt" x="-33" y="-53"/>
<vector name="rb" x="31" y="0"/>
<string name="_hash" value="d04e07dbb5bef5d600303601aee0fe804d45a95c4265fd2b2da5daa9671fe480"/>
</canvas>
<canvas name="3" width="49" height="64">
<vector name="origin" x="22" y="64"/>
<int name="z" value="0"/>
<vector name="lt" x="-33" y="-53"/>
<vector name="rb" x="31" y="0"/>
<string name="_hash" value="889da9a1c7e35b0506e2633b11d59c845b3da03ef8701d505786d83b28028a17"/>
</canvas>
<canvas name="4" width="51" height="66">
<vector name="origin" x="23" y="66"/>
<int name="z" value="0"/>
<vector name="lt" x="-33" y="-53"/>
<vector name="rb" x="31" y="0"/>
<string name="_hash" value="2c16d06bff6503c87f80f1c88bafada93100cc8975bd00b20384f523f78ce00c"/>
</canvas>
<canvas name="5" width="54" height="64">
<vector name="origin" x="24" y="64"/>
<int name="z" value="0"/>
<vector name="lt" x="-33" y="-53"/>
<vector name="rb" x="31" y="0"/>
<string name="_hash" value="74ef3d5776e6dcbf9c440fc64f63c4470a0b9940a4e3b089d8b0ad1c41474df5"/>
</canvas>
<canvas name="6" width="32" height="58">
<vector name="origin" x="14" y="58"/>
<int name="z" value="0"/>
<vector name="lt" x="-33" y="-53"/>
<vector name="rb" x="31" y="0"/>
<string name="_hash" value="8b8715704deaea18ae98214030e81a0761ce4f2a5248c61ce5f57aa9001a6b8a"/>
</canvas>
<canvas name="7" width="32" height="52">
<vector name="origin" x="13" y="52"/>
<int name="z" value="0"/>
<vector name="lt" x="-33" y="-53"/>
<vector name="rb" x="31" y="0"/>
<string name="_hash" value="559c886c6d4202c8a72733d51399857149d957245a5ee3d70a5f38d6c37c3058"/>
</canvas>
</imgdir>
<imgdir name="cry">
<canvas name="0" width="43" height="45">
<vector name="origin" x="20" y="43"/>
<int name="z" value="0"/>
<vector name="lt" x="-30" y="-52"/>
<vector name="rb" x="31" y="1"/>
<string name="_hash" value="38e86597b073010f16423b5891b78c9513a63578ac69479d8a552eb49a43d6b8"/>
</canvas>
<canvas name="1" width="43" height="46">
<vector name="origin" x="20" y="44"/>
<int name="z" value="0"/>
<vector name="lt" x="-30" y="-52"/>
<vector name="rb" x="31" y="1"/>
<string name="_hash" value="07dae919f07d4beaf39c3f7798e28533f6f8aa2c6200503127cf182f4f4852b1"/>
</canvas>
<canvas name="2" width="43" height="45">
<vector name="origin" x="20" y="43"/>
<int name="z" value="0"/>
<vector name="lt" x="-30" y="-52"/>
<vector name="rb" x="31" y="1"/>
<string name="_hash" value="3b3df2ea5854a3e0fd7c61e24402fba90b490ec45a0905f6581d1488452c1cb5"/>
</canvas>
<canvas name="3" width="43" height="46">
<vector name="origin" x="20" y="44"/>
<int name="z" value="0"/>
<vector name="lt" x="-30" y="-52"/>
<vector name="rb" x="31" y="1"/>
<string name="_hash" value="da21c79323b8ed557464108d5b5d9c292b21acf812ec53115f451fac5fec3321"/>
</canvas>
</imgdir>
<imgdir name="sleep">
<canvas name="0" width="38" height="34">
<vector name="origin" x="18" y="34"/>
<int name="z" value="0"/>
<vector name="lt" x="-23" y="-52"/>
<vector name="rb" x="30" y="1"/>
<string name="_hash" value="780b5caba557660318f82ddae9838c0803ee0a15e87a3095a9b3811e85ec7519"/>
</canvas>
<canvas name="1" width="38" height="34">
<vector name="origin" x="18" y="34"/>
<int name="z" value="0"/>
<vector name="lt" x="-23" y="-52"/>
<vector name="rb" x="30" y="1"/>
<string name="_hash" value="cac01dd3179a68c011cc482d55dbc871a8b60e3c4f5745b907cb880b0e5f9bf1"/>
</canvas>
<canvas name="2" width="38" height="34">
<vector name="origin" x="18" y="34"/>
<int name="z" value="0"/>
<vector name="lt" x="-23" y="-52"/>
<vector name="rb" x="30" y="1"/>
<string name="_hash" value="e092c232622ee4225a956da8ae33cdb393e8af5b94f8205944b0936ec2b8fc57"/>
</canvas>
<canvas name="3" width="1" height="1">
<vector name="origin" x="18" y="34"/>
<int name="z" value="0"/>
<vector name="lt" x="-23" y="-52"/>
<vector name="rb" x="30" y="1"/>
<string name="_inlink" value="sleep/1"/>
</canvas>
</imgdir>
<imgdir name="roll">
<canvas name="0" width="48" height="45">
<vector name="origin" x="22" y="44"/>
<int name="z" value="0"/>
<vector name="lt" x="-23" y="-52"/>
<vector name="rb" x="30" y="-1"/>
<string name="_hash" value="1c63fb0bb03decb7b3713046a72bc6d59864e9dcff7a9c6720eab505a1f7f17a"/>
</canvas>
<canvas name="1" width="45" height="48">
<vector name="origin" x="20" y="45"/>
<int name="z" value="0"/>
<vector name="lt" x="-23" y="-52"/>
<vector name="rb" x="30" y="-1"/>
<string name="_hash" value="49f739e59ba617230cfd7886854144f8e115118433fe4a178ef08ec11d169e59"/>
</canvas>
<canvas name="2" width="48" height="45">
<vector name="origin" x="22" y="43"/>
<int name="z" value="0"/>
<vector name="lt" x="-23" y="-52"/>
<vector name="rb" x="30" y="-1"/>
<string name="_hash" value="1a236181d4d655c6b8e7829ae6acf037c49d0770be1bf941f469ad3f0ddc6cc5"/>
</canvas>
</imgdir>
<imgdir name="eat">
<canvas name="0" width="52" height="41">
<vector name="origin" x="15" y="41"/>
<int name="z" value="0"/>
<vector name="lt" x="-23" y="-52"/>
<vector name="rb" x="33" y="0"/>
<string name="_hash" value="4383ec1c1bcdfccefbd1b47156bd88eb2720561dc99ca78c85844950cb941a6a"/>
</canvas>
<canvas name="1" width="63" height="41">
<vector name="origin" x="26" y="41"/>
<int name="z" value="0"/>
<vector name="lt" x="-23" y="-52"/>
<vector name="rb" x="33" y="0"/>
<string name="_hash" value="3a3770f2f0d58700972c267843bd0c9a8fc793319f428808582e37255e6277a4"/>
</canvas>
<canvas name="2" width="66" height="41">
<vector name="origin" x="29" y="41"/>
<int name="z" value="0"/>
<vector name="lt" x="-23" y="-52"/>
<vector name="rb" x="33" y="0"/>
<string name="_hash" value="9627463a58fe62c2136f8698ec2041dc9eb09980f5905cecc348a2f0dad34f30"/>
</canvas>
<canvas name="3" width="67" height="41">
<vector name="origin" x="30" y="41"/>
<int name="z" value="0"/>
<vector name="lt" x="-23" y="-52"/>
<vector name="rb" x="33" y="0"/>
<string name="_hash" value="6a2d8f317238fce9befe7b829b01f370fa13cdfabdf0b28dd4e91fa4813d1c66"/>
</canvas>
</imgdir>
<imgdir name="fly">
<uol name="0" value="../jump/0"/>
</imgdir>
<imgdir name="dung">
<canvas name="0" width="35" height="47">
<vector name="origin" x="15" y="47"/>
<int name="z" value="0"/>
<vector name="lt" x="-23" y="-52"/>
<vector name="rb" x="30" y="-1"/>
<string name="_hash" value="fa87bf3a4e1fe07c1c82a23f4dc93643ab9ef35c27b02cf6b4a2c67812536c57"/>
</canvas>
<canvas name="1" width="45" height="51">
<vector name="origin" x="15" y="51"/>
<int name="z" value="0"/>
<vector name="lt" x="-23" y="-52"/>
<vector name="rb" x="30" y="-1"/>
<string name="_hash" value="90fe2dd01a3bd9b4ad47b01c605f495346294ea4bc67774cacf543dbb7a89389"/>
</canvas>
<canvas name="2" width="48" height="53">
<vector name="origin" x="15" y="53"/>
<int name="z" value="0"/>
<vector name="lt" x="-23" y="-52"/>
<vector name="rb" x="30" y="-1"/>
<string name="_hash" value="b3641d839844e9ecd27b1d143cec96f13a0a1e3120080fa52eacae057a0857e2"/>
</canvas>
</imgdir>
<imgdir name="ice">
<canvas name="0" width="1" height="1">
<vector name="origin" x="14" y="43"/>
<int name="z" value="0"/>
<vector name="lt" x="-23" y="-52"/>
<vector name="rb" x="30" y="-1"/>
<string name="_inlink" value="stand0/0"/>
</canvas>
<canvas name="1" width="78" height="46">
<vector name="origin" x="34" y="44"/>
<int name="z" value="0"/>
<vector name="lt" x="-23" y="-52"/>
<vector name="rb" x="30" y="-1"/>
<string name="_hash" value="598715c5b6551c2056568fbe1fd2609dbcf4dc2d80cd9de89f8b0ac2c2e2c3ae"/>
</canvas>
<canvas name="2" width="80" height="54">
<vector name="origin" x="34" y="52"/>
<int name="z" value="0"/>
<vector name="lt" x="-23" y="-52"/>
<vector name="rb" x="30" y="-1"/>
<string name="_hash" value="648d1905ec566cc9b99af01188ea1347b80acf5157af0f84cf7924bb2087648d"/>
</canvas>
<canvas name="3" width="80" height="89">
<vector name="origin" x="34" y="87"/>
<int name="z" value="0"/>
<vector name="lt" x="-23" y="-52"/>
<vector name="rb" x="30" y="-1"/>
<string name="_hash" value="5fa37ac0129babfef2a0480d087a45c6f86b424ab200a51e40df3d94609754dc"/>
</canvas>
<canvas name="4" width="1" height="1">
<vector name="origin" x="34" y="87"/>
<int name="z" value="0"/>
<vector name="lt" x="-23" y="-52"/>
<vector name="rb" x="30" y="-1"/>
<string name="_inlink" value="ice/3"/>
</canvas>
</imgdir>
</imgdir>
