<?xml version="1.0" encoding="UTF-8" standalone="yes"?>
<imgdir name="5000967.img">
<imgdir name="info">
<canvas name="icon" width="32" height="27">
<vector name="origin" x="0" y="28"/>
<string name="_hash" value="7708c4807bf76b37ce0bd5d90ea35c3ea61d25da54f3d2f0ae06bee0435ae4d8"/>
</canvas>
<canvas name="iconRaw" width="31" height="25">
<vector name="origin" x="0" y="28"/>
<string name="_hash" value="cc0fd8f906a383f89e409eba6478042ad0e02ee642ad6230a3f713e5fae7ca62"/>
</canvas>
<canvas name="iconD" width="30" height="27">
<vector name="origin" x="-2" y="28"/>
<string name="_hash" value="db8561f463539c1644d5ed51e4d01febafc2c3e79e21b8a180c5d963fdb2373c"/>
</canvas>
<canvas name="iconRawD" width="30" height="25">
<vector name="origin" x="-2" y="28"/>
<string name="_hash" value="f947a07e00ddbfd92af25aab1b2e37cbbd71f28058af914e568db5ea0bb98df9"/>
</canvas>
<int name="hungry" value="2"/>
<int name="cash" value="1"/>
<int name="life" value="90"/>
<int name="chatBalloon" value="378"/>
<int name="nameTag" value="378"/>
<int name="pickupItem" value="1"/>
<int name="multiPet" value="1"/>
<int name="autoBuff" value="1"/>
<int name="sweepForDrop" value="1"/>
<int name="setItemID" value="748"/>
<int name="wonderGrade" value="2"/>
</imgdir>
<imgdir name="interact">
<imgdir name="0">
<string name="command" value="c1"/>
<int name="inc" value="1"/>
<int name="prob" value="45"/>
<int name="l0" value="1"/>
<int name="l1" value="9"/>
<imgdir name="success">
<imgdir name="0">
<string name="act" value="rest0"/>
<string name="0" value="c1_s1"/>
<string name="1" value="c1_s2"/>
</imgdir>
</imgdir>
<imgdir name="fail">
<imgdir name="0">
<string name="act" value="stand0"/>
<string name="0" value="c1_f1"/>
<string name="1" value="c1_f2"/>
</imgdir>
</imgdir>
</imgdir>
<imgdir name="1">
<string name="command" value="c2"/>
<int name="inc" value="1"/>
<int name="prob" value="60"/>
<int name="l0" value="10"/>
<int name="l1" value="19"/>
<imgdir name="success">
<imgdir name="0">
<string name="act" value="rest0"/>
<string name="0" value="c2_s1"/>
<string name="1" value="c2_s2"/>
<string name="2" value="c2_s3"/>
<string name="3" value="c2_s4"/>
</imgdir>
</imgdir>
<imgdir name="fail">
<imgdir name="0">
<string name="act" value="stand1"/>
<string name="0" value="c2_f1"/>
<string name="1" value="c2_f2"/>
<string name="2" value="c2_f3"/>
<string name="3" value="c2_f4"/>
</imgdir>
</imgdir>
</imgdir>
<imgdir name="2">
<string name="command" value="c3"/>
<int name="inc" value="1"/>
<int name="prob" value="75"/>
<int name="l0" value="20"/>
<int name="l1" value="29"/>
<imgdir name="success">
<imgdir name="0">
<string name="act" value="rest0"/>
<string name="0" value="c3_s1"/>
<string name="1" value="c3_s2"/>
<string name="2" value="c3_s3"/>
<string name="3" value="c3_s4"/>
</imgdir>
</imgdir>
<imgdir name="fail">
<imgdir name="0">
<string name="act" value="stand1"/>
<string name="0" value="c3_f1"/>
<string name="1" value="c3_f2"/>
<string name="2" value="c3_f3"/>
<string name="3" value="c3_f4"/>
</imgdir>
</imgdir>
</imgdir>
<imgdir name="3">
<string name="command" value="c4"/>
<int name="inc" value="1"/>
<int name="prob" value="90"/>
<int name="l0" value="30"/>
<int name="l1" value="30"/>
<imgdir name="success">
<imgdir name="0">
<string name="act" value="rest0"/>
<string name="0" value="c4_s1"/>
<string name="1" value="c4_s2"/>
<string name="2" value="c4_s3"/>
<string name="3" value="c4_s4"/>
</imgdir>
</imgdir>
<imgdir name="fail">
<imgdir name="0">
<string name="act" value="what"/>
<string name="0" value="c4_f1"/>
<string name="1" value="c4_f2"/>
<string name="2" value="c4_f3"/>
<string name="3" value="c4_f4"/>
</imgdir>
</imgdir>
</imgdir>
<imgdir name="4">
<string name="command" value="c5"/>
<int name="inc" value="1"/>
<int name="prob" value="60"/>
<int name="l0" value="1"/>
<int name="l1" value="9"/>
<imgdir name="success">
<imgdir name="0">
<string name="act" value="cry"/>
<string name="0" value="c5_s1"/>
<string name="1" value="c5_s2"/>
</imgdir>
</imgdir>
<imgdir name="fail">
<imgdir name="0">
<string name="act" value="stand1"/>
<string name="0" value="c5_f1"/>
<string name="1" value="c5_f2"/>
</imgdir>
</imgdir>
</imgdir>
<imgdir name="5">
<string name="command" value="c6"/>
<int name="inc" value="1"/>
<int name="prob" value="75"/>
<int name="l0" value="10"/>
<int name="l1" value="19"/>
<imgdir name="success">
<imgdir name="0">
<string name="act" value="cry"/>
<string name="0" value="c6_s1"/>
<string name="1" value="c6_s2"/>
<string name="2" value="c6_s3"/>
<string name="3" value="c6_s4"/>
</imgdir>
</imgdir>
<imgdir name="fail">
<imgdir name="0">
<string name="act" value="stand1"/>
<string name="0" value="c6_f1"/>
<string name="1" value="c6_f2"/>
<string name="2" value="c6_f3"/>
<string name="3" value="c6_f4"/>
</imgdir>
</imgdir>
</imgdir>
<imgdir name="6">
<string name="command" value="c7"/>
<int name="inc" value="1"/>
<int name="prob" value="45"/>
<int name="l0" value="20"/>
<int name="l1" value="29"/>
<imgdir name="success">
<imgdir name="0">
<string name="act" value="cry"/>
<string name="0" value="c7_s1"/>
<string name="1" value="c7_s2"/>
<string name="2" value="c7_s3"/>
<string name="3" value="c7_s4"/>
</imgdir>
</imgdir>
<imgdir name="fail">
<imgdir name="0">
<string name="act" value="stand1"/>
<string name="0" value="c7_f1"/>
<string name="1" value="c7_f2"/>
<string name="2" value="c7_f3"/>
<string name="3" value="c7_f4"/>
</imgdir>
</imgdir>
</imgdir>
<imgdir name="7">
<string name="command" value="c8"/>
<int name="inc" value="1"/>
<int name="prob" value="60"/>
<int name="l0" value="30"/>
<int name="l1" value="30"/>
<imgdir name="success">
<imgdir name="0">
<string name="act" value="cry"/>
<string name="0" value="c8_s1"/>
<string name="1" value="c8_s2"/>
<string name="2" value="c8_s3"/>
<string name="3" value="c8_s4"/>
</imgdir>
</imgdir>
<imgdir name="fail">
<imgdir name="0">
<string name="act" value="stand1"/>
<string name="0" value="c8_f1"/>
<string name="1" value="c8_f2"/>
<string name="2" value="c8_f3"/>
<string name="3" value="c8_f4"/>
</imgdir>
</imgdir>
</imgdir>
<imgdir name="8">
<string name="command" value="c9"/>
<int name="inc" value="1"/>
<int name="prob" value="75"/>
<int name="l0" value="1"/>
<int name="l1" value="9"/>
<imgdir name="success">
<imgdir name="0">
<string name="act" value="love"/>
<string name="0" value="c9_s1"/>
<string name="1" value="c9_s2"/>
</imgdir>
</imgdir>
<imgdir name="fail">
<imgdir name="0">
<string name="act" value="stand0"/>
<string name="0" value="c9_f1"/>
<string name="1" value="c9_f2"/>
</imgdir>
</imgdir>
</imgdir>
<imgdir name="9">
<string name="command" value="c10"/>
<int name="inc" value="1"/>
<int name="prob" value="55"/>
<int name="l0" value="10"/>
<int name="l1" value="19"/>
<imgdir name="success">
<imgdir name="0">
<string name="act" value="love"/>
<string name="0" value="c10_s1"/>
<string name="1" value="c10_s2"/>
<string name="2" value="c10_s3"/>
<string name="3" value="c10_s4"/>
</imgdir>
</imgdir>
<imgdir name="fail">
<imgdir name="0">
<string name="act" value="stand0"/>
<string name="0" value="c10_f1"/>
<string name="1" value="c10_f2"/>
<string name="2" value="c10_f3"/>
<string name="3" value="c10_f4"/>
</imgdir>
</imgdir>
</imgdir>
<imgdir name="10">
<string name="command" value="c11"/>
<int name="inc" value="1"/>
<int name="prob" value="60"/>
<int name="l0" value="20"/>
<int name="l1" value="29"/>
<imgdir name="success">
<imgdir name="0">
<string name="act" value="love"/>
<string name="0" value="c11_s1"/>
<string name="1" value="c11_s2"/>
<string name="2" value="c11_s3"/>
<string name="3" value="c11_s4"/>
</imgdir>
</imgdir>
<imgdir name="fail">
<imgdir name="0">
<string name="act" value="what"/>
<string name="0" value="c11_f1"/>
<string name="1" value="c11_f2"/>
<string name="2" value="c11_f3"/>
<string name="3" value="c11_f4"/>
</imgdir>
</imgdir>
</imgdir>
<imgdir name="11">
<string name="command" value="c12"/>
<int name="inc" value="1"/>
<int name="prob" value="75"/>
<int name="l0" value="30"/>
<int name="l1" value="30"/>
<imgdir name="success">
<imgdir name="0">
<string name="act" value="love"/>
<string name="0" value="c12_s1"/>
<string name="1" value="c12_s2"/>
<string name="2" value="c12_s3"/>
<string name="3" value="c12_s4"/>
</imgdir>
</imgdir>
<imgdir name="fail">
<imgdir name="0">
<string name="act" value="stand0"/>
<string name="0" value="c12_f1"/>
<string name="1" value="c12_f2"/>
<string name="2" value="c12_f3"/>
<string name="3" value="c12_f4"/>
</imgdir>
</imgdir>
</imgdir>
<imgdir name="12">
<string name="command" value="c13"/>
<int name="inc" value="1"/>
<int name="prob" value="45"/>
<int name="l0" value="10"/>
<int name="l1" value="19"/>
<imgdir name="success">
<imgdir name="0">
<string name="act" value="dung"/>
<string name="0" value="c13_s1"/>
<string name="1" value="c13_s2"/>
<string name="2" value="c13_s3"/>
<string name="3" value="c13_s4"/>
</imgdir>
</imgdir>
<imgdir name="fail">
<imgdir name="0">
<string name="act" value="what"/>
<string name="0" value="c13_f1"/>
<string name="1" value="c13_f2"/>
<string name="2" value="c13_f3"/>
<string name="3" value="c13_f4"/>
</imgdir>
</imgdir>
</imgdir>
<imgdir name="13">
<string name="command" value="c14"/>
<int name="inc" value="1"/>
<int name="prob" value="60"/>
<int name="l0" value="20"/>
<int name="l1" value="29"/>
<imgdir name="success">
<imgdir name="0">
<string name="act" value="dung"/>
<string name="0" value="c14_s1"/>
<string name="1" value="c14_s2"/>
<string name="2" value="c14_s3"/>
<string name="3" value="c14_s4"/>
</imgdir>
</imgdir>
<imgdir name="fail">
<imgdir name="0">
<string name="act" value="cry"/>
<string name="0" value="c14_f1"/>
<string name="1" value="c14_f2"/>
<string name="2" value="c14_f3"/>
<string name="3" value="c14_f4"/>
</imgdir>
</imgdir>
</imgdir>
<imgdir name="14">
<string name="command" value="c15"/>
<int name="inc" value="1"/>
<int name="prob" value="75"/>
<int name="l0" value="30"/>
<int name="l1" value="30"/>
<imgdir name="success">
<imgdir name="0">
<string name="act" value="dung"/>
<string name="0" value="c15_s1"/>
<string name="1" value="c15_s2"/>
<string name="2" value="c15_s3"/>
<string name="3" value="c15_s4"/>
</imgdir>
</imgdir>
<imgdir name="fail">
<imgdir name="0">
<string name="act" value="chat"/>
<string name="0" value="c15_f1"/>
<string name="1" value="c15_f2"/>
<string name="2" value="c15_f3"/>
<string name="3" value="c15_f4"/>
</imgdir>
</imgdir>
</imgdir>
<imgdir name="15">
<string name="command" value="c16"/>
<int name="inc" value="1"/>
<int name="prob" value="80"/>
<int name="l0" value="10"/>
<int name="l1" value="19"/>
<imgdir name="success">
<imgdir name="0">
<string name="act" value="sleep"/>
<string name="0" value="c16_s1"/>
<string name="1" value="c16_s2"/>
<string name="2" value="c16_s3"/>
<string name="3" value="c16_s4"/>
</imgdir>
</imgdir>
<imgdir name="fail">
<imgdir name="0">
<string name="act" value="hungry"/>
<string name="0" value="c16_f1"/>
<string name="1" value="c16_f2"/>
<string name="2" value="c16_f3"/>
<string name="3" value="c16_f4"/>
</imgdir>
</imgdir>
</imgdir>
<imgdir name="16">
<string name="command" value="c17"/>
<int name="inc" value="2"/>
<int name="prob" value="80"/>
<int name="l0" value="20"/>
<int name="l1" value="29"/>
<imgdir name="success">
<imgdir name="0">
<string name="act" value="sleep"/>
<string name="0" value="c17_s1"/>
<string name="1" value="c17_s2"/>
<string name="2" value="c17_s3"/>
<string name="3" value="c17_s4"/>
</imgdir>
</imgdir>
<imgdir name="fail">
<imgdir name="0">
<string name="act" value="jump"/>
<string name="0" value="c17_f1"/>
<string name="1" value="c17_f2"/>
<string name="2" value="c17_f3"/>
<string name="3" value="c17_f4"/>
</imgdir>
</imgdir>
</imgdir>
<imgdir name="17">
<string name="command" value="c18"/>
<int name="inc" value="2"/>
<int name="prob" value="80"/>
<int name="l0" value="30"/>
<int name="l1" value="30"/>
<imgdir name="success">
<imgdir name="0">
<string name="act" value="chat"/>
<string name="0" value="c18_s1"/>
<string name="1" value="c18_s2"/>
<string name="2" value="c18_s3"/>
<string name="3" value="c18_s4"/>
</imgdir>
</imgdir>
<imgdir name="fail">
<imgdir name="0">
<string name="act" value="move"/>
<string name="0" value="c18_f1"/>
<string name="1" value="c18_f2"/>
<string name="2" value="c18_f3"/>
<string name="3" value="c18_f4"/>
</imgdir>
</imgdir>
</imgdir>
<imgdir name="18">
<string name="command" value="c19"/>
<int name="inc" value="2"/>
<int name="prob" value="50"/>
<int name="l0" value="10"/>
<int name="l1" value="19"/>
<imgdir name="success">
<imgdir name="0">
<string name="act" value="chat"/>
<string name="0" value="c19_s1"/>
<string name="1" value="c19_s2"/>
<string name="2" value="c19_s3"/>
<string name="3" value="c19_s4"/>
</imgdir>
</imgdir>
<imgdir name="fail">
<imgdir name="0">
<string name="act" value="what"/>
<string name="0" value="c19_f1"/>
<string name="1" value="c19_f2"/>
<string name="2" value="c19_f3"/>
<string name="3" value="c19_f4"/>
</imgdir>
</imgdir>
</imgdir>
<imgdir name="19">
<string name="command" value="c20"/>
<int name="inc" value="2"/>
<int name="prob" value="65"/>
<int name="l0" value="20"/>
<int name="l1" value="29"/>
<imgdir name="success">
<imgdir name="0">
<string name="act" value="chat"/>
<string name="0" value="c20_s1"/>
<string name="1" value="c20_s2"/>
<string name="2" value="c20_s3"/>
<string name="3" value="c20_s4"/>
</imgdir>
</imgdir>
<imgdir name="fail">
<imgdir name="0">
<string name="act" value="what"/>
<string name="0" value="c20_f1"/>
<string name="1" value="c20_f2"/>
<string name="2" value="c20_f3"/>
<string name="3" value="c20_f4"/>
</imgdir>
</imgdir>
</imgdir>
<imgdir name="20">
<string name="command" value="c21"/>
<int name="inc" value="2"/>
<int name="prob" value="80"/>
<int name="l0" value="30"/>
<int name="l1" value="30"/>
<imgdir name="success">
<imgdir name="0">
<string name="act" value="chat"/>
<string name="0" value="c21_s1"/>
<string name="1" value="c21_s2"/>
<string name="2" value="c21_s3"/>
<string name="3" value="c21_s4"/>
</imgdir>
</imgdir>
<imgdir name="fail">
<imgdir name="0">
<string name="act" value="what"/>
<string name="0" value="c21_f1"/>
<string name="1" value="c21_f2"/>
<string name="2" value="c21_f3"/>
<string name="3" value="c21_f4"/>
</imgdir>
</imgdir>
</imgdir>
</imgdir>
<imgdir name="food">
<imgdir name="0">
<int name="l0" value="1"/>
<int name="l1" value="9"/>
<imgdir name="success">
<imgdir name="0">
<string name="act" value="eat"/>
<string name="0" value="f1_s"/>
</imgdir>
</imgdir>
<imgdir name="fail">
<imgdir name="0">
<string name="act" value="cry"/>
<string name="0" value="f1_f"/>
</imgdir>
</imgdir>
</imgdir>
<imgdir name="1">
<int name="l0" value="10"/>
<int name="l1" value="19"/>
<imgdir name="success">
<imgdir name="0">
<string name="act" value="eat"/>
<string name="0" value="f2_s"/>
</imgdir>
</imgdir>
<imgdir name="fail">
<imgdir name="0">
<string name="act" value="cry"/>
<string name="0" value="f2_f"/>
</imgdir>
</imgdir>
</imgdir>
<imgdir name="2">
<int name="l0" value="20"/>
<int name="l1" value="29"/>
<imgdir name="success">
<imgdir name="0">
<string name="act" value="eat"/>
<string name="0" value="f3_s"/>
</imgdir>
</imgdir>
<imgdir name="fail">
<imgdir name="0">
<string name="act" value="cry"/>
<string name="0" value="f3_f"/>
</imgdir>
</imgdir>
</imgdir>
<imgdir name="3">
<int name="l0" value="30"/>
<int name="l1" value="30"/>
<imgdir name="success">
<imgdir name="0">
<string name="act" value="eat"/>
<string name="0" value="f4_s"/>
</imgdir>
</imgdir>
<imgdir name="fail">
<imgdir name="0">
<string name="act" value="cry"/>
<string name="0" value="f4_f"/>
</imgdir>
</imgdir>
</imgdir>
</imgdir>
<imgdir name="slang">
<imgdir name="0">
<int name="l0" value="1"/>
<int name="l1" value="9"/>
<string name="act" value="cry"/>
<string name="0" value="s1"/>
</imgdir>
<imgdir name="1">
<int name="l0" value="10"/>
<int name="l1" value="19"/>
<string name="act" value="cry"/>
<string name="0" value="s2"/>
</imgdir>
<imgdir name="2">
<int name="l0" value="20"/>
<int name="l1" value="29"/>
<string name="act" value="what"/>
<string name="0" value="s3"/>
</imgdir>
<imgdir name="3">
<int name="l0" value="30"/>
<int name="l1" value="30"/>
<string name="act" value="what"/>
<string name="0" value="s4"/>
</imgdir>
</imgdir>
<imgdir name="stand0">
<canvas name="0" width="1" height="1">
<vector name="origin" x="14" y="24"/>
<int name="z" value="0"/>
<int name="delay" value="150"/>
<vector name="lt" x="-16" y="-28"/>
<vector name="rb" x="15" y="1"/>
<string name="_inlink" value="info/iconRawD"/>
</canvas>
<canvas name="1" width="30" height="25">
<vector name="origin" x="14" y="24"/>
<int name="z" value="0"/>
<int name="delay" value="150"/>
<vector name="lt" x="-16" y="-28"/>
<vector name="rb" x="15" y="1"/>
<string name="_hash" value="6d4f6c918af59857160377d73c996dd050a130b3a83dc15ce1613172ec47dc4c"/>
</canvas>
<canvas name="2" width="30" height="25">
<vector name="origin" x="14" y="24"/>
<int name="z" value="0"/>
<vector name="lt" x="-16" y="-28"/>
<vector name="rb" x="15" y="1"/>
<string name="_hash" value="6348d999273edc4806c3f4ef55f5295d28df7e75c3c97dbf8d52dbba1c8a6e50"/>
</canvas>
<canvas name="3" width="30" height="25">
<vector name="origin" x="14" y="24"/>
<int name="z" value="0"/>
<vector name="lt" x="-16" y="-28"/>
<vector name="rb" x="15" y="1"/>
<string name="_hash" value="ef726ab7f62d12c4ddaba2def28a8e88216897881401812fd65e41b0c21206d7"/>
</canvas>
</imgdir>
<imgdir name="stand1">
<canvas name="0" width="1" height="1">
<vector name="origin" x="14" y="24"/>
<int name="z" value="0"/>
<vector name="lt" x="-16" y="-28"/>
<vector name="rb" x="15" y="1"/>
<string name="_inlink" value="info/iconRawD"/>
</canvas>
<canvas name="1" width="1" height="1">
<vector name="origin" x="14" y="24"/>
<int name="z" value="0"/>
<vector name="lt" x="-16" y="-28"/>
<vector name="rb" x="15" y="1"/>
<string name="_inlink" value="stand0/1"/>
</canvas>
<canvas name="2" width="1" height="1">
<vector name="origin" x="14" y="24"/>
<int name="z" value="0"/>
<vector name="lt" x="-16" y="-28"/>
<vector name="rb" x="15" y="1"/>
<string name="_inlink" value="info/iconRawD"/>
</canvas>
<canvas name="3" width="1" height="1">
<vector name="origin" x="14" y="24"/>
<int name="z" value="0"/>
<vector name="lt" x="-16" y="-28"/>
<vector name="rb" x="15" y="1"/>
<string name="_inlink" value="stand0/1"/>
</canvas>
</imgdir>
<imgdir name="move">
<canvas name="0" width="30" height="25">
<vector name="origin" x="14" y="24"/>
<int name="z" value="0"/>
<int name="delay" value="90"/>
<vector name="lt" x="-16" y="-28"/>
<vector name="rb" x="15" y="1"/>
<string name="_hash" value="1a0e5dc2eff2de3f8f0cf398b146b790d8a7db3f871673f1d07802736c150fde"/>
</canvas>
<canvas name="1" width="30" height="26">
<vector name="origin" x="14" y="25"/>
<int name="z" value="0"/>
<int name="delay" value="90"/>
<vector name="lt" x="-16" y="-28"/>
<vector name="rb" x="15" y="1"/>
<string name="_hash" value="39998186a176f7d962fcde68630a55910d603ba664ddf81adfe4aed458a687b5"/>
</canvas>
<canvas name="2" width="30" height="25">
<vector name="origin" x="14" y="24"/>
<int name="z" value="0"/>
<int name="delay" value="90"/>
<vector name="lt" x="-16" y="-28"/>
<vector name="rb" x="15" y="1"/>
<string name="_hash" value="3233d58652c26481cb173433761c4c8d3e8efd66f9687fc28299200eb49bb244"/>
</canvas>
<canvas name="3 " width="30" height="26">
<vector name="origin" x="14" y="25"/>
<int name="z" value="0"/>
<int name="delay" value="90"/>
<vector name="lt" x="-16" y="-28"/>
<vector name="rb" x="15" y="1"/>
<string name="_hash" value="0376ad75700f0d9e0df9d27ceae8abe543d0252d12b6e0756ccc6b19e037f526"/>
</canvas>
</imgdir>
<imgdir name="jump">
<canvas name="0" width="30" height="24">
<vector name="origin" x="14" y="26"/>
<int name="z" value="0"/>
<vector name="lt" x="-16" y="-28"/>
<vector name="rb" x="15" y="1"/>
<string name="_hash" value="f5a8c8993a410beb2706905494605af0ff67066bf060caa9c978437a14101ed7"/>
</canvas>
</imgdir>
<imgdir name="sleep">
<canvas name="0" width="29" height="29">
<vector name="origin" x="14" y="28"/>
<int name="z" value="0"/>
<int name="delay" value="180"/>
<vector name="lt" x="-16" y="-28"/>
<vector name="rb" x="15" y="1"/>
<string name="_hash" value="9648373fbe47e6eda842b965c0f389b06d77eeb6f33ff943f6ccd24e66007c93"/>
</canvas>
<canvas name="1" width="36" height="30">
<vector name="origin" x="18" y="29"/>
<int name="z" value="0"/>
<int name="delay" value="180"/>
<vector name="lt" x="-16" y="-28"/>
<vector name="rb" x="15" y="1"/>
<string name="_hash" value="3e0d533b2ad7bf4f54b3c1b870bda0caea9567a4aa4a866ed06881a5e46238c3"/>
</canvas>
<canvas name="2" width="38" height="32">
<vector name="origin" x="18" y="31"/>
<int name="z" value="0"/>
<int name="delay" value="180"/>
<vector name="lt" x="-16" y="-28"/>
<vector name="rb" x="15" y="1"/>
<string name="_hash" value="c1f4f41697bb29877bde481bb2b943b639c44e128040cbff1d796e7404039da8"/>
</canvas>
<canvas name="3" width="41" height="33">
<vector name="origin" x="20" y="32"/>
<int name="z" value="0"/>
<int name="delay" value="180"/>
<vector name="lt" x="-16" y="-28"/>
<vector name="rb" x="15" y="1"/>
<string name="_hash" value="7bece211fb670546195c3168a73ec572aa71ec5732d6df0830f8e34d7ebdba30"/>
</canvas>
<canvas name="4" width="37" height="32">
<vector name="origin" x="14" y="31"/>
<int name="z" value="0"/>
<vector name="lt" x="-16" y="-28"/>
<vector name="rb" x="15" y="1"/>
<string name="_hash" value="6d9df04bdfbcd5ed078b5b646ff1a2842ba6a809f2a8a0d1750407c13762e2bf"/>
</canvas>
</imgdir>
<imgdir name="hungry">
<canvas name="0" width="38" height="24">
<vector name="origin" x="22" y="23"/>
<int name="z" value="0"/>
<int name="delay" value="90"/>
<vector name="lt" x="-16" y="-28"/>
<vector name="rb" x="15" y="1"/>
<string name="_hash" value="77dbe2174fbbe85268caeaa8d9aa382409ceeb9285fa55af327631f5836bdabf"/>
</canvas>
<canvas name="1" width="38" height="24">
<vector name="origin" x="22" y="22"/>
<int name="z" value="0"/>
<int name="delay" value="90"/>
<vector name="lt" x="-16" y="-28"/>
<vector name="rb" x="15" y="1"/>
<string name="_hash" value="f2dca525eb600da8236fbc4c6bcab7cf2a5e92d17e90c370dee1da1d745527a6"/>
</canvas>
</imgdir>
<imgdir name="hang">
<canvas name="0" width="31" height="27">
<vector name="origin" x="14" y="30"/>
<int name="z" value="0"/>
<vector name="lt" x="-16" y="-28"/>
<vector name="rb" x="15" y="1"/>
<string name="_hash" value="e40e1ff89b7f84c6c04c8a4a6452e2439f394e3a041e0982e3bd82a0d7b74134"/>
</canvas>
</imgdir>
<imgdir name="roll">
<canvas name="0" width="32" height="31">
<vector name="origin" x="15" y="27"/>
<int name="z" value="0"/>
<vector name="lt" x="-16" y="-28"/>
<vector name="rb" x="15" y="1"/>
<string name="_hash" value="a8e0634441a10284c785674ea245e0c847c86d1e95116fc12743449b5922988d"/>
</canvas>
<canvas name="1" width="33" height="33">
<vector name="origin" x="15" y="28"/>
<int name="z" value="0"/>
<vector name="lt" x="-16" y="-28"/>
<vector name="rb" x="15" y="1"/>
<string name="_hash" value="6bba0b262d4eaedb405c84470e63bdec709474906edfcfa3814ddc0944a27e6f"/>
</canvas>
</imgdir>
<imgdir name="eat">
<canvas name="0" width="35" height="24">
<vector name="origin" x="19" y="23"/>
<int name="z" value="0"/>
<vector name="lt" x="-16" y="-28"/>
<vector name="rb" x="15" y="1"/>
<string name="_hash" value="4f83a7d862a610ea6782d656914a059c1f8873cc8a902cbe6ab3eafb393cd251"/>
</canvas>
<canvas name="1" width="34" height="25">
<vector name="origin" x="18" y="24"/>
<int name="z" value="0"/>
<vector name="lt" x="-16" y="-28"/>
<vector name="rb" x="15" y="1"/>
<string name="_hash" value="ad21ac9030c6f5cc505269f6cafba312e66339afdaf5c8c5ca8d5efd3144a40f"/>
</canvas>
</imgdir>
<imgdir name="chat">
<canvas name="0" width="36" height="25">
<vector name="origin" x="20" y="24"/>
<int name="z" value="0"/>
<int name="delay" value="150"/>
<vector name="lt" x="-16" y="-28"/>
<vector name="rb" x="15" y="1"/>
<string name="_hash" value="deb7bc99a9c978e7fd8403b83c0b723e72b2865e69f398fefbc038a4be3cf242"/>
</canvas>
<canvas name="1" width="36" height="26">
<vector name="origin" x="20" y="24"/>
<int name="z" value="0"/>
<int name="delay" value="150"/>
<vector name="lt" x="-16" y="-28"/>
<vector name="rb" x="15" y="1"/>
<string name="_hash" value="f609930c051d6f39cdade1951aaedddcf39370e1fbc93636d8e1fd9dab14e646"/>
</canvas>
<canvas name="2" width="1" height="1">
<vector name="origin" x="20" y="24"/>
<int name="z" value="0"/>
<int name="delay" value="150"/>
<vector name="lt" x="-16" y="-28"/>
<vector name="rb" x="15" y="1"/>
<string name="_inlink" value="chat/0"/>
</canvas>
<canvas name="3" width="1" height="1">
<vector name="origin" x="20" y="24"/>
<int name="z" value="0"/>
<int name="delay" value="150"/>
<vector name="lt" x="-16" y="-28"/>
<vector name="rb" x="15" y="1"/>
<string name="_inlink" value="chat/1"/>
</canvas>
</imgdir>
<imgdir name="love">
<canvas name="0" width="34" height="29">
<vector name="origin" x="16" y="27"/>
<int name="z" value="0"/>
<vector name="lt" x="-16" y="-28"/>
<vector name="rb" x="15" y="1"/>
<string name="_hash" value="f1cca4581a03628647420be632660a330a1c94356079210a21956ec3a75aabd4"/>
</canvas>
<canvas name="1" width="35" height="29">
<vector name="origin" x="15" y="26"/>
<int name="z" value="0"/>
<vector name="lt" x="-16" y="-28"/>
<vector name="rb" x="15" y="1"/>
<string name="_hash" value="6f896fa884b0b9188ab564ace8ab2a1a356b8700fdfbe69f5e08acf1618a304a"/>
</canvas>
<canvas name="2" width="34" height="29">
<vector name="origin" x="16" y="27"/>
<int name="z" value="0"/>
<vector name="lt" x="-16" y="-28"/>
<vector name="rb" x="15" y="1"/>
<string name="_hash" value="c18ff55ccbb4b23a3032196abcf8a7806a3f25c37d6f473b14285a10a02f5f05"/>
</canvas>
<canvas name="3" width="35" height="29">
<vector name="origin" x="15" y="26"/>
<int name="z" value="0"/>
<vector name="lt" x="-16" y="-28"/>
<vector name="rb" x="15" y="1"/>
<string name="_hash" value="23cac04fe8766d66ef2db3fc67ef9355c0fa2f17b7c7e8f78cbbc82d69c0027d"/>
</canvas>
<canvas name="4" width="34" height="29">
<vector name="origin" x="16" y="27"/>
<int name="z" value="0"/>
<vector name="lt" x="-16" y="-28"/>
<vector name="rb" x="15" y="1"/>
<string name="_hash" value="08d1cd0f4323491127e0f421ade11c3eb74eee623d3d78c7b65b32ed6cd3e675"/>
</canvas>
<canvas name="5" width="35" height="29">
<vector name="origin" x="15" y="26"/>
<int name="z" value="0"/>
<vector name="lt" x="-16" y="-28"/>
<vector name="rb" x="15" y="1"/>
<string name="_hash" value="9f450c361097aa07f0ac51ee16c14ff83c11fe56fb8bc9d0420986037e4ffa05"/>
</canvas>
</imgdir>
<imgdir name="cry">
<canvas name="0" width="37" height="24">
<vector name="origin" x="18" y="23"/>
<int name="z" value="0"/>
<vector name="lt" x="-16" y="-28"/>
<vector name="rb" x="15" y="1"/>
<string name="_hash" value="b7823596328dc1bab3354297bccecaf1720898c7cd156b22ce148869ce61cf3d"/>
</canvas>
<canvas name="1" width="37" height="23">
<vector name="origin" x="17" y="22"/>
<int name="z" value="0"/>
<vector name="lt" x="-16" y="-28"/>
<vector name="rb" x="15" y="1"/>
<string name="_hash" value="a873f6c67fe0909aa2949d5702536dfd790200981d9a210fe486a46b82a5022e"/>
</canvas>
<canvas name="2" width="38" height="24">
<vector name="origin" x="18" y="23"/>
<int name="z" value="0"/>
<vector name="lt" x="-16" y="-28"/>
<vector name="rb" x="15" y="1"/>
<string name="_hash" value="720493bf2b2ca9291e33b20e8c506b0c32609d2784436bc3e1b5edfc0ae5a28c"/>
</canvas>
<canvas name="3" width="35" height="23">
<vector name="origin" x="17" y="22"/>
<int name="z" value="0"/>
<vector name="lt" x="-16" y="-28"/>
<vector name="rb" x="15" y="1"/>
<string name="_hash" value="116b2cb438005b937b4bc7c96a1e25c00ee7744e21b9e0ae03a3b22637d9f409"/>
</canvas>
</imgdir>
<imgdir name="dung">
<canvas name="0" width="30" height="24">
<vector name="origin" x="14" y="23"/>
<int name="z" value="0"/>
<int name="delay" value="150"/>
<vector name="lt" x="-16" y="-28"/>
<vector name="rb" x="15" y="1"/>
<string name="_hash" value="5f414373fe5c075ec70d2ea7b168294f5b5d13c78e2696abfb3df0543a3cb643"/>
</canvas>
<canvas name="1" width="28" height="25">
<vector name="origin" x="13" y="24"/>
<int name="z" value="0"/>
<int name="delay" value="150"/>
<vector name="lt" x="-16" y="-28"/>
<vector name="rb" x="15" y="1"/>
<string name="_hash" value="fa308550c9f3321edd73b9aa43577beaf57911e3357393eb4c2050df4919f242"/>
</canvas>
<canvas name="2" width="28" height="26">
<vector name="origin" x="13" y="25"/>
<int name="z" value="0"/>
<int name="delay" value="150"/>
<vector name="lt" x="-16" y="-28"/>
<vector name="rb" x="15" y="1"/>
<string name="_hash" value="1bd2481ba9f8825330a5d0de199d6484f1e78df082f1df304cec3e2423439d26"/>
</canvas>
<canvas name="3" width="28" height="25">
<vector name="origin" x="13" y="24"/>
<int name="z" value="0"/>
<int name="delay" value="150"/>
<vector name="lt" x="-16" y="-28"/>
<vector name="rb" x="15" y="1"/>
<string name="_hash" value="03e98733475a3922fe1600f22cfa7ec0685e326c36a59dcef3d374ed09721e17"/>
</canvas>
<canvas name="4" width="34" height="26">
<vector name="origin" x="16" y="25"/>
<int name="z" value="0"/>
<int name="delay" value="150"/>
<vector name="lt" x="-16" y="-28"/>
<vector name="rb" x="15" y="1"/>
<string name="_hash" value="b5fe44ad8cae5f0423185d81e995d4dbeebc42348202674b385c713e7a132e8e"/>
</canvas>
<canvas name="5" width="34" height="25">
<vector name="origin" x="16" y="24"/>
<int name="z" value="0"/>
<int name="delay" value="150"/>
<vector name="lt" x="-16" y="-28"/>
<vector name="rb" x="15" y="1"/>
<string name="_hash" value="cd654af5ffb72e8689e2a86b6804f09b915d15131b7bdcaa2942c68a653dc44d"/>
</canvas>
<canvas name="6" width="34" height="26">
<vector name="origin" x="17" y="25"/>
<int name="z" value="0"/>
<int name="delay" value="150"/>
<vector name="lt" x="-16" y="-28"/>
<vector name="rb" x="15" y="1"/>
<string name="_hash" value="f75f0aab70c7d5a1edca081270a7736a75577fa0dd8c60f12f9e500ce7407296"/>
</canvas>
<canvas name="7" width="1" height="1">
<vector name="origin" x="14" y="24"/>
<int name="z" value="0"/>
<int name="delay" value="150"/>
<vector name="lt" x="-16" y="-28"/>
<vector name="rb" x="15" y="1"/>
<string name="_inlink" value="stand0/1"/>
</canvas>
</imgdir>
<imgdir name="rest0">
<canvas name="0" width="30" height="24">
<vector name="origin" x="14" y="23"/>
<int name="z" value="0"/>
<vector name="lt" x="-16" y="-28"/>
<vector name="rb" x="15" y="1"/>
<string name="_hash" value="bd7163132e2bfdf5f1fd57637a9e57016b91307ba5b623bec167285a14fd336e"/>
</canvas>
<canvas name="1" width="30" height="24">
<vector name="origin" x="14" y="23"/>
<int name="z" value="0"/>
<vector name="lt" x="-16" y="-28"/>
<vector name="rb" x="15" y="1"/>
<string name="_hash" value="07b7c6b0307bdae7cc1a9a8d053fe628b44f1407bf0fe1b9f16fd34985dc21c2"/>
</canvas>
<canvas name="2" width="1" height="1">
<vector name="origin" x="14" y="23"/>
<int name="z" value="0"/>
<vector name="lt" x="-16" y="-28"/>
<vector name="rb" x="15" y="1"/>
<string name="_inlink" value="rest0/1"/>
</canvas>
<canvas name="3" width="1" height="1">
<vector name="origin" x="14" y="23"/>
<int name="z" value="0"/>
<vector name="lt" x="-16" y="-28"/>
<vector name="rb" x="15" y="1"/>
<string name="_inlink" value="rest0/1"/>
</canvas>
</imgdir>
<uol name="fly" value="jump"/>
<uol name="sit" value="rest0"/>
<imgdir name="what">
<canvas name="0" width="1" height="1">
<vector name="origin" x="14" y="23"/>
<int name="z" value="0"/>
<int name="delay" value="180"/>
<vector name="lt" x="-16" y="-28"/>
<vector name="rb" x="15" y="1"/>
<string name="_inlink" value="rest0/0"/>
</canvas>
<canvas name="1" width="1" height="1">
<vector name="origin" x="14" y="23"/>
<int name="z" value="0"/>
<int name="delay" value="180"/>
<vector name="lt" x="-16" y="-28"/>
<vector name="rb" x="15" y="1"/>
<string name="_inlink" value="rest0/0"/>
</canvas>
<canvas name="2" width="30" height="29">
<vector name="origin" x="15" y="28"/>
<int name="z" value="0"/>
<vector name="lt" x="-16" y="-28"/>
<vector name="rb" x="15" y="1"/>
<string name="_hash" value="40f7455f4ce1a7953a7c31c9258fe5fa918b4b38f8642ab6be9eeeab16bbc917"/>
</canvas>
<canvas name="3" width="30" height="32">
<vector name="origin" x="16" y="31"/>
<int name="z" value="0"/>
<vector name="lt" x="-16" y="-28"/>
<vector name="rb" x="15" y="1"/>
<string name="_hash" value="a9c18fdcda61460c6c07fa2d2cf747d247ad6ae62504aa9335dfe8acc83a730d"/>
</canvas>
<canvas name="4" width="30" height="33">
<vector name="origin" x="16" y="32"/>
<int name="z" value="0"/>
<vector name="lt" x="-16" y="-28"/>
<vector name="rb" x="15" y="1"/>
<string name="_hash" value="9e50f8f25e5f8726ee9a50b4d94414cc3d97ee4204c3da3c2650e9ee96736dac"/>
</canvas>
<canvas name="5" width="30" height="34">
<vector name="origin" x="16" y="33"/>
<int name="z" value="0"/>
<vector name="lt" x="-16" y="-28"/>
<vector name="rb" x="15" y="1"/>
<string name="_hash" value="f4f548e5e1cd0c19d26560693ef7a394b2ecce99b61e2a3f47a3dc14b13ee373"/>
</canvas>
<canvas name="6" width="30" height="24">
<vector name="origin" x="15" y="23"/>
<int name="z" value="0"/>
<vector name="lt" x="-16" y="-28"/>
<vector name="rb" x="15" y="1"/>
<string name="_hash" value="033aa02898ec87839a6879d71c9957b9661c1e8b9d96144270d247555e6a90a1"/>
</canvas>
<canvas name="7" width="1" height="1">
<vector name="origin" x="14" y="23"/>
<int name="z" value="0"/>
<vector name="lt" x="-16" y="-28"/>
<vector name="rb" x="15" y="1"/>
<string name="_inlink" value="rest0/1"/>
</canvas>
</imgdir>
<imgdir name="angry">
<canvas name="0" width="36" height="25">
<vector name="origin" x="21" y="23"/>
<int name="z" value="0"/>
<int name="delay" value="150"/>
<vector name="lt" x="-16" y="-28"/>
<vector name="rb" x="15" y="1"/>
<string name="_hash" value="dbaba35b7b8bcd3d50c3aed9a5ac3ec292d4799b166f9c0309e5bddd2cb5eb2d"/>
</canvas>
<canvas name="1" width="37" height="25">
<vector name="origin" x="22" y="24"/>
<int name="z" value="0"/>
<int name="delay" value="150"/>
<vector name="lt" x="-16" y="-28"/>
<vector name="rb" x="15" y="1"/>
<string name="_hash" value="6264554715de59730060165bfb858c7a0355eb016cec6436a846ad9d3aa527db"/>
</canvas>
<canvas name="2" width="1" height="1">
<vector name="origin" x="21" y="23"/>
<int name="z" value="0"/>
<vector name="lt" x="-16" y="-28"/>
<vector name="rb" x="15" y="1"/>
<string name="_inlink" value="angry/0"/>
</canvas>
<canvas name="3" width="1" height="1">
<vector name="origin" x="22" y="24"/>
<int name="z" value="0"/>
<vector name="lt" x="-16" y="-28"/>
<vector name="rb" x="15" y="1"/>
<string name="_inlink" value="angry/1"/>
</canvas>
</imgdir>
</imgdir>
