<?xml version="1.0" encoding="UTF-8" standalone="yes"?>
<imgdir name="5000773.img">
<imgdir name="info">
<canvas name="icon" width="32" height="26">
<vector name="origin" x="0" y="26"/>
<string name="_hash" value="c265af3e09e28b99310019167cec340db49d4386a523ca71e400737305e52414"/>
</canvas>
<canvas name="iconRaw" width="32" height="24">
<vector name="origin" x="0" y="26"/>
<string name="_hash" value="066ecf8298d771c42e8a43fb32aac26585d9fa5161baa41d2aea00d8cdfd41f6"/>
</canvas>
<canvas name="iconD" width="33" height="27">
<vector name="origin" x="0" y="27"/>
<string name="_hash" value="b3aeea0fc44c7bbd8fa0d398c26b6c19e01028fd11df3806a255735d605b0ed7"/>
</canvas>
<canvas name="iconRawD" width="32" height="26">
<vector name="origin" x="0" y="27"/>
<string name="_hash" value="3bdff9c9e5bd107403cf5d25761c84447684cd4927573b5985bab8868aef1990"/>
</canvas>
<int name="hungry" value="2"/>
<int name="cash" value="1"/>
<int name="life" value="90"/>
<int name="pickupItem" value="1"/>
<int name="multiPet" value="1"/>
<int name="autoBuff" value="1"/>
<int name="chatBalloon" value="312"/>
<int name="nameTag" value="312"/>
<int name="setItemID" value="695"/>
<int name="sweepForDrop" value="1"/>
</imgdir>
<imgdir name="interact">
<imgdir name="0">
<string name="command" value="c1"/>
<int name="inc" value="1"/>
<int name="prob" value="30"/>
<int name="l0" value="1"/>
<int name="l1" value="9"/>
<imgdir name="success">
<imgdir name="0">
<string name="act" value="rest0"/>
<string name="0" value="c1_s1"/>
<string name="1" value="c1_s2"/>
</imgdir>
</imgdir>
<imgdir name="fail">
<imgdir name="0">
<string name="act" value="stand0"/>
<string name="0" value="c1_f1"/>
<string name="1" value="c1_f2"/>
</imgdir>
</imgdir>
</imgdir>
<imgdir name="1">
<string name="command" value="c2"/>
<int name="inc" value="2"/>
<int name="prob" value="45"/>
<int name="l0" value="10"/>
<int name="l1" value="19"/>
<imgdir name="success">
<imgdir name="0">
<string name="act" value="rest0"/>
<string name="0" value="c2_s1"/>
<string name="1" value="c2_s2"/>
<string name="2" value="c2_s3"/>
<string name="3" value="c2_s4"/>
</imgdir>
</imgdir>
<imgdir name="fail">
<imgdir name="0">
<string name="act" value="stand0"/>
<string name="0" value="c2_f1"/>
<string name="1" value="c2_f2"/>
<string name="2" value="c2_f3"/>
<string name="3" value="c2_f4"/>
</imgdir>
</imgdir>
</imgdir>
<imgdir name="2">
<string name="command" value="c3"/>
<int name="inc" value="3"/>
<int name="prob" value="60"/>
<int name="l0" value="20"/>
<int name="l1" value="29"/>
<imgdir name="success">
<imgdir name="0">
<string name="act" value="rest0"/>
<string name="0" value="c3_s1"/>
<string name="1" value="c3_s2"/>
<string name="2" value="c3_s3"/>
<string name="3" value="c3_s4"/>
</imgdir>
</imgdir>
<imgdir name="fail">
<imgdir name="0">
<string name="act" value="stand0"/>
<string name="0" value="c3_f1"/>
<string name="1" value="c3_f2"/>
<string name="2" value="c3_f3"/>
<string name="3" value="c3_f4"/>
</imgdir>
</imgdir>
</imgdir>
<imgdir name="3">
<string name="command" value="c4"/>
<int name="inc" value="2"/>
<int name="prob" value="70"/>
<int name="l0" value="30"/>
<int name="l1" value="30"/>
<imgdir name="success">
<imgdir name="0">
<string name="act" value="rest0"/>
<string name="0" value="c4_s1"/>
<string name="1" value="c4_s2"/>
<string name="2" value="c4_s3"/>
<string name="3" value="c4_s4"/>
</imgdir>
</imgdir>
<imgdir name="fail">
<imgdir name="0">
<string name="act" value="stand0"/>
<string name="0" value="c4_f1"/>
<string name="1" value="c4_f2"/>
<string name="2" value="c4_f3"/>
<string name="3" value="c4_f4"/>
</imgdir>
</imgdir>
</imgdir>
<imgdir name="4">
<string name="command" value="c5"/>
<int name="inc" value="1"/>
<int name="prob" value="30"/>
<int name="l0" value="1"/>
<int name="l1" value="9"/>
<imgdir name="success">
<imgdir name="0">
<string name="act" value="cry"/>
<string name="0" value="c5_s1"/>
<string name="1" value="c5_s2"/>
</imgdir>
</imgdir>
<imgdir name="fail">
<imgdir name="0">
<string name="act" value="stand0"/>
<string name="0" value="c5_f1"/>
<string name="1" value="c5_f2"/>
</imgdir>
</imgdir>
</imgdir>
<imgdir name="5">
<string name="command" value="c6"/>
<int name="inc" value="2"/>
<int name="prob" value="50"/>
<int name="l0" value="10"/>
<int name="l1" value="19"/>
<imgdir name="success">
<imgdir name="0">
<string name="act" value="cry"/>
<string name="0" value="c6_s1"/>
<string name="1" value="c6_s2"/>
<string name="2" value="c6_s3"/>
<string name="3" value="c6_s4"/>
</imgdir>
</imgdir>
<imgdir name="fail">
<imgdir name="0">
<string name="act" value="angry"/>
<string name="0" value="c6_f1"/>
<string name="1" value="c6_f2"/>
<string name="2" value="c6_f3"/>
<string name="3" value="c6_f4"/>
</imgdir>
</imgdir>
</imgdir>
<imgdir name="6">
<string name="command" value="c7"/>
<int name="inc" value="2"/>
<int name="prob" value="60"/>
<int name="l0" value="20"/>
<int name="l1" value="29"/>
<imgdir name="success">
<imgdir name="0">
<string name="act" value="cry"/>
<string name="0" value="c7_s1"/>
<string name="1" value="c7_s2"/>
<string name="2" value="c7_s3"/>
<string name="3" value="c7_s4"/>
</imgdir>
</imgdir>
<imgdir name="fail">
<imgdir name="0">
<string name="act" value="angry"/>
<string name="0" value="c7_f1"/>
<string name="1" value="c7_f2"/>
<string name="2" value="c7_f3"/>
<string name="3" value="c7_f4"/>
</imgdir>
</imgdir>
</imgdir>
<imgdir name="7">
<string name="command" value="c8"/>
<int name="inc" value="3"/>
<int name="prob" value="70"/>
<int name="l0" value="30"/>
<int name="l1" value="30"/>
<imgdir name="success">
<imgdir name="0">
<string name="act" value="cry"/>
<string name="0" value="c8_s1"/>
<string name="1" value="c8_s2"/>
<string name="2" value="c8_s3"/>
<string name="3" value="c8_s4"/>
</imgdir>
</imgdir>
<imgdir name="fail">
<imgdir name="0">
<string name="act" value="angry"/>
<string name="0" value="c8_f1"/>
<string name="1" value="c8_f2"/>
<string name="2" value="c8_f3"/>
<string name="3" value="c8_f4"/>
</imgdir>
</imgdir>
</imgdir>
<imgdir name="8">
<string name="command" value="c9"/>
<int name="inc" value="1"/>
<int name="prob" value="30"/>
<int name="l0" value="1"/>
<int name="l1" value="9"/>
<imgdir name="success">
<imgdir name="0">
<string name="act" value="love"/>
<string name="0" value="c9_s1"/>
<string name="1" value="c9_s2"/>
</imgdir>
</imgdir>
<imgdir name="fail">
<imgdir name="0">
<string name="act" value="no"/>
<string name="0" value="c9_f1"/>
<string name="1" value="c9_f2"/>
</imgdir>
</imgdir>
</imgdir>
<imgdir name="9">
<string name="command" value="c10"/>
<int name="inc" value="2"/>
<int name="prob" value="50"/>
<int name="l0" value="10"/>
<int name="l1" value="19"/>
<imgdir name="success">
<imgdir name="0">
<string name="act" value="love"/>
<string name="0" value="c10_s1"/>
<string name="1" value="c10_s2"/>
<string name="2" value="c10_s3"/>
<string name="3" value="c10_s4"/>
</imgdir>
</imgdir>
<imgdir name="fail">
<imgdir name="0">
<string name="act" value="no"/>
<string name="0" value="c10_f1"/>
<string name="1" value="c10_f2"/>
<string name="2" value="c10_f3"/>
<string name="3" value="c10_f4"/>
</imgdir>
</imgdir>
</imgdir>
<imgdir name="10">
<string name="command" value="c11"/>
<int name="inc" value="2"/>
<int name="prob" value="60"/>
<int name="l0" value="20"/>
<int name="l1" value="29"/>
<imgdir name="success">
<imgdir name="0">
<string name="act" value="love"/>
<string name="0" value="c11_s1"/>
<string name="1" value="c11_s2"/>
<string name="2" value="c11_s3"/>
<string name="3" value="c11_s4"/>
</imgdir>
</imgdir>
<imgdir name="fail">
<imgdir name="0">
<string name="act" value="no"/>
<string name="0" value="c11_f1"/>
<string name="1" value="c11_f2"/>
<string name="2" value="c11_f3"/>
<string name="4" value="c11_f4"/>
</imgdir>
</imgdir>
</imgdir>
<imgdir name="11">
<string name="command" value="c12"/>
<int name="inc" value="3"/>
<int name="prob" value="70"/>
<int name="l0" value="30"/>
<int name="l1" value="30"/>
<imgdir name="success">
<imgdir name="0">
<string name="act" value="love"/>
<string name="0" value="c12_s1"/>
<string name="1" value="c12_s2"/>
<string name="2" value="c12_s3"/>
<string name="3" value="c12_s4"/>
</imgdir>
</imgdir>
<imgdir name="fail">
<imgdir name="0">
<string name="act" value="no"/>
<string name="0" value="c12_f1"/>
<string name="1" value="c12_f2"/>
<string name="2" value="c12_f3"/>
<string name="3" value="c12_f4"/>
</imgdir>
</imgdir>
</imgdir>
<imgdir name="12">
<string name="command" value="c13"/>
<int name="inc" value="1"/>
<int name="prob" value="30"/>
<int name="l0" value="10"/>
<int name="l1" value="19"/>
<imgdir name="success">
<imgdir name="0">
<string name="act" value="dung"/>
<string name="0" value="c13_s1"/>
<string name="1" value="c13_s2"/>
<string name="2" value="c13_s3"/>
<string name="3" value="c13_s4"/>
</imgdir>
</imgdir>
<imgdir name="fail">
<imgdir name="0">
<string name="act" value="stand0"/>
<string name="0" value="c13_f1"/>
<string name="1" value="c13_f2"/>
<string name="2" value="c13_f3"/>
<string name="3" value="c13_f4"/>
</imgdir>
</imgdir>
</imgdir>
<imgdir name="13">
<string name="command" value="c14"/>
<int name="inc" value="2"/>
<int name="prob" value="50"/>
<int name="l0" value="20"/>
<int name="l1" value="29"/>
<imgdir name="success">
<imgdir name="0">
<string name="act" value="dung"/>
<string name="0" value="c14_s1"/>
<string name="1" value="c14_s2"/>
<string name="2" value="c14_s3"/>
<string name="3" value="c14_s4"/>
</imgdir>
</imgdir>
<imgdir name="fail">
<imgdir name="0">
<string name="act" value="stand0"/>
<string name="0" value="c14_f1"/>
<string name="1" value="c14_f2"/>
<string name="2" value="c14_f3"/>
<string name="3" value="c14_f4"/>
</imgdir>
</imgdir>
</imgdir>
<imgdir name="14">
<string name="command" value="c15"/>
<int name="inc" value="3"/>
<int name="prob" value="70"/>
<int name="l0" value="30"/>
<int name="l1" value="30"/>
<imgdir name="success">
<imgdir name="0">
<string name="act" value="dung"/>
<string name="0" value="c15_s1"/>
<string name="1" value="c15_s2"/>
<string name="2" value="c15_s3"/>
<string name="3" value="c15_s4"/>
</imgdir>
</imgdir>
<imgdir name="fail">
<imgdir name="0">
<string name="act" value="angry"/>
<string name="0" value="c15_f1"/>
<string name="1" value="c15_f2"/>
<string name="2" value="c15_f3"/>
<string name="3" value="c15_f4"/>
</imgdir>
</imgdir>
</imgdir>
<imgdir name="15">
<string name="command" value="c16"/>
<int name="inc" value="1"/>
<int name="prob" value="30"/>
<int name="l0" value="10"/>
<int name="l1" value="19"/>
<imgdir name="success">
<imgdir name="0">
<string name="act" value="sleep"/>
<string name="0" value="c16_s1"/>
<string name="1" value="c16_s2"/>
<string name="2" value="c16_s3"/>
<string name="3" value="c16_s4"/>
</imgdir>
</imgdir>
<imgdir name="fail">
<imgdir name="0">
<string name="act" value="angry"/>
<string name="0" value="c16_f1"/>
<string name="1" value="c16_f2"/>
<string name="2" value="c16_f3"/>
<string name="3" value="c16_f4"/>
</imgdir>
</imgdir>
</imgdir>
<imgdir name="16">
<string name="command" value="c17"/>
<int name="inc" value="2"/>
<int name="prob" value="45"/>
<int name="l0" value="20"/>
<int name="l1" value="29"/>
<imgdir name="success">
<imgdir name="0">
<string name="act" value="sleep"/>
<string name="0" value="c17_s1"/>
<string name="1" value="c17_s2"/>
<string name="2" value="c17_s3"/>
<string name="3" value="c17_s4"/>
</imgdir>
</imgdir>
<imgdir name="fail">
<imgdir name="0">
<string name="act" value="no"/>
<string name="0" value="c17_f1"/>
<string name="1" value="c17_f2"/>
<string name="2" value="c17_f3"/>
<string name="3" value="c17_f4"/>
</imgdir>
</imgdir>
</imgdir>
<imgdir name="17">
<string name="command" value="c18"/>
<int name="inc" value="3"/>
<int name="prob" value="60"/>
<int name="l0" value="30"/>
<int name="l1" value="30"/>
<imgdir name="success">
<imgdir name="0">
<string name="act" value="sleep"/>
<string name="0" value="c18_s1"/>
<string name="1" value="c18_s2"/>
<string name="2" value="c18_s3"/>
<string name="3" value="c18_s4"/>
</imgdir>
</imgdir>
<imgdir name="fail">
<imgdir name="0">
<string name="act" value="no"/>
<string name="0" value="c18_f1"/>
<string name="1" value="c18_f2"/>
<string name="2" value="c18_f3"/>
<string name="3" value="c18_f4"/>
</imgdir>
</imgdir>
</imgdir>
<imgdir name="18">
<string name="command" value="c19"/>
<int name="inc" value="1"/>
<int name="prob" value="30"/>
<int name="l0" value="10"/>
<int name="l1" value="19"/>
<imgdir name="success">
<imgdir name="0">
<string name="act" value="chat"/>
<string name="0" value="c19_s1"/>
<string name="1" value="c19_s2"/>
<string name="2" value="c19_s3"/>
<string name="3" value="c19_s4"/>
</imgdir>
</imgdir>
<imgdir name="fail">
<imgdir name="0">
<string name="act" value="no"/>
<string name="0" value="c19_f1"/>
<string name="1" value="c19_f2"/>
<string name="2" value="c19_f3"/>
<string name="3" value="c19_f4"/>
</imgdir>
</imgdir>
</imgdir>
<imgdir name="19">
<string name="command" value="c20"/>
<int name="inc" value="2"/>
<int name="prob" value="45"/>
<int name="l0" value="20"/>
<int name="l1" value="29"/>
<imgdir name="success">
<imgdir name="0">
<string name="act" value="chat"/>
<string name="0" value="c20_s1"/>
<string name="1" value="c20_s2"/>
<string name="2" value="c20_s3"/>
<string name="3" value="c20_s4"/>
</imgdir>
</imgdir>
<imgdir name="fail">
<imgdir name="0">
<string name="act" value="no"/>
<string name="0" value="c20_f1"/>
<string name="1" value="c20_f2"/>
<string name="2" value="c20_f3"/>
<string name="3" value="c20_f4"/>
</imgdir>
</imgdir>
</imgdir>
<imgdir name="20">
<string name="command" value="c21"/>
<int name="inc" value="3"/>
<int name="prob" value="60"/>
<int name="l0" value="30"/>
<int name="l1" value="30"/>
<imgdir name="success">
<imgdir name="0">
<string name="act" value="chat"/>
<string name="0" value="c21_s1"/>
<string name="1" value="c21_s2"/>
<string name="2" value="c21_s3"/>
<string name="3" value="c21_s4"/>
</imgdir>
</imgdir>
<imgdir name="fail">
<imgdir name="0">
<string name="act" value="no"/>
<string name="0" value="c21_f1"/>
<string name="1" value="c21_f2"/>
<string name="2" value="c21_f3"/>
<string name="3" value="c21_f4"/>
</imgdir>
</imgdir>
</imgdir>
<imgdir name="21">
<string name="command" value="c22"/>
<int name="inc" value="2"/>
<int name="prob" value="50"/>
<int name="l0" value="20"/>
<int name="l1" value="29"/>
<imgdir name="success">
<imgdir name="0">
<string name="act" value="chat"/>
<string name="0" value="c22_s1"/>
<string name="1" value="c22_s2"/>
<string name="2" value="c22_s3"/>
<string name="3" value="c22_s4"/>
</imgdir>
</imgdir>
<imgdir name="fail">
<imgdir name="0">
<string name="act" value="no"/>
<string name="0" value="c22_f1"/>
<string name="1" value="c22_f2"/>
<string name="2" value="c22_f3"/>
<string name="3" value="c22_f4"/>
</imgdir>
</imgdir>
</imgdir>
<imgdir name="22">
<string name="command" value="c23"/>
<int name="inc" value="3"/>
<int name="prob" value="60"/>
<int name="l0" value="30"/>
<int name="l1" value="30"/>
<imgdir name="success">
<imgdir name="0">
<string name="act" value="chat"/>
<string name="0" value="c23_s1"/>
<string name="1" value="c23_s2"/>
<string name="2" value="c23_s3"/>
<string name="3" value="c23_s4"/>
</imgdir>
</imgdir>
<imgdir name="fail">
<imgdir name="0">
<string name="act" value="ignore"/>
<string name="0" value="c23_f1"/>
<string name="1" value="c23_f2"/>
<string name="2" value="c23_f3"/>
<string name="3" value="c23_f4"/>
</imgdir>
</imgdir>
</imgdir>
</imgdir>
<imgdir name="food">
<imgdir name="0">
<int name="l0" value="1"/>
<int name="l1" value="9"/>
<imgdir name="success">
<imgdir name="0">
<string name="act" value="eat"/>
<string name="0" value="f1_s"/>
</imgdir>
</imgdir>
<imgdir name="fail">
<imgdir name="0">
<string name="act" value="cry"/>
<string name="0" value="f1_f"/>
</imgdir>
</imgdir>
</imgdir>
<imgdir name="1">
<int name="l0" value="10"/>
<int name="l1" value="19"/>
<imgdir name="success">
<imgdir name="0">
<string name="act" value="eat"/>
<string name="0" value="f2_s"/>
</imgdir>
</imgdir>
<imgdir name="fail">
<imgdir name="0">
<string name="act" value="cry"/>
<string name="0" value="f2_f"/>
</imgdir>
</imgdir>
</imgdir>
<imgdir name="2">
<int name="l0" value="20"/>
<int name="l1" value="29"/>
<imgdir name="success">
<imgdir name="0">
<string name="act" value="eat"/>
<string name="0" value="f3_s"/>
</imgdir>
</imgdir>
<imgdir name="fail">
<imgdir name="0">
<string name="act" value="cry"/>
<string name="0" value="f3_f"/>
</imgdir>
</imgdir>
</imgdir>
<imgdir name="3">
<int name="l0" value="30"/>
<int name="l1" value="30"/>
<imgdir name="success">
<imgdir name="0">
<string name="act" value="eat"/>
<string name="0" value="f4_s"/>
</imgdir>
</imgdir>
<imgdir name="fail">
<imgdir name="0">
<string name="act" value="cry"/>
<string name="0" value="f4_f"/>
</imgdir>
</imgdir>
</imgdir>
</imgdir>
<imgdir name="slang">
<imgdir name="0">
<int name="l0" value="1"/>
<int name="l1" value="9"/>
<string name="act" value="cry"/>
<string name="0" value="s1"/>
</imgdir>
<imgdir name="1">
<int name="l0" value="10"/>
<int name="l1" value="19"/>
<string name="act" value="cry"/>
<string name="0" value="s2"/>
</imgdir>
<imgdir name="2">
<int name="l0" value="20"/>
<int name="l1" value="29"/>
<string name="act" value="angry"/>
<string name="0" value="s3"/>
</imgdir>
<imgdir name="3">
<int name="l0" value="30"/>
<int name="l1" value="30"/>
<string name="act" value="angry"/>
<string name="0" value="s4"/>
</imgdir>
</imgdir>
<imgdir name="stand0">
<canvas name="0" width="40" height="33">
<vector name="origin" x="17" y="33"/>
<int name="z" value="0"/>
<vector name="lt" x="-18" y="-34"/>
<vector name="rb" x="23" y="0"/>
<string name="_hash" value="e7947981ef732ab568fb093a4f946feefb2c5b44add3ed44dbead2c99107f685"/>
</canvas>
<canvas name="1" width="39" height="33">
<vector name="origin" x="17" y="33"/>
<int name="z" value="0"/>
<vector name="lt" x="-18" y="-34"/>
<vector name="rb" x="23" y="0"/>
<string name="_hash" value="23e7c9bf4b488e2311ca82e4655900ab248b825dc729d4bf1edaf7997649a245"/>
</canvas>
<canvas name="2" width="40" height="33">
<vector name="origin" x="17" y="33"/>
<int name="z" value="0"/>
<vector name="lt" x="-18" y="-34"/>
<vector name="rb" x="23" y="0"/>
<string name="_hash" value="197b744493721a3f4a2e389a1f9b7185d909405714e88e5786988e7532c693fa"/>
</canvas>
<canvas name="3" width="44" height="33">
<vector name="origin" x="17" y="33"/>
<int name="z" value="0"/>
<vector name="lt" x="-18" y="-34"/>
<vector name="rb" x="23" y="0"/>
<string name="_hash" value="4765d7f1c371216f540bdd0b4e7b89bfd1ee7a1d0a3f55c881b7de81e91cd558"/>
</canvas>
<canvas name="4" width="1" height="1">
<vector name="origin" x="17" y="33"/>
<int name="z" value="0"/>
<vector name="lt" x="-18" y="-34"/>
<vector name="rb" x="23" y="0"/>
<string name="_inlink" value="stand0/0"/>
</canvas>
<canvas name="5" width="1" height="1">
<vector name="origin" x="17" y="33"/>
<int name="z" value="0"/>
<vector name="lt" x="-18" y="-34"/>
<vector name="rb" x="23" y="0"/>
<string name="_inlink" value="stand0/1"/>
</canvas>
<canvas name="6" width="1" height="1">
<vector name="origin" x="17" y="33"/>
<int name="z" value="0"/>
<vector name="lt" x="-18" y="-34"/>
<vector name="rb" x="23" y="0"/>
<string name="_inlink" value="stand0/2"/>
</canvas>
<canvas name="7" width="1" height="1">
<vector name="origin" x="17" y="33"/>
<int name="z" value="0"/>
<vector name="lt" x="-18" y="-34"/>
<vector name="rb" x="23" y="0"/>
<string name="_inlink" value="stand0/3"/>
</canvas>
</imgdir>
<imgdir name="stand1">
<canvas name="0" width="1" height="1">
<vector name="origin" x="17" y="33"/>
<int name="z" value="0"/>
<vector name="lt" x="-18" y="-34"/>
<vector name="rb" x="23" y="0"/>
<string name="_inlink" value="stand0/0"/>
</canvas>
<canvas name="1" width="41" height="32">
<vector name="origin" x="18" y="32"/>
<int name="z" value="0"/>
<vector name="lt" x="-18" y="-34"/>
<vector name="rb" x="23" y="0"/>
<string name="_hash" value="f50dbc13ab82ca2beeb53b4ebf41382d507cde95d05e235539d90f5ea2b7ce43"/>
</canvas>
<canvas name="2" width="1" height="1">
<vector name="origin" x="17" y="33"/>
<int name="z" value="0"/>
<vector name="lt" x="-18" y="-34"/>
<vector name="rb" x="23" y="0"/>
<string name="_inlink" value="stand0/0"/>
</canvas>
<canvas name="3" width="1" height="1">
<vector name="origin" x="18" y="32"/>
<int name="z" value="0"/>
<vector name="lt" x="-18" y="-34"/>
<vector name="rb" x="23" y="0"/>
<string name="_inlink" value="stand1/1"/>
</canvas>
<canvas name="4" width="1" height="1">
<vector name="origin" x="17" y="33"/>
<int name="z" value="0"/>
<vector name="lt" x="-18" y="-34"/>
<vector name="rb" x="23" y="0"/>
<string name="_inlink" value="stand0/0"/>
</canvas>
<canvas name="5" width="1" height="1">
<vector name="origin" x="17" y="33"/>
<int name="z" value="0"/>
<vector name="lt" x="-18" y="-34"/>
<vector name="rb" x="23" y="0"/>
<string name="_inlink" value="stand0/0"/>
</canvas>
<canvas name="6" width="1" height="1">
<vector name="origin" x="17" y="33"/>
<int name="z" value="0"/>
<vector name="lt" x="-18" y="-34"/>
<vector name="rb" x="23" y="0"/>
<string name="_inlink" value="stand0/0"/>
</canvas>
<canvas name="7" width="1" height="1">
<vector name="origin" x="17" y="33"/>
<int name="z" value="0"/>
<vector name="lt" x="-18" y="-34"/>
<vector name="rb" x="23" y="0"/>
<string name="_inlink" value="stand0/0"/>
</canvas>
</imgdir>
<imgdir name="rest0">
<canvas name="0" width="41" height="29">
<vector name="origin" x="18" y="28"/>
<int name="z" value="0"/>
<vector name="lt" x="-18" y="-34"/>
<vector name="rb" x="23" y="0"/>
<string name="_hash" value="26689624e248f8055ebb5789c99fc66d8e1f8f3b1ad7d03a34c157b147e45104"/>
</canvas>
<canvas name="1" width="40" height="28">
<vector name="origin" x="18" y="28"/>
<int name="z" value="0"/>
<vector name="lt" x="-18" y="-34"/>
<vector name="rb" x="23" y="0"/>
<string name="_hash" value="498abdfd87f7ef97e81c6c25c910f20e4ce83a7444c67d9d9ee9fc020dc00068"/>
</canvas>
<canvas name="2" width="41" height="29">
<vector name="origin" x="18" y="28"/>
<int name="z" value="0"/>
<vector name="lt" x="-18" y="-34"/>
<vector name="rb" x="23" y="0"/>
<string name="_hash" value="18c91af4da0098b52ae2b2da799c94758554c3fcdeae7ffca19322620040ddfc"/>
</canvas>
<canvas name="3" width="45" height="30">
<vector name="origin" x="18" y="28"/>
<int name="z" value="0"/>
<vector name="lt" x="-18" y="-34"/>
<vector name="rb" x="23" y="0"/>
<string name="_hash" value="5cc607807c8149e3ef4ae50d5054c37157ab5761dcbd8ec325e58583c944920d"/>
</canvas>
<canvas name="4" width="1" height="1">
<vector name="origin" x="18" y="28"/>
<int name="z" value="0"/>
<vector name="lt" x="-18" y="-34"/>
<vector name="rb" x="23" y="0"/>
<string name="_inlink" value="rest0/0"/>
</canvas>
<canvas name="5" width="1" height="1">
<vector name="origin" x="18" y="28"/>
<int name="z" value="0"/>
<vector name="lt" x="-18" y="-34"/>
<vector name="rb" x="23" y="0"/>
<string name="_inlink" value="rest0/1"/>
</canvas>
<canvas name="6" width="1" height="1">
<vector name="origin" x="18" y="28"/>
<int name="z" value="0"/>
<vector name="lt" x="-18" y="-34"/>
<vector name="rb" x="23" y="0"/>
<string name="_inlink" value="rest0/2"/>
</canvas>
<canvas name="7" width="1" height="1">
<vector name="origin" x="18" y="28"/>
<int name="z" value="0"/>
<vector name="lt" x="-18" y="-34"/>
<vector name="rb" x="23" y="0"/>
<string name="_inlink" value="rest0/3"/>
</canvas>
</imgdir>
<imgdir name="move">
<canvas name="0" width="38" height="33">
<vector name="origin" x="17" y="33"/>
<int name="z" value="0"/>
<vector name="lt" x="-18" y="-34"/>
<vector name="rb" x="23" y="0"/>
<string name="_hash" value="d99fad10801fbcbd20e2a3a01f530ae36e692b1df8b06ef195c4d268d60df2d1"/>
</canvas>
<canvas name="1" width="40" height="31">
<vector name="origin" x="18" y="34"/>
<int name="z" value="0"/>
<vector name="lt" x="-18" y="-34"/>
<vector name="rb" x="23" y="0"/>
<string name="_hash" value="13a30ab39fb869748a037ebfe1a4dfc77a2443fcf43b11d1b94d2379d41f53f3"/>
</canvas>
<canvas name="2" width="38" height="33">
<vector name="origin" x="17" y="34"/>
<int name="z" value="0"/>
<vector name="lt" x="-18" y="-34"/>
<vector name="rb" x="23" y="0"/>
<string name="_hash" value="5e2cd91d933b7b4467dcca23e5de5a429326036ad8e5db4e7e31d740a8843216"/>
</canvas>
<canvas name="3" width="37" height="32">
<vector name="origin" x="17" y="32"/>
<int name="z" value="0"/>
<vector name="lt" x="-18" y="-34"/>
<vector name="rb" x="23" y="0"/>
<string name="_hash" value="b3b67a9097669c6409d000e390f64fdd295616a5620dca13aa60cdbdd73aef80"/>
</canvas>
<canvas name="4" width="1" height="1">
<vector name="origin" x="17" y="33"/>
<int name="z" value="0"/>
<vector name="lt" x="-18" y="-34"/>
<vector name="rb" x="23" y="0"/>
<string name="_inlink" value="move/0"/>
</canvas>
<canvas name="5" width="1" height="1">
<vector name="origin" x="18" y="34"/>
<int name="z" value="0"/>
<vector name="lt" x="-18" y="-34"/>
<vector name="rb" x="23" y="0"/>
<string name="_inlink" value="move/1"/>
</canvas>
<canvas name="6" width="1" height="1">
<vector name="origin" x="17" y="34"/>
<int name="z" value="0"/>
<vector name="lt" x="-18" y="-34"/>
<vector name="rb" x="23" y="0"/>
<string name="_inlink" value="move/2"/>
</canvas>
<canvas name="7" width="1" height="1">
<vector name="origin" x="17" y="32"/>
<int name="z" value="0"/>
<vector name="lt" x="-18" y="-34"/>
<vector name="rb" x="23" y="0"/>
<string name="_inlink" value="move/3"/>
</canvas>
</imgdir>
<imgdir name="jump">
<canvas name="0" width="41" height="37">
<vector name="origin" x="17" y="43"/>
<int name="z" value="0"/>
<vector name="lt" x="-18" y="-34"/>
<vector name="rb" x="23" y="0"/>
<string name="_hash" value="2c0f676e9d013fdbb3b56582c46140642c3abe040d8e17b15525849b3eee398c"/>
</canvas>
</imgdir>
<imgdir name="sleep">
<canvas name="0" width="46" height="24">
<vector name="origin" x="26" y="24"/>
<int name="z" value="0"/>
<vector name="lt" x="-18" y="-34"/>
<vector name="rb" x="23" y="0"/>
<string name="_hash" value="853a5ba8b2ceff451f7aaea15faa030caddf6ce545e9cf1c06017b42e9561e01"/>
</canvas>
<canvas name="1" width="50" height="28">
<vector name="origin" x="30" y="28"/>
<int name="z" value="0"/>
<vector name="lt" x="-18" y="-34"/>
<vector name="rb" x="23" y="0"/>
<string name="_hash" value="369a97daf69ac6fbd0201b8a316691eb5378da5213d648f1eadc273bf81af729"/>
</canvas>
<canvas name="2" width="54" height="30">
<vector name="origin" x="33" y="30"/>
<int name="z" value="0"/>
<vector name="lt" x="-18" y="-34"/>
<vector name="rb" x="23" y="0"/>
<string name="_hash" value="0298bf07c50d3e91b127d5af28e125429a233f751f6c34241833d1b7cda00aee"/>
</canvas>
<canvas name="3" width="56" height="33">
<vector name="origin" x="36" y="33"/>
<int name="z" value="0"/>
<vector name="lt" x="-18" y="-34"/>
<vector name="rb" x="23" y="0"/>
<string name="_hash" value="e218e5ea72e2dccec1b4fce0b4f9e0f85d1becb9f22f6fe13e203f26e7bb99b2"/>
</canvas>
<canvas name="4" width="47" height="24">
<vector name="origin" x="26" y="24"/>
<int name="z" value="0"/>
<vector name="lt" x="-18" y="-34"/>
<vector name="rb" x="23" y="0"/>
<string name="_hash" value="939e3f350a2dc1bcd212fe4f6acae83490aaa7e4e4d50ca5f3d9f14fcb3b2d3f"/>
</canvas>
<canvas name="5" width="50" height="28">
<vector name="origin" x="30" y="28"/>
<int name="z" value="0"/>
<vector name="lt" x="-18" y="-34"/>
<vector name="rb" x="23" y="0"/>
<string name="_hash" value="13876b181d12ae6d7e7f430d6d962c56012bae86d53d261ef79d532a9dc30d4c"/>
</canvas>
<canvas name="6" width="53" height="30">
<vector name="origin" x="33" y="30"/>
<int name="z" value="0"/>
<vector name="lt" x="-18" y="-34"/>
<vector name="rb" x="23" y="0"/>
<string name="_hash" value="9cc5978ab9ee3e1b0231e2befc84cffa88ccd89f041b30f03d375c9394b6f637"/>
</canvas>
<canvas name="7" width="56" height="33">
<vector name="origin" x="36" y="33"/>
<int name="z" value="0"/>
<vector name="lt" x="-18" y="-34"/>
<vector name="rb" x="23" y="0"/>
<string name="_hash" value="2541c0f154d2f3b762ebe17ad5935541937ca92618871e3c18b834dd27eb5445"/>
</canvas>
</imgdir>
<imgdir name="hungry">
<canvas name="0" width="46" height="23">
<vector name="origin" x="23" y="23"/>
<int name="z" value="0"/>
<vector name="lt" x="-18" y="-34"/>
<vector name="rb" x="23" y="0"/>
<string name="_hash" value="38e179c89ddf0451812eb23fb9687f078383cf867c215b13f85861774101abae"/>
</canvas>
<canvas name="1" width="45" height="23">
<vector name="origin" x="22" y="23"/>
<int name="z" value="0"/>
<vector name="lt" x="-18" y="-34"/>
<vector name="rb" x="23" y="0"/>
<string name="_hash" value="1e76eda891d8a2c80726f59014a91618f47f43e929f4fcc940a40ae9a72be0d2"/>
</canvas>
<canvas name="2" width="1" height="1">
<vector name="origin" x="23" y="23"/>
<int name="z" value="0"/>
<vector name="lt" x="-18" y="-34"/>
<vector name="rb" x="23" y="0"/>
<string name="_inlink" value="hungry/0"/>
</canvas>
<canvas name="3" width="1" height="1">
<vector name="origin" x="22" y="23"/>
<int name="z" value="0"/>
<vector name="lt" x="-18" y="-34"/>
<vector name="rb" x="23" y="0"/>
<string name="_inlink" value="hungry/1"/>
</canvas>
<canvas name="4" width="1" height="1">
<vector name="origin" x="23" y="23"/>
<int name="z" value="0"/>
<vector name="lt" x="-18" y="-34"/>
<vector name="rb" x="23" y="0"/>
<string name="_inlink" value="hungry/0"/>
</canvas>
<canvas name="5" width="1" height="1">
<vector name="origin" x="22" y="23"/>
<int name="z" value="0"/>
<vector name="lt" x="-18" y="-34"/>
<vector name="rb" x="23" y="0"/>
<string name="_inlink" value="hungry/1"/>
</canvas>
<canvas name="6" width="1" height="1">
<vector name="origin" x="23" y="23"/>
<int name="z" value="0"/>
<vector name="lt" x="-18" y="-34"/>
<vector name="rb" x="23" y="0"/>
<string name="_inlink" value="hungry/0"/>
</canvas>
<canvas name="7" width="1" height="1">
<vector name="origin" x="22" y="23"/>
<int name="z" value="0"/>
<vector name="lt" x="-18" y="-34"/>
<vector name="rb" x="23" y="0"/>
<string name="_inlink" value="hungry/1"/>
</canvas>
</imgdir>
<imgdir name="hang">
<canvas name="0" width="33" height="46">
<vector name="origin" x="15" y="58"/>
<int name="z" value="0"/>
<vector name="lt" x="-18" y="-34"/>
<vector name="rb" x="23" y="0"/>
<string name="_hash" value="8e0f5f9972b2c36ddbeacb254664bde5d1aa3e15221677dbb2fb49c32a1d0772"/>
</canvas>
</imgdir>
<imgdir name="eat">
<canvas name="0" width="43" height="30">
<vector name="origin" x="20" y="30"/>
<int name="z" value="0"/>
<vector name="lt" x="-18" y="-34"/>
<vector name="rb" x="23" y="0"/>
<string name="_hash" value="0d5b53580ed750eefc41a9ae97a5fb40f415c52f8c4083c25c64967dc8517c04"/>
</canvas>
<canvas name="1" width="39" height="32">
<vector name="origin" x="17" y="32"/>
<int name="z" value="0"/>
<vector name="lt" x="-18" y="-34"/>
<vector name="rb" x="23" y="0"/>
<string name="_hash" value="9254de6529e9cadcf1e710c8c7dd0db41d169b41e3a56d11344d470a7f03fbd4"/>
</canvas>
<canvas name="2" width="43" height="30">
<vector name="origin" x="20" y="30"/>
<int name="z" value="0"/>
<vector name="lt" x="-18" y="-34"/>
<vector name="rb" x="23" y="0"/>
<string name="_hash" value="d223380c2f6b158fc55cb2b221b3d60384545ad9bb5aec407682665d1e7bf316"/>
</canvas>
<canvas name="3" width="44" height="32">
<vector name="origin" x="17" y="32"/>
<int name="z" value="0"/>
<vector name="lt" x="-18" y="-34"/>
<vector name="rb" x="23" y="0"/>
<string name="_hash" value="166ceed0ca9f7d6cb7af9f0ab68661aaa2973eaee6c975d8b11bc0fb244b46d1"/>
</canvas>
<canvas name="4" width="40" height="33">
<vector name="origin" x="17" y="33"/>
<int name="z" value="0"/>
<vector name="lt" x="-18" y="-34"/>
<vector name="rb" x="23" y="0"/>
<string name="_hash" value="d1b3a719ce4bc237ae5d33254777fffcf9f47e6fcafd15c5db4e14986c9b2b62"/>
</canvas>
<canvas name="5" width="39" height="33">
<vector name="origin" x="17" y="33"/>
<int name="z" value="0"/>
<vector name="lt" x="-18" y="-34"/>
<vector name="rb" x="23" y="0"/>
<string name="_hash" value="38431d073b427962417f90f35e66dd914ceff120d2a63f37b76ab4d67fad8884"/>
</canvas>
<canvas name="6" width="40" height="33">
<vector name="origin" x="17" y="33"/>
<int name="z" value="0"/>
<vector name="lt" x="-18" y="-34"/>
<vector name="rb" x="23" y="0"/>
<string name="_hash" value="6bb0cc1ff54a3c2c8b6621fcfa19f0ce7e0dc50810a6632db33bab0b7a06d7c3"/>
</canvas>
<canvas name="7" width="44" height="33">
<vector name="origin" x="17" y="33"/>
<int name="z" value="0"/>
<vector name="lt" x="-18" y="-34"/>
<vector name="rb" x="23" y="0"/>
<string name="_hash" value="f9d0b6ed5177c467b07ba6d48bc23cb8cf8a694684e55140e23ca31439d38d54"/>
</canvas>
</imgdir>
<imgdir name="chat">
<canvas name="0" width="1" height="1">
<vector name="origin" x="17" y="33"/>
<int name="z" value="0"/>
<vector name="lt" x="-18" y="-34"/>
<vector name="rb" x="23" y="0"/>
<string name="_inlink" value="stand0/0"/>
</canvas>
<canvas name="1" width="40" height="32">
<vector name="origin" x="19" y="32"/>
<int name="z" value="0"/>
<vector name="lt" x="-18" y="-34"/>
<vector name="rb" x="23" y="0"/>
<string name="_hash" value="ee905661b88bd071e62ed4201bcda16b8d7c83df21733b4dd1e8aaaf687b0ce9"/>
</canvas>
<canvas name="2" width="40" height="33">
<vector name="origin" x="18" y="33"/>
<int name="z" value="0"/>
<vector name="lt" x="-18" y="-34"/>
<vector name="rb" x="23" y="0"/>
<string name="_hash" value="953f96ca3ba7fdb2f15f76b23fe03d195a790412dbf681c617b13cbb8d696b3d"/>
</canvas>
<canvas name="3" width="45" height="32">
<vector name="origin" x="19" y="32"/>
<int name="z" value="0"/>
<vector name="lt" x="-18" y="-34"/>
<vector name="rb" x="23" y="0"/>
<string name="_hash" value="7427fd35b10730c87fb9b6f79aeafa316ad4ba38969468b165841e1f3e36f694"/>
</canvas>
<canvas name="4" width="40" height="33">
<vector name="origin" x="18" y="33"/>
<int name="z" value="0"/>
<vector name="lt" x="-18" y="-34"/>
<vector name="rb" x="23" y="0"/>
<string name="_hash" value="fde63b310d6202e3d8d581a76198eea15f1f37ec3c11ab80cc633d6e2e5dea98"/>
</canvas>
<canvas name="5" width="1" height="1">
<vector name="origin" x="19" y="32"/>
<int name="z" value="0"/>
<vector name="lt" x="-18" y="-34"/>
<vector name="rb" x="23" y="0"/>
<string name="_inlink" value="chat/1"/>
</canvas>
<canvas name="6" width="40" height="33">
<vector name="origin" x="18" y="33"/>
<int name="z" value="0"/>
<vector name="lt" x="-18" y="-34"/>
<vector name="rb" x="23" y="0"/>
<string name="_hash" value="0e1d5ab5702715fd0b7a73b3233ed4622f098074604fd95fc0f6b70836b2007c"/>
</canvas>
<canvas name="7" width="1" height="1">
<vector name="origin" x="17" y="33"/>
<int name="z" value="0"/>
<vector name="lt" x="-18" y="-34"/>
<vector name="rb" x="23" y="0"/>
<string name="_inlink" value="stand0/3"/>
</canvas>
</imgdir>
<imgdir name="love">
<canvas name="0" width="40" height="43">
<vector name="origin" x="17" y="43"/>
<int name="z" value="0"/>
<vector name="lt" x="-18" y="-34"/>
<vector name="rb" x="23" y="0"/>
<string name="_hash" value="15efbbbd7a204446352e6322388ca2fc51ab7305f31c3883d89d19b53d9f329e"/>
</canvas>
<canvas name="1" width="42" height="44">
<vector name="origin" x="22" y="46"/>
<int name="z" value="0"/>
<vector name="lt" x="-18" y="-34"/>
<vector name="rb" x="23" y="0"/>
<string name="_hash" value="5e5c58c15a097b5744c6d6e49f7e86d7a68544b83d4d3751c9a9a144f6ba2e2d"/>
</canvas>
<canvas name="2" width="40" height="42">
<vector name="origin" x="24" y="43"/>
<int name="z" value="0"/>
<vector name="lt" x="-18" y="-34"/>
<vector name="rb" x="23" y="0"/>
<string name="_hash" value="f2769542030f12fde5d7012769593968598c5de7f382f6d343838dbcb6214e7e"/>
</canvas>
<canvas name="3" width="44" height="41">
<vector name="origin" x="26" y="41"/>
<int name="z" value="0"/>
<vector name="lt" x="-18" y="-34"/>
<vector name="rb" x="23" y="0"/>
<string name="_hash" value="6e054dbc80378f6ab6cafb2380f9cd283c607fa88cae8efcb213294641c9db84"/>
</canvas>
<canvas name="4" width="1" height="1">
<vector name="origin" x="27" y="33"/>
<int name="z" value="0"/>
<vector name="lt" x="-18" y="-34"/>
<vector name="rb" x="23" y="0"/>
<string name="_inlink" value="stand0/0"/>
</canvas>
<canvas name="5" width="40" height="43">
<vector name="origin" x="31" y="43"/>
<int name="z" value="0"/>
<vector name="lt" x="-18" y="-34"/>
<vector name="rb" x="23" y="0"/>
<string name="_hash" value="f9a80f90c1000014098a122826ee6bdb3e1ec4139e20b3c1b47e343398577cc4"/>
</canvas>
<canvas name="6" width="42" height="44">
<vector name="origin" x="28" y="46"/>
<int name="z" value="0"/>
<vector name="lt" x="-18" y="-34"/>
<vector name="rb" x="23" y="0"/>
<string name="_hash" value="62c053b290f0757e109c9e18564c2f4353b9e096622ac001ffbcdbdffe27b6d4"/>
</canvas>
<canvas name="7" width="40" height="42">
<vector name="origin" x="24" y="43"/>
<int name="z" value="0"/>
<vector name="lt" x="-18" y="-34"/>
<vector name="rb" x="23" y="0"/>
<string name="_hash" value="d3d8a66dc5d08c24fd9458be944b86e53d03ec83a7b94d3fc634fae17615af9f"/>
</canvas>
<canvas name="8" width="44" height="41">
<vector name="origin" x="26" y="41"/>
<int name="z" value="0"/>
<vector name="lt" x="-18" y="-34"/>
<vector name="rb" x="23" y="0"/>
<string name="_hash" value="7e843620b08bbce3e112e621a607f84e4f8f05dcafe5aaa093845e01a69ddcbd"/>
</canvas>
<canvas name="9" width="40" height="33">
<vector name="origin" x="24" y="33"/>
<int name="z" value="0"/>
<vector name="lt" x="-18" y="-34"/>
<vector name="rb" x="23" y="0"/>
<string name="_hash" value="ee7033592d26cb5700c18606f3c8cbbcbd834858c4cc07af52c4dc48168b3329"/>
</canvas>
</imgdir>
<imgdir name="cry">
<canvas name="0" width="1" height="1">
<vector name="origin" x="17" y="33"/>
<int name="z" value="0"/>
<vector name="lt" x="-18" y="-34"/>
<vector name="rb" x="23" y="0"/>
<string name="_inlink" value="stand0/1"/>
</canvas>
<canvas name="1" width="50" height="25">
<vector name="origin" x="24" y="25"/>
<int name="z" value="0"/>
<vector name="lt" x="-18" y="-34"/>
<vector name="rb" x="23" y="0"/>
<string name="_hash" value="3b0b682e1f0ea53cca2558a68274a71d6f07fb50ee00c04b5fd6acd9fa44b066"/>
</canvas>
<canvas name="2" width="50" height="25">
<vector name="origin" x="24" y="25"/>
<int name="z" value="0"/>
<vector name="lt" x="-18" y="-34"/>
<vector name="rb" x="23" y="0"/>
<string name="_hash" value="82682ba275fae278ca174c46c950b72117e73b089aeef3a2306d9ea29761a118"/>
</canvas>
<canvas name="3" width="50" height="25">
<vector name="origin" x="24" y="25"/>
<int name="z" value="0"/>
<vector name="lt" x="-18" y="-34"/>
<vector name="rb" x="23" y="0"/>
<string name="_hash" value="8e3e0e7e6a78ddf7c228510be12e34e4668729149f45bafc76729bfedfcbb8d6"/>
</canvas>
<canvas name="4" width="50" height="25">
<vector name="origin" x="24" y="25"/>
<int name="z" value="0"/>
<vector name="lt" x="-18" y="-34"/>
<vector name="rb" x="23" y="0"/>
<string name="_hash" value="d57e2ae76ca50fe086ca085dd4bc3e51152c8f5382d3ba2c61ec1d41878f8972"/>
</canvas>
<canvas name="5" width="39" height="33">
<vector name="origin" x="17" y="33"/>
<int name="z" value="0"/>
<vector name="lt" x="-18" y="-34"/>
<vector name="rb" x="23" y="0"/>
<string name="_hash" value="30c3686229820995191205f77a1f6904bcb9c3c6feb74c95c1bf13ecc62e4244"/>
</canvas>
<canvas name="6" width="40" height="33">
<vector name="origin" x="17" y="33"/>
<int name="z" value="0"/>
<vector name="lt" x="-18" y="-34"/>
<vector name="rb" x="23" y="0"/>
<string name="_hash" value="c17bae70a511e1b101fbd3033be54a9284328b596d8e13e15114b14434005d8a"/>
</canvas>
<canvas name="7" width="1" height="1">
<vector name="origin" x="17" y="33"/>
<int name="z" value="0"/>
<vector name="lt" x="-18" y="-34"/>
<vector name="rb" x="23" y="0"/>
<string name="_inlink" value="stand0/3"/>
</canvas>
</imgdir>
<imgdir name="dung">
<canvas name="0" width="1" height="1">
<vector name="origin" x="17" y="33"/>
<int name="z" value="0"/>
<vector name="lt" x="-18" y="-34"/>
<vector name="rb" x="23" y="0"/>
<string name="_inlink" value="stand0/0"/>
</canvas>
<canvas name="1" width="39" height="32">
<vector name="origin" x="16" y="32"/>
<int name="z" value="0"/>
<vector name="lt" x="-18" y="-34"/>
<vector name="rb" x="23" y="0"/>
<string name="_hash" value="139e0b3172023fdf00ebffc2c922fc0c62180d103e9c94e41efecbc298667ab0"/>
</canvas>
<canvas name="2" width="40" height="35">
<vector name="origin" x="16" y="35"/>
<int name="z" value="0"/>
<vector name="lt" x="-18" y="-34"/>
<vector name="rb" x="23" y="0"/>
<string name="_hash" value="16905e66b4627eb5a8830e493c5bcaa0f49db10fcb59a91e24f4c06b22880d2a"/>
</canvas>
<canvas name="3" width="42" height="37">
<vector name="origin" x="16" y="37"/>
<int name="z" value="0"/>
<vector name="lt" x="-18" y="-34"/>
<vector name="rb" x="23" y="0"/>
<string name="_hash" value="82f9fa8d7c62d19b1b56932cd65dea663e18bde82bee06ac5f42973304d1ca59"/>
</canvas>
<canvas name="4" width="44" height="39">
<vector name="origin" x="16" y="39"/>
<int name="z" value="0"/>
<vector name="lt" x="-18" y="-34"/>
<vector name="rb" x="23" y="0"/>
<string name="_hash" value="768894dc20abd6f35a570bb3c4e72ba333675035af8412e10318b669142b8011"/>
</canvas>
<canvas name="5" width="45" height="39">
<vector name="origin" x="17" y="39"/>
<int name="z" value="0"/>
<vector name="lt" x="-18" y="-34"/>
<vector name="rb" x="23" y="0"/>
<string name="_hash" value="48e6131b9dcdf3463e2fb92cf7eb651241e412cfca7a595cbbe9799c27f73fed"/>
</canvas>
<canvas name="6" width="1" height="1">
<vector name="origin" x="17" y="33"/>
<int name="z" value="0"/>
<vector name="lt" x="-18" y="-34"/>
<vector name="rb" x="23" y="0"/>
<string name="_inlink" value="stand0/2"/>
</canvas>
<canvas name="7" width="1" height="1">
<vector name="origin" x="17" y="33"/>
<int name="z" value="0"/>
<vector name="lt" x="-18" y="-34"/>
<vector name="rb" x="23" y="0"/>
<string name="_inlink" value="stand0/3"/>
</canvas>
</imgdir>
<imgdir name="roll">
<canvas name="0" width="50" height="50">
<vector name="origin" x="24" y="47"/>
<int name="z" value="0"/>
<vector name="lt" x="-18" y="-34"/>
<vector name="rb" x="23" y="0"/>
<string name="_hash" value="ceb40555a4cdd0887d31c9791bfad15cdb1d766cc152ee5a9ee347389f840739"/>
</canvas>
<canvas name="1" width="50" height="50">
<vector name="origin" x="24" y="47"/>
<int name="z" value="0"/>
<vector name="lt" x="-18" y="-34"/>
<vector name="rb" x="23" y="0"/>
<string name="_hash" value="6b24d9ca5eefd5586c6412b2f1fd2625f3dfbf55096465e697476b58539a890b"/>
</canvas>
<canvas name="2" width="50" height="50">
<vector name="origin" x="24" y="47"/>
<int name="z" value="0"/>
<vector name="lt" x="-18" y="-34"/>
<vector name="rb" x="23" y="0"/>
<string name="_hash" value="cc9ad56981f0b7695e910f8e34299ad600d4ae52ee60d892e46a1487e08de584"/>
</canvas>
</imgdir>
<imgdir name="angry">
<canvas name="0" width="42" height="34">
<vector name="origin" x="17" y="34"/>
<int name="z" value="0"/>
<vector name="lt" x="-18" y="-34"/>
<vector name="rb" x="23" y="0"/>
<string name="_hash" value="75f78d32dbd624424feb2ca99383b393c289398e79622fac9924d2c399d78c57"/>
</canvas>
<canvas name="1" width="44" height="36">
<vector name="origin" x="17" y="36"/>
<int name="z" value="0"/>
<vector name="lt" x="-18" y="-34"/>
<vector name="rb" x="23" y="0"/>
<string name="_hash" value="83c684b748a46c7aafd36484a1ae229e9740c6bea2f729d011b9fae7357d232c"/>
</canvas>
<canvas name="2" width="48" height="37">
<vector name="origin" x="17" y="37"/>
<int name="z" value="0"/>
<vector name="lt" x="-18" y="-34"/>
<vector name="rb" x="23" y="0"/>
<string name="_hash" value="b536c9f1eca8ac673b339bf9916d5f7cc76b9ce886a37a20c4cf7a7e480721c4"/>
</canvas>
<canvas name="3" width="39" height="33">
<vector name="origin" x="17" y="33"/>
<int name="z" value="0"/>
<vector name="lt" x="-18" y="-34"/>
<vector name="rb" x="23" y="0"/>
<string name="_hash" value="d9d320ff5a76a1b7f2c19bccd73a505a87bdccc15b07c37b78ec51ac25319a3d"/>
</canvas>
<canvas name="4" width="1" height="1">
<vector name="origin" x="17" y="34"/>
<int name="z" value="0"/>
<vector name="lt" x="-18" y="-34"/>
<vector name="rb" x="23" y="0"/>
<string name="_inlink" value="angry/0"/>
</canvas>
<canvas name="5" width="44" height="36">
<vector name="origin" x="17" y="36"/>
<int name="z" value="0"/>
<vector name="lt" x="-18" y="-34"/>
<vector name="rb" x="23" y="0"/>
<string name="_hash" value="58fdf2345a39d355c5730d98f71a338cc1d8c0a607c6d5520a65dc054823b8ba"/>
</canvas>
<canvas name="6" width="48" height="37">
<vector name="origin" x="17" y="37"/>
<int name="z" value="0"/>
<vector name="lt" x="-18" y="-34"/>
<vector name="rb" x="23" y="0"/>
<string name="_hash" value="611f6f80158a737da0548869b51ab51a16a1b4761823e92aae19a134b9041880"/>
</canvas>
<canvas name="7" width="39" height="33">
<vector name="origin" x="17" y="33"/>
<int name="z" value="0"/>
<vector name="lt" x="-18" y="-34"/>
<vector name="rb" x="23" y="0"/>
<string name="_hash" value="35954c57a8032a8ac00030a04779ba39be53f539df0260a16bc15ee97053f11d"/>
</canvas>
</imgdir>
<imgdir name="no">
<canvas name="0" width="1" height="1">
<vector name="origin" x="17" y="33"/>
<int name="z" value="0"/>
<vector name="lt" x="-18" y="-34"/>
<vector name="rb" x="23" y="0"/>
<string name="_inlink" value="stand0/0"/>
</canvas>
<canvas name="1" width="38" height="42">
<vector name="origin" x="16" y="42"/>
<int name="z" value="0"/>
<vector name="lt" x="-18" y="-34"/>
<vector name="rb" x="23" y="0"/>
<string name="_hash" value="f3f8d651e5b4d495d5b19344b00e53dfe4684a5b16c8cc59e743bb97cb6d011f"/>
</canvas>
<canvas name="2" width="39" height="41">
<vector name="origin" x="16" y="41"/>
<int name="z" value="0"/>
<vector name="lt" x="-18" y="-34"/>
<vector name="rb" x="23" y="0"/>
<string name="_hash" value="d37b422e8aa0675ab5d7fdfcded0851a1df6b01b5ae225e7fcd7aaa729d5fadd"/>
</canvas>
<canvas name="3" width="43" height="42">
<vector name="origin" x="16" y="42"/>
<int name="z" value="0"/>
<vector name="lt" x="-18" y="-34"/>
<vector name="rb" x="23" y="0"/>
<string name="_hash" value="f881f7e7d9999c66046c20869b6417007fc75808ecc82252569323d2442fe6fa"/>
</canvas>
<canvas name="4" width="39" height="43">
<vector name="origin" x="16" y="43"/>
<int name="z" value="0"/>
<vector name="lt" x="-18" y="-34"/>
<vector name="rb" x="23" y="0"/>
<string name="_hash" value="cc29fc3f8b8bc8d2be8ab3e3c9328b5bf60986a9ece679fdb4afc1f07786f800"/>
</canvas>
<canvas name="5" width="38" height="40">
<vector name="origin" x="16" y="40"/>
<int name="z" value="0"/>
<vector name="lt" x="-18" y="-34"/>
<vector name="rb" x="23" y="0"/>
<string name="_hash" value="6c7a33fb5e88690c16b437e2c78ce1967d5e67415d1a2e57b730f111a950dcd2"/>
</canvas>
<canvas name="6" width="39" height="41">
<vector name="origin" x="16" y="41"/>
<int name="z" value="0"/>
<vector name="lt" x="-18" y="-34"/>
<vector name="rb" x="23" y="0"/>
<string name="_hash" value="e95ed36ec5c303d1d07af51e9c644a5149a5299bc56e8b4c698fd4921a115adf"/>
</canvas>
<canvas name="7" width="1" height="1">
<vector name="origin" x="17" y="33"/>
<int name="z" value="0"/>
<vector name="lt" x="-18" y="-34"/>
<vector name="rb" x="23" y="0"/>
<string name="_inlink" value="stand0/3"/>
</canvas>
</imgdir>
<uol name="sit" value="rest0"/>
<uol name="fly" value="jump"/>
</imgdir>
