<?xml version="1.0" encoding="UTF-8" standalone="yes"?>
<imgdir name="5000330.img">
<imgdir name="info">
<canvas name="icon" width="32" height="32">
<vector name="origin" x="0" y="32"/>
<string name="_hash" value="a08d3efccb92e5e8122d42685fbe1b2b2f49d5c16c39001ffcc8dc870bcd6bf5"/>
</canvas>
<canvas name="iconRaw" width="32" height="31">
<vector name="origin" x="0" y="32"/>
<string name="_hash" value="dbcec02295b14d0a156508f27c985d74b356ac7ca49458265f9421f2c21bd5a0"/>
</canvas>
<canvas name="iconD" width="29" height="33">
<vector name="origin" x="-2" y="33"/>
<string name="_hash" value="b07c4a9800672abf3479ef65b0be294e467008359a18667bbe2cee48da609f3e"/>
</canvas>
<canvas name="iconRawD" width="29" height="33">
<vector name="origin" x="-2" y="33"/>
<string name="_hash" value="10bc2ee407c2c8003aaa9473ec91eaed57ecb27e074eab482bd24b462ca4a636"/>
</canvas>
<int name="nameTag" value="134"/>
<int name="chatBalloon" value="134"/>
<int name="life" value="90"/>
<int name="hungry" value="2"/>
<int name="cash" value="1"/>
<int name="multiPet" value="1"/>
<int name="pickupItem" value="1"/>
<int name="autoBuff" value="1"/>
<int name="setItemID" value="312"/>
</imgdir>
<imgdir name="interact">
<imgdir name="0">
<string name="command" value="c1"/>
<int name="inc" value="1"/>
<int name="prob" value="30"/>
<int name="l0" value="1"/>
<int name="l1" value="9"/>
<imgdir name="success">
<imgdir name="0">
<string name="act" value="rest0"/>
<string name="0" value="c1_s1"/>
<string name="1" value="c1_s2"/>
</imgdir>
</imgdir>
<imgdir name="fail">
<imgdir name="0">
<string name="act" value="stand0"/>
<string name="0" value="c1_f1"/>
<string name="1" value="c1_f2"/>
</imgdir>
</imgdir>
</imgdir>
<imgdir name="1">
<string name="command" value="c2"/>
<int name="inc" value="2"/>
<int name="prob" value="45"/>
<int name="l0" value="10"/>
<int name="l1" value="19"/>
<imgdir name="success">
<imgdir name="0">
<string name="act" value="rest0"/>
<string name="0" value="c2_s1"/>
<string name="1" value="c2_s2"/>
<string name="2" value="c2_s3"/>
<string name="3" value="c2_s4"/>
</imgdir>
</imgdir>
<imgdir name="fail">
<imgdir name="0">
<string name="act" value="stand0"/>
<string name="0" value="c2_f1"/>
<string name="1" value="c2_f2"/>
<string name="2" value="c2_f3"/>
<string name="3" value="c2_f4"/>
</imgdir>
</imgdir>
</imgdir>
<imgdir name="2">
<string name="command" value="c3"/>
<int name="inc" value="3"/>
<int name="prob" value="60"/>
<int name="l0" value="20"/>
<int name="l1" value="29"/>
<imgdir name="success">
<imgdir name="0">
<string name="act" value="rest0"/>
<string name="0" value="c3_s1"/>
<string name="1" value="c3_s2"/>
<string name="2" value="c3_s3"/>
<string name="3" value="c3_s4"/>
</imgdir>
</imgdir>
<imgdir name="fail">
<imgdir name="0">
<string name="act" value="stand0"/>
<string name="0" value="c3_f1"/>
<string name="1" value="c3_f2"/>
<string name="2" value="c3_f3"/>
<string name="3" value="c3_f4"/>
</imgdir>
</imgdir>
</imgdir>
<imgdir name="3">
<string name="command" value="c4"/>
<int name="inc" value="2"/>
<int name="prob" value="70"/>
<int name="l0" value="30"/>
<int name="l1" value="30"/>
<imgdir name="success">
<imgdir name="0">
<string name="act" value="rest0"/>
<string name="0" value="c4_s1"/>
<string name="1" value="c4_s2"/>
<string name="2" value="c4_s3"/>
<string name="3" value="c4_s4"/>
</imgdir>
</imgdir>
<imgdir name="fail">
<imgdir name="0">
<string name="act" value="stand0"/>
<string name="0" value="c4_f1"/>
<string name="1" value="c4_f2"/>
<string name="2" value="c4_f3"/>
<string name="3" value="c4_f4"/>
</imgdir>
</imgdir>
</imgdir>
<imgdir name="4">
<string name="command" value="c5"/>
<int name="inc" value="1"/>
<int name="prob" value="30"/>
<int name="l0" value="1"/>
<int name="l1" value="9"/>
<imgdir name="success">
<imgdir name="0">
<string name="act" value="cry"/>
<string name="0" value="c5_s1"/>
<string name="1" value="c5_s2"/>
</imgdir>
</imgdir>
<imgdir name="fail">
<imgdir name="0">
<string name="act" value="stand0"/>
<string name="0" value="c5_f1"/>
<string name="1" value="c5_f2"/>
</imgdir>
</imgdir>
</imgdir>
<imgdir name="5">
<string name="command" value="c6"/>
<int name="inc" value="2"/>
<int name="prob" value="50"/>
<int name="l0" value="10"/>
<int name="l1" value="19"/>
<imgdir name="success">
<imgdir name="0">
<string name="act" value="cry"/>
<string name="0" value="c6_s1"/>
<string name="1" value="c6_s2"/>
<string name="2" value="c6_s3"/>
<string name="3" value="c6_s4"/>
</imgdir>
</imgdir>
<imgdir name="fail">
<imgdir name="0">
<string name="act" value="angry"/>
<string name="0" value="c6_f1"/>
<string name="1" value="c6_f2"/>
<string name="2" value="c6_f3"/>
<string name="3" value="c6_f4"/>
</imgdir>
</imgdir>
</imgdir>
<imgdir name="6">
<string name="command" value="c7"/>
<int name="inc" value="2"/>
<int name="prob" value="60"/>
<int name="l0" value="20"/>
<int name="l1" value="29"/>
<imgdir name="success">
<imgdir name="0">
<string name="act" value="cry"/>
<string name="0" value="c7_s1"/>
<string name="1" value="c7_s2"/>
<string name="2" value="c7_s3"/>
<string name="3" value="c7_s4"/>
</imgdir>
</imgdir>
<imgdir name="fail">
<imgdir name="0">
<string name="act" value="angry"/>
<string name="0" value="c7_f1"/>
<string name="1" value="c7_f2"/>
<string name="2" value="c7_f3"/>
<string name="3" value="c7_f4"/>
</imgdir>
</imgdir>
</imgdir>
<imgdir name="7">
<string name="command" value="c8"/>
<int name="inc" value="3"/>
<int name="prob" value="70"/>
<int name="l0" value="30"/>
<int name="l1" value="30"/>
<imgdir name="success">
<imgdir name="0">
<string name="act" value="cry"/>
<string name="0" value="c8_s1"/>
<string name="1" value="c8_s2"/>
<string name="2" value="c8_s3"/>
<string name="3" value="c8_s4"/>
</imgdir>
</imgdir>
<imgdir name="fail">
<imgdir name="0">
<string name="act" value="angry"/>
<string name="0" value="c8_f1"/>
<string name="1" value="c8_f2"/>
<string name="2" value="c8_f3"/>
<string name="3" value="c8_f4"/>
</imgdir>
</imgdir>
</imgdir>
<imgdir name="8">
<string name="command" value="c9"/>
<int name="inc" value="1"/>
<int name="prob" value="30"/>
<int name="l0" value="1"/>
<int name="l1" value="9"/>
<imgdir name="success">
<imgdir name="0">
<string name="act" value="love"/>
<string name="0" value="c9_s1"/>
<string name="1" value="c9_s2"/>
</imgdir>
</imgdir>
<imgdir name="fail">
<imgdir name="0">
<string name="act" value="no"/>
<string name="0" value="c9_f1"/>
<string name="1" value="c9_f2"/>
</imgdir>
</imgdir>
</imgdir>
<imgdir name="9">
<string name="command" value="c10"/>
<int name="inc" value="2"/>
<int name="prob" value="50"/>
<int name="l0" value="10"/>
<int name="l1" value="19"/>
<imgdir name="success">
<imgdir name="0">
<string name="act" value="love"/>
<string name="0" value="c10_s1"/>
<string name="1" value="c10_s2"/>
<string name="2" value="c10_s3"/>
<string name="3" value="c10_s4"/>
</imgdir>
</imgdir>
<imgdir name="fail">
<imgdir name="0">
<string name="act" value="no"/>
<string name="0" value="c10_f1"/>
<string name="1" value="c10_f2"/>
<string name="2" value="c10_f3"/>
<string name="3" value="c10_f4"/>
</imgdir>
</imgdir>
</imgdir>
<imgdir name="10">
<string name="command" value="c11"/>
<int name="inc" value="2"/>
<int name="prob" value="60"/>
<int name="l0" value="20"/>
<int name="l1" value="29"/>
<imgdir name="success">
<imgdir name="0">
<string name="act" value="love"/>
<string name="0" value="c11_s1"/>
<string name="1" value="c11_s2"/>
<string name="2" value="c11_s3"/>
<string name="3" value="c11_s4"/>
</imgdir>
</imgdir>
<imgdir name="fail">
<imgdir name="0">
<string name="act" value="no"/>
<string name="0" value="c11_f1"/>
<string name="1" value="c11_f2"/>
<string name="2" value="c11_f3"/>
<string name="4" value="c11_f4"/>
</imgdir>
</imgdir>
</imgdir>
<imgdir name="11">
<string name="command" value="c12"/>
<int name="inc" value="3"/>
<int name="prob" value="70"/>
<int name="l0" value="30"/>
<int name="l1" value="30"/>
<imgdir name="success">
<imgdir name="0">
<string name="act" value="love"/>
<string name="0" value="c12_s1"/>
<string name="1" value="c12_s2"/>
<string name="2" value="c12_s3"/>
<string name="3" value="c12_s4"/>
</imgdir>
</imgdir>
<imgdir name="fail">
<imgdir name="0">
<string name="act" value="no"/>
<string name="0" value="c12_f1"/>
<string name="1" value="c12_f2"/>
<string name="2" value="c12_f3"/>
<string name="3" value="c12_f4"/>
</imgdir>
</imgdir>
</imgdir>
<imgdir name="12">
<string name="command" value="c13"/>
<int name="inc" value="1"/>
<int name="prob" value="30"/>
<int name="l0" value="10"/>
<int name="l1" value="19"/>
<imgdir name="success">
<imgdir name="0">
<string name="act" value="dung"/>
<string name="0" value="c13_s1"/>
<string name="1" value="c13_s2"/>
<string name="2" value="c13_s3"/>
<string name="3" value="c13_s4"/>
</imgdir>
</imgdir>
<imgdir name="fail">
<imgdir name="0">
<string name="act" value="stand0"/>
<string name="0" value="c13_f1"/>
<string name="1" value="c13_f2"/>
<string name="2" value="c13_f3"/>
<string name="3" value="c13_f4"/>
</imgdir>
</imgdir>
</imgdir>
<imgdir name="13">
<string name="command" value="c14"/>
<int name="inc" value="2"/>
<int name="prob" value="50"/>
<int name="l0" value="20"/>
<int name="l1" value="29"/>
<imgdir name="success">
<imgdir name="0">
<string name="act" value="dung"/>
<string name="0" value="c14_s1"/>
<string name="1" value="c14_s2"/>
<string name="2" value="c14_s3"/>
<string name="3" value="c14_s4"/>
</imgdir>
</imgdir>
<imgdir name="fail">
<imgdir name="0">
<string name="act" value="stand0"/>
<string name="0" value="c14_f1"/>
<string name="1" value="c14_f2"/>
<string name="2" value="c14_f3"/>
<string name="3" value="c14_f4"/>
</imgdir>
</imgdir>
</imgdir>
<imgdir name="14">
<string name="command" value="c15"/>
<int name="inc" value="3"/>
<int name="prob" value="70"/>
<int name="l0" value="30"/>
<int name="l1" value="30"/>
<imgdir name="success">
<imgdir name="0">
<string name="act" value="dung"/>
<string name="0" value="c15_s1"/>
<string name="1" value="c15_s2"/>
<string name="2" value="c15_s3"/>
<string name="3" value="c15_s4"/>
</imgdir>
</imgdir>
<imgdir name="fail">
<imgdir name="0">
<string name="act" value="angry"/>
<string name="0" value="c15_f1"/>
<string name="1" value="c15_f2"/>
<string name="2" value="c15_f3"/>
<string name="3" value="c15_f4"/>
</imgdir>
</imgdir>
</imgdir>
<imgdir name="15">
<string name="command" value="c16"/>
<int name="inc" value="1"/>
<int name="prob" value="30"/>
<int name="l0" value="10"/>
<int name="l1" value="19"/>
<imgdir name="success">
<imgdir name="0">
<string name="act" value="sleep"/>
<string name="0" value="c16_s1"/>
<string name="1" value="c16_s2"/>
<string name="2" value="c16_s3"/>
<string name="3" value="c16_s4"/>
</imgdir>
</imgdir>
<imgdir name="fail">
<imgdir name="0">
<string name="act" value="angry"/>
<string name="0" value="c16_f1"/>
<string name="1" value="c16_f2"/>
<string name="2" value="c16_f3"/>
<string name="3" value="c16_f4"/>
</imgdir>
</imgdir>
</imgdir>
<imgdir name="16">
<string name="command" value="c17"/>
<int name="inc" value="2"/>
<int name="prob" value="45"/>
<int name="l0" value="20"/>
<int name="l1" value="29"/>
<imgdir name="success">
<imgdir name="0">
<string name="act" value="sleep"/>
<string name="0" value="c17_s1"/>
<string name="1" value="c17_s2"/>
<string name="2" value="c17_s3"/>
<string name="3" value="c17_s4"/>
</imgdir>
</imgdir>
<imgdir name="fail">
<imgdir name="0">
<string name="act" value="no"/>
<string name="0" value="c17_f1"/>
<string name="1" value="c17_f2"/>
<string name="2" value="c17_f3"/>
<string name="3" value="c17_f4"/>
</imgdir>
</imgdir>
</imgdir>
<imgdir name="17">
<string name="command" value="c18"/>
<int name="inc" value="3"/>
<int name="prob" value="60"/>
<int name="l0" value="30"/>
<int name="l1" value="30"/>
<imgdir name="success">
<imgdir name="0">
<string name="act" value="sleep"/>
<string name="0" value="c18_s1"/>
<string name="1" value="c18_s2"/>
<string name="2" value="c18_s3"/>
<string name="3" value="c18_s4"/>
</imgdir>
</imgdir>
<imgdir name="fail">
<imgdir name="0">
<string name="act" value="no"/>
<string name="0" value="c18_f1"/>
<string name="1" value="c18_f2"/>
<string name="2" value="c18_f3"/>
<string name="3" value="c18_f4"/>
</imgdir>
</imgdir>
</imgdir>
<imgdir name="18">
<string name="command" value="c19"/>
<int name="inc" value="1"/>
<int name="prob" value="30"/>
<int name="l0" value="10"/>
<int name="l1" value="19"/>
<imgdir name="success">
<imgdir name="0">
<string name="act" value="chat"/>
<string name="0" value="c19_s1"/>
<string name="1" value="c19_s2"/>
<string name="2" value="c19_s3"/>
<string name="3" value="c19_s4"/>
</imgdir>
</imgdir>
<imgdir name="fail">
<imgdir name="0">
<string name="act" value="no"/>
<string name="0" value="c19_f1"/>
<string name="1" value="c19_f2"/>
<string name="2" value="c19_f3"/>
<string name="3" value="c19_f4"/>
</imgdir>
</imgdir>
</imgdir>
<imgdir name="19">
<string name="command" value="c20"/>
<int name="inc" value="2"/>
<int name="prob" value="45"/>
<int name="l0" value="20"/>
<int name="l1" value="29"/>
<imgdir name="success">
<imgdir name="0">
<string name="act" value="chat"/>
<string name="0" value="c20_s1"/>
<string name="1" value="c20_s2"/>
<string name="2" value="c20_s3"/>
<string name="3" value="c20_s4"/>
</imgdir>
</imgdir>
<imgdir name="fail">
<imgdir name="0">
<string name="act" value="no"/>
<string name="0" value="c20_f1"/>
<string name="1" value="c20_f2"/>
<string name="2" value="c20_f3"/>
<string name="3" value="c20_f4"/>
</imgdir>
</imgdir>
</imgdir>
<imgdir name="20">
<string name="command" value="c21"/>
<int name="inc" value="3"/>
<int name="prob" value="60"/>
<int name="l0" value="30"/>
<int name="l1" value="30"/>
<imgdir name="success">
<imgdir name="0">
<string name="act" value="shout"/>
<string name="0" value="c21_s1"/>
<string name="1" value="c21_s2"/>
<string name="2" value="c21_s3"/>
<string name="3" value="c21_s4"/>
</imgdir>
</imgdir>
<imgdir name="fail">
<imgdir name="0">
<string name="act" value="no"/>
<string name="0" value="c21_f1"/>
<string name="1" value="c21_f2"/>
<string name="2" value="c21_f3"/>
<string name="3" value="c21_f4"/>
</imgdir>
</imgdir>
</imgdir>
<imgdir name="21">
<string name="command" value="c22"/>
<int name="inc" value="2"/>
<int name="prob" value="50"/>
<int name="l0" value="20"/>
<int name="l1" value="29"/>
<imgdir name="success">
<imgdir name="0">
<string name="act" value="shout"/>
<string name="0" value="c22_s1"/>
<string name="1" value="c22_s2"/>
<string name="2" value="c22_s3"/>
<string name="3" value="c22_s4"/>
</imgdir>
</imgdir>
<imgdir name="fail">
<imgdir name="0">
<string name="act" value="no"/>
<string name="0" value="c22_f1"/>
<string name="1" value="c22_f2"/>
<string name="2" value="c22_f3"/>
<string name="3" value="c22_f4"/>
</imgdir>
</imgdir>
</imgdir>
<imgdir name="22">
<string name="command" value="c23"/>
<int name="inc" value="3"/>
<int name="prob" value="60"/>
<int name="l0" value="30"/>
<int name="l1" value="30"/>
<imgdir name="success">
<imgdir name="0">
<string name="act" value="play"/>
<string name="0" value="c23_s1"/>
<string name="1" value="c23_s2"/>
<string name="2" value="c23_s3"/>
<string name="3" value="c23_s4"/>
</imgdir>
</imgdir>
<imgdir name="fail">
<imgdir name="0">
<string name="act" value="ignore"/>
<string name="0" value="c23_f1"/>
<string name="1" value="c23_f2"/>
<string name="2" value="c23_f3"/>
<string name="3" value="c23_f4"/>
</imgdir>
</imgdir>
</imgdir>
</imgdir>
<imgdir name="food">
<imgdir name="0">
<int name="l0" value="1"/>
<int name="l1" value="9"/>
<imgdir name="success">
<imgdir name="0">
<string name="act" value="eat"/>
<string name="0" value="f1_s"/>
</imgdir>
</imgdir>
<imgdir name="fail">
<imgdir name="0">
<string name="act" value="no"/>
<string name="0" value="f1_f"/>
</imgdir>
</imgdir>
</imgdir>
<imgdir name="1">
<int name="l0" value="10"/>
<int name="l1" value="19"/>
<imgdir name="success">
<imgdir name="0">
<string name="act" value="eat"/>
<string name="0" value="f2_s"/>
</imgdir>
</imgdir>
<imgdir name="fail">
<imgdir name="0">
<string name="act" value="no"/>
<string name="0" value="f2_f"/>
</imgdir>
</imgdir>
</imgdir>
<imgdir name="2">
<int name="l0" value="20"/>
<int name="l1" value="29"/>
<imgdir name="success">
<imgdir name="0">
<string name="act" value="eat"/>
<string name="0" value="f3_s"/>
</imgdir>
</imgdir>
<imgdir name="fail">
<imgdir name="0">
<string name="act" value="no"/>
<string name="0" value="f3_f"/>
</imgdir>
</imgdir>
</imgdir>
<imgdir name="3">
<int name="l0" value="30"/>
<int name="l1" value="30"/>
<imgdir name="success">
<imgdir name="0">
<string name="act" value="eat"/>
<string name="0" value="f4_s"/>
</imgdir>
</imgdir>
<imgdir name="fail">
<imgdir name="0">
<string name="act" value="no"/>
<string name="0" value="f4_f"/>
</imgdir>
</imgdir>
</imgdir>
</imgdir>
<imgdir name="slang">
<imgdir name="0">
<int name="l0" value="1"/>
<int name="l1" value="9"/>
<string name="act" value="ignore"/>
<string name="0" value="s1"/>
</imgdir>
<imgdir name="1">
<int name="l0" value="10"/>
<int name="l1" value="19"/>
<string name="act" value="ignore"/>
<string name="0" value="s2"/>
</imgdir>
<imgdir name="2">
<int name="l0" value="20"/>
<int name="l1" value="29"/>
<string name="act" value="angry"/>
<string name="0" value="s3"/>
</imgdir>
<imgdir name="3">
<int name="l0" value="30"/>
<int name="l1" value="30"/>
<string name="act" value="angry"/>
<string name="0" value="s4"/>
</imgdir>
</imgdir>
<imgdir name="stand0">
<canvas name="0" width="42" height="50">
<vector name="origin" x="20" y="53"/>
<vector name="lt" x="-20" y="-53"/>
<vector name="rb" x="22" y="0"/>
<int name="z" value="0"/>
<int name="delay" value="180"/>
<string name="_hash" value="69884c4c61e478314f8d87f33c6763fe83660743cb210fb507092db7f808b240"/>
</canvas>
<canvas name="1" width="42" height="49">
<vector name="origin" x="20" y="53"/>
<int name="z" value="0"/>
<vector name="lt" x="-20" y="-53"/>
<vector name="rb" x="22" y="0"/>
<int name="delay" value="180"/>
<string name="_hash" value="7850b53b315242b17379c99057eb002755e77a9a790f8e4dba05ce774463a50b"/>
</canvas>
<canvas name="2" width="42" height="50">
<vector name="origin" x="20" y="54"/>
<int name="z" value="0"/>
<vector name="lt" x="-20" y="-54"/>
<vector name="rb" x="22" y="0"/>
<int name="delay" value="180"/>
<string name="_hash" value="eaa12d996dcf0b955a3890783dd4cdc8ddc358dbbc1e4294d66de2c4deeba5f1"/>
</canvas>
<canvas name="3" width="1" height="1">
<vector name="origin" x="20" y="53"/>
<int name="z" value="0"/>
<vector name="lt" x="-20" y="-53"/>
<vector name="rb" x="22" y="0"/>
<int name="delay" value="180"/>
<string name="_inlink" value="stand0/1"/>
</canvas>
<canvas name="4" width="1" height="1">
<vector name="origin" x="20" y="53"/>
<int name="z" value="0"/>
<vector name="lt" x="-20" y="-53"/>
<vector name="rb" x="22" y="0"/>
<int name="delay" value="180"/>
<string name="_inlink" value="stand0/0"/>
</canvas>
<canvas name="5" width="1" height="1">
<vector name="origin" x="20" y="53"/>
<int name="z" value="0"/>
<vector name="lt" x="-20" y="-53"/>
<vector name="rb" x="22" y="0"/>
<int name="delay" value="180"/>
<string name="_inlink" value="stand0/1"/>
</canvas>
<canvas name="6" width="1" height="1">
<vector name="origin" x="20" y="54"/>
<int name="z" value="0"/>
<vector name="lt" x="-20" y="-53"/>
<vector name="rb" x="22" y="0"/>
<int name="delay" value="180"/>
<string name="_inlink" value="stand0/2"/>
</canvas>
<canvas name="7" width="1" height="1">
<vector name="origin" x="20" y="53"/>
<int name="z" value="0"/>
<vector name="lt" x="-20" y="-53"/>
<vector name="rb" x="22" y="0"/>
<int name="delay" value="180"/>
<string name="_inlink" value="stand0/1"/>
</canvas>
</imgdir>
<imgdir name="stand1">
<canvas name="0" width="1" height="1">
<vector name="origin" x="20" y="53"/>
<int name="z" value="0"/>
<vector name="lt" x="-20" y="-53"/>
<vector name="rb" x="22" y="0"/>
<int name="delay" value="180"/>
<string name="_inlink" value="stand0/0"/>
</canvas>
<canvas name="1" width="1" height="1">
<vector name="origin" x="20" y="53"/>
<int name="z" value="0"/>
<vector name="lt" x="-20" y="-53"/>
<vector name="rb" x="22" y="0"/>
<int name="delay" value="180"/>
<string name="_inlink" value="stand0/1"/>
</canvas>
<canvas name="2" width="1" height="1">
<vector name="origin" x="20" y="54"/>
<int name="z" value="0"/>
<vector name="lt" x="-20" y="-53"/>
<vector name="rb" x="22" y="0"/>
<int name="delay" value="180"/>
<string name="_inlink" value="stand0/2"/>
</canvas>
<canvas name="3" width="42" height="49">
<vector name="origin" x="20" y="53"/>
<int name="z" value="0"/>
<vector name="lt" x="-20" y="-53"/>
<vector name="rb" x="22" y="0"/>
<int name="delay" value="180"/>
<string name="_hash" value="97ad4efb198ff531a6f35d2725ef5a9e9b026fb6c9fc4f05d35ce4c5e8b33805"/>
</canvas>
</imgdir>
<imgdir name="rest0">
<canvas name="0" width="42" height="50">
<vector name="origin" x="20" y="53"/>
<int name="z" value="0"/>
<vector name="lt" x="-20" y="-53"/>
<vector name="rb" x="22" y="0"/>
<int name="delay" value="100"/>
<string name="_hash" value="3a088a4bbdb75b29cf5d81cb07030d731c351a99fd1b9537c037080d0807cd1b"/>
</canvas>
<canvas name="1" width="1" height="1">
<vector name="origin" x="20" y="53"/>
<int name="z" value="0"/>
<vector name="lt" x="-20" y="-53"/>
<vector name="rb" x="22" y="0"/>
<int name="delay" value="100"/>
<string name="_inlink" value="rest0/0"/>
</canvas>
<canvas name="2" width="1" height="1">
<vector name="origin" x="20" y="53"/>
<int name="z" value="0"/>
<vector name="lt" x="-20" y="-53"/>
<vector name="rb" x="22" y="0"/>
<int name="delay" value="100"/>
<string name="_inlink" value="stand1/3"/>
</canvas>
<canvas name="3" width="1" height="1">
<vector name="origin" x="20" y="53"/>
<int name="z" value="0"/>
<vector name="lt" x="-20" y="-53"/>
<vector name="rb" x="22" y="0"/>
<int name="delay" value="100"/>
<string name="_inlink" value="stand1/3"/>
</canvas>
</imgdir>
<imgdir name="move">
<canvas name="0" width="42" height="50">
<vector name="origin" x="21" y="53"/>
<int name="z" value="0"/>
<vector name="lt" x="-21" y="-53"/>
<vector name="rb" x="21" y="0"/>
<int name="delay" value="150"/>
<string name="_hash" value="353d0035c4e9a2a70150c3e0157235897d792b00541049cba150bb11fdc44054"/>
</canvas>
<canvas name="1" width="42" height="49">
<vector name="origin" x="21" y="53"/>
<int name="z" value="0"/>
<vector name="lt" x="-21" y="-53"/>
<vector name="rb" x="21" y="0"/>
<int name="delay" value="150"/>
<string name="_hash" value="4860341b1950714cfcce017f42e0997abf9d5bfc4b2f2bba279c61af638796cf"/>
</canvas>
<canvas name="2" width="42" height="50">
<vector name="origin" x="21" y="54"/>
<int name="z" value="0"/>
<vector name="lt" x="-21" y="-54"/>
<vector name="rb" x="21" y="0"/>
<int name="delay" value="150"/>
<string name="_hash" value="3ad7f0b77cbb8d9f0470357133298fb1e576bd7217eeb0a315a5acfe1fd10233"/>
</canvas>
<canvas name="3" width="1" height="1">
<vector name="origin" x="21" y="53"/>
<int name="z" value="0"/>
<vector name="lt" x="-21" y="-53"/>
<vector name="rb" x="21" y="0"/>
<int name="delay" value="150"/>
<string name="_inlink" value="move/1"/>
</canvas>
</imgdir>
<imgdir name="jump">
<canvas name="0" width="42" height="50">
<vector name="origin" x="21" y="53"/>
<int name="z" value="0"/>
<vector name="lt" x="-21" y="-53"/>
<vector name="rb" x="21" y="0"/>
<string name="_hash" value="c87fd7db98411f0f01cbb2d0dddf5e23cc9e83f17d139e3091d0f2f456a1632d"/>
</canvas>
</imgdir>
<imgdir name="hang">
<canvas name="0" width="43" height="50">
<vector name="origin" x="21" y="53"/>
<int name="z" value="0"/>
<vector name="lt" x="-21" y="-53"/>
<vector name="rb" x="21" y="0"/>
<string name="_hash" value="3933d9a9852beede0d58ac3f6f6b1d571ae03230c6d10a674659d8cba4f0de7f"/>
</canvas>
</imgdir>
<imgdir name="hungry">
<canvas name="0" width="42" height="60">
<vector name="origin" x="20" y="63"/>
<int name="z" value="0"/>
<vector name="lt" x="-21" y="-53"/>
<vector name="rb" x="21" y="0"/>
<int name="delay" value="180"/>
<string name="_hash" value="1ddfb2028101ec8fcf984aec541897fdd5ecd1b13149e08ef4be1881a33c3998"/>
</canvas>
<canvas name="1" width="42" height="58">
<vector name="origin" x="20" y="62"/>
<int name="z" value="0"/>
<vector name="lt" x="-21" y="-53"/>
<vector name="rb" x="21" y="0"/>
<int name="delay" value="180"/>
<string name="_hash" value="df0ed0f4ed206ff0c2626daff5a391e692b4079f604d4d58113487bdfafc9bd2"/>
</canvas>
<canvas name="2" width="42" height="59">
<vector name="origin" x="20" y="63"/>
<int name="z" value="0"/>
<vector name="lt" x="-21" y="-53"/>
<vector name="rb" x="21" y="0"/>
<int name="delay" value="180"/>
<string name="_hash" value="a5e08371198096510ae3c95ccb918461cbe10dae4fd9081e7f13321d4a63eb6b"/>
</canvas>
<canvas name="3" width="42" height="60">
<vector name="origin" x="20" y="64"/>
<int name="z" value="0"/>
<vector name="lt" x="-21" y="-53"/>
<vector name="rb" x="21" y="0"/>
<int name="delay" value="180"/>
<string name="_hash" value="1be812a1170c12b917eb8f523501ba2ebfd82384a82061f61d2cfd237cbf340d"/>
</canvas>
</imgdir>
<imgdir name="angry">
<canvas name="0" width="50" height="61">
<vector name="origin" x="20" y="63"/>
<int name="z" value="0"/>
<vector name="lt" x="-21" y="-53"/>
<vector name="rb" x="21" y="0"/>
<int name="delay" value="120"/>
<string name="_hash" value="be238892e90e1c1674ba1e40fc9012770a08267b78b7730208a45f3dff0c64b9"/>
</canvas>
<canvas name="1" width="51" height="64">
<vector name="origin" x="20" y="67"/>
<int name="z" value="0"/>
<vector name="lt" x="-21" y="-53"/>
<vector name="rb" x="21" y="0"/>
<int name="delay" value="120"/>
<string name="_hash" value="a4b64b944464630f8ab7624a6178c5b993963967fa96f6d65618776a15ce1615"/>
</canvas>
<uol name="2" value="0"/>
<uol name="3" value="1"/>
<uol name="4" value="0"/>
<uol name="5" value="1"/>
</imgdir>
<imgdir name="chat">
<canvas name="0" width="50" height="50">
<vector name="origin" x="28" y="53"/>
<int name="z" value="0"/>
<vector name="lt" x="-21" y="-53"/>
<vector name="rb" x="21" y="0"/>
<int name="delay" value="150"/>
<string name="_hash" value="445a4b0c38269c754ecb7b751016907fe1a2649024cff09f0bb52566595049c6"/>
</canvas>
<canvas name="1" width="48" height="49">
<vector name="origin" x="26" y="53"/>
<int name="z" value="0"/>
<vector name="lt" x="-21" y="-53"/>
<vector name="rb" x="21" y="0"/>
<int name="delay" value="150"/>
<string name="_hash" value="3f30ce694770df3f45e00d9d6a9c678facd5cdbeacc00d57a9bea3e707a775a9"/>
</canvas>
<canvas name="2" width="50" height="50">
<vector name="origin" x="28" y="54"/>
<int name="z" value="0"/>
<vector name="lt" x="-21" y="-53"/>
<vector name="rb" x="21" y="0"/>
<int name="delay" value="150"/>
<string name="_hash" value="ba8bf5af23fbc191345a62345c909d1c64e08b986fbc1061f1153f3ad6f24b9b"/>
</canvas>
<canvas name="3" width="1" height="1">
<vector name="origin" x="26" y="53"/>
<int name="z" value="0"/>
<vector name="lt" x="-21" y="-53"/>
<vector name="rb" x="21" y="0"/>
<int name="delay" value="150"/>
<string name="_inlink" value="chat/1"/>
</canvas>
<uol name="4" value="0"/>
<uol name="5" value="1"/>
<uol name="6" value="2"/>
<uol name="7" value="3"/>
</imgdir>
<imgdir name="love">
<canvas name="0" width="42" height="52">
<vector name="origin" x="20" y="53"/>
<int name="z" value="0"/>
<vector name="lt" x="-21" y="-53"/>
<vector name="rb" x="21" y="0"/>
<int name="delay" value="150"/>
<string name="_hash" value="06b17943590d6dacd4b2f779bddf23a8afef66a191258aac4e3dc96552bce5e6"/>
</canvas>
<canvas name="1" width="42" height="49">
<vector name="origin" x="20" y="53"/>
<int name="z" value="0"/>
<vector name="lt" x="-21" y="-53"/>
<vector name="rb" x="21" y="0"/>
<int name="delay" value="150"/>
<string name="_hash" value="9fce988212d41ae4f23ca06962dd8caa57f952d4697e66195f1ac2df72cf138b"/>
</canvas>
<canvas name="2" width="48" height="50">
<vector name="origin" x="21" y="53"/>
<int name="z" value="0"/>
<vector name="lt" x="-21" y="-53"/>
<vector name="rb" x="21" y="0"/>
<int name="delay" value="150"/>
<string name="_hash" value="f52b5dbd304dd2df19324bd32d1fcb1d37329c964acbc4f4c67d1be866ab9063"/>
</canvas>
<canvas name="3" width="50" height="54">
<vector name="origin" x="22" y="58"/>
<int name="z" value="0"/>
<vector name="lt" x="-21" y="-53"/>
<vector name="rb" x="21" y="0"/>
<int name="delay" value="150"/>
<string name="_hash" value="d754499e4a58e4afa8835f77e13d6edf26650e688b1f94261345a2c77d12208c"/>
</canvas>
<canvas name="4" width="50" height="62">
<vector name="origin" x="21" y="65"/>
<int name="z" value="0"/>
<vector name="lt" x="-21" y="-53"/>
<vector name="rb" x="21" y="0"/>
<int name="delay" value="150"/>
<string name="_hash" value="f53c578150e60ab59ef1b9e4fe2fb568449e08f097a19de767db6e3ee9579c50"/>
</canvas>
<canvas name="5" width="51" height="65">
<vector name="origin" x="20" y="69"/>
<int name="z" value="0"/>
<vector name="lt" x="-21" y="-53"/>
<vector name="rb" x="21" y="0"/>
<int name="delay" value="150"/>
<string name="_hash" value="9f6ccaa2575d7f1928bddf66d5edfe1c61b0c7ae693d3c4e3dad7f53c2767242"/>
</canvas>
<canvas name="6" width="52" height="50">
<vector name="origin" x="20" y="53"/>
<int name="z" value="0"/>
<vector name="lt" x="-21" y="-53"/>
<vector name="rb" x="21" y="0"/>
<int name="delay" value="150"/>
<string name="_hash" value="d0a9dd6b6b0e08b0fdf185fdf3782c12f29dbf07db5a6240516a56dcaea445aa"/>
</canvas>
<canvas name="7" width="51" height="49">
<vector name="origin" x="20" y="53"/>
<int name="z" value="0"/>
<vector name="lt" x="-21" y="-53"/>
<vector name="rb" x="21" y="0"/>
<int name="delay" value="150"/>
<string name="_hash" value="72aead004b453892d438d98dbe6332c496566c038d66172a44592753e117dfd9"/>
</canvas>
</imgdir>
<imgdir name="eat">
<canvas name="0" width="42" height="50">
<vector name="origin" x="20" y="53"/>
<int name="z" value="0"/>
<vector name="lt" x="-21" y="-53"/>
<vector name="rb" x="21" y="0"/>
<int name="delay" value="150"/>
<string name="_hash" value="5277752d28735e606c00712bf0233304218ea3bb5b8c54e9d7fe3e7ddec393cf"/>
</canvas>
<canvas name="1" width="43" height="48">
<vector name="origin" x="22" y="50"/>
<int name="z" value="0"/>
<vector name="lt" x="-21" y="-53"/>
<vector name="rb" x="21" y="0"/>
<int name="delay" value="150"/>
<string name="_hash" value="ca4e6ae73c223fb53d586359f6821021a228fee760222d1d2316e1e5d131bc96"/>
</canvas>
<canvas name="2" width="45" height="49">
<vector name="origin" x="24" y="50"/>
<int name="z" value="0"/>
<vector name="lt" x="-21" y="-53"/>
<vector name="rb" x="21" y="0"/>
<int name="delay" value="150"/>
<string name="_hash" value="1eb23f343d353f6fc2ec33bd98ae8b0369cd1ed7b6d72c13d275cc01b0a848fa"/>
</canvas>
<canvas name="3" width="46" height="48">
<vector name="origin" x="25" y="50"/>
<int name="z" value="0"/>
<vector name="lt" x="-21" y="-53"/>
<vector name="rb" x="21" y="0"/>
<int name="delay" value="150"/>
<string name="_hash" value="818f8f575c4690dc937e66a2c69748407d0628adb6824ef147e98730c95c82cf"/>
</canvas>
<canvas name="4" width="42" height="49">
<vector name="origin" x="21" y="50"/>
<int name="z" value="0"/>
<vector name="lt" x="-21" y="-53"/>
<vector name="rb" x="21" y="0"/>
<int name="delay" value="150"/>
<string name="_hash" value="8194469c9591a57cea0766cd6cde641c38c12b16598a3300a14c199aa5701ba3"/>
</canvas>
</imgdir>
<imgdir name="dung">
<canvas name="0" width="42" height="52">
<vector name="origin" x="24" y="52"/>
<int name="z" value="0"/>
<vector name="lt" x="-21" y="-53"/>
<vector name="rb" x="21" y="0"/>
<int name="delay" value="180"/>
<string name="_hash" value="c8ba3ebd0361151070ad129fc6c46ba8653f7e729912eb9bc46155b6e90f0d49"/>
</canvas>
<canvas name="1" width="47" height="57">
<vector name="origin" x="24" y="57"/>
<int name="z" value="0"/>
<vector name="lt" x="-21" y="-53"/>
<vector name="rb" x="21" y="0"/>
<int name="delay" value="180"/>
<string name="_hash" value="3e1966cd843bc769509fa205446cdb3b90409d4d11c1be73de8e43b82e1efe70"/>
</canvas>
<canvas name="2" width="48" height="58">
<vector name="origin" x="24" y="58"/>
<int name="z" value="0"/>
<vector name="lt" x="-21" y="-53"/>
<vector name="rb" x="21" y="0"/>
<int name="delay" value="180"/>
<string name="_hash" value="db1b9467a48c170a188936b38023dc2bf9cf43c3829023a14af465747713af3e"/>
</canvas>
<canvas name="3" width="42" height="51">
<vector name="origin" x="24" y="51"/>
<int name="z" value="0"/>
<vector name="lt" x="-21" y="-53"/>
<vector name="rb" x="21" y="0"/>
<int name="delay" value="180"/>
<string name="_hash" value="9029935dfbf232b0462148a160e1e1b49870c8e3ff5e4096cd94ea1266ecdf6f"/>
</canvas>
</imgdir>
<imgdir name="sleep">
<canvas name="0" width="42" height="50">
<vector name="origin" x="20" y="53"/>
<int name="z" value="0"/>
<vector name="lt" x="-21" y="-53"/>
<vector name="rb" x="21" y="0"/>
<int name="delay" value="180"/>
<string name="_hash" value="9dd7b5a0e413f76f2b1031f651a98548877e239e610037eb469c552c1f4a24c0"/>
</canvas>
<canvas name="1" width="42" height="49">
<vector name="origin" x="20" y="53"/>
<int name="z" value="0"/>
<vector name="lt" x="-21" y="-53"/>
<vector name="rb" x="21" y="0"/>
<int name="delay" value="180"/>
<string name="_hash" value="93f038c5de7c2b2d1a88bb3e26488635dc1685197a35799f87949fc785d1059e"/>
</canvas>
<canvas name="2" width="42" height="50">
<vector name="origin" x="20" y="54"/>
<int name="z" value="0"/>
<vector name="lt" x="-21" y="-53"/>
<vector name="rb" x="21" y="0"/>
<int name="delay" value="180"/>
<string name="_hash" value="51c84e49badfd17dfca4f735c0bab211bc422765a3a6c348fa22ed83e1138f07"/>
</canvas>
<canvas name="3" width="42" height="49">
<vector name="origin" x="20" y="53"/>
<int name="z" value="0"/>
<vector name="lt" x="-21" y="-53"/>
<vector name="rb" x="21" y="0"/>
<int name="delay" value="180"/>
<string name="_hash" value="2c8d55e9da463d90be1587e616bb28ed0ce62c889b711f1e399748047d6993c7"/>
</canvas>
<uol name="4" value="0"/>
<uol name="5" value="1"/>
<uol name="6" value="2"/>
<uol name="7" value="3"/>
</imgdir>
<imgdir name="cry">
<canvas name="0" width="42" height="50">
<vector name="origin" x="20" y="53"/>
<int name="z" value="0"/>
<vector name="lt" x="-21" y="-53"/>
<vector name="rb" x="21" y="0"/>
<int name="delay" value="150"/>
<string name="_hash" value="08c30cdda60034ad35ee7ffe2c015b7bc1cf0fbf43912bb322db13a286089224"/>
</canvas>
<canvas name="1" width="42" height="49">
<vector name="origin" x="20" y="53"/>
<int name="z" value="0"/>
<vector name="lt" x="-21" y="-53"/>
<vector name="rb" x="21" y="0"/>
<int name="delay" value="150"/>
<string name="_hash" value="7974244766e9b700dd5c5e4bd9f4599db6e4421feb7d9cf7ec46f5f8995dbd7d"/>
</canvas>
<canvas name="2" width="42" height="50">
<vector name="origin" x="20" y="54"/>
<int name="z" value="0"/>
<vector name="lt" x="-21" y="-53"/>
<vector name="rb" x="21" y="0"/>
<int name="delay" value="150"/>
<string name="_hash" value="91f18dbefd5738f79c694cbf87262d6ec4cb10c746725810626c503a494ab1ec"/>
</canvas>
<canvas name="3" width="42" height="49">
<vector name="origin" x="20" y="53"/>
<int name="z" value="0"/>
<vector name="lt" x="-21" y="-53"/>
<vector name="rb" x="21" y="0"/>
<int name="delay" value="150"/>
<string name="_hash" value="107d0e0fb453721a81872c26f86d5881dc0d507018f266f7fd0807dfe776e1ab"/>
</canvas>
<uol name="4" value="0"/>
<uol name="5" value="1"/>
<uol name="6" value="2"/>
<uol name="7" value="3"/>
</imgdir>
<imgdir name="sit">
<canvas name="0" width="1" height="1">
<vector name="origin" x="20" y="53"/>
<int name="z" value="0"/>
<vector name="lt" x="-23" y="-57"/>
<vector name="rb" x="22" y="0"/>
<int name="delay" value="180"/>
<string name="_inlink" value="stand0/0"/>
</canvas>
</imgdir>
<imgdir name="fly">
<canvas name="0" width="1" height="1">
<vector name="origin" x="21" y="53"/>
<int name="z" value="0"/>
<vector name="lt" x="-21" y="-53"/>
<vector name="rb" x="21" y="0"/>
<string name="_inlink" value="jump/0"/>
</canvas>
</imgdir>
<imgdir name="shout">
<canvas name="0" width="42" height="50">
<vector name="origin" x="20" y="53"/>
<int name="z" value="0"/>
<vector name="lt" x="-21" y="-53"/>
<vector name="rb" x="21" y="0"/>
<int name="delay" value="150"/>
<string name="_hash" value="470f17144e33f444fdf22b1070c6d07d4d27274605c5ac21d2ceb29f32ff7e15"/>
</canvas>
<canvas name="1" width="42" height="49">
<vector name="origin" x="20" y="53"/>
<int name="z" value="0"/>
<vector name="lt" x="-21" y="-53"/>
<vector name="rb" x="21" y="0"/>
<int name="delay" value="150"/>
<string name="_hash" value="017920d80a2896792a4f69946552db22e8a67afdbc31779fdfeb75131a267f6a"/>
</canvas>
<canvas name="2" width="42" height="50">
<vector name="origin" x="20" y="54"/>
<int name="z" value="0"/>
<vector name="lt" x="-21" y="-53"/>
<vector name="rb" x="21" y="0"/>
<int name="delay" value="150"/>
<string name="_hash" value="d10d15800ec015fab86d25fd4dc0024cb634b506053cf9d1649923e6cb65a572"/>
</canvas>
<canvas name="3" width="42" height="50">
<vector name="origin" x="20" y="55"/>
<int name="z" value="0"/>
<vector name="lt" x="-21" y="-53"/>
<vector name="rb" x="21" y="0"/>
<int name="delay" value="150"/>
<string name="_hash" value="e852079e0a5cb2f8e68e0ec0b8d1b4c51fa0310f58d3d9612f55e78808bf34e6"/>
</canvas>
<canvas name="4" width="42" height="50">
<vector name="origin" x="20" y="56"/>
<int name="z" value="0"/>
<vector name="lt" x="-21" y="-53"/>
<vector name="rb" x="21" y="0"/>
<int name="delay" value="150"/>
<string name="_hash" value="5369c3d703f82a302ef71881a554f851fc4ee40bad08b64862128a734d7c7ca8"/>
</canvas>
<canvas name="5" width="46" height="49">
<vector name="origin" x="24" y="51"/>
<int name="z" value="0"/>
<vector name="lt" x="-21" y="-53"/>
<vector name="rb" x="21" y="0"/>
<int name="delay" value="150"/>
<string name="_hash" value="d2d1dad04aea9827f646042c55abd84fb08ff6eedee4f9495f088ac6cf01bcce"/>
</canvas>
<canvas name="6" width="48" height="50">
<vector name="origin" x="26" y="50"/>
<int name="z" value="0"/>
<vector name="lt" x="-21" y="-53"/>
<vector name="rb" x="21" y="0"/>
<int name="delay" value="150"/>
<string name="_hash" value="a9ca16280745845d8595a0f106ceb8e40fd9d87cbb48f37478525f337078bb18"/>
</canvas>
<canvas name="7" width="49" height="49">
<vector name="origin" x="27" y="51"/>
<int name="z" value="0"/>
<vector name="lt" x="-21" y="-53"/>
<vector name="rb" x="21" y="0"/>
<int name="delay" value="150"/>
<string name="_hash" value="ffe38e0eb147f7aea31308618389f9a6cda71fff9c4ae2b89acf57a413bebee5"/>
</canvas>
</imgdir>
<imgdir name="no">
<canvas name="0" width="42" height="50">
<vector name="origin" x="20" y="53"/>
<int name="z" value="0"/>
<vector name="lt" x="-21" y="-53"/>
<vector name="rb" x="21" y="0"/>
<int name="delay" value="150"/>
<string name="_hash" value="98a81f9624db0e562e914f642754f1850b863ec10d692d29bd1f2ea929b4a0f6"/>
</canvas>
<canvas name="1" width="42" height="49">
<vector name="origin" x="20" y="53"/>
<int name="z" value="0"/>
<vector name="lt" x="-21" y="-53"/>
<vector name="rb" x="21" y="0"/>
<int name="delay" value="150"/>
<string name="_hash" value="1c514ae1cd71b69b83e21c325f1353879534d59a7f21c066d533725cc2a8568e"/>
</canvas>
<canvas name="2" width="42" height="50">
<vector name="origin" x="20" y="54"/>
<int name="z" value="0"/>
<vector name="lt" x="-21" y="-53"/>
<vector name="rb" x="21" y="0"/>
<int name="delay" value="150"/>
<string name="_hash" value="1ad78382d12a76f882df2e70d4c0fa5717555e95f4137b1bea772f251da6b860"/>
</canvas>
<canvas name="3" width="42" height="49">
<vector name="origin" x="20" y="53"/>
<int name="z" value="0"/>
<vector name="lt" x="-21" y="-53"/>
<vector name="rb" x="21" y="0"/>
<int name="delay" value="150"/>
<string name="_hash" value="ddd8f593156fe3980832c32080673694d1b706b37633adb8efde4d693ccbfa9b"/>
</canvas>
<uol name="4" value="0"/>
<uol name="5" value="1"/>
<uol name="6" value="2"/>
<uol name="7" value="3"/>
</imgdir>
</imgdir>
