<?xml version="1.0" encoding="UTF-8" standalone="yes"?>
<imgdir name="5000239.img">
<imgdir name="info">
<canvas name="icon" width="34" height="31">
<vector name="origin" x="0" y="32"/>
<string name="_hash" value="533fbeb26a4f5bc8556f5fb4e4d8d71b026e4dfd7c488dc607d6dfee94551521"/>
</canvas>
<canvas name="iconRaw" width="34" height="31">
<vector name="origin" x="0" y="32"/>
<string name="_hash" value="6f5de30b4b2083e52f7996d72dde6f4b77ac2848704bd2f26731bee5a885a015"/>
</canvas>
<canvas name="iconD" width="32" height="30">
<vector name="origin" x="0" y="32"/>
<string name="_hash" value="86f48265a7d71aa5ca4df86673f074c72c2c21b353472143fd07f1b283852598"/>
</canvas>
<canvas name="iconRawD" width="32" height="29">
<vector name="origin" x="0" y="32"/>
<string name="_hash" value="52de58a56f8772bd679543ee3e69f7d787ca37f3ac67329ef354234cab283a7d"/>
</canvas>
<int name="hungry" value="1"/>
<int name="cash" value="1"/>
<int name="nameTag" value="91"/>
<int name="chatBalloon" value="91"/>
<int name="multiPet" value="1"/>
<int name="life" value="90"/>
<int name="pickupItem" value="1"/>
<int name="autoBuff" value="1"/>
<int name="allowOverlappedSet" value="1"/>
<int name="setItemID" value="133"/>
</imgdir>
<imgdir name="interact">
<imgdir name="0">
<string name="command" value="c1"/>
<int name="inc" value="1"/>
<int name="prob" value="30"/>
<int name="l0" value="1"/>
<int name="l1" value="9"/>
<imgdir name="success">
<imgdir name="0">
<string name="act" value="rest0"/>
<string name="0" value="c1_s1"/>
<string name="1" value="c1_s2"/>
</imgdir>
</imgdir>
<imgdir name="fail">
<imgdir name="0">
<string name="act" value="stand1"/>
<string name="0" value="c1_f1"/>
<string name="1" value="c1_f2"/>
</imgdir>
</imgdir>
</imgdir>
<imgdir name="1">
<string name="command" value="c2"/>
<int name="inc" value="2"/>
<int name="prob" value="45"/>
<int name="l0" value="10"/>
<int name="l1" value="19"/>
<imgdir name="success">
<imgdir name="0">
<string name="act" value="rest0"/>
<string name="0" value="c2_s1"/>
<string name="1" value="c2_s2"/>
<string name="2" value="c2_s3"/>
<string name="3" value="c2_s4"/>
</imgdir>
</imgdir>
<imgdir name="fail">
<imgdir name="0">
<string name="act" value="chat"/>
<string name="0" value="c2_f1"/>
<string name="1" value="c2_f2"/>
<string name="2" value="c2_f3"/>
<string name="3" value="c2_f4"/>
</imgdir>
</imgdir>
</imgdir>
<imgdir name="2">
<string name="command" value="c3"/>
<int name="inc" value="3"/>
<int name="prob" value="60"/>
<int name="l0" value="20"/>
<int name="l1" value="29"/>
<imgdir name="success">
<imgdir name="0">
<string name="act" value="rest0"/>
<string name="0" value="c3_s1"/>
<string name="1" value="c3_s2"/>
<string name="2" value="c3_s3"/>
<string name="3" value="c3_s4"/>
</imgdir>
</imgdir>
<imgdir name="fail">
<imgdir name="0">
<string name="act" value="chat"/>
<string name="0" value="c3_f1"/>
<string name="1" value="c3_f2"/>
<string name="2" value="c3_f3"/>
<string name="3" value="c3_f4"/>
</imgdir>
</imgdir>
</imgdir>
<imgdir name="3">
<string name="command" value="c4"/>
<int name="inc" value="2"/>
<int name="prob" value="70"/>
<int name="l0" value="30"/>
<int name="l1" value="30"/>
<imgdir name="success">
<imgdir name="0">
<string name="act" value="rest0"/>
<string name="0" value="c4_s1"/>
<string name="1" value="c4_s2"/>
<string name="2" value="c4_s3"/>
<string name="3" value="c4_s4"/>
</imgdir>
</imgdir>
<imgdir name="fail">
<imgdir name="0">
<string name="act" value="chat"/>
<string name="0" value="c4_f1"/>
<string name="1" value="c4_f2"/>
<string name="2" value="c4_f3"/>
<string name="3" value="c4_f4"/>
</imgdir>
</imgdir>
</imgdir>
<imgdir name="4">
<string name="command" value="c5"/>
<int name="inc" value="1"/>
<int name="prob" value="30"/>
<int name="l0" value="1"/>
<int name="l1" value="9"/>
<imgdir name="success">
<imgdir name="0">
<string name="act" value="cry"/>
<string name="0" value="c5_s1"/>
<string name="1" value="c5_s2"/>
</imgdir>
</imgdir>
<imgdir name="fail">
<imgdir name="0">
<string name="act" value="angry"/>
<string name="0" value="c5_f1"/>
<string name="1" value="c5_f2"/>
</imgdir>
</imgdir>
</imgdir>
<imgdir name="5">
<string name="command" value="c6"/>
<int name="inc" value="2"/>
<int name="prob" value="50"/>
<int name="l0" value="10"/>
<int name="l1" value="19"/>
<imgdir name="success">
<imgdir name="0">
<string name="act" value="cry"/>
<string name="0" value="c6_s1"/>
<string name="1" value="c6_s2"/>
<string name="2" value="c6_s3"/>
<string name="3" value="c6_s4"/>
</imgdir>
</imgdir>
<imgdir name="fail">
<imgdir name="0">
<string name="act" value="angry"/>
<string name="0" value="c6_f1"/>
<string name="1" value="c6_f2"/>
<string name="2" value="c6_f3"/>
<string name="3" value="c6_f4"/>
</imgdir>
</imgdir>
</imgdir>
<imgdir name="6">
<string name="command" value="c7"/>
<int name="inc" value="2"/>
<int name="prob" value="60"/>
<int name="l0" value="20"/>
<int name="l1" value="29"/>
<imgdir name="success">
<imgdir name="0">
<string name="act" value="cry"/>
<string name="0" value="c7_s1"/>
<string name="1" value="c7_s2"/>
<string name="2" value="c7_s3"/>
<string name="3" value="c7_s4"/>
</imgdir>
</imgdir>
<imgdir name="fail">
<imgdir name="0">
<string name="act" value="angry"/>
<string name="0" value="c7_f1"/>
<string name="1" value="c7_f2"/>
<string name="2" value="c7_f3"/>
<string name="3" value="c7_f4"/>
</imgdir>
</imgdir>
</imgdir>
<imgdir name="7">
<string name="command" value="c8"/>
<int name="inc" value="3"/>
<int name="prob" value="70"/>
<int name="l0" value="30"/>
<int name="l1" value="30"/>
<imgdir name="success">
<imgdir name="0">
<string name="act" value="cry"/>
<string name="0" value="c8_s1"/>
<string name="1" value="c8_s2"/>
<string name="2" value="c8_s3"/>
<string name="3" value="c8_s4"/>
</imgdir>
</imgdir>
<imgdir name="fail">
<imgdir name="0">
<string name="act" value="angry"/>
<string name="0" value="c8_f1"/>
<string name="1" value="c8_f2"/>
<string name="2" value="c8_f3"/>
<string name="3" value="c8_f4"/>
</imgdir>
</imgdir>
</imgdir>
<imgdir name="8">
<string name="command" value="c9"/>
<int name="inc" value="1"/>
<int name="prob" value="30"/>
<int name="l0" value="1"/>
<int name="l1" value="9"/>
<imgdir name="success">
<imgdir name="0">
<string name="act" value="smile"/>
<string name="0" value="c9_s1"/>
<string name="1" value="c9_s2"/>
</imgdir>
</imgdir>
<imgdir name="fail">
<imgdir name="0">
<string name="act" value="stunned"/>
<string name="0" value="c9_f1"/>
<string name="1" value="c9_f2"/>
</imgdir>
</imgdir>
</imgdir>
<imgdir name="9">
<string name="command" value="c10"/>
<int name="inc" value="2"/>
<int name="prob" value="50"/>
<int name="l0" value="10"/>
<int name="l1" value="19"/>
<imgdir name="success">
<imgdir name="0">
<string name="act" value="smile"/>
<string name="0" value="c10_s1"/>
<string name="1" value="c10_s2"/>
<string name="2" value="c10_s3"/>
<string name="3" value="c10_s4"/>
</imgdir>
</imgdir>
<imgdir name="fail">
<imgdir name="0">
<string name="act" value="stunned"/>
<string name="0" value="c10_f1"/>
<string name="1" value="c10_f2"/>
<string name="2" value="c10_f3"/>
<string name="3" value="c10_f4"/>
</imgdir>
</imgdir>
</imgdir>
<imgdir name="10">
<string name="command" value="c11"/>
<int name="inc" value="2"/>
<int name="prob" value="60"/>
<int name="l0" value="20"/>
<int name="l1" value="29"/>
<imgdir name="success">
<imgdir name="0">
<string name="act" value="smile"/>
<string name="0" value="c11_s1"/>
<string name="1" value="c11_s2"/>
<string name="2" value="c11_s3"/>
<string name="3" value="c11_s4"/>
</imgdir>
</imgdir>
<imgdir name="fail">
<imgdir name="0">
<string name="act" value="stunned"/>
<string name="0" value="c11_f1"/>
<string name="1" value="c11_f2"/>
<string name="2" value="c11_f3"/>
<string name="4" value="c11_f4"/>
</imgdir>
</imgdir>
</imgdir>
<imgdir name="11">
<string name="command" value="c12"/>
<int name="inc" value="3"/>
<int name="prob" value="70"/>
<int name="l0" value="30"/>
<int name="l1" value="30"/>
<imgdir name="success">
<imgdir name="0">
<string name="act" value="smile"/>
<string name="0" value="c12_s1"/>
<string name="1" value="c12_s2"/>
<string name="2" value="c12_s3"/>
<string name="3" value="c12_s4"/>
</imgdir>
</imgdir>
<imgdir name="fail">
<imgdir name="0">
<string name="act" value="stunned"/>
<string name="0" value="c12_f1"/>
<string name="1" value="c12_f2"/>
<string name="2" value="c12_f3"/>
<string name="3" value="c12_f4"/>
</imgdir>
</imgdir>
</imgdir>
<imgdir name="12">
<string name="command" value="c13"/>
<int name="inc" value="1"/>
<int name="prob" value="30"/>
<int name="l0" value="10"/>
<int name="l1" value="19"/>
<imgdir name="success">
<imgdir name="0">
<string name="act" value="dung"/>
<string name="0" value="c13_s1"/>
<string name="1" value="c13_s2"/>
<string name="2" value="c13_s3"/>
<string name="3" value="c13_s4"/>
</imgdir>
</imgdir>
<imgdir name="fail">
<imgdir name="0">
<string name="act" value="deride"/>
<string name="0" value="c13_f1"/>
<string name="1" value="c13_f2"/>
<string name="2" value="c13_f3"/>
<string name="3" value="c13_f4"/>
</imgdir>
</imgdir>
</imgdir>
<imgdir name="13">
<string name="command" value="c14"/>
<int name="inc" value="2"/>
<int name="prob" value="50"/>
<int name="l0" value="20"/>
<int name="l1" value="29"/>
<imgdir name="success">
<imgdir name="0">
<string name="act" value="dung"/>
<string name="0" value="c14_s1"/>
<string name="1" value="c14_s2"/>
<string name="2" value="c14_s3"/>
<string name="3" value="c14_s4"/>
</imgdir>
</imgdir>
<imgdir name="fail">
<imgdir name="0">
<string name="act" value="deride"/>
<string name="0" value="c14_f1"/>
<string name="1" value="c14_f2"/>
<string name="2" value="c14_f3"/>
<string name="3" value="c14_f4"/>
</imgdir>
</imgdir>
</imgdir>
<imgdir name="14">
<string name="command" value="c15"/>
<int name="inc" value="3"/>
<int name="prob" value="70"/>
<int name="l0" value="30"/>
<int name="l1" value="30"/>
<imgdir name="success">
<imgdir name="0">
<string name="act" value="dung"/>
<string name="0" value="c15_s1"/>
<string name="1" value="c15_s2"/>
<string name="2" value="c15_s3"/>
<string name="3" value="c15_s4"/>
</imgdir>
</imgdir>
<imgdir name="fail">
<imgdir name="0">
<string name="act" value="deride"/>
<string name="0" value="c15_f1"/>
<string name="1" value="c15_f2"/>
<string name="2" value="c15_f3"/>
<string name="3" value="c15_f4"/>
</imgdir>
</imgdir>
</imgdir>
<imgdir name="15">
<string name="command" value="c16"/>
<int name="inc" value="1"/>
<int name="prob" value="30"/>
<int name="l0" value="10"/>
<int name="l1" value="19"/>
<imgdir name="success">
<imgdir name="0">
<string name="act" value="sleep"/>
<string name="0" value="c16_s1"/>
<string name="1" value="c16_s2"/>
<string name="2" value="c16_s3"/>
<string name="3" value="c16_s4"/>
</imgdir>
</imgdir>
<imgdir name="fail">
<imgdir name="0">
<string name="act" value="chat"/>
<string name="0" value="c16_f1"/>
<string name="1" value="c16_f2"/>
<string name="2" value="c16_f3"/>
<string name="3" value="c16_f4"/>
</imgdir>
</imgdir>
</imgdir>
<imgdir name="16">
<string name="command" value="c17"/>
<int name="inc" value="2"/>
<int name="prob" value="45"/>
<int name="l0" value="20"/>
<int name="l1" value="29"/>
<imgdir name="success">
<imgdir name="0">
<string name="act" value="sleep"/>
<string name="0" value="c17_s1"/>
<string name="1" value="c17_s2"/>
<string name="2" value="c17_s3"/>
<string name="3" value="c17_s4"/>
</imgdir>
</imgdir>
<imgdir name="fail">
<imgdir name="0">
<string name="act" value="chat"/>
<string name="0" value="c17_f1"/>
<string name="1" value="c17_f2"/>
<string name="2" value="c17_f3"/>
<string name="3" value="c17_f4"/>
</imgdir>
</imgdir>
</imgdir>
<imgdir name="17">
<string name="command" value="c18"/>
<int name="inc" value="3"/>
<int name="prob" value="60"/>
<int name="l0" value="30"/>
<int name="l1" value="30"/>
<imgdir name="success">
<imgdir name="0">
<string name="act" value="sleep"/>
<string name="0" value="c18_s1"/>
<string name="1" value="c18_s2"/>
<string name="2" value="c18_s3"/>
<string name="3" value="c18_s4"/>
</imgdir>
</imgdir>
<imgdir name="fail">
<imgdir name="0">
<string name="act" value="chat"/>
<string name="0" value="c18_f1"/>
<string name="1" value="c18_f2"/>
<string name="2" value="c18_f3"/>
<string name="3" value="c18_f4"/>
</imgdir>
</imgdir>
</imgdir>
<imgdir name="18">
<string name="command" value="c19"/>
<int name="inc" value="1"/>
<int name="prob" value="30"/>
<int name="l0" value="10"/>
<int name="l1" value="19"/>
<imgdir name="success">
<imgdir name="0">
<string name="act" value="chat"/>
<string name="0" value="c19_s1"/>
<string name="1" value="c19_s2"/>
<string name="2" value="c19_s3"/>
<string name="3" value="c19_s4"/>
</imgdir>
</imgdir>
<imgdir name="fail">
<imgdir name="0">
<string name="act" value="stand1"/>
<string name="0" value="c19_f1"/>
<string name="1" value="c19_f2"/>
<string name="2" value="c19_f3"/>
<string name="3" value="c19_f4"/>
</imgdir>
</imgdir>
</imgdir>
<imgdir name="19">
<string name="command" value="c20"/>
<int name="inc" value="2"/>
<int name="prob" value="45"/>
<int name="l0" value="20"/>
<int name="l1" value="29"/>
<imgdir name="success">
<imgdir name="0">
<string name="act" value="chat"/>
<string name="0" value="c20_s1"/>
<string name="1" value="c20_s2"/>
<string name="2" value="c20_s3"/>
<string name="3" value="c20_s4"/>
</imgdir>
</imgdir>
<imgdir name="fail">
<imgdir name="0">
<string name="act" value="stand1"/>
<string name="0" value="c20_f1"/>
<string name="1" value="c20_f2"/>
<string name="2" value="c20_f3"/>
<string name="3" value="c20_f4"/>
</imgdir>
</imgdir>
</imgdir>
<imgdir name="20">
<string name="command" value="c21"/>
<int name="inc" value="3"/>
<int name="prob" value="60"/>
<int name="l0" value="30"/>
<int name="l1" value="30"/>
<imgdir name="success">
<imgdir name="0">
<string name="act" value="chat"/>
<string name="0" value="c21_s1"/>
<string name="1" value="c21_s2"/>
<string name="2" value="c21_s3"/>
<string name="3" value="c21_s4"/>
</imgdir>
</imgdir>
<imgdir name="fail">
<imgdir name="0">
<string name="act" value="stand1"/>
<string name="0" value="c21_f1"/>
<string name="1" value="c21_f2"/>
<string name="2" value="c21_f3"/>
<string name="3" value="c21_f4"/>
</imgdir>
</imgdir>
</imgdir>
<imgdir name="21">
<string name="command" value="c22"/>
<int name="inc" value="2"/>
<int name="prob" value="50"/>
<int name="l0" value="20"/>
<int name="l1" value="29"/>
<imgdir name="success">
<imgdir name="0">
<string name="act" value="dance"/>
<string name="0" value="c22_s1"/>
<string name="1" value="c22_s2"/>
<string name="2" value="c22_s3"/>
<string name="3" value="c22_s4"/>
</imgdir>
</imgdir>
<imgdir name="fail">
<imgdir name="0">
<string name="act" value="stand1"/>
<string name="0" value="c22_f1"/>
<string name="1" value="c22_f2"/>
<string name="2" value="c22_f3"/>
<string name="3" value="c22_f4"/>
</imgdir>
</imgdir>
</imgdir>
<imgdir name="22">
<string name="command" value="c23"/>
<int name="inc" value="3"/>
<int name="prob" value="60"/>
<int name="l0" value="30"/>
<int name="l1" value="30"/>
<imgdir name="success">
<imgdir name="0">
<string name="act" value="dance"/>
<string name="0" value="c23_s1"/>
<string name="1" value="c23_s2"/>
<string name="2" value="c23_s3"/>
<string name="3" value="c23_s4"/>
</imgdir>
</imgdir>
<imgdir name="fail">
<imgdir name="0">
<string name="act" value="stand1"/>
<string name="0" value="c23_f1"/>
<string name="1" value="c23_f2"/>
<string name="2" value="c23_f3"/>
<string name="3" value="c23_f4"/>
</imgdir>
</imgdir>
</imgdir>
</imgdir>
<imgdir name="food">
<imgdir name="0">
<int name="l0" value="1"/>
<int name="l1" value="9"/>
<imgdir name="success">
<imgdir name="0">
<string name="act" value="smile"/>
<string name="0" value="f1_s"/>
</imgdir>
</imgdir>
<imgdir name="fail">
<imgdir name="0">
<string name="act" value="cry"/>
<string name="0" value="f1_f"/>
</imgdir>
</imgdir>
</imgdir>
<imgdir name="1">
<int name="l0" value="10"/>
<int name="l1" value="19"/>
<imgdir name="success">
<imgdir name="0">
<string name="act" value="smile"/>
<string name="0" value="f2_s"/>
</imgdir>
</imgdir>
<imgdir name="fail">
<imgdir name="0">
<string name="act" value="cry"/>
<string name="0" value="f2_f"/>
</imgdir>
</imgdir>
</imgdir>
<imgdir name="2">
<int name="l0" value="20"/>
<int name="l1" value="29"/>
<imgdir name="success">
<imgdir name="0">
<string name="act" value="smile"/>
<string name="0" value="f3_s"/>
</imgdir>
</imgdir>
<imgdir name="fail">
<imgdir name="0">
<string name="act" value="cry"/>
<string name="0" value="f3_f"/>
</imgdir>
</imgdir>
</imgdir>
<imgdir name="3">
<int name="l0" value="30"/>
<int name="l1" value="30"/>
<imgdir name="success">
<imgdir name="0">
<string name="act" value="smile"/>
<string name="0" value="f4_s"/>
</imgdir>
</imgdir>
<imgdir name="fail">
<imgdir name="0">
<string name="act" value="cry"/>
<string name="0" value="f4_f"/>
</imgdir>
</imgdir>
</imgdir>
</imgdir>
<imgdir name="slang">
<imgdir name="0">
<int name="l0" value="1"/>
<int name="l1" value="9"/>
<string name="act" value="rest0"/>
<string name="0" value="s1"/>
</imgdir>
<imgdir name="1">
<int name="l0" value="10"/>
<int name="l1" value="19"/>
<string name="act" value="rest0"/>
<string name="0" value="s2"/>
</imgdir>
<imgdir name="2">
<int name="l0" value="20"/>
<int name="l1" value="29"/>
<string name="act" value="rest0"/>
<string name="0" value="s3"/>
</imgdir>
<imgdir name="3">
<int name="l0" value="30"/>
<int name="l1" value="30"/>
<string name="act" value="rest0"/>
<string name="0" value="s4"/>
</imgdir>
</imgdir>
<imgdir name="stand0">
<canvas name="0" width="64" height="49">
<vector name="origin" x="24" y="48"/>
<vector name="lt" x="-24" y="-42"/>
<vector name="rb" x="24" y="0"/>
<int name="delay" value="2000"/>
<string name="_hash" value="dca4388645916c2baf24d5a55ab5f78c09d69d74707dd0dbc7a0384e2bec2b26"/>
</canvas>
<canvas name="1" width="64" height="49">
<vector name="origin" x="24" y="48"/>
<vector name="lt" x="-24" y="-42"/>
<vector name="rb" x="24" y="0"/>
<int name="delay" value="70"/>
<string name="_hash" value="4496a1f159dc4efb7147c82348d1f87adc9d224d09e8b75a5fbbca8c324bb1a9"/>
</canvas>
<canvas name="2" width="64" height="49">
<vector name="origin" x="24" y="48"/>
<vector name="lt" x="-24" y="-42"/>
<vector name="rb" x="24" y="0"/>
<int name="delay" value="70"/>
<string name="_hash" value="f9ac0f2630fbe07a66f6ce158b68b168a239e0cd8b9fa1ad829234a1580fc251"/>
</canvas>
</imgdir>
<imgdir name="stand1">
<canvas name="0" width="64" height="49">
<vector name="origin" x="24" y="48"/>
<vector name="lt" x="-24" y="-42"/>
<vector name="rb" x="24" y="0"/>
<int name="delay" value="100"/>
<string name="_hash" value="66c18efa797565ef9cad1687b81666ae6388dd5133c44f962804af0e69cb657b"/>
</canvas>
<canvas name="1" width="64" height="49">
<vector name="origin" x="24" y="48"/>
<vector name="lt" x="-24" y="-42"/>
<vector name="rb" x="24" y="0"/>
<int name="delay" value="500"/>
<string name="_hash" value="0085cba3907da694e9d86a0342eb819a5cb6b95d47f84473133086fd7be8bb8a"/>
</canvas>
<canvas name="2" width="64" height="49">
<vector name="origin" x="24" y="48"/>
<vector name="lt" x="-24" y="-42"/>
<vector name="rb" x="24" y="0"/>
<int name="delay" value="100"/>
<string name="_hash" value="ac2cfebf9610f14beb1425466d56305261b49175210da437b6d2c7fadb213db7"/>
</canvas>
<canvas name="3" width="64" height="49">
<vector name="origin" x="24" y="48"/>
<vector name="lt" x="-24" y="-42"/>
<vector name="rb" x="24" y="0"/>
<int name="delay" value="100"/>
<string name="_hash" value="875638812e363613a851766bf2ff9fb0336f5913baa547fabac9a4673a97ba62"/>
</canvas>
<canvas name="4" width="64" height="49">
<vector name="origin" x="24" y="48"/>
<vector name="lt" x="-24" y="-42"/>
<vector name="rb" x="24" y="0"/>
<int name="delay" value="100"/>
<string name="_hash" value="438765efd809d3fa8fc1992bd32e8b2e3675c9be783bd43780e4fda18f738146"/>
</canvas>
</imgdir>
<imgdir name="rest0">
<canvas name="0" width="64" height="49">
<vector name="origin" x="22" y="48"/>
<vector name="lt" x="-22" y="-42"/>
<vector name="rb" x="24" y="0"/>
<int name="delay" value="500"/>
<string name="_hash" value="981e28deb018e79174751b14d80cd327c892128f831a1af47e4a340328c2ce5d"/>
</canvas>
<canvas name="1" width="64" height="49">
<vector name="origin" x="22" y="48"/>
<vector name="lt" x="-22" y="-42"/>
<vector name="rb" x="22" y="0"/>
<int name="delay" value="200"/>
<string name="_hash" value="9f82f71ceaec4a4576acbee7af2736c57f67e57407b848686dee3876dc0315e8"/>
</canvas>
<canvas name="2" width="64" height="49">
<vector name="origin" x="22" y="48"/>
<vector name="lt" x="-22" y="-42"/>
<vector name="rb" x="23" y="0"/>
<int name="delay" value="150"/>
<string name="_hash" value="5df4b6ac1815906b1a09d66f43da3085fbaa3db8d54cea40bf29b47efcef2f14"/>
</canvas>
</imgdir>
<imgdir name="move">
<canvas name="0" width="64" height="49">
<vector name="origin" x="24" y="49"/>
<int name="delay" value="100"/>
<string name="_hash" value="3808f366007ad304187be64ba9ca163164ac68c1e8c24728f87e4e07bbf0f20d"/>
</canvas>
<canvas name="1" width="64" height="49">
<vector name="origin" x="24" y="49"/>
<int name="delay" value="100"/>
<string name="_hash" value="63817ec5a07825af1ee76bcc0bee5e8702e4700225c4d4d76fd62d77ba30dad6"/>
</canvas>
<canvas name="2" width="64" height="49">
<vector name="origin" x="24" y="49"/>
<int name="delay" value="100"/>
<string name="_hash" value="dda1827fad6d45ce78ca473ae98b0a556e47542f8b769abcc34cf6144994831a"/>
</canvas>
<canvas name="3" width="64" height="49">
<vector name="origin" x="24" y="49"/>
<int name="delay" value="100"/>
<string name="_hash" value="6ea9dcaceec54381816f47d1336847adbd5886430d3241ee4b81e3e06833ba39"/>
</canvas>
<canvas name="4" width="64" height="49">
<vector name="origin" x="24" y="49"/>
<int name="delay" value="100"/>
<string name="_hash" value="2e2f5438d15575cda19b5d3335ac7f1b46110b10107fc74dafb360c22994dd4d"/>
</canvas>
</imgdir>
<imgdir name="chat">
<canvas name="0" width="64" height="49">
<vector name="origin" x="24" y="48"/>
<vector name="lt" x="-24" y="-42"/>
<vector name="rb" x="24" y="0"/>
<int name="delay" value="1200"/>
<string name="_hash" value="839e9d63e5276c6586ab9c15258cfab623ebe4fab3939bb65b1106d53047eaef"/>
</canvas>
<canvas name="1" width="64" height="49">
<vector name="origin" x="24" y="48"/>
<vector name="lt" x="-24" y="-42"/>
<vector name="rb" x="24" y="0"/>
<int name="delay" value="150"/>
<string name="_hash" value="b7bbfd314f72851ceb30399186aebac7aaa5d3415dd0fd5fd01082938949d297"/>
</canvas>
<canvas name="2" width="64" height="49">
<vector name="origin" x="24" y="48"/>
<vector name="lt" x="-24" y="-42"/>
<vector name="rb" x="24" y="0"/>
<int name="delay" value="250"/>
<string name="_hash" value="37d3ee9ddf19a3ffc4bc1fad56bc007f7b6efa5f60c0de91c26eb6ef7e90774c"/>
</canvas>
<uol name="3" value="1"/>
<uol name="4" value="0"/>
<uol name="5" value="1"/>
<uol name="6" value="2"/>
<uol name="7" value="1"/>
</imgdir>
<imgdir name="angry">
<canvas name="0" width="81" height="81">
<vector name="origin" x="43" y="77"/>
<int name="z" value="0"/>
<vector name="lt" x="-43" y="-77"/>
<vector name="rb" x="38" y="5"/>
<string name="_hash" value="fcf63b8b17a0d7b5e1c8cf31fa5f7ce32619a20ccd7d70466f1c93f1e29a0ca2"/>
</canvas>
<canvas name="1" width="82" height="80">
<vector name="origin" x="43" y="77"/>
<int name="z" value="0"/>
<vector name="lt" x="-43" y="-77"/>
<vector name="rb" x="38" y="5"/>
<string name="_hash" value="1e1017245092edae7b43e913d896104e75e31ca35b395ef4f32c5676a7a5694a"/>
</canvas>
<canvas name="2" width="81" height="79">
<vector name="origin" x="43" y="75"/>
<int name="z" value="0"/>
<vector name="lt" x="-43" y="-77"/>
<vector name="rb" x="38" y="5"/>
<string name="_hash" value="96daf84667f44f56dc60c508a073071e562a68985687a6bd78733f2c981a4c9d"/>
</canvas>
<canvas name="3" width="81" height="79">
<vector name="origin" x="43" y="76"/>
<int name="z" value="0"/>
<vector name="lt" x="-43" y="-77"/>
<vector name="rb" x="38" y="5"/>
<string name="_hash" value="27c1d8db4c3d05e2ca2a0a41fc85ba94926bbb280bc44b775f615e38a3eb7758"/>
</canvas>
<canvas name="4" width="82" height="75">
<vector name="origin" x="43" y="72"/>
<int name="z" value="0"/>
<vector name="lt" x="-43" y="-77"/>
<vector name="rb" x="38" y="5"/>
<string name="_hash" value="15c824c544dac947e4d88dc91e067db5e016d0657fb1035c0d4b62f28677efa0"/>
</canvas>
<canvas name="5" width="81" height="80">
<vector name="origin" x="43" y="77"/>
<int name="z" value="0"/>
<vector name="lt" x="-43" y="-77"/>
<vector name="rb" x="38" y="5"/>
<string name="_hash" value="3ba1d22d1d676332027ffcb66a5eaae348346333f9b7ccde4c951cc1fdaaa0ba"/>
</canvas>
<canvas name="6" width="81" height="79">
<vector name="origin" x="43" y="76"/>
<int name="z" value="0"/>
<vector name="lt" x="-43" y="-77"/>
<vector name="rb" x="38" y="5"/>
<string name="_hash" value="ed51379b36eb02dbb1ce95e72349b5de378ae21699f5d24bd6c46e7823cc8c86"/>
</canvas>
<canvas name="7" width="81" height="79">
<vector name="origin" x="43" y="75"/>
<int name="z" value="0"/>
<vector name="lt" x="-43" y="-77"/>
<vector name="rb" x="38" y="5"/>
<string name="_hash" value="ffb6cf32e9beb67d39f7ceebf4e245e0f447c4dffc027a642d076952610a6205"/>
</canvas>
</imgdir>
<imgdir name="hang">
<canvas name="0" width="64" height="53">
<vector name="origin" x="31" y="57"/>
<vector name="lt" x="-14" y="-57"/>
<vector name="rb" x="18" y="-7"/>
<string name="_hash" value="13bff8b459931e66c4cff904466997f79efbda39075532eed67d730d3a192ff2"/>
</canvas>
</imgdir>
<imgdir name="jump">
<canvas name="0" width="64" height="75">
<vector name="origin" x="24" y="77"/>
<vector name="lt" x="-28" y="-49"/>
<vector name="rb" x="26" y="0"/>
<string name="_hash" value="c9e9b0377cdba0e894979e41eb550a58fdf57ed220824a7d900d0bedaa724e37"/>
</canvas>
</imgdir>
<imgdir name="hungry">
<canvas name="0" width="64" height="49">
<vector name="origin" x="23" y="49"/>
<int name="z" value="0"/>
<vector name="lt" x="-23" y="-49"/>
<vector name="rb" x="41" y="0"/>
<string name="_hash" value="9e57491dbb0c4ccb1ae23b3edbb7fc51a7b76f3524155756ea16d81cfe2401b6"/>
</canvas>
<canvas name="1" width="82" height="58">
<vector name="origin" x="41" y="58"/>
<int name="z" value="0"/>
<vector name="lt" x="-23" y="-49"/>
<vector name="rb" x="41" y="0"/>
<string name="_hash" value="a1edc2f24cc2a2ff39cb94a87d468f110514ae4f0e515f0a7a32ea906757db50"/>
</canvas>
<canvas name="2" width="82" height="58">
<vector name="origin" x="41" y="58"/>
<int name="z" value="0"/>
<vector name="lt" x="-23" y="-49"/>
<vector name="rb" x="41" y="0"/>
<string name="_hash" value="ecd490396c932022c9bff142821a3d580d8817c90a34a7640345301e88dcf20a"/>
</canvas>
<canvas name="3" width="82" height="58">
<vector name="origin" x="41" y="58"/>
<int name="z" value="0"/>
<vector name="lt" x="-23" y="-49"/>
<vector name="rb" x="41" y="0"/>
<string name="_hash" value="eb59aebe2a39e806f865a813584a84c2f1a429a422b7e24f91088a9319d56294"/>
</canvas>
<canvas name="4" width="82" height="58">
<vector name="origin" x="41" y="58"/>
<int name="z" value="0"/>
<vector name="lt" x="-23" y="-49"/>
<vector name="rb" x="41" y="0"/>
<string name="_hash" value="623bb3ba3e6abc27353e1f11e7fa304388f3e6cfc65b0d8ebd1abd8e2359d077"/>
</canvas>
<canvas name="5" width="1" height="1">
<vector name="origin" x="41" y="58"/>
<int name="z" value="0"/>
<vector name="lt" x="-23" y="-49"/>
<vector name="rb" x="41" y="0"/>
<string name="_inlink" value="hungry/4"/>
</canvas>
<canvas name="6" width="82" height="58">
<vector name="origin" x="41" y="58"/>
<int name="z" value="0"/>
<vector name="lt" x="-23" y="-49"/>
<vector name="rb" x="41" y="0"/>
<string name="_hash" value="bdbf70db25175961584b630ff8825e852b910bd277f74b176f89edc59bb96fd9"/>
</canvas>
<canvas name="7" width="82" height="58">
<vector name="origin" x="41" y="58"/>
<int name="z" value="0"/>
<vector name="lt" x="-23" y="-49"/>
<vector name="rb" x="41" y="0"/>
<string name="_hash" value="99707b5bd9e375e9f350484c686ee415ef7340c5f6e33508844e4169f1ba4d10"/>
</canvas>
<canvas name="8" width="82" height="58">
<vector name="origin" x="41" y="58"/>
<int name="z" value="0"/>
<vector name="lt" x="-23" y="-49"/>
<vector name="rb" x="41" y="0"/>
<string name="_hash" value="f778c89381786e695133c2708a1bb29c790ab29e143fda15fcf643ff1aa5213c"/>
</canvas>
<canvas name="9" width="82" height="58">
<vector name="origin" x="41" y="58"/>
<int name="z" value="0"/>
<vector name="lt" x="-23" y="-49"/>
<vector name="rb" x="41" y="0"/>
<string name="_hash" value="3cf3f8dd344c07fbe76de5ba10b815b8292efc3e365f1ff8016e0b17b78d2093"/>
</canvas>
<canvas name="10" width="82" height="58">
<vector name="origin" x="41" y="58"/>
<int name="z" value="0"/>
<vector name="lt" x="-23" y="-49"/>
<vector name="rb" x="41" y="0"/>
<string name="_hash" value="be87a629061fe2b749bdb2d1054d9b5617b39c69ae72ae9e4aa67648e18160f0"/>
</canvas>
<canvas name="11" width="64" height="49">
<vector name="origin" x="23" y="49"/>
<int name="z" value="0"/>
<vector name="lt" x="-23" y="-49"/>
<vector name="rb" x="41" y="0"/>
<string name="_hash" value="3686a31170aceecae9cdbb95310ea4a73f57ad2f91f806661ef73af6ed222ef2"/>
</canvas>
</imgdir>
<imgdir name="sleep">
<canvas name="0" width="68" height="52">
<vector name="origin" x="32" y="52"/>
<vector name="lt" x="-24" y="-38"/>
<vector name="rb" x="24" y="0"/>
<int name="delay" value="500"/>
<int name="z" value="0"/>
<string name="_hash" value="9d2bc60c7c874fd9d1284d3a3344a6dda9bec93124fc661b3ec59991b004b1ca"/>
</canvas>
<canvas name="1" width="77" height="60">
<vector name="origin" x="41" y="60"/>
<vector name="lt" x="-24" y="-38"/>
<vector name="rb" x="24" y="0"/>
<int name="delay" value="500"/>
<int name="z" value="0"/>
<string name="_hash" value="11e24c6ecece5edd55b4fd7d2f1629cd9bb4e7487f9ac00bfb6c2668359a9ec4"/>
</canvas>
<uol name="2" value="0"/>
<uol name="3" value="1"/>
<uol name="4" value="0"/>
<uol name="5" value="1"/>
<uol name="6" value="0"/>
<uol name="7" value="1"/>
</imgdir>
<imgdir name="stunned">
<canvas name="0" width="91" height="51">
<vector name="origin" x="44" y="51"/>
<int name="z" value="0"/>
<vector name="lt" x="-23" y="-49"/>
<vector name="rb" x="41" y="0"/>
<string name="_hash" value="63699726ee10ece76be428392ad7327e0dfc83a3991924d826fc33b0d0dfaa16"/>
</canvas>
<canvas name="1" width="93" height="50">
<vector name="origin" x="45" y="50"/>
<int name="z" value="0"/>
<vector name="lt" x="-23" y="-49"/>
<vector name="rb" x="41" y="0"/>
<string name="_hash" value="89bb799b2f577d605c41991b8bb3afdf3f741c467a6b1f9ed689610f337f35da"/>
</canvas>
<canvas name="2" width="91" height="51">
<vector name="origin" x="44" y="51"/>
<int name="z" value="0"/>
<vector name="lt" x="-23" y="-49"/>
<vector name="rb" x="41" y="0"/>
<string name="_hash" value="e64baa3870212dbff87b2ec2e6150db66f64a6e705a6c6674f21c7907ac3af5b"/>
</canvas>
<canvas name="3" width="93" height="50">
<vector name="origin" x="45" y="50"/>
<int name="z" value="0"/>
<vector name="lt" x="-23" y="-49"/>
<vector name="rb" x="41" y="0"/>
<string name="_hash" value="ee5e9cab15c1512660e269c52fa5b2ee8d17af32297bf1aaf6e4fe8c331226d5"/>
</canvas>
<canvas name="4" width="91" height="51">
<vector name="origin" x="44" y="51"/>
<int name="z" value="0"/>
<vector name="lt" x="-23" y="-49"/>
<vector name="rb" x="41" y="0"/>
<string name="_hash" value="33d13dcca43840edfdaae5d85e3e9c7457bee41cdc738292d1bf60056b38d643"/>
</canvas>
<canvas name="5" width="93" height="50">
<vector name="origin" x="45" y="50"/>
<int name="z" value="0"/>
<vector name="lt" x="-23" y="-49"/>
<vector name="rb" x="41" y="0"/>
<string name="_hash" value="e4177f8a1306fc1d8911fdc949d450410ee436fc619ffddde179fe86b75085a2"/>
</canvas>
<canvas name="6" width="91" height="51">
<vector name="origin" x="44" y="51"/>
<int name="z" value="0"/>
<vector name="lt" x="-23" y="-49"/>
<vector name="rb" x="41" y="0"/>
<string name="_hash" value="7f39a97671e2e4938c7b9db2c3d64d42b2ea1b43e94f93e82787dda526a46d87"/>
</canvas>
<canvas name="7" width="93" height="50">
<vector name="origin" x="45" y="50"/>
<int name="z" value="0"/>
<vector name="lt" x="-23" y="-49"/>
<vector name="rb" x="41" y="0"/>
<string name="_hash" value="c40e9cd2622afb482cf30643b78e1d0d5ea5acc0b1f217dd017fb5682a14defd"/>
</canvas>
<canvas name="8" width="91" height="51">
<vector name="origin" x="44" y="51"/>
<int name="z" value="0"/>
<vector name="lt" x="-23" y="-49"/>
<vector name="rb" x="41" y="0"/>
<string name="_hash" value="6159969fd4e509fc155fc18e5d34add7261f18250bf9ba8ad7454c46e9b6d145"/>
</canvas>
<canvas name="9" width="93" height="50">
<vector name="origin" x="45" y="50"/>
<int name="z" value="0"/>
<vector name="lt" x="-23" y="-49"/>
<vector name="rb" x="41" y="0"/>
<string name="_hash" value="0d13d438f866deade9959c3f6a0649ba7e028174ae3a5ca7f9c5eb0d0d184d4c"/>
</canvas>
<canvas name="10" width="91" height="51">
<vector name="origin" x="44" y="51"/>
<int name="z" value="0"/>
<vector name="lt" x="-23" y="-49"/>
<vector name="rb" x="41" y="0"/>
<string name="_hash" value="cb5072c33439ef5cf0aeafe6506ced0a04adbb8650b2356311188b5e1612c6f1"/>
</canvas>
<canvas name="11" width="93" height="50">
<vector name="origin" x="45" y="50"/>
<int name="z" value="0"/>
<vector name="lt" x="-23" y="-49"/>
<vector name="rb" x="41" y="0"/>
<string name="_hash" value="a845699e51c7b570b84b1661509c48462ecbb526e589aa8b2927fe63238be549"/>
</canvas>
</imgdir>
<imgdir name="dung">
<canvas name="0" width="64" height="49">
<vector name="origin" x="32" y="49"/>
<int name="z" value="0"/>
<vector name="lt" x="-14" y="-57"/>
<vector name="rb" x="18" y="-7"/>
<string name="_hash" value="eedd7cd03aed2cf140a9a1dcdbdf6a908125dd3e3695f32c4ae1218b8cb30dad"/>
</canvas>
<canvas name="1" width="64" height="49">
<vector name="origin" x="32" y="49"/>
<int name="z" value="0"/>
<vector name="lt" x="-14" y="-57"/>
<vector name="rb" x="18" y="-7"/>
<string name="_hash" value="b3d9929655955ee3b52b3e2def3baf3550ab8f3f079524358d70859e9c811f2c"/>
</canvas>
<canvas name="2" width="64" height="49">
<vector name="origin" x="32" y="49"/>
<int name="z" value="0"/>
<vector name="lt" x="-14" y="-57"/>
<vector name="rb" x="18" y="-7"/>
<string name="_hash" value="d67e06ba00d49f29d6b115d9469e7ae8d275d64d3d4f2884a1e9c9df9aac3117"/>
</canvas>
<canvas name="3" width="64" height="49">
<vector name="origin" x="32" y="49"/>
<int name="z" value="0"/>
<vector name="lt" x="-14" y="-57"/>
<vector name="rb" x="18" y="-7"/>
<string name="_hash" value="7e954079c374e66e6dbf965f34a7258e9e26b97e4a693d4d282f5cc2227bd4a2"/>
</canvas>
<canvas name="4" width="64" height="49">
<vector name="origin" x="32" y="49"/>
<int name="z" value="0"/>
<vector name="lt" x="-14" y="-57"/>
<vector name="rb" x="18" y="-7"/>
<string name="_hash" value="9f615d0203ae0155c6c821d5711fe5ba3703a72a122ad489fe8aa0ccd3de72f4"/>
</canvas>
<canvas name="5" width="64" height="49">
<vector name="origin" x="32" y="49"/>
<int name="z" value="0"/>
<vector name="lt" x="-14" y="-57"/>
<vector name="rb" x="18" y="-7"/>
<string name="_hash" value="83823bb13e75641f9cedc749023c24a61fc21e39d8e88216138ad9db87694fd2"/>
</canvas>
<canvas name="6" width="64" height="49">
<vector name="origin" x="32" y="49"/>
<int name="z" value="0"/>
<vector name="lt" x="-14" y="-57"/>
<vector name="rb" x="18" y="-7"/>
<string name="_hash" value="5b8419351510fe3a1a7b40fbe4adc6063df6e0d8252b6cd71670455ced426bd2"/>
</canvas>
<canvas name="7" width="64" height="49">
<vector name="origin" x="32" y="49"/>
<int name="z" value="0"/>
<vector name="lt" x="-14" y="-57"/>
<vector name="rb" x="18" y="-7"/>
<string name="_hash" value="804cacff0cf9805b0562c0674aa22f60728b958ba443e23f159570b479cc80b4"/>
</canvas>
<canvas name="8" width="64" height="49">
<vector name="origin" x="32" y="49"/>
<int name="z" value="0"/>
<vector name="lt" x="-14" y="-57"/>
<vector name="rb" x="18" y="-7"/>
<string name="_hash" value="d0d4814723f71c21a5546678c0ccc0cb6f16f16a73e0c3af8b21e8ec0987ac18"/>
</canvas>
<canvas name="9" width="64" height="49">
<vector name="origin" x="32" y="49"/>
<int name="z" value="0"/>
<vector name="lt" x="-14" y="-57"/>
<vector name="rb" x="18" y="-7"/>
<string name="_hash" value="c7e0ad4b5a5a0d325b9394ee3b6a150526b1aaae0ae959c0d203276b4a5e2fc8"/>
</canvas>
<canvas name="10" width="64" height="49">
<vector name="origin" x="32" y="49"/>
<int name="z" value="0"/>
<vector name="lt" x="-14" y="-57"/>
<vector name="rb" x="18" y="-7"/>
<string name="_hash" value="bb30789e43639843d6b3f527b610ca255133e7c7f3a88772bfba82172582f884"/>
</canvas>
<canvas name="11" width="64" height="49">
<vector name="origin" x="32" y="49"/>
<int name="z" value="0"/>
<vector name="lt" x="-14" y="-57"/>
<vector name="rb" x="18" y="-7"/>
<string name="_hash" value="b3d43a6715044ce4a78954ffbdc8636fac2c34c3c28412305f506cf80836a551"/>
</canvas>
<canvas name="12" width="64" height="49">
<vector name="origin" x="32" y="49"/>
<int name="z" value="0"/>
<vector name="lt" x="-14" y="-57"/>
<vector name="rb" x="18" y="-7"/>
<string name="_hash" value="6db1480b75d4603a734d57e77f7853404c7a710cdde82430ffa8c29a326ae895"/>
</canvas>
<canvas name="13" width="64" height="49">
<vector name="origin" x="32" y="49"/>
<int name="z" value="0"/>
<vector name="lt" x="-14" y="-57"/>
<vector name="rb" x="18" y="-7"/>
<string name="_hash" value="348451e3a4aa42f5cf3e048e897f48daa694cd1e47374434a8ccc17cebecbc00"/>
</canvas>
</imgdir>
<imgdir name="cry">
<canvas name="0" width="64" height="53">
<vector name="origin" x="24" y="53"/>
<vector name="lt" x="-24" y="-38"/>
<vector name="rb" x="24" y="0"/>
<int name="delay" value="300"/>
<string name="_hash" value="9340630185eee6dccc12c8078e68e28df152e7b4260d1c5af134e920ec25876f"/>
</canvas>
<canvas name="1" width="64" height="52">
<vector name="origin" x="24" y="52"/>
<vector name="lt" x="-24" y="-38"/>
<vector name="rb" x="24" y="0"/>
<int name="delay" value="200"/>
<string name="_hash" value="758d745dc75c091272bf244acd1632a9413bd82a8cb01191b84ac75e98fd1b8e"/>
</canvas>
<canvas name="2" width="64" height="52">
<vector name="origin" x="24" y="52"/>
<vector name="lt" x="-24" y="-38"/>
<vector name="rb" x="24" y="0"/>
<int name="delay" value="1500"/>
<string name="_hash" value="e147289d6c0fcb08151ff5e51a68b0769f4f85e8fbbec8dacd2916eba0d2a378"/>
</canvas>
<uol name="3" value="0"/>
<uol name="4" value="1"/>
<uol name="5" value="2"/>
</imgdir>
<imgdir name="smile">
<canvas name="0" width="64" height="49">
<vector name="origin" x="32" y="52"/>
<int name="z" value="0"/>
<vector name="lt" x="-14" y="-57"/>
<vector name="rb" x="18" y="-7"/>
<string name="_hash" value="7201c401202f11376c1ea7aefc6d1e696c7794ca12e2533081e1dc5ca92ed388"/>
</canvas>
<canvas name="1" width="72" height="84">
<vector name="origin" x="36" y="85"/>
<int name="z" value="0"/>
<vector name="lt" x="-14" y="-57"/>
<vector name="rb" x="18" y="-7"/>
<string name="_hash" value="f00213a16b0c38da0c6c39ace2a08eb13bc5fea5bd7ba56dff3d5009ab59c426"/>
</canvas>
<canvas name="2" width="72" height="98">
<vector name="origin" x="36" y="99"/>
<int name="z" value="0"/>
<vector name="lt" x="-14" y="-57"/>
<vector name="rb" x="18" y="-7"/>
<string name="_hash" value="6adf39f8766774948db1433f9fbf393145de728c81e42338769de4937fa711c3"/>
</canvas>
<canvas name="3" width="72" height="115">
<vector name="origin" x="36" y="115"/>
<int name="z" value="0"/>
<vector name="lt" x="-14" y="-57"/>
<vector name="rb" x="18" y="-7"/>
<string name="_hash" value="015bdf4139c3f4118de1994b1b61e3433939ca5a6d6e92721dadd6b80451e58f"/>
</canvas>
<canvas name="4" width="72" height="108">
<vector name="origin" x="36" y="108"/>
<int name="z" value="0"/>
<vector name="lt" x="-14" y="-57"/>
<vector name="rb" x="18" y="-7"/>
<string name="_hash" value="32c2acd603299b3fb35f3bdea5b41ca3a96cf4de9cc1e9dc4f0d59c833962372"/>
</canvas>
<canvas name="5" width="72" height="104">
<vector name="origin" x="36" y="105"/>
<int name="z" value="0"/>
<vector name="lt" x="-14" y="-57"/>
<vector name="rb" x="18" y="-7"/>
<string name="_hash" value="9fed656f848458f0d0c7491bda1b984d164328ba83ec5b715010627760f50ce6"/>
</canvas>
<canvas name="6" width="72" height="96">
<vector name="origin" x="36" y="97"/>
<int name="z" value="0"/>
<vector name="lt" x="-14" y="-57"/>
<vector name="rb" x="18" y="-7"/>
<string name="_hash" value="b337553edb57e830099d4852454409460a81b8fc6bf2de9c5163714f70298254"/>
</canvas>
<canvas name="7" width="72" height="94">
<vector name="origin" x="36" y="95"/>
<int name="z" value="0"/>
<vector name="lt" x="-14" y="-57"/>
<vector name="rb" x="18" y="-7"/>
<string name="_hash" value="3c5a73f9b4da068a920c19107628a20b02f9f493edf763d24b1e42ca98ae8905"/>
</canvas>
<canvas name="8" width="72" height="88">
<vector name="origin" x="36" y="89"/>
<int name="z" value="0"/>
<vector name="lt" x="-14" y="-57"/>
<vector name="rb" x="18" y="-7"/>
<string name="_hash" value="e96dd89b8a5c08d2bd3ef238c14aedb39fdba95283e6402488c0af71482d504c"/>
</canvas>
<canvas name="9" width="64" height="60">
<vector name="origin" x="32" y="64"/>
<int name="z" value="0"/>
<vector name="lt" x="-14" y="-57"/>
<vector name="rb" x="18" y="-7"/>
<string name="_hash" value="8041d0d3adfd81f04805956ae918b122f65266cf6508f004c4e2138e3949f829"/>
</canvas>
<canvas name="10" width="64" height="60">
<vector name="origin" x="32" y="64"/>
<int name="z" value="0"/>
<vector name="lt" x="-14" y="-57"/>
<vector name="rb" x="18" y="-7"/>
<string name="_hash" value="09782e94f0fdb9167f3128ee16c90ffee7c4c74850979741da71e89447860f2c"/>
</canvas>
<canvas name="11" width="64" height="56">
<vector name="origin" x="32" y="60"/>
<int name="z" value="0"/>
<vector name="lt" x="-14" y="-57"/>
<vector name="rb" x="18" y="-7"/>
<string name="_hash" value="2a663c695d5ee4f872c66f03e9b053d10d5a6e8900b07d9c023c0c2e5c4b2898"/>
</canvas>
</imgdir>
<imgdir name="fly">
<canvas name="0" width="1" height="1">
<vector name="origin" x="28" y="49"/>
<vector name="lt" x="-28" y="-49"/>
<vector name="rb" x="26" y="1"/>
<int name="delay" value="150"/>
<string name="_inlink" value="chat/0"/>
</canvas>
<canvas name="1" width="1" height="1">
<vector name="origin" x="28" y="50"/>
<vector name="lt" x="-28" y="-49"/>
<vector name="rb" x="26" y="1"/>
<int name="delay" value="150"/>
<string name="_inlink" value="chat/2"/>
</canvas>
</imgdir>
<imgdir name="belch">
<canvas name="0" width="64" height="49">
<vector name="origin" x="38" y="47"/>
<vector name="lt" x="-25" y="-47"/>
<vector name="rb" x="24" y="-5"/>
<int name="delay" value="4000"/>
<string name="_hash" value="cde6fdcf26e17ccea8e89ecc3a47c41956595e24e37dcda4fcb9e0b18566fd68"/>
</canvas>
</imgdir>
<imgdir name="deride">
<canvas name="0" width="74" height="49">
<vector name="origin" x="24" y="50"/>
<vector name="lt" x="-24" y="-38"/>
<vector name="rb" x="24" y="0"/>
<int name="delay" value="500"/>
<string name="_hash" value="9f400f3a815b5cac052ae7f986f79148eadf0e5abf9af645d06bed1dcd5fff45"/>
</canvas>
<canvas name="1" width="74" height="49">
<vector name="origin" x="24" y="49"/>
<vector name="lt" x="-24" y="-37"/>
<vector name="rb" x="24" y="0"/>
<int name="delay" value="150"/>
<string name="_hash" value="f97235bef25859ba90907ef3d261adccc336f5bedec7318caeae385739170819"/>
</canvas>
<canvas name="2" width="74" height="49">
<vector name="origin" x="24" y="50"/>
<vector name="lt" x="-24" y="-38"/>
<vector name="rb" x="24" y="0"/>
<int name="delay" value="200"/>
<string name="_hash" value="964a2df4253c3148442964c74749f9fd1f43ad324a8405919eecd423a8994bfa"/>
</canvas>
<uol name="3" value="1"/>
<uol name="4" value="0"/>
<uol name="5" value="1"/>
<uol name="6" value="2"/>
<uol name="7" value="1"/>
<uol name="8" value="0"/>
<uol name="9" value="1"/>
<uol name="10" value="2"/>
<uol name="11" value="1"/>
<uol name="12" value="0"/>
<uol name="13" value="1"/>
<uol name="14" value="2"/>
<uol name="15" value="1"/>
</imgdir>
<imgdir name="dance">
<canvas name="0" width="76" height="77">
<vector name="origin" x="38" y="62"/>
<int name="z" value="0"/>
<vector name="lt" x="-24" y="-42"/>
<vector name="rb" x="24" y="0"/>
<string name="_hash" value="87523f87b19a49703b99b175b8f7b4724c42674bf4d7a964b0ef6ea126e15da1"/>
</canvas>
<canvas name="1" width="85" height="82">
<vector name="origin" x="43" y="66"/>
<int name="z" value="0"/>
<vector name="lt" x="-24" y="-42"/>
<vector name="rb" x="24" y="0"/>
<string name="_hash" value="121b68a9c92dc102a643bf17eb8224a901a4afdf10d209f5b47f5c5377322aac"/>
</canvas>
<canvas name="2" width="85" height="81">
<vector name="origin" x="43" y="65"/>
<int name="z" value="0"/>
<vector name="lt" x="-24" y="-42"/>
<vector name="rb" x="24" y="0"/>
<string name="_hash" value="d479576af89ce3cd4a9ab830c948e41f122a3fb530ed286cd7bbfc043498c9e0"/>
</canvas>
<canvas name="3" width="84" height="80">
<vector name="origin" x="47" y="68"/>
<int name="z" value="0"/>
<vector name="lt" x="-24" y="-42"/>
<vector name="rb" x="24" y="0"/>
<string name="_hash" value="4efbb1a1dfee6f6ac3e38a830ff5546edb63b3ba1a5d4bbd995d6d9b09a442dc"/>
</canvas>
<canvas name="4" width="64" height="49">
<vector name="origin" x="32" y="49"/>
<int name="z" value="0"/>
<vector name="lt" x="-24" y="-42"/>
<vector name="rb" x="24" y="0"/>
<string name="_hash" value="f5e1c06f71d91398646280fd06a3f7c40eae396670e50203ad16f498af43b059"/>
</canvas>
<canvas name="5" width="64" height="49">
<vector name="origin" x="32" y="49"/>
<int name="z" value="0"/>
<vector name="lt" x="-24" y="-42"/>
<vector name="rb" x="24" y="0"/>
<string name="_hash" value="89f6e96fa012cd83e27fa2f1a82901d88c5e9108c870117c7c98bb382f571a86"/>
</canvas>
<canvas name="6" width="64" height="49">
<vector name="origin" x="32" y="49"/>
<int name="z" value="0"/>
<vector name="lt" x="-24" y="-42"/>
<vector name="rb" x="24" y="0"/>
<string name="_hash" value="2a75f75cd3bdec0c2a094621139b59993e01cc937df87d4df1c094d49fe914f9"/>
</canvas>
<canvas name="7" width="64" height="49">
<vector name="origin" x="32" y="49"/>
<int name="z" value="0"/>
<vector name="lt" x="-24" y="-42"/>
<vector name="rb" x="24" y="0"/>
<string name="_hash" value="83b369380f8d5010ca52d3c43699f80c8d81edc9e62cd71799a379087193e4ed"/>
</canvas>
<canvas name="8" width="64" height="49">
<vector name="origin" x="32" y="49"/>
<int name="z" value="0"/>
<vector name="lt" x="-24" y="-42"/>
<vector name="rb" x="24" y="0"/>
<string name="_hash" value="f924d9ace9452be5081f8b62d0b51f3a748932c2bab096b36d060024f1bb81b5"/>
</canvas>
<canvas name="9" width="64" height="49">
<vector name="origin" x="32" y="49"/>
<int name="z" value="0"/>
<vector name="lt" x="-24" y="-42"/>
<vector name="rb" x="24" y="0"/>
<string name="_hash" value="45d89c886ee76a046c6483c92235dd184d1a6637f9a755f19047b1a7bc15ac4e"/>
</canvas>
<canvas name="10" width="76" height="77">
<vector name="origin" x="38" y="62"/>
<int name="z" value="0"/>
<vector name="lt" x="-24" y="-42"/>
<vector name="rb" x="24" y="0"/>
<string name="_hash" value="cdd1ffea8ae650dc5c89e0b3b156152a95d0e4f934cf433dd80e5af8acdb6623"/>
</canvas>
<canvas name="11" width="85" height="97">
<vector name="origin" x="43" y="81"/>
<int name="z" value="0"/>
<vector name="lt" x="-24" y="-42"/>
<vector name="rb" x="24" y="0"/>
<string name="_hash" value="5787ebfa5e9af93b99bf5e2850f93a081accf24b94de4c18a01727ca807118ac"/>
</canvas>
<canvas name="12" width="85" height="110">
<vector name="origin" x="43" y="94"/>
<int name="z" value="0"/>
<vector name="lt" x="-24" y="-42"/>
<vector name="rb" x="24" y="0"/>
<string name="_hash" value="462a7336992c1d83cfebc1808c76483f9df11675497ada6c8a705b62159cf6f1"/>
</canvas>
<canvas name="13" width="84" height="114">
<vector name="origin" x="47" y="102"/>
<int name="z" value="0"/>
<vector name="lt" x="-24" y="-42"/>
<vector name="rb" x="24" y="0"/>
<string name="_hash" value="0bf669ddb27f4019f1e99a260fa71ce5cfe136f1e9e1de72d0d1a74aecaf34f0"/>
</canvas>
<canvas name="14" width="64" height="88">
<vector name="origin" x="32" y="88"/>
<int name="z" value="0"/>
<vector name="lt" x="-24" y="-42"/>
<vector name="rb" x="24" y="0"/>
<string name="_hash" value="dbb3375f46c020e6bc420a2e41cb71e97514d44b269a215d9c22f04fdfdd2705"/>
</canvas>
<canvas name="15" width="1" height="1">
<vector name="origin" x="38" y="62"/>
<int name="z" value="0"/>
<vector name="lt" x="-24" y="-42"/>
<vector name="rb" x="24" y="0"/>
<string name="_inlink" value="dance/0"/>
</canvas>
</imgdir>
</imgdir>
