<?xml version="1.0" encoding="UTF-8" standalone="yes"?>
<imgdir name="5000469.img">
<imgdir name="info">
<canvas name="icon" width="33" height="29">
<vector name="origin" x="0" y="29"/>
<string name="_hash" value="084e752fdb5da19cd9a5f9882fe6c595008eb5c71aab3f00cbcf40c66e438ba2"/>
</canvas>
<canvas name="iconRaw" width="33" height="28">
<vector name="origin" x="0" y="29"/>
<string name="_hash" value="b1a0b7014ba137ee5a39ee5f84efdf20ef8278b9e0991f61eebdeacffe07eca4"/>
</canvas>
<canvas name="iconD" width="27" height="31">
<vector name="origin" x="-4" y="31"/>
<string name="_hash" value="0ef210ef7e66a3b42a9157e3e9f8ec214094de508d30fd63de5fbcdb27912c0d"/>
</canvas>
<canvas name="iconRawD" width="25" height="31">
<vector name="origin" x="-4" y="31"/>
<string name="_hash" value="d19313450cb82453d56771ca6193473eb5c6114b6059959dbeaa7d7024f7f7b2"/>
</canvas>
<int name="nameTag" value="219"/>
<int name="chatBalloon" value="219"/>
<int name="life" value="90"/>
<int name="hungry" value="2"/>
<int name="cash" value="1"/>
<int name="multiPet" value="1"/>
<int name="pickupItem" value="1"/>
<int name="autoBuff" value="1"/>
<int name="setItemID" value="561"/>
</imgdir>
<imgdir name="interact">
<imgdir name="0">
<string name="command" value="c1"/>
<int name="inc" value="1"/>
<int name="prob" value="30"/>
<int name="l0" value="1"/>
<int name="l1" value="9"/>
<imgdir name="success">
<imgdir name="0">
<string name="act" value="rest0"/>
<string name="0" value="c1_s1"/>
<string name="1" value="c1_s2"/>
</imgdir>
</imgdir>
<imgdir name="fail">
<imgdir name="0">
<string name="act" value="stand0"/>
<string name="0" value="c1_f1"/>
<string name="1" value="c1_f2"/>
</imgdir>
</imgdir>
</imgdir>
<imgdir name="1">
<string name="command" value="c2"/>
<int name="inc" value="2"/>
<int name="prob" value="45"/>
<int name="l0" value="10"/>
<int name="l1" value="19"/>
<imgdir name="success">
<imgdir name="0">
<string name="act" value="rest0"/>
<string name="0" value="c2_s1"/>
<string name="1" value="c2_s2"/>
<string name="2" value="c2_s3"/>
<string name="3" value="c2_s4"/>
</imgdir>
</imgdir>
<imgdir name="fail">
<imgdir name="0">
<string name="act" value="stand0"/>
<string name="0" value="c2_f1"/>
<string name="1" value="c2_f2"/>
<string name="2" value="c2_f3"/>
<string name="3" value="c2_f4"/>
</imgdir>
</imgdir>
</imgdir>
<imgdir name="2">
<string name="command" value="c3"/>
<int name="inc" value="3"/>
<int name="prob" value="60"/>
<int name="l0" value="20"/>
<int name="l1" value="29"/>
<imgdir name="success">
<imgdir name="0">
<string name="act" value="rest0"/>
<string name="0" value="c3_s1"/>
<string name="1" value="c3_s2"/>
<string name="2" value="c3_s3"/>
<string name="3" value="c3_s4"/>
</imgdir>
</imgdir>
<imgdir name="fail">
<imgdir name="0">
<string name="act" value="stand0"/>
<string name="0" value="c3_f1"/>
<string name="1" value="c3_f2"/>
<string name="2" value="c3_f3"/>
<string name="3" value="c3_f4"/>
</imgdir>
</imgdir>
</imgdir>
<imgdir name="3">
<string name="command" value="c4"/>
<int name="inc" value="2"/>
<int name="prob" value="70"/>
<int name="l0" value="30"/>
<int name="l1" value="30"/>
<imgdir name="success">
<imgdir name="0">
<string name="act" value="rest0"/>
<string name="0" value="c4_s1"/>
<string name="1" value="c4_s2"/>
<string name="2" value="c4_s3"/>
<string name="3" value="c4_s4"/>
</imgdir>
</imgdir>
<imgdir name="fail">
<imgdir name="0">
<string name="act" value="stand0"/>
<string name="0" value="c4_f1"/>
<string name="1" value="c4_f2"/>
<string name="2" value="c4_f3"/>
<string name="3" value="c4_f4"/>
</imgdir>
</imgdir>
</imgdir>
<imgdir name="4">
<string name="command" value="c5"/>
<int name="inc" value="1"/>
<int name="prob" value="30"/>
<int name="l0" value="1"/>
<int name="l1" value="9"/>
<imgdir name="success">
<imgdir name="0">
<string name="act" value="cry"/>
<string name="0" value="c5_s1"/>
<string name="1" value="c5_s2"/>
</imgdir>
</imgdir>
<imgdir name="fail">
<imgdir name="0">
<string name="act" value="angry"/>
<string name="0" value="c5_f1"/>
<string name="1" value="c5_f2"/>
</imgdir>
</imgdir>
</imgdir>
<imgdir name="5">
<string name="command" value="c6"/>
<int name="inc" value="2"/>
<int name="prob" value="50"/>
<int name="l0" value="10"/>
<int name="l1" value="19"/>
<imgdir name="success">
<imgdir name="0">
<string name="act" value="cry"/>
<string name="0" value="c6_s1"/>
<string name="1" value="c6_s2"/>
<string name="2" value="c6_s3"/>
<string name="3" value="c6_s4"/>
</imgdir>
</imgdir>
<imgdir name="fail">
<imgdir name="0">
<string name="act" value="angry"/>
<string name="0" value="c6_f1"/>
<string name="1" value="c6_f2"/>
<string name="2" value="c6_f3"/>
<string name="3" value="c6_f4"/>
</imgdir>
</imgdir>
</imgdir>
<imgdir name="6">
<string name="command" value="c7"/>
<int name="inc" value="2"/>
<int name="prob" value="60"/>
<int name="l0" value="20"/>
<int name="l1" value="29"/>
<imgdir name="success">
<imgdir name="0">
<string name="act" value="cry"/>
<string name="0" value="c7_s1"/>
<string name="1" value="c7_s2"/>
<string name="2" value="c7_s3"/>
<string name="3" value="c7_s4"/>
</imgdir>
</imgdir>
<imgdir name="fail">
<imgdir name="0">
<string name="act" value="angry"/>
<string name="0" value="c7_f1"/>
<string name="1" value="c7_f2"/>
<string name="2" value="c7_f3"/>
<string name="3" value="c7_f4"/>
</imgdir>
</imgdir>
</imgdir>
<imgdir name="7">
<string name="command" value="c8"/>
<int name="inc" value="3"/>
<int name="prob" value="70"/>
<int name="l0" value="30"/>
<int name="l1" value="30"/>
<imgdir name="success">
<imgdir name="0">
<string name="act" value="cry"/>
<string name="0" value="c8_s1"/>
<string name="1" value="c8_s2"/>
<string name="2" value="c8_s3"/>
<string name="3" value="c8_s4"/>
</imgdir>
</imgdir>
<imgdir name="fail">
<imgdir name="0">
<string name="act" value="angry"/>
<string name="0" value="c8_f1"/>
<string name="1" value="c8_f2"/>
<string name="2" value="c8_f3"/>
<string name="3" value="c8_f4"/>
</imgdir>
</imgdir>
</imgdir>
<imgdir name="8">
<string name="command" value="c9"/>
<int name="inc" value="1"/>
<int name="prob" value="30"/>
<int name="l0" value="1"/>
<int name="l1" value="9"/>
<imgdir name="success">
<imgdir name="0">
<string name="act" value="love"/>
<string name="0" value="c9_s1"/>
<string name="1" value="c9_s2"/>
</imgdir>
</imgdir>
<imgdir name="fail">
<imgdir name="0">
<string name="act" value="no"/>
<string name="0" value="c9_f1"/>
<string name="1" value="c9_f2"/>
</imgdir>
</imgdir>
</imgdir>
<imgdir name="9">
<string name="command" value="c10"/>
<int name="inc" value="2"/>
<int name="prob" value="50"/>
<int name="l0" value="10"/>
<int name="l1" value="19"/>
<imgdir name="success">
<imgdir name="0">
<string name="act" value="love"/>
<string name="0" value="c10_s1"/>
<string name="1" value="c10_s2"/>
<string name="2" value="c10_s3"/>
<string name="3" value="c10_s4"/>
</imgdir>
</imgdir>
<imgdir name="fail">
<imgdir name="0">
<string name="act" value="no"/>
<string name="0" value="c10_f1"/>
<string name="1" value="c10_f2"/>
<string name="2" value="c10_f3"/>
<string name="3" value="c10_f4"/>
</imgdir>
</imgdir>
</imgdir>
<imgdir name="10">
<string name="command" value="c11"/>
<int name="inc" value="2"/>
<int name="prob" value="60"/>
<int name="l0" value="20"/>
<int name="l1" value="29"/>
<imgdir name="success">
<imgdir name="0">
<string name="act" value="love"/>
<string name="0" value="c11_s1"/>
<string name="1" value="c11_s2"/>
<string name="2" value="c11_s3"/>
<string name="3" value="c11_s4"/>
</imgdir>
</imgdir>
<imgdir name="fail">
<imgdir name="0">
<string name="act" value="no"/>
<string name="0" value="c11_f1"/>
<string name="1" value="c11_f2"/>
<string name="2" value="c11_f3"/>
<string name="4" value="c11_f4"/>
</imgdir>
</imgdir>
</imgdir>
<imgdir name="11">
<string name="command" value="c12"/>
<int name="inc" value="3"/>
<int name="prob" value="70"/>
<int name="l0" value="30"/>
<int name="l1" value="30"/>
<imgdir name="success">
<imgdir name="0">
<string name="act" value="love"/>
<string name="0" value="c12_s1"/>
<string name="1" value="c12_s2"/>
<string name="2" value="c12_s3"/>
<string name="3" value="c12_s4"/>
</imgdir>
</imgdir>
<imgdir name="fail">
<imgdir name="0">
<string name="act" value="no"/>
<string name="0" value="c12_f1"/>
<string name="1" value="c12_f2"/>
<string name="2" value="c12_f3"/>
<string name="3" value="c12_f4"/>
</imgdir>
</imgdir>
</imgdir>
<imgdir name="12">
<string name="command" value="c13"/>
<int name="inc" value="1"/>
<int name="prob" value="30"/>
<int name="l0" value="10"/>
<int name="l1" value="19"/>
<imgdir name="success">
<imgdir name="0">
<string name="act" value="dung"/>
<string name="0" value="c13_s1"/>
<string name="1" value="c13_s2"/>
<string name="2" value="c13_s3"/>
<string name="3" value="c13_s4"/>
</imgdir>
</imgdir>
<imgdir name="fail">
<imgdir name="0">
<string name="act" value="ignore"/>
<string name="0" value="c13_f1"/>
<string name="1" value="c13_f2"/>
<string name="2" value="c13_f3"/>
<string name="3" value="c13_f4"/>
</imgdir>
</imgdir>
</imgdir>
<imgdir name="13">
<string name="command" value="c14"/>
<int name="inc" value="2"/>
<int name="prob" value="50"/>
<int name="l0" value="20"/>
<int name="l1" value="29"/>
<imgdir name="success">
<imgdir name="0">
<string name="act" value="dung"/>
<string name="0" value="c14_s1"/>
<string name="1" value="c14_s2"/>
<string name="2" value="c14_s3"/>
<string name="3" value="c14_s4"/>
</imgdir>
</imgdir>
<imgdir name="fail">
<imgdir name="0">
<string name="act" value="ignore"/>
<string name="0" value="c14_f1"/>
<string name="1" value="c14_f2"/>
<string name="2" value="c14_f3"/>
<string name="3" value="c14_f4"/>
</imgdir>
</imgdir>
</imgdir>
<imgdir name="14">
<string name="command" value="c15"/>
<int name="inc" value="3"/>
<int name="prob" value="70"/>
<int name="l0" value="30"/>
<int name="l1" value="30"/>
<imgdir name="success">
<imgdir name="0">
<string name="act" value="dung"/>
<string name="0" value="c15_s1"/>
<string name="1" value="c15_s2"/>
<string name="2" value="c15_s3"/>
<string name="3" value="c15_s4"/>
</imgdir>
</imgdir>
<imgdir name="fail">
<imgdir name="0">
<string name="act" value="angry"/>
<string name="0" value="c15_f1"/>
<string name="1" value="c15_f2"/>
<string name="2" value="c15_f3"/>
<string name="3" value="c15_f4"/>
</imgdir>
</imgdir>
</imgdir>
<imgdir name="15">
<string name="command" value="c16"/>
<int name="inc" value="1"/>
<int name="prob" value="30"/>
<int name="l0" value="10"/>
<int name="l1" value="19"/>
<imgdir name="success">
<imgdir name="0">
<string name="act" value="sleep"/>
<string name="0" value="c16_s1"/>
<string name="1" value="c16_s2"/>
<string name="2" value="c16_s3"/>
<string name="3" value="c16_s4"/>
</imgdir>
</imgdir>
<imgdir name="fail">
<imgdir name="0">
<string name="act" value="ignore"/>
<string name="0" value="c16_f1"/>
<string name="1" value="c16_f2"/>
<string name="2" value="c16_f3"/>
<string name="3" value="c16_f4"/>
</imgdir>
</imgdir>
</imgdir>
<imgdir name="16">
<string name="command" value="c17"/>
<int name="inc" value="2"/>
<int name="prob" value="45"/>
<int name="l0" value="20"/>
<int name="l1" value="29"/>
<imgdir name="success">
<imgdir name="0">
<string name="act" value="sleep"/>
<string name="0" value="c17_s1"/>
<string name="1" value="c17_s2"/>
<string name="2" value="c17_s3"/>
<string name="3" value="c17_s4"/>
</imgdir>
</imgdir>
<imgdir name="fail">
<imgdir name="0">
<string name="act" value="ignore"/>
<string name="0" value="c17_f1"/>
<string name="1" value="c17_f2"/>
<string name="2" value="c17_f3"/>
<string name="3" value="c17_f4"/>
</imgdir>
</imgdir>
</imgdir>
<imgdir name="17">
<string name="command" value="c18"/>
<int name="inc" value="3"/>
<int name="prob" value="60"/>
<int name="l0" value="30"/>
<int name="l1" value="30"/>
<imgdir name="success">
<imgdir name="0">
<string name="act" value="sleep"/>
<string name="0" value="c18_s1"/>
<string name="1" value="c18_s2"/>
<string name="2" value="c18_s3"/>
<string name="3" value="c18_s4"/>
</imgdir>
</imgdir>
<imgdir name="fail">
<imgdir name="0">
<string name="act" value="ignore"/>
<string name="0" value="c18_f1"/>
<string name="1" value="c18_f2"/>
<string name="2" value="c18_f3"/>
<string name="3" value="c18_f4"/>
</imgdir>
</imgdir>
</imgdir>
<imgdir name="18">
<string name="command" value="c19"/>
<int name="inc" value="1"/>
<int name="prob" value="30"/>
<int name="l0" value="10"/>
<int name="l1" value="19"/>
<imgdir name="success">
<imgdir name="0">
<string name="act" value="chat"/>
<string name="0" value="c19_s1"/>
<string name="1" value="c19_s2"/>
<string name="2" value="c19_s3"/>
<string name="3" value="c19_s4"/>
</imgdir>
</imgdir>
<imgdir name="fail">
<imgdir name="0">
<string name="act" value="ignore"/>
<string name="0" value="c19_f1"/>
<string name="1" value="c19_f2"/>
<string name="2" value="c19_f3"/>
<string name="3" value="c19_f4"/>
</imgdir>
</imgdir>
</imgdir>
<imgdir name="19">
<string name="command" value="c20"/>
<int name="inc" value="2"/>
<int name="prob" value="45"/>
<int name="l0" value="20"/>
<int name="l1" value="29"/>
<imgdir name="success">
<imgdir name="0">
<string name="act" value="chat"/>
<string name="0" value="c20_s1"/>
<string name="1" value="c20_s2"/>
<string name="2" value="c20_s3"/>
<string name="3" value="c20_s4"/>
</imgdir>
</imgdir>
<imgdir name="fail">
<imgdir name="0">
<string name="act" value="ignore"/>
<string name="0" value="c20_f1"/>
<string name="1" value="c20_f2"/>
<string name="2" value="c20_f3"/>
<string name="3" value="c20_f4"/>
</imgdir>
</imgdir>
</imgdir>
<imgdir name="20">
<string name="command" value="c21"/>
<int name="inc" value="3"/>
<int name="prob" value="60"/>
<int name="l0" value="30"/>
<int name="l1" value="30"/>
<imgdir name="success">
<imgdir name="0">
<string name="act" value="chat"/>
<string name="0" value="c21_s1"/>
<string name="1" value="c21_s2"/>
<string name="2" value="c21_s3"/>
<string name="3" value="c21_s4"/>
</imgdir>
</imgdir>
<imgdir name="fail">
<imgdir name="0">
<string name="act" value="ignore"/>
<string name="0" value="c21_f1"/>
<string name="1" value="c21_f2"/>
<string name="2" value="c21_f3"/>
<string name="3" value="c21_f4"/>
</imgdir>
</imgdir>
</imgdir>
<imgdir name="21">
<string name="command" value="c22"/>
<int name="inc" value="2"/>
<int name="prob" value="50"/>
<int name="l0" value="20"/>
<int name="l1" value="29"/>
<imgdir name="success">
<imgdir name="0">
<string name="act" value="play"/>
<string name="0" value="c22_s1"/>
<string name="1" value="c22_s2"/>
<string name="2" value="c22_s3"/>
<string name="3" value="c22_s4"/>
</imgdir>
</imgdir>
<imgdir name="fail">
<imgdir name="0">
<string name="act" value="no"/>
<string name="0" value="c22_f1"/>
<string name="1" value="c22_f2"/>
<string name="2" value="c22_f3"/>
<string name="3" value="c22_f4"/>
</imgdir>
</imgdir>
</imgdir>
<imgdir name="22">
<string name="command" value="c23"/>
<int name="inc" value="3"/>
<int name="prob" value="60"/>
<int name="l0" value="30"/>
<int name="l1" value="30"/>
<imgdir name="success">
<imgdir name="0">
<string name="act" value="chat"/>
<string name="0" value="c23_s1"/>
<string name="1" value="c23_s2"/>
<string name="2" value="c23_s3"/>
<string name="3" value="c23_s4"/>
</imgdir>
</imgdir>
<imgdir name="fail">
<imgdir name="0">
<string name="act" value="ignore"/>
<string name="0" value="c23_f1"/>
<string name="1" value="c23_f2"/>
<string name="2" value="c23_f3"/>
<string name="3" value="c23_f4"/>
</imgdir>
</imgdir>
</imgdir>
</imgdir>
<imgdir name="food">
<imgdir name="0">
<int name="l0" value="1"/>
<int name="l1" value="9"/>
<imgdir name="success">
<imgdir name="0">
<string name="act" value="eat"/>
<string name="0" value="f1_s"/>
</imgdir>
</imgdir>
<imgdir name="fail">
<imgdir name="0">
<string name="act" value="ignore"/>
<string name="0" value="f1_f"/>
</imgdir>
</imgdir>
</imgdir>
<imgdir name="1">
<int name="l0" value="10"/>
<int name="l1" value="19"/>
<imgdir name="success">
<imgdir name="0">
<string name="act" value="eat"/>
<string name="0" value="f2_s"/>
</imgdir>
</imgdir>
<imgdir name="fail">
<imgdir name="0">
<string name="act" value="ignore"/>
<string name="0" value="f2_f"/>
</imgdir>
</imgdir>
</imgdir>
<imgdir name="2">
<int name="l0" value="20"/>
<int name="l1" value="29"/>
<imgdir name="success">
<imgdir name="0">
<string name="act" value="eat"/>
<string name="0" value="f3_s"/>
</imgdir>
</imgdir>
<imgdir name="fail">
<imgdir name="0">
<string name="act" value="angry"/>
<string name="0" value="f3_f"/>
</imgdir>
</imgdir>
</imgdir>
<imgdir name="3">
<int name="l0" value="30"/>
<int name="l1" value="30"/>
<imgdir name="success">
<imgdir name="0">
<string name="act" value="eat"/>
<string name="0" value="f4_s"/>
</imgdir>
</imgdir>
<imgdir name="fail">
<imgdir name="0">
<string name="act" value="angry"/>
<string name="0" value="f4_f"/>
</imgdir>
</imgdir>
</imgdir>
</imgdir>
<imgdir name="slang">
<imgdir name="0">
<int name="l0" value="1"/>
<int name="l1" value="9"/>
<string name="act" value="ignore"/>
<string name="0" value="s1"/>
</imgdir>
<imgdir name="1">
<int name="l0" value="10"/>
<int name="l1" value="19"/>
<string name="act" value="ignore"/>
<string name="0" value="s2"/>
</imgdir>
<imgdir name="2">
<int name="l0" value="20"/>
<int name="l1" value="29"/>
<string name="act" value="angry"/>
<string name="0" value="s3"/>
</imgdir>
<imgdir name="3">
<int name="l0" value="30"/>
<int name="l1" value="30"/>
<string name="act" value="angry"/>
<string name="0" value="s4"/>
</imgdir>
</imgdir>
<imgdir name="stand0">
<canvas name="0" width="38" height="46">
<vector name="origin" x="15" y="53"/>
<int name="z" value="0"/>
<vector name="lt" x="-17" y="-52"/>
<vector name="rb" x="22" y="0"/>
<string name="_hash" value="92af5ae8d7d83b39869cce4f5b2bf6b1104e8687cde8d546cb603b38ea4f7993"/>
</canvas>
<canvas name="1" width="1" height="1">
<vector name="origin" x="15" y="52"/>
<int name="z" value="0"/>
<vector name="lt" x="-17" y="-52"/>
<vector name="rb" x="22" y="0"/>
<string name="_inlink" value="stand0/0"/>
</canvas>
<canvas name="2" width="38" height="45">
<vector name="origin" x="15" y="50"/>
<int name="z" value="0"/>
<vector name="lt" x="-17" y="-52"/>
<vector name="rb" x="22" y="0"/>
<string name="_hash" value="20fea8ab9b2db104539115682bf90ba516e3cd13485187a45244b223f5354f60"/>
</canvas>
<canvas name="3" width="1" height="1">
<vector name="origin" x="15" y="52"/>
<int name="z" value="0"/>
<vector name="lt" x="-17" y="-52"/>
<vector name="rb" x="22" y="0"/>
<string name="_inlink" value="stand0/0"/>
</canvas>
</imgdir>
<imgdir name="stand1">
<canvas name="0" width="1" height="1">
<vector name="origin" x="15" y="53"/>
<int name="z" value="0"/>
<vector name="lt" x="-17" y="-52"/>
<vector name="rb" x="22" y="0"/>
<string name="_inlink" value="stand0/0"/>
</canvas>
<canvas name="1" width="1" height="1">
<vector name="origin" x="15" y="52"/>
<int name="z" value="0"/>
<vector name="lt" x="-17" y="-52"/>
<vector name="rb" x="22" y="0"/>
<string name="_inlink" value="stand0/0"/>
</canvas>
<canvas name="2" width="38" height="45">
<vector name="origin" x="15" y="50"/>
<int name="z" value="0"/>
<vector name="lt" x="-17" y="-52"/>
<vector name="rb" x="22" y="0"/>
<string name="_hash" value="3c868120fba7dd7d212096228ae7cf633bc1639de371c0f689d3cf79674e7641"/>
</canvas>
<canvas name="3" width="38" height="46">
<vector name="origin" x="15" y="52"/>
<int name="z" value="0"/>
<vector name="lt" x="-17" y="-52"/>
<vector name="rb" x="22" y="0"/>
<string name="_hash" value="56e689e2412abd4d03e470f2fe60e7038988839d740bf0310e95514b215b9d8a"/>
</canvas>
</imgdir>
<imgdir name="rest0">
<canvas name="0" width="38" height="46">
<vector name="origin" x="15" y="53"/>
<int name="z" value="0"/>
<vector name="lt" x="-17" y="-52"/>
<vector name="rb" x="22" y="0"/>
<string name="_hash" value="eeaf1c83ea2fc43b382b23390944f5e95b36ffddf8cbf6035cb4e2c1bdfcf8f4"/>
</canvas>
<canvas name="1" width="1" height="1">
<vector name="origin" x="15" y="52"/>
<int name="z" value="0"/>
<vector name="lt" x="-17" y="-52"/>
<vector name="rb" x="22" y="0"/>
<string name="_inlink" value="rest0/0"/>
</canvas>
<canvas name="2" width="1" height="1">
<vector name="origin" x="15" y="50"/>
<int name="z" value="0"/>
<vector name="lt" x="-17" y="-52"/>
<vector name="rb" x="22" y="0"/>
<string name="_inlink" value="stand1/2"/>
</canvas>
<canvas name="3" width="1" height="1">
<vector name="origin" x="15" y="52"/>
<int name="z" value="0"/>
<vector name="lt" x="-17" y="-52"/>
<vector name="rb" x="22" y="0"/>
<string name="_inlink" value="rest0/0"/>
</canvas>
</imgdir>
<imgdir name="move">
<canvas name="0" width="38" height="46">
<vector name="origin" x="15" y="53"/>
<int name="z" value="0"/>
<vector name="lt" x="-17" y="-52"/>
<vector name="rb" x="22" y="0"/>
<string name="_hash" value="bc814c794e6793f6bf6f48b36f668a0b334bea5cd33e6a720ba588473e1d7894"/>
</canvas>
<canvas name="1" width="1" height="1">
<vector name="origin" x="15" y="52"/>
<int name="z" value="0"/>
<vector name="lt" x="-17" y="-52"/>
<vector name="rb" x="22" y="0"/>
<string name="_inlink" value="move/0"/>
</canvas>
<canvas name="2" width="38" height="45">
<vector name="origin" x="15" y="50"/>
<int name="z" value="0"/>
<vector name="lt" x="-17" y="-52"/>
<vector name="rb" x="22" y="0"/>
<string name="_hash" value="c0858bec49fbb475bbe92029529c57427daff0aab018275b0babfd4ac3444261"/>
</canvas>
<canvas name="3" width="38" height="45">
<vector name="origin" x="15" y="51"/>
<int name="z" value="0"/>
<vector name="lt" x="-17" y="-52"/>
<vector name="rb" x="22" y="0"/>
<string name="_hash" value="264a010e5c73b57d9a737b692ae3ce082f70e2d5449781d71b289310b0f66a90"/>
</canvas>
</imgdir>
<imgdir name="jump">
<canvas name="0" width="38" height="49">
<vector name="origin" x="15" y="58"/>
<int name="z" value="0"/>
<vector name="lt" x="-17" y="-52"/>
<vector name="rb" x="22" y="0"/>
<string name="_hash" value="1975a869d908f42907816d843c854f40e14cb34341b5af734540c4b39b93921d"/>
</canvas>
</imgdir>
<imgdir name="hang">
<canvas name="0" width="35" height="46">
<vector name="origin" x="14" y="53"/>
<int name="z" value="0"/>
<vector name="lt" x="-17" y="-52"/>
<vector name="rb" x="22" y="0"/>
<string name="_hash" value="2f2b8e217dc3bfdf2b750915b8183e5ad0aa24d24d3bcc56d20531a04326339b"/>
</canvas>
</imgdir>
<imgdir name="hungry">
<canvas name="0" width="38" height="58">
<vector name="origin" x="15" y="65"/>
<int name="z" value="0"/>
<vector name="lt" x="-17" y="-52"/>
<vector name="rb" x="22" y="0"/>
<string name="_hash" value="0aacdfaa7c2fb559c57815f1ae0e51a22b636519d38cc85631a5ce2496c4f082"/>
</canvas>
<canvas name="1" width="1" height="1">
<vector name="origin" x="15" y="64"/>
<int name="z" value="0"/>
<vector name="lt" x="-17" y="-52"/>
<vector name="rb" x="22" y="0"/>
<string name="_inlink" value="hungry/0"/>
</canvas>
<canvas name="2" width="38" height="60">
<vector name="origin" x="15" y="65"/>
<int name="z" value="0"/>
<vector name="lt" x="-17" y="-52"/>
<vector name="rb" x="22" y="0"/>
<string name="_hash" value="c97fd1ca7b6cf611de66e96befa033e8cc195ef2b59a61613326147aea825d32"/>
</canvas>
<canvas name="3" width="38" height="60">
<vector name="origin" x="15" y="66"/>
<int name="z" value="0"/>
<vector name="lt" x="-17" y="-52"/>
<vector name="rb" x="22" y="0"/>
<string name="_hash" value="a3f15271c5075f8a6457e7080714fb743fcde2edd3d53672e5ea0a5f6e2ea943"/>
</canvas>
</imgdir>
<imgdir name="angry">
<canvas name="0" width="1" height="1">
<vector name="origin" x="15" y="53"/>
<int name="z" value="0"/>
<vector name="lt" x="-17" y="-52"/>
<vector name="rb" x="22" y="0"/>
<string name="_inlink" value="stand0/0"/>
</canvas>
<canvas name="1" width="39" height="52">
<vector name="origin" x="16" y="60"/>
<int name="z" value="0"/>
<vector name="lt" x="-17" y="-52"/>
<vector name="rb" x="22" y="0"/>
<string name="_hash" value="d9607794fe3ae12d3770c82ac5544596cd6ecd6f0e6328934ef4a64fe12c4775"/>
</canvas>
<canvas name="2" width="41" height="54">
<vector name="origin" x="18" y="64"/>
<int name="z" value="0"/>
<vector name="lt" x="-17" y="-52"/>
<vector name="rb" x="22" y="0"/>
<string name="_hash" value="c100fde6520d01553c804135158982ff3eafc5316821841ba239819ef3799af5"/>
</canvas>
<canvas name="3" width="42" height="54">
<vector name="origin" x="19" y="62"/>
<int name="z" value="0"/>
<vector name="lt" x="-17" y="-52"/>
<vector name="rb" x="22" y="0"/>
<string name="_hash" value="32f116688602f614d9ff33b8d45f0a65bec0295e77cec6008399a5da58980f9e"/>
</canvas>
<canvas name="4" width="38" height="54">
<vector name="origin" x="15" y="61"/>
<int name="z" value="0"/>
<vector name="lt" x="-17" y="-52"/>
<vector name="rb" x="22" y="0"/>
<string name="_hash" value="0ca344924ec3a42dec80115214df4833278bf3734fc70badc6ad0624609f56b8"/>
</canvas>
</imgdir>
<imgdir name="chat">
<canvas name="0" width="38" height="54">
<vector name="origin" x="15" y="62"/>
<int name="z" value="0"/>
<vector name="lt" x="-17" y="-52"/>
<vector name="rb" x="22" y="0"/>
<string name="_hash" value="388af61e84b8ec48e30ed82303cfc6e11b566f4f84d2918395b931fc882be74e"/>
</canvas>
<canvas name="1" width="38" height="57">
<vector name="origin" x="15" y="64"/>
<int name="z" value="0"/>
<vector name="lt" x="-17" y="-52"/>
<vector name="rb" x="22" y="0"/>
<string name="_hash" value="155c4b3857063818120283067e206c4134ce3d88130ba24b5c56f532d5032c0f"/>
</canvas>
<canvas name="2" width="1" height="1">
<vector name="origin" x="15" y="62"/>
<int name="z" value="0"/>
<vector name="lt" x="-17" y="-52"/>
<vector name="rb" x="22" y="0"/>
<string name="_inlink" value="chat/0"/>
</canvas>
<canvas name="3" width="1" height="1">
<vector name="origin" x="15" y="64"/>
<int name="z" value="0"/>
<vector name="lt" x="-17" y="-52"/>
<vector name="rb" x="22" y="0"/>
<string name="_inlink" value="chat/1"/>
</canvas>
</imgdir>
<imgdir name="love">
<canvas name="0" width="38" height="46">
<vector name="origin" x="15" y="53"/>
<int name="z" value="0"/>
<vector name="lt" x="-17" y="-52"/>
<vector name="rb" x="22" y="0"/>
<string name="_hash" value="a80a351fb602944ba87aa3d2cc00f6a02d90d4c19658e9938dc6aae5346165d7"/>
</canvas>
<canvas name="1" width="40" height="49">
<vector name="origin" x="17" y="57"/>
<int name="z" value="0"/>
<vector name="lt" x="-17" y="-52"/>
<vector name="rb" x="22" y="0"/>
<string name="_hash" value="4b6970b060f341b6867b0935a9f747af4c14bf25b1c0250bb77dc19c6540e3e4"/>
</canvas>
<canvas name="2" width="42" height="51">
<vector name="origin" x="18" y="58"/>
<int name="z" value="0"/>
<vector name="lt" x="-17" y="-52"/>
<vector name="rb" x="22" y="0"/>
<string name="_hash" value="26c26a13360aa9acbc23008c29c93b5fe591c0451ef524d8bc68b53bdbe1639a"/>
</canvas>
<canvas name="3" width="45" height="54">
<vector name="origin" x="19" y="62"/>
<int name="z" value="0"/>
<vector name="lt" x="-17" y="-52"/>
<vector name="rb" x="22" y="0"/>
<string name="_hash" value="099551b5220200b02018ab7cb0f0e9672732d57d3843908167b2d00ee549d890"/>
</canvas>
<canvas name="4" width="45" height="46">
<vector name="origin" x="18" y="53"/>
<int name="z" value="0"/>
<vector name="lt" x="-17" y="-52"/>
<vector name="rb" x="22" y="0"/>
<string name="_hash" value="cf144f4b4eb4dec9d195e512588252a0d260fd51f9e602f3ffc5d362b5b0306f"/>
</canvas>
<canvas name="5" width="38" height="49">
<vector name="origin" x="15" y="57"/>
<int name="z" value="0"/>
<vector name="lt" x="-17" y="-52"/>
<vector name="rb" x="22" y="0"/>
<string name="_hash" value="2d4d948356558c255e7f7980de38fa8ceeec337341b06c86f75ea76741463429"/>
</canvas>
</imgdir>
<imgdir name="eat">
<canvas name="0" width="38" height="46">
<vector name="origin" x="15" y="53"/>
<int name="z" value="0"/>
<vector name="lt" x="-17" y="-52"/>
<vector name="rb" x="22" y="0"/>
<string name="_hash" value="5bd3ad43be7b977d3b4bcdd3d61bfdd465ba3ed69e83cb419de6039d237e80a0"/>
</canvas>
<canvas name="1" width="42" height="45">
<vector name="origin" x="20" y="51"/>
<int name="z" value="0"/>
<vector name="lt" x="-17" y="-52"/>
<vector name="rb" x="22" y="0"/>
<string name="_hash" value="3b34eb55e9e74cb49b582286497fb936287918bd4bdbc45ad6c7899d5387096f"/>
</canvas>
<canvas name="2" width="46" height="46">
<vector name="origin" x="23" y="53"/>
<int name="z" value="0"/>
<vector name="lt" x="-17" y="-52"/>
<vector name="rb" x="22" y="0"/>
<string name="_hash" value="0ae8a016dc49726af7b0a4e7afc3cd8c0e8cf265bfcbd8549aaf445cc579fe30"/>
</canvas>
<canvas name="3" width="46" height="45">
<vector name="origin" x="24" y="51"/>
<int name="z" value="0"/>
<vector name="lt" x="-17" y="-52"/>
<vector name="rb" x="22" y="0"/>
<string name="_hash" value="f49e1e15dc6fccd84b2c3451c6aefe72b8c111ff131e0f70c0db628ff58861c5"/>
</canvas>
<canvas name="4" width="38" height="45">
<vector name="origin" x="16" y="50"/>
<int name="z" value="0"/>
<vector name="lt" x="-17" y="-52"/>
<vector name="rb" x="22" y="0"/>
<string name="_hash" value="a1a1a9f7e13a8f73047c57b76581e3d9e2475ff571f1debbfa1406dc963ad986"/>
</canvas>
</imgdir>
<imgdir name="dung">
<canvas name="0" width="38" height="48">
<vector name="origin" x="15" y="48"/>
<int name="z" value="0"/>
<vector name="lt" x="-17" y="-52"/>
<vector name="rb" x="22" y="0"/>
<string name="_hash" value="6482d870f047d99a784868ee5f77deffed8b90697112f85e48c1bb2fac8b60f3"/>
</canvas>
<canvas name="1" width="38" height="51">
<vector name="origin" x="15" y="51"/>
<int name="z" value="0"/>
<vector name="lt" x="-17" y="-52"/>
<vector name="rb" x="22" y="0"/>
<string name="_hash" value="cea407585e937a60a2ea191c8e1ba00cc87b0d6c3e6254c82fbbd8bf01bfea1f"/>
</canvas>
<canvas name="2" width="38" height="59">
<vector name="origin" x="15" y="59"/>
<int name="z" value="0"/>
<vector name="lt" x="-17" y="-52"/>
<vector name="rb" x="22" y="0"/>
<string name="_hash" value="797e0f83e09cc7e0ef00cb3385337ff40808f3d9ec1d91138651d08ca3a856d4"/>
</canvas>
<canvas name="3" width="41" height="66">
<vector name="origin" x="15" y="66"/>
<int name="z" value="0"/>
<vector name="lt" x="-17" y="-52"/>
<vector name="rb" x="22" y="0"/>
<string name="_hash" value="c49541a6050833b1db6919ac376dea1949237824793f6b112b2cdbe6d9ceb803"/>
</canvas>
<canvas name="4" width="43" height="68">
<vector name="origin" x="15" y="68"/>
<int name="z" value="0"/>
<vector name="lt" x="-17" y="-52"/>
<vector name="rb" x="22" y="0"/>
<string name="_hash" value="c10b5b4a6949ef5aaeca384bdd16a43324a43db0c82fe0d21dce1ee5e5e8ba4b"/>
</canvas>
</imgdir>
<imgdir name="sleep">
<canvas name="0" width="44" height="49">
<vector name="origin" x="21" y="53"/>
<int name="z" value="0"/>
<vector name="lt" x="-17" y="-52"/>
<vector name="rb" x="22" y="0"/>
<string name="_hash" value="7d6599d0a332c7ed9d2eb0f43dd56b35b08216e782c255423310dcd2e907ddd7"/>
</canvas>
<canvas name="1" width="45" height="49">
<vector name="origin" x="22" y="52"/>
<int name="z" value="0"/>
<vector name="lt" x="-17" y="-52"/>
<vector name="rb" x="22" y="0"/>
<string name="_hash" value="11abf983e1cecce5631f3fe1ca667a1b5fdf6df0e65567a43cb681c6655bc21a"/>
</canvas>
<canvas name="2" width="47" height="49">
<vector name="origin" x="24" y="51"/>
<int name="z" value="0"/>
<vector name="lt" x="-17" y="-52"/>
<vector name="rb" x="22" y="0"/>
<string name="_hash" value="4eb515102691da646df0f2c4dccc369afc5328ffa3f03ee0d13ee8551c4d9182"/>
</canvas>
<canvas name="3" width="47" height="49">
<vector name="origin" x="24" y="52"/>
<int name="z" value="0"/>
<vector name="lt" x="-17" y="-52"/>
<vector name="rb" x="22" y="0"/>
<string name="_hash" value="b8acce9f91996027992eab999ce60d56cee19e6b40249dbfaabca04224f757fe"/>
</canvas>
</imgdir>
<imgdir name="cry">
<canvas name="0" width="38" height="46">
<vector name="origin" x="15" y="53"/>
<int name="z" value="0"/>
<vector name="lt" x="-17" y="-52"/>
<vector name="rb" x="22" y="0"/>
<string name="_hash" value="6d8e62c4dfd2ec6797a46a29ea014646c529da355c68ad2fec4b0e36f8a549bd"/>
</canvas>
<canvas name="1" width="38" height="46">
<vector name="origin" x="15" y="53"/>
<int name="z" value="0"/>
<vector name="lt" x="-17" y="-52"/>
<vector name="rb" x="22" y="0"/>
<string name="_hash" value="df0a210f7f115a6eb60b869d64dd73ea6ea7dc3e7a785f3904adf778639ae5cf"/>
</canvas>
<canvas name="2" width="1" height="1">
<vector name="origin" x="15" y="53"/>
<int name="z" value="0"/>
<vector name="lt" x="-17" y="-52"/>
<vector name="rb" x="22" y="0"/>
<string name="_inlink" value="cry/0"/>
</canvas>
<canvas name="3" width="41" height="45">
<vector name="origin" x="18" y="51"/>
<int name="z" value="0"/>
<vector name="lt" x="-17" y="-52"/>
<vector name="rb" x="22" y="0"/>
<string name="_hash" value="e4319ee48c59516270baf75856f74316800af4fbfb331a2b0ef514f7b3a7bb81"/>
</canvas>
<canvas name="4" width="46" height="45">
<vector name="origin" x="21" y="50"/>
<int name="z" value="0"/>
<vector name="lt" x="-17" y="-52"/>
<vector name="rb" x="22" y="0"/>
<string name="_hash" value="ed743ba796d5f05700be2782128e14b94426068486e848e6891e84e867844a71"/>
</canvas>
<canvas name="5" width="46" height="45">
<vector name="origin" x="21" y="51"/>
<int name="z" value="0"/>
<vector name="lt" x="-17" y="-52"/>
<vector name="rb" x="22" y="0"/>
<string name="_hash" value="cb82713344608dcb0b950de11758290e3af35adc2d88888ccf723652cf27eb47"/>
</canvas>
</imgdir>
<imgdir name="sit">
<uol name="0" value="../rest0/0"/>
<uol name="1" value="../rest0/1"/>
<uol name="2" value="../rest0/2"/>
<uol name="3" value="../rest0/3"/>
</imgdir>
<imgdir name="fly">
<uol name="0" value="../jump/0"/>
</imgdir>
<imgdir name="ignore">
<canvas name="0" width="1" height="1">
<vector name="origin" x="15" y="53"/>
<int name="z" value="0"/>
<vector name="lt" x="-17" y="-52"/>
<vector name="rb" x="22" y="0"/>
<string name="_inlink" value="stand0/0"/>
</canvas>
<canvas name="1" width="1" height="1">
<vector name="origin" x="15" y="52"/>
<int name="z" value="0"/>
<vector name="lt" x="-17" y="-52"/>
<vector name="rb" x="22" y="0"/>
<string name="_inlink" value="stand0/0"/>
</canvas>
<canvas name="2" width="38" height="47">
<vector name="origin" x="15" y="52"/>
<int name="z" value="0"/>
<vector name="lt" x="-17" y="-52"/>
<vector name="rb" x="22" y="0"/>
<string name="_hash" value="32b7d2efb1ca7bd293801dd6eacfd0bf3769cfc50560fc3e37a0a51d6d425238"/>
</canvas>
<canvas name="3" width="38" height="45">
<vector name="origin" x="15" y="51"/>
<int name="z" value="0"/>
<vector name="lt" x="-17" y="-52"/>
<vector name="rb" x="22" y="0"/>
<string name="_hash" value="572fbd451f9cd5ed52da4ad7da30ff4f50a88554cd3b2a36f8d228be59cb6907"/>
</canvas>
<canvas name="4" width="1" height="1">
<vector name="origin" x="15" y="54"/>
<int name="z" value="0"/>
<vector name="lt" x="-17" y="-52"/>
<vector name="rb" x="22" y="0"/>
<string name="_inlink" value="ignore/2"/>
</canvas>
<canvas name="5" width="1" height="1">
<vector name="origin" x="15" y="51"/>
<int name="z" value="0"/>
<vector name="lt" x="-17" y="-52"/>
<vector name="rb" x="22" y="0"/>
<string name="_inlink" value="ignore/3"/>
</canvas>
<canvas name="6" width="1" height="1">
<vector name="origin" x="15" y="51"/>
<int name="z" value="0"/>
<vector name="lt" x="-17" y="-52"/>
<vector name="rb" x="22" y="0"/>
<string name="_inlink" value="stand0/0"/>
</canvas>
<canvas name="7" width="1" height="1">
<vector name="origin" x="15" y="52"/>
<int name="z" value="0"/>
<vector name="lt" x="-17" y="-52"/>
<vector name="rb" x="22" y="0"/>
<string name="_inlink" value="stand0/0"/>
</canvas>
</imgdir>
<imgdir name="no">
<uol name="0" value="../ignore/0"/>
<uol name="1" value="../ignore/1"/>
<uol name="2" value="../ignore/2"/>
<uol name="3" value="../ignore/3"/>
<uol name="4" value="../ignore/4"/>
<uol name="5" value="../ignore/5"/>
<uol name="6" value="../ignore/6"/>
<uol name="7" value="../ignore/7"/>
</imgdir>
</imgdir>
