<?xml version="1.0" encoding="UTF-8" standalone="yes"?>
<imgdir name="5000470.img">
<imgdir name="info">
<canvas name="icon" width="30" height="22">
<vector name="origin" x="-1" y="22"/>
<string name="_hash" value="f2d82d75ac6743716f25b5d77267a1ad169a0b3e133c92d06135cb567d9377a3"/>
</canvas>
<canvas name="iconRaw" width="30" height="20">
<vector name="origin" x="-1" y="22"/>
<string name="_hash" value="2cec9d3a4b013ee9b6560eca60c42b758a1d9d0e7bcee472ea62ad1a60be27cf"/>
</canvas>
<canvas name="iconD" width="29" height="23">
<vector name="origin" x="-2" y="23"/>
<string name="_hash" value="f0ae6b84f6d670bcb7794982998cd38eb4da7d1866a29bf6b7fdfdb7f99b23bf"/>
</canvas>
<canvas name="iconRawD" width="29" height="21">
<vector name="origin" x="-2" y="23"/>
<string name="_hash" value="aa3da2b71456d6edb4d8649b4662339e57e310b9d7ad740e6744a2af616e8bff"/>
</canvas>
<int name="nameTag" value="220"/>
<int name="chatBalloon" value="220"/>
<int name="life" value="90"/>
<int name="hungry" value="2"/>
<int name="cash" value="1"/>
<int name="multiPet" value="1"/>
<int name="pickupItem" value="1"/>
<int name="autoBuff" value="1"/>
<int name="setItemID" value="561"/>
</imgdir>
<imgdir name="interact">
<imgdir name="0">
<string name="command" value="c1"/>
<int name="inc" value="1"/>
<int name="prob" value="30"/>
<int name="l0" value="1"/>
<int name="l1" value="9"/>
<imgdir name="success">
<imgdir name="0">
<string name="act" value="rest0"/>
<string name="0" value="c1_s1"/>
<string name="1" value="c1_s2"/>
</imgdir>
</imgdir>
<imgdir name="fail">
<imgdir name="0">
<string name="act" value="stand0"/>
<string name="0" value="c1_f1"/>
<string name="1" value="c1_f2"/>
</imgdir>
</imgdir>
</imgdir>
<imgdir name="1">
<string name="command" value="c2"/>
<int name="inc" value="2"/>
<int name="prob" value="45"/>
<int name="l0" value="10"/>
<int name="l1" value="19"/>
<imgdir name="success">
<imgdir name="0">
<string name="act" value="rest0"/>
<string name="0" value="c2_s1"/>
<string name="1" value="c2_s2"/>
<string name="2" value="c2_s3"/>
<string name="3" value="c2_s4"/>
</imgdir>
</imgdir>
<imgdir name="fail">
<imgdir name="0">
<string name="act" value="stand0"/>
<string name="0" value="c2_f1"/>
<string name="1" value="c2_f2"/>
<string name="2" value="c2_f3"/>
<string name="3" value="c2_f4"/>
</imgdir>
</imgdir>
</imgdir>
<imgdir name="2">
<string name="command" value="c3"/>
<int name="inc" value="3"/>
<int name="prob" value="60"/>
<int name="l0" value="20"/>
<int name="l1" value="29"/>
<imgdir name="success">
<imgdir name="0">
<string name="act" value="rest0"/>
<string name="0" value="c3_s1"/>
<string name="1" value="c3_s2"/>
<string name="2" value="c3_s3"/>
<string name="3" value="c3_s4"/>
</imgdir>
</imgdir>
<imgdir name="fail">
<imgdir name="0">
<string name="act" value="stand0"/>
<string name="0" value="c3_f1"/>
<string name="1" value="c3_f2"/>
<string name="2" value="c3_f3"/>
<string name="3" value="c3_f4"/>
</imgdir>
</imgdir>
</imgdir>
<imgdir name="3">
<string name="command" value="c4"/>
<int name="inc" value="2"/>
<int name="prob" value="70"/>
<int name="l0" value="30"/>
<int name="l1" value="30"/>
<imgdir name="success">
<imgdir name="0">
<string name="act" value="rest0"/>
<string name="0" value="c4_s1"/>
<string name="1" value="c4_s2"/>
<string name="2" value="c4_s3"/>
<string name="3" value="c4_s4"/>
</imgdir>
</imgdir>
<imgdir name="fail">
<imgdir name="0">
<string name="act" value="stand0"/>
<string name="0" value="c4_f1"/>
<string name="1" value="c4_f2"/>
<string name="2" value="c4_f3"/>
<string name="3" value="c4_f4"/>
</imgdir>
</imgdir>
</imgdir>
<imgdir name="4">
<string name="command" value="c5"/>
<int name="inc" value="1"/>
<int name="prob" value="30"/>
<int name="l0" value="1"/>
<int name="l1" value="9"/>
<imgdir name="success">
<imgdir name="0">
<string name="act" value="cry"/>
<string name="0" value="c5_s1"/>
<string name="1" value="c5_s2"/>
</imgdir>
</imgdir>
<imgdir name="fail">
<imgdir name="0">
<string name="act" value="angry"/>
<string name="0" value="c5_f1"/>
<string name="1" value="c5_f2"/>
</imgdir>
</imgdir>
</imgdir>
<imgdir name="5">
<string name="command" value="c6"/>
<int name="inc" value="2"/>
<int name="prob" value="50"/>
<int name="l0" value="10"/>
<int name="l1" value="19"/>
<imgdir name="success">
<imgdir name="0">
<string name="act" value="cry"/>
<string name="0" value="c6_s1"/>
<string name="1" value="c6_s2"/>
<string name="2" value="c6_s3"/>
<string name="3" value="c6_s4"/>
</imgdir>
</imgdir>
<imgdir name="fail">
<imgdir name="0">
<string name="act" value="angry"/>
<string name="0" value="c6_f1"/>
<string name="1" value="c6_f2"/>
<string name="2" value="c6_f3"/>
<string name="3" value="c6_f4"/>
</imgdir>
</imgdir>
</imgdir>
<imgdir name="6">
<string name="command" value="c7"/>
<int name="inc" value="2"/>
<int name="prob" value="60"/>
<int name="l0" value="20"/>
<int name="l1" value="29"/>
<imgdir name="success">
<imgdir name="0">
<string name="act" value="cry"/>
<string name="0" value="c7_s1"/>
<string name="1" value="c7_s2"/>
<string name="2" value="c7_s3"/>
<string name="3" value="c7_s4"/>
</imgdir>
</imgdir>
<imgdir name="fail">
<imgdir name="0">
<string name="act" value="angry"/>
<string name="0" value="c7_f1"/>
<string name="1" value="c7_f2"/>
<string name="2" value="c7_f3"/>
<string name="3" value="c7_f4"/>
</imgdir>
</imgdir>
</imgdir>
<imgdir name="7">
<string name="command" value="c8"/>
<int name="inc" value="3"/>
<int name="prob" value="70"/>
<int name="l0" value="30"/>
<int name="l1" value="30"/>
<imgdir name="success">
<imgdir name="0">
<string name="act" value="cry"/>
<string name="0" value="c8_s1"/>
<string name="1" value="c8_s2"/>
<string name="2" value="c8_s3"/>
<string name="3" value="c8_s4"/>
</imgdir>
</imgdir>
<imgdir name="fail">
<imgdir name="0">
<string name="act" value="angry"/>
<string name="0" value="c8_f1"/>
<string name="1" value="c8_f2"/>
<string name="2" value="c8_f3"/>
<string name="3" value="c8_f4"/>
</imgdir>
</imgdir>
</imgdir>
<imgdir name="8">
<string name="command" value="c9"/>
<int name="inc" value="1"/>
<int name="prob" value="30"/>
<int name="l0" value="1"/>
<int name="l1" value="9"/>
<imgdir name="success">
<imgdir name="0">
<string name="act" value="love"/>
<string name="0" value="c9_s1"/>
<string name="1" value="c9_s2"/>
</imgdir>
</imgdir>
<imgdir name="fail">
<imgdir name="0">
<string name="act" value="no"/>
<string name="0" value="c9_f1"/>
<string name="1" value="c9_f2"/>
</imgdir>
</imgdir>
</imgdir>
<imgdir name="9">
<string name="command" value="c10"/>
<int name="inc" value="2"/>
<int name="prob" value="50"/>
<int name="l0" value="10"/>
<int name="l1" value="19"/>
<imgdir name="success">
<imgdir name="0">
<string name="act" value="love"/>
<string name="0" value="c10_s1"/>
<string name="1" value="c10_s2"/>
<string name="2" value="c10_s3"/>
<string name="3" value="c10_s4"/>
</imgdir>
</imgdir>
<imgdir name="fail">
<imgdir name="0">
<string name="act" value="no"/>
<string name="0" value="c10_f1"/>
<string name="1" value="c10_f2"/>
<string name="2" value="c10_f3"/>
<string name="3" value="c10_f4"/>
</imgdir>
</imgdir>
</imgdir>
<imgdir name="10">
<string name="command" value="c11"/>
<int name="inc" value="2"/>
<int name="prob" value="60"/>
<int name="l0" value="20"/>
<int name="l1" value="29"/>
<imgdir name="success">
<imgdir name="0">
<string name="act" value="love"/>
<string name="0" value="c11_s1"/>
<string name="1" value="c11_s2"/>
<string name="2" value="c11_s3"/>
<string name="3" value="c11_s4"/>
</imgdir>
</imgdir>
<imgdir name="fail">
<imgdir name="0">
<string name="act" value="no"/>
<string name="0" value="c11_f1"/>
<string name="1" value="c11_f2"/>
<string name="2" value="c11_f3"/>
<string name="4" value="c11_f4"/>
</imgdir>
</imgdir>
</imgdir>
<imgdir name="11">
<string name="command" value="c12"/>
<int name="inc" value="3"/>
<int name="prob" value="70"/>
<int name="l0" value="30"/>
<int name="l1" value="30"/>
<imgdir name="success">
<imgdir name="0">
<string name="act" value="love"/>
<string name="0" value="c12_s1"/>
<string name="1" value="c12_s2"/>
<string name="2" value="c12_s3"/>
<string name="3" value="c12_s4"/>
</imgdir>
</imgdir>
<imgdir name="fail">
<imgdir name="0">
<string name="act" value="no"/>
<string name="0" value="c12_f1"/>
<string name="1" value="c12_f2"/>
<string name="2" value="c12_f3"/>
<string name="3" value="c12_f4"/>
</imgdir>
</imgdir>
</imgdir>
<imgdir name="12">
<string name="command" value="c13"/>
<int name="inc" value="1"/>
<int name="prob" value="30"/>
<int name="l0" value="10"/>
<int name="l1" value="19"/>
<imgdir name="success">
<imgdir name="0">
<string name="act" value="dung"/>
<string name="0" value="c13_s1"/>
<string name="1" value="c13_s2"/>
<string name="2" value="c13_s3"/>
<string name="3" value="c13_s4"/>
</imgdir>
</imgdir>
<imgdir name="fail">
<imgdir name="0">
<string name="act" value="ignore"/>
<string name="0" value="c13_f1"/>
<string name="1" value="c13_f2"/>
<string name="2" value="c13_f3"/>
<string name="3" value="c13_f4"/>
</imgdir>
</imgdir>
</imgdir>
<imgdir name="13">
<string name="command" value="c14"/>
<int name="inc" value="2"/>
<int name="prob" value="50"/>
<int name="l0" value="20"/>
<int name="l1" value="29"/>
<imgdir name="success">
<imgdir name="0">
<string name="act" value="dung"/>
<string name="0" value="c14_s1"/>
<string name="1" value="c14_s2"/>
<string name="2" value="c14_s3"/>
<string name="3" value="c14_s4"/>
</imgdir>
</imgdir>
<imgdir name="fail">
<imgdir name="0">
<string name="act" value="ignore"/>
<string name="0" value="c14_f1"/>
<string name="1" value="c14_f2"/>
<string name="2" value="c14_f3"/>
<string name="3" value="c14_f4"/>
</imgdir>
</imgdir>
</imgdir>
<imgdir name="14">
<string name="command" value="c15"/>
<int name="inc" value="3"/>
<int name="prob" value="70"/>
<int name="l0" value="30"/>
<int name="l1" value="30"/>
<imgdir name="success">
<imgdir name="0">
<string name="act" value="dung"/>
<string name="0" value="c15_s1"/>
<string name="1" value="c15_s2"/>
<string name="2" value="c15_s3"/>
<string name="3" value="c15_s4"/>
</imgdir>
</imgdir>
<imgdir name="fail">
<imgdir name="0">
<string name="act" value="angry"/>
<string name="0" value="c15_f1"/>
<string name="1" value="c15_f2"/>
<string name="2" value="c15_f3"/>
<string name="3" value="c15_f4"/>
</imgdir>
</imgdir>
</imgdir>
<imgdir name="15">
<string name="command" value="c16"/>
<int name="inc" value="1"/>
<int name="prob" value="30"/>
<int name="l0" value="10"/>
<int name="l1" value="19"/>
<imgdir name="success">
<imgdir name="0">
<string name="act" value="sleep"/>
<string name="0" value="c16_s1"/>
<string name="1" value="c16_s2"/>
<string name="2" value="c16_s3"/>
<string name="3" value="c16_s4"/>
</imgdir>
</imgdir>
<imgdir name="fail">
<imgdir name="0">
<string name="act" value="ignore"/>
<string name="0" value="c16_f1"/>
<string name="1" value="c16_f2"/>
<string name="2" value="c16_f3"/>
<string name="3" value="c16_f4"/>
</imgdir>
</imgdir>
</imgdir>
<imgdir name="16">
<string name="command" value="c17"/>
<int name="inc" value="2"/>
<int name="prob" value="45"/>
<int name="l0" value="20"/>
<int name="l1" value="29"/>
<imgdir name="success">
<imgdir name="0">
<string name="act" value="sleep"/>
<string name="0" value="c17_s1"/>
<string name="1" value="c17_s2"/>
<string name="2" value="c17_s3"/>
<string name="3" value="c17_s4"/>
</imgdir>
</imgdir>
<imgdir name="fail">
<imgdir name="0">
<string name="act" value="ignore"/>
<string name="0" value="c17_f1"/>
<string name="1" value="c17_f2"/>
<string name="2" value="c17_f3"/>
<string name="3" value="c17_f4"/>
</imgdir>
</imgdir>
</imgdir>
<imgdir name="17">
<string name="command" value="c18"/>
<int name="inc" value="3"/>
<int name="prob" value="60"/>
<int name="l0" value="30"/>
<int name="l1" value="30"/>
<imgdir name="success">
<imgdir name="0">
<string name="act" value="sleep"/>
<string name="0" value="c18_s1"/>
<string name="1" value="c18_s2"/>
<string name="2" value="c18_s3"/>
<string name="3" value="c18_s4"/>
</imgdir>
</imgdir>
<imgdir name="fail">
<imgdir name="0">
<string name="act" value="ignore"/>
<string name="0" value="c18_f1"/>
<string name="1" value="c18_f2"/>
<string name="2" value="c18_f3"/>
<string name="3" value="c18_f4"/>
</imgdir>
</imgdir>
</imgdir>
<imgdir name="18">
<string name="command" value="c19"/>
<int name="inc" value="1"/>
<int name="prob" value="30"/>
<int name="l0" value="10"/>
<int name="l1" value="19"/>
<imgdir name="success">
<imgdir name="0">
<string name="act" value="chat"/>
<string name="0" value="c19_s1"/>
<string name="1" value="c19_s2"/>
<string name="2" value="c19_s3"/>
<string name="3" value="c19_s4"/>
</imgdir>
</imgdir>
<imgdir name="fail">
<imgdir name="0">
<string name="act" value="ignore"/>
<string name="0" value="c19_f1"/>
<string name="1" value="c19_f2"/>
<string name="2" value="c19_f3"/>
<string name="3" value="c19_f4"/>
</imgdir>
</imgdir>
</imgdir>
<imgdir name="19">
<string name="command" value="c20"/>
<int name="inc" value="2"/>
<int name="prob" value="45"/>
<int name="l0" value="20"/>
<int name="l1" value="29"/>
<imgdir name="success">
<imgdir name="0">
<string name="act" value="chat"/>
<string name="0" value="c20_s1"/>
<string name="1" value="c20_s2"/>
<string name="2" value="c20_s3"/>
<string name="3" value="c20_s4"/>
</imgdir>
</imgdir>
<imgdir name="fail">
<imgdir name="0">
<string name="act" value="ignore"/>
<string name="0" value="c20_f1"/>
<string name="1" value="c20_f2"/>
<string name="2" value="c20_f3"/>
<string name="3" value="c20_f4"/>
</imgdir>
</imgdir>
</imgdir>
<imgdir name="20">
<string name="command" value="c21"/>
<int name="inc" value="3"/>
<int name="prob" value="60"/>
<int name="l0" value="30"/>
<int name="l1" value="30"/>
<imgdir name="success">
<imgdir name="0">
<string name="act" value="chat"/>
<string name="0" value="c21_s1"/>
<string name="1" value="c21_s2"/>
<string name="2" value="c21_s3"/>
<string name="3" value="c21_s4"/>
</imgdir>
</imgdir>
<imgdir name="fail">
<imgdir name="0">
<string name="act" value="ignore"/>
<string name="0" value="c21_f1"/>
<string name="1" value="c21_f2"/>
<string name="2" value="c21_f3"/>
<string name="3" value="c21_f4"/>
</imgdir>
</imgdir>
</imgdir>
<imgdir name="21">
<string name="command" value="c22"/>
<int name="inc" value="2"/>
<int name="prob" value="50"/>
<int name="l0" value="20"/>
<int name="l1" value="29"/>
<imgdir name="success">
<imgdir name="0">
<string name="act" value="play"/>
<string name="0" value="c22_s1"/>
<string name="1" value="c22_s2"/>
<string name="2" value="c22_s3"/>
<string name="3" value="c22_s4"/>
</imgdir>
</imgdir>
<imgdir name="fail">
<imgdir name="0">
<string name="act" value="no"/>
<string name="0" value="c22_f1"/>
<string name="1" value="c22_f2"/>
<string name="2" value="c22_f3"/>
<string name="3" value="c22_f4"/>
</imgdir>
</imgdir>
</imgdir>
<imgdir name="22">
<string name="command" value="c23"/>
<int name="inc" value="3"/>
<int name="prob" value="60"/>
<int name="l0" value="30"/>
<int name="l1" value="30"/>
<imgdir name="success">
<imgdir name="0">
<string name="act" value="chat"/>
<string name="0" value="c23_s1"/>
<string name="1" value="c23_s2"/>
<string name="2" value="c23_s3"/>
<string name="3" value="c23_s4"/>
</imgdir>
</imgdir>
<imgdir name="fail">
<imgdir name="0">
<string name="act" value="ignore"/>
<string name="0" value="c23_f1"/>
<string name="1" value="c23_f2"/>
<string name="2" value="c23_f3"/>
<string name="3" value="c23_f4"/>
</imgdir>
</imgdir>
</imgdir>
</imgdir>
<imgdir name="food">
<imgdir name="0">
<int name="l0" value="1"/>
<int name="l1" value="9"/>
<imgdir name="success">
<imgdir name="0">
<string name="act" value="eat"/>
<string name="0" value="f1_s"/>
</imgdir>
</imgdir>
<imgdir name="fail">
<imgdir name="0">
<string name="act" value="ignore"/>
<string name="0" value="f1_f"/>
</imgdir>
</imgdir>
</imgdir>
<imgdir name="1">
<int name="l0" value="10"/>
<int name="l1" value="19"/>
<imgdir name="success">
<imgdir name="0">
<string name="act" value="eat"/>
<string name="0" value="f2_s"/>
</imgdir>
</imgdir>
<imgdir name="fail">
<imgdir name="0">
<string name="act" value="ignore"/>
<string name="0" value="f2_f"/>
</imgdir>
</imgdir>
</imgdir>
<imgdir name="2">
<int name="l0" value="20"/>
<int name="l1" value="29"/>
<imgdir name="success">
<imgdir name="0">
<string name="act" value="eat"/>
<string name="0" value="f3_s"/>
</imgdir>
</imgdir>
<imgdir name="fail">
<imgdir name="0">
<string name="act" value="angry"/>
<string name="0" value="f3_f"/>
</imgdir>
</imgdir>
</imgdir>
<imgdir name="3">
<int name="l0" value="30"/>
<int name="l1" value="30"/>
<imgdir name="success">
<imgdir name="0">
<string name="act" value="eat"/>
<string name="0" value="f4_s"/>
</imgdir>
</imgdir>
<imgdir name="fail">
<imgdir name="0">
<string name="act" value="angry"/>
<string name="0" value="f4_f"/>
</imgdir>
</imgdir>
</imgdir>
</imgdir>
<imgdir name="slang">
<imgdir name="0">
<int name="l0" value="1"/>
<int name="l1" value="9"/>
<string name="act" value="ignore"/>
<string name="0" value="s1"/>
</imgdir>
<imgdir name="1">
<int name="l0" value="10"/>
<int name="l1" value="19"/>
<string name="act" value="ignore"/>
<string name="0" value="s2"/>
</imgdir>
<imgdir name="2">
<int name="l0" value="20"/>
<int name="l1" value="29"/>
<string name="act" value="angry"/>
<string name="0" value="s3"/>
</imgdir>
<imgdir name="3">
<int name="l0" value="30"/>
<int name="l1" value="30"/>
<string name="act" value="angry"/>
<string name="0" value="s4"/>
</imgdir>
</imgdir>
<imgdir name="stand0">
<canvas name="0" width="29" height="24">
<vector name="origin" x="12" y="24"/>
<int name="z" value="0"/>
<vector name="lt" x="-12" y="-25"/>
<vector name="rb" x="16" y="0"/>
<string name="_hash" value="1ef98a33b067749ba99bff328610999fdc9f7725106c8a812eceb89e27c770dd"/>
</canvas>
<canvas name="1" width="28" height="24">
<vector name="origin" x="12" y="24"/>
<int name="z" value="0"/>
<vector name="lt" x="-12" y="-25"/>
<vector name="rb" x="16" y="0"/>
<string name="_hash" value="544e360951fd4dace7d6858f43fa38e0391ffda590a82e88c37a9a324c89cdc3"/>
</canvas>
<canvas name="2" width="30" height="24">
<vector name="origin" x="12" y="24"/>
<int name="z" value="0"/>
<vector name="lt" x="-12" y="-25"/>
<vector name="rb" x="16" y="0"/>
<string name="_hash" value="eda7079abbe488da7b7b050be54fc1d8d0bc2a2754dd3b80065bfa638dedf8da"/>
</canvas>
<canvas name="3" width="29" height="24">
<vector name="origin" x="12" y="24"/>
<int name="z" value="0"/>
<vector name="lt" x="-12" y="-25"/>
<vector name="rb" x="16" y="0"/>
<string name="_hash" value="edb2ecc592b846d23f2b8cb894aba8c3621b384d7e1c44d982c5a7decc1402fe"/>
</canvas>
</imgdir>
<imgdir name="stand1">
<canvas name="0" width="29" height="24">
<vector name="origin" x="12" y="24"/>
<int name="z" value="0"/>
<vector name="lt" x="-12" y="-25"/>
<vector name="rb" x="16" y="0"/>
<string name="_hash" value="7929eabfc4a223e9b768880a69472c026ab5b9f2942e4e1ee31a33b76a62928a"/>
</canvas>
<canvas name="1" width="1" height="1">
<vector name="origin" x="12" y="24"/>
<int name="z" value="0"/>
<vector name="lt" x="-12" y="-25"/>
<vector name="rb" x="16" y="0"/>
<string name="_inlink" value="stand0/0"/>
</canvas>
<canvas name="2" width="1" height="1">
<vector name="origin" x="12" y="24"/>
<int name="z" value="0"/>
<vector name="lt" x="-12" y="-25"/>
<vector name="rb" x="16" y="0"/>
<string name="_inlink" value="stand0/0"/>
</canvas>
<canvas name="3" width="1" height="1">
<vector name="origin" x="12" y="24"/>
<int name="z" value="0"/>
<vector name="lt" x="-12" y="-25"/>
<vector name="rb" x="16" y="0"/>
<string name="_inlink" value="stand0/0"/>
</canvas>
</imgdir>
<imgdir name="rest0">
<canvas name="0" width="38" height="21">
<vector name="origin" x="12" y="21"/>
<int name="z" value="0"/>
<vector name="lt" x="-12" y="-25"/>
<vector name="rb" x="16" y="0"/>
<string name="_hash" value="379e7e1ae1ae401720c5a7348ddbcd627ff5f1a4487802a948707f09ddae3491"/>
</canvas>
<canvas name="1" width="38" height="21">
<vector name="origin" x="12" y="21"/>
<int name="z" value="0"/>
<vector name="lt" x="-12" y="-25"/>
<vector name="rb" x="16" y="0"/>
<string name="_hash" value="bedccf8015c4a19c0a4b1098c3ff35936029963f9c029def0c321bdc2a1d652c"/>
</canvas>
<canvas name="2" width="39" height="21">
<vector name="origin" x="12" y="21"/>
<int name="z" value="0"/>
<vector name="lt" x="-12" y="-25"/>
<vector name="rb" x="16" y="0"/>
<string name="_hash" value="c1ce201fe8e6a74c029a01fc67e4061af65c13b700f9be589d735ea5c94fdb11"/>
</canvas>
<canvas name="3" width="38" height="21">
<vector name="origin" x="12" y="21"/>
<int name="z" value="0"/>
<vector name="lt" x="-12" y="-25"/>
<vector name="rb" x="16" y="0"/>
<string name="_hash" value="aacdd6f764e709663d49d177e9bc995c1e3fa160a6e20b8934ca392cad1b91af"/>
</canvas>
</imgdir>
<imgdir name="move">
<canvas name="0" width="29" height="24">
<vector name="origin" x="12" y="24"/>
<int name="z" value="0"/>
<vector name="lt" x="-12" y="-25"/>
<vector name="rb" x="16" y="0"/>
<string name="_hash" value="3157ccb3ce7327c15fb5764e22071fd6b8a94e6d959a4bf2386f9a6d134ff30b"/>
</canvas>
<canvas name="1" width="28" height="25">
<vector name="origin" x="12" y="25"/>
<int name="z" value="0"/>
<vector name="lt" x="-12" y="-25"/>
<vector name="rb" x="16" y="0"/>
<string name="_hash" value="5a4fd2d14919f77299d409e36e6a7a776515992bf47637cb63a80f495250c58b"/>
</canvas>
<canvas name="2" width="30" height="24">
<vector name="origin" x="12" y="24"/>
<int name="z" value="0"/>
<vector name="lt" x="-12" y="-25"/>
<vector name="rb" x="16" y="0"/>
<string name="_hash" value="28831d100802ba94020e3c8eb79314824647f369ea67e066f9abd75f1726a29a"/>
</canvas>
<canvas name="3" width="29" height="25">
<vector name="origin" x="12" y="25"/>
<int name="z" value="0"/>
<vector name="lt" x="-12" y="-25"/>
<vector name="rb" x="16" y="0"/>
<string name="_hash" value="2b7e41a0c33ea41c51c12508e9ebf89556c33f7141a2739b7a390b7202909244"/>
</canvas>
</imgdir>
<imgdir name="jump">
<canvas name="0" width="36" height="23">
<vector name="origin" x="12" y="29"/>
<int name="z" value="0"/>
<vector name="lt" x="-12" y="-25"/>
<vector name="rb" x="16" y="0"/>
<string name="_hash" value="e92672c6726abe48edf14f329975781b9755a47331203b15c02e62898ef76a24"/>
</canvas>
</imgdir>
<imgdir name="hang">
<canvas name="0" width="23" height="44">
<vector name="origin" x="10" y="56"/>
<int name="z" value="0"/>
<vector name="lt" x="-12" y="-25"/>
<vector name="rb" x="16" y="0"/>
<string name="_hash" value="01df09911a2381df01c3eed906b7d69600b8ca39048cdfd0c87dbbd59f7a159d"/>
</canvas>
</imgdir>
<imgdir name="hungry">
<canvas name="0" width="42" height="26">
<vector name="origin" x="16" y="26"/>
<int name="z" value="0"/>
<vector name="lt" x="-12" y="-25"/>
<vector name="rb" x="16" y="0"/>
<string name="_hash" value="deb9a0e783ab4b64ad04d049e00bf53a78d478fbe1fa96cbcd3c89b0b5d93627"/>
</canvas>
<canvas name="1" width="42" height="26">
<vector name="origin" x="16" y="26"/>
<int name="z" value="0"/>
<vector name="lt" x="-12" y="-25"/>
<vector name="rb" x="16" y="0"/>
<string name="_hash" value="9b5212cfffd09f9118fa0205ce452659e5a067836c733047e157babe4565186b"/>
</canvas>
<canvas name="2" width="42" height="27">
<vector name="origin" x="16" y="27"/>
<int name="z" value="0"/>
<vector name="lt" x="-12" y="-25"/>
<vector name="rb" x="16" y="0"/>
<string name="_hash" value="a87978dbaf25ddc184a7b63853c547aaf84ce4f59ef2f2b7537fafd3b041a07b"/>
</canvas>
<canvas name="3" width="42" height="26">
<vector name="origin" x="16" y="26"/>
<int name="z" value="0"/>
<vector name="lt" x="-12" y="-25"/>
<vector name="rb" x="16" y="0"/>
<string name="_hash" value="379ac9da9417fe7813a2ed423dab8c0023d19425283f9c7731e0f645381a70d0"/>
</canvas>
</imgdir>
<imgdir name="angry">
<canvas name="0" width="32" height="26">
<vector name="origin" x="12" y="26"/>
<int name="z" value="0"/>
<vector name="lt" x="-12" y="-25"/>
<vector name="rb" x="16" y="0"/>
<string name="_hash" value="5cc120b7ae99ad60626693c405c1211a9fa0e3bf41c669bac12fff3860c74f90"/>
</canvas>
<canvas name="1" width="31" height="28">
<vector name="origin" x="12" y="28"/>
<int name="z" value="0"/>
<vector name="lt" x="-12" y="-25"/>
<vector name="rb" x="16" y="0"/>
<string name="_hash" value="d29d5a09fbc100ae601994f715d43994b5a34939aedea95dce0e5c1666e0c1ea"/>
</canvas>
<canvas name="2" width="32" height="26">
<vector name="origin" x="12" y="26"/>
<int name="z" value="0"/>
<vector name="lt" x="-12" y="-25"/>
<vector name="rb" x="16" y="0"/>
<string name="_hash" value="01fdd28dd617b22dedd1881d29759d297e9d3159a6a0d917a936bfc995c26c7e"/>
</canvas>
<canvas name="3" width="1" height="1">
<vector name="origin" x="12" y="28"/>
<int name="z" value="0"/>
<vector name="lt" x="-12" y="-25"/>
<vector name="rb" x="16" y="0"/>
<string name="_inlink" value="angry/1"/>
</canvas>
<canvas name="4" width="1" height="1">
<vector name="origin" x="12" y="26"/>
<int name="z" value="0"/>
<vector name="lt" x="-12" y="-25"/>
<vector name="rb" x="16" y="0"/>
<string name="_inlink" value="angry/2"/>
</canvas>
</imgdir>
<imgdir name="chat">
<canvas name="0" width="38" height="24">
<vector name="origin" x="12" y="24"/>
<int name="z" value="0"/>
<vector name="lt" x="-12" y="-25"/>
<vector name="rb" x="16" y="0"/>
<string name="_hash" value="37536a597352c28ce836c98b8734e26be67b22015c97b0a70005a058bad1aac4"/>
</canvas>
<canvas name="1" width="38" height="24">
<vector name="origin" x="12" y="24"/>
<int name="z" value="0"/>
<vector name="lt" x="-12" y="-25"/>
<vector name="rb" x="16" y="0"/>
<string name="_hash" value="192016e008bea93c15ac412d98921c1627e8d254dc845cbd13ae6f2bbf593822"/>
</canvas>
<canvas name="2" width="38" height="24">
<vector name="origin" x="12" y="24"/>
<int name="z" value="0"/>
<vector name="lt" x="-12" y="-25"/>
<vector name="rb" x="16" y="0"/>
<string name="_hash" value="90241b384b13894f9745615e76e90511c721070df8d637d6709030e744a8aa06"/>
</canvas>
<canvas name="3" width="38" height="24">
<vector name="origin" x="12" y="24"/>
<int name="z" value="0"/>
<vector name="lt" x="-12" y="-25"/>
<vector name="rb" x="16" y="0"/>
<string name="_hash" value="a36a8a6ca34af262c1dfe143cbffff62c658a99f95460006ce52858e8335762e"/>
</canvas>
</imgdir>
<imgdir name="love">
<canvas name="0" width="43" height="69">
<vector name="origin" x="17" y="69"/>
<int name="z" value="0"/>
<vector name="lt" x="-12" y="-25"/>
<vector name="rb" x="16" y="0"/>
<string name="_hash" value="abb5c84381a0ae13daa4332cc9b0ae571c37c24aefdd20e01907f724b4ddf0e0"/>
</canvas>
<canvas name="1" width="45" height="53">
<vector name="origin" x="19" y="53"/>
<int name="z" value="0"/>
<vector name="lt" x="-12" y="-25"/>
<vector name="rb" x="16" y="0"/>
<string name="_hash" value="2ea82a785b7370f596b0c8684389dbc2f9b9ce141d78e528b544359e7d94622c"/>
</canvas>
<canvas name="2" width="47" height="58">
<vector name="origin" x="20" y="58"/>
<int name="z" value="0"/>
<vector name="lt" x="-12" y="-25"/>
<vector name="rb" x="16" y="0"/>
<string name="_hash" value="e6898d12fb69edde683072bf4126de4983a03ad4b4ff8dda79e4b8f0b9982c07"/>
</canvas>
<canvas name="3" width="44" height="48">
<vector name="origin" x="18" y="48"/>
<int name="z" value="0"/>
<vector name="lt" x="-12" y="-25"/>
<vector name="rb" x="16" y="0"/>
<string name="_hash" value="293542ca94181dd297ac8ff66212014069867eb0255b6a856d51d0773a2bca00"/>
</canvas>
<canvas name="4" width="42" height="54">
<vector name="origin" x="16" y="54"/>
<int name="z" value="0"/>
<vector name="lt" x="-12" y="-25"/>
<vector name="rb" x="16" y="0"/>
<string name="_hash" value="33ded66f5dedcbbcbd8f806ddbe2812b0f25c48d0d5f9be298e872f6b8f39a44"/>
</canvas>
<canvas name="5" width="42" height="58">
<vector name="origin" x="16" y="58"/>
<int name="z" value="0"/>
<vector name="lt" x="-12" y="-25"/>
<vector name="rb" x="16" y="0"/>
<string name="_hash" value="dbaaceaaa73dd0e7fd74991250035b89d7eeba27e27c3e3446ac3aebd313b9ca"/>
</canvas>
<canvas name="6" width="39" height="59">
<vector name="origin" x="12" y="59"/>
<int name="z" value="0"/>
<vector name="lt" x="-12" y="-25"/>
<vector name="rb" x="16" y="0"/>
<string name="_hash" value="60fc35c71081fa5811c3da16d9b41daf2796e3a8401730b67d749317c3d1462e"/>
</canvas>
<canvas name="7" width="41" height="65">
<vector name="origin" x="15" y="65"/>
<int name="z" value="0"/>
<vector name="lt" x="-12" y="-25"/>
<vector name="rb" x="16" y="0"/>
<string name="_hash" value="34fccde8aa3c1fb0419446a5c52154b55e4e44414d88db8a31ddac920d0e61f9"/>
</canvas>
</imgdir>
<imgdir name="eat">
<canvas name="0" width="34" height="25">
<vector name="origin" x="18" y="25"/>
<int name="z" value="0"/>
<vector name="lt" x="-12" y="-25"/>
<vector name="rb" x="16" y="0"/>
<string name="_hash" value="a31346a5875a9dc184526e4d25c2f005859dd481637a5d83482d457ed18a1363"/>
</canvas>
<canvas name="1" width="29" height="25">
<vector name="origin" x="14" y="25"/>
<int name="z" value="0"/>
<vector name="lt" x="-12" y="-25"/>
<vector name="rb" x="16" y="0"/>
<string name="_hash" value="17f5327eecb0d5700c77dc5abdea177144acf6e8df9d2d4227ece89e95dbc6cc"/>
</canvas>
<canvas name="2" width="35" height="24">
<vector name="origin" x="18" y="24"/>
<int name="z" value="0"/>
<vector name="lt" x="-12" y="-25"/>
<vector name="rb" x="16" y="0"/>
<string name="_hash" value="7cd700b8763bcf766ff3ef636b25d61ae619e3d20b280b2217a193be761ad334"/>
</canvas>
<canvas name="3" width="30" height="25">
<vector name="origin" x="14" y="25"/>
<int name="z" value="0"/>
<vector name="lt" x="-12" y="-25"/>
<vector name="rb" x="16" y="0"/>
<string name="_hash" value="31584e2072fb3dbb13697f7c60f9a006dbc19745dbbf3d897b8c0c152a3ae2c2"/>
</canvas>
</imgdir>
<imgdir name="dung">
<canvas name="0" width="1" height="1">
<vector name="origin" x="12" y="24"/>
<int name="z" value="0"/>
<vector name="lt" x="-12" y="-25"/>
<vector name="rb" x="16" y="0"/>
<string name="_inlink" value="stand0/0"/>
</canvas>
<canvas name="1" width="32" height="33">
<vector name="origin" x="11" y="33"/>
<int name="z" value="0"/>
<vector name="lt" x="-12" y="-25"/>
<vector name="rb" x="16" y="0"/>
<string name="_hash" value="54d82c5fffc1a8821d31ca4cf3585295ae3d0db48ec4052ad827b38e8f69466d"/>
</canvas>
<canvas name="2" width="32" height="35">
<vector name="origin" x="11" y="35"/>
<int name="z" value="0"/>
<vector name="lt" x="-12" y="-25"/>
<vector name="rb" x="16" y="0"/>
<string name="_hash" value="ef959d5e3d4c3710e5d483c3dca39f47c13076d5aee61947f203f096d8b923b8"/>
</canvas>
<canvas name="3" width="32" height="36">
<vector name="origin" x="11" y="36"/>
<int name="z" value="0"/>
<vector name="lt" x="-12" y="-25"/>
<vector name="rb" x="16" y="0"/>
<string name="_hash" value="5fb87851f8d8212a96afa5e92cbe3162ee577c5d0daab966a1edaab12428e2cf"/>
</canvas>
<canvas name="4" width="30" height="24">
<vector name="origin" x="12" y="24"/>
<int name="z" value="0"/>
<vector name="lt" x="-12" y="-25"/>
<vector name="rb" x="16" y="0"/>
<string name="_hash" value="6de5e32451761f1eff78077646d59edc221f7947c305d100c888e8a1fbfb03bf"/>
</canvas>
</imgdir>
<imgdir name="sleep">
<canvas name="0" width="43" height="18">
<vector name="origin" x="28" y="18"/>
<int name="z" value="0"/>
<vector name="lt" x="-12" y="-25"/>
<vector name="rb" x="16" y="0"/>
<string name="_hash" value="b28c43e67de8fcc43e49a4550e0832079a203b5fcb098e59adca178b1f5d3da7"/>
</canvas>
<canvas name="1" width="43" height="19">
<vector name="origin" x="28" y="19"/>
<int name="z" value="0"/>
<vector name="lt" x="-12" y="-25"/>
<vector name="rb" x="16" y="0"/>
<string name="_hash" value="ece4ddedb989f5d7f2ecdbfedbb0f550af2ae2c6f01254fad1f474370e17752f"/>
</canvas>
<canvas name="2" width="43" height="22">
<vector name="origin" x="28" y="22"/>
<int name="z" value="0"/>
<vector name="lt" x="-12" y="-25"/>
<vector name="rb" x="16" y="0"/>
<string name="_hash" value="549184450786969c21f8faa3c8dee35daba659fbd8ac95a96f60479ac6ca48f7"/>
</canvas>
<canvas name="3" width="42" height="23">
<vector name="origin" x="28" y="23"/>
<int name="z" value="0"/>
<vector name="lt" x="-12" y="-25"/>
<vector name="rb" x="16" y="0"/>
<string name="_hash" value="59b79e35a923049925d078198e52ed6a2ccb3c83ab3b132cae4dba10f3e4b297"/>
</canvas>
<canvas name="4" width="43" height="25">
<vector name="origin" x="28" y="25"/>
<int name="z" value="0"/>
<vector name="lt" x="-12" y="-25"/>
<vector name="rb" x="16" y="0"/>
<string name="_hash" value="f77cb45aa45f2fa9c08d8dad8590e1fe00ad4fc4d296108a6d8473531141b352"/>
</canvas>
<canvas name="5" width="42" height="18">
<vector name="origin" x="28" y="18"/>
<int name="z" value="0"/>
<vector name="lt" x="-12" y="-25"/>
<vector name="rb" x="16" y="0"/>
<string name="_hash" value="a9d1863b3a3c9d1cb2b6e2b17a4acdb94a2428acce8b4752562ffdb907783ed7"/>
</canvas>
</imgdir>
<imgdir name="cry">
<canvas name="0" width="38" height="23">
<vector name="origin" x="12" y="23"/>
<int name="z" value="0"/>
<vector name="lt" x="-12" y="-25"/>
<vector name="rb" x="16" y="0"/>
<string name="_hash" value="c7c8342d093c6de945fd5a112739f550cc59c2d33e4ab8ad172b75df99bce2ff"/>
</canvas>
<canvas name="1" width="39" height="23">
<vector name="origin" x="13" y="23"/>
<int name="z" value="0"/>
<vector name="lt" x="-12" y="-25"/>
<vector name="rb" x="16" y="0"/>
<string name="_hash" value="aab277278e3b3b3a8dd947a1a4930d1d40dc453c9102c84c42f391ed8b8e0ee6"/>
</canvas>
<canvas name="2" width="39" height="23">
<vector name="origin" x="13" y="23"/>
<int name="z" value="0"/>
<vector name="lt" x="-12" y="-25"/>
<vector name="rb" x="16" y="0"/>
<string name="_hash" value="30f99bc68a101160ff15ad10a89a14823536811e1b5f4e0431180d42e57744bf"/>
</canvas>
<canvas name="3" width="38" height="23">
<vector name="origin" x="12" y="23"/>
<int name="z" value="0"/>
<vector name="lt" x="-12" y="-25"/>
<vector name="rb" x="16" y="0"/>
<string name="_hash" value="8a6e3dee1296eedb270d625c78b592455b787cbd47369dc8a3996783dba0232f"/>
</canvas>
</imgdir>
<imgdir name="sit">
<uol name="0" value="../rest0/0"/>
<uol name="1" value="../rest0/1"/>
<uol name="2" value="../rest0/2"/>
<uol name="3" value="../rest0/3"/>
</imgdir>
<imgdir name="fly">
<uol name="0" value="../jump/0"/>
</imgdir>
<imgdir name="ignore">
<uol name="0" value="../angry/0"/>
<uol name="1" value="../angry/1"/>
<uol name="2" value="../angry/2"/>
<uol name="3" value="../angry/3"/>
<uol name="4" value="../angry/4"/>
</imgdir>
<imgdir name="no">
<uol name="0" value="../angry/0"/>
<uol name="1" value="../angry/1"/>
<uol name="2" value="../angry/2"/>
<uol name="3" value="../angry/3"/>
<uol name="4" value="../angry/4"/>
</imgdir>
</imgdir>
