<?xml version="1.0" encoding="UTF-8" standalone="yes"?>
<imgdir name="5000416.img">
<imgdir name="info">
<canvas name="icon" width="32" height="28">
<vector name="origin" x="0" y="28"/>
<string name="_hash" value="2b01d2f0765f65ef5a6be3607399515398c63e19f1bb3b8d8cf93428bf197149"/>
</canvas>
<canvas name="iconRaw" width="32" height="26">
<vector name="origin" x="0" y="28"/>
<string name="_hash" value="74dc5b821a65c6fcb90d2e45cad7072d970c2cb272bcf5e34fc41ecccb325184"/>
</canvas>
<canvas name="iconD" width="28" height="31">
<vector name="origin" x="-2" y="31"/>
<string name="_hash" value="78686b9a245ef6552a472395b2184092b1058e0635879ac50e185241c460917f"/>
</canvas>
<canvas name="iconRawD" width="28" height="31">
<vector name="origin" x="-2" y="31"/>
<string name="_hash" value="da8f2d6e34466d6c6eaaa6fb833c5d6ce2e459b689e0c2337684d88013c944e8"/>
</canvas>
<int name="nameTag" value="186"/>
<int name="chatBalloon" value="186"/>
<int name="life" value="90"/>
<int name="hungry" value="2"/>
<int name="cash" value="1"/>
<int name="multiPet" value="1"/>
<int name="pickupItem" value="1"/>
<int name="autoBuff" value="1"/>
<int name="setItemID" value="492"/>
</imgdir>
<imgdir name="interact">
<imgdir name="0">
<string name="command" value="c1"/>
<int name="inc" value="1"/>
<int name="prob" value="30"/>
<int name="l0" value="1"/>
<int name="l1" value="9"/>
<imgdir name="success">
<imgdir name="0">
<string name="act" value="rest0"/>
<string name="0" value="c1_s1"/>
<string name="1" value="c1_s2"/>
</imgdir>
</imgdir>
<imgdir name="fail">
<imgdir name="0">
<string name="act" value="stand0"/>
<string name="0" value="c1_f1"/>
<string name="1" value="c1_f2"/>
</imgdir>
</imgdir>
</imgdir>
<imgdir name="1">
<string name="command" value="c2"/>
<int name="inc" value="2"/>
<int name="prob" value="45"/>
<int name="l0" value="10"/>
<int name="l1" value="19"/>
<imgdir name="success">
<imgdir name="0">
<string name="act" value="rest0"/>
<string name="0" value="c2_s1"/>
<string name="1" value="c2_s2"/>
<string name="2" value="c2_s3"/>
<string name="3" value="c2_s4"/>
</imgdir>
</imgdir>
<imgdir name="fail">
<imgdir name="0">
<string name="act" value="stand0"/>
<string name="0" value="c2_f1"/>
<string name="1" value="c2_f2"/>
<string name="2" value="c2_f3"/>
<string name="3" value="c2_f4"/>
</imgdir>
</imgdir>
</imgdir>
<imgdir name="2">
<string name="command" value="c3"/>
<int name="inc" value="3"/>
<int name="prob" value="60"/>
<int name="l0" value="20"/>
<int name="l1" value="29"/>
<imgdir name="success">
<imgdir name="0">
<string name="act" value="rest0"/>
<string name="0" value="c3_s1"/>
<string name="1" value="c3_s2"/>
<string name="2" value="c3_s3"/>
<string name="3" value="c3_s4"/>
</imgdir>
</imgdir>
<imgdir name="fail">
<imgdir name="0">
<string name="act" value="stand0"/>
<string name="0" value="c3_f1"/>
<string name="1" value="c3_f2"/>
<string name="2" value="c3_f3"/>
<string name="3" value="c3_f4"/>
</imgdir>
</imgdir>
</imgdir>
<imgdir name="3">
<string name="command" value="c4"/>
<int name="inc" value="2"/>
<int name="prob" value="70"/>
<int name="l0" value="30"/>
<int name="l1" value="30"/>
<imgdir name="success">
<imgdir name="0">
<string name="act" value="rest0"/>
<string name="0" value="c4_s1"/>
<string name="1" value="c4_s2"/>
<string name="2" value="c4_s3"/>
<string name="3" value="c4_s4"/>
</imgdir>
</imgdir>
<imgdir name="fail">
<imgdir name="0">
<string name="act" value="stand0"/>
<string name="0" value="c4_f1"/>
<string name="1" value="c4_f2"/>
<string name="2" value="c4_f3"/>
<string name="3" value="c4_f4"/>
</imgdir>
</imgdir>
</imgdir>
<imgdir name="4">
<string name="command" value="c5"/>
<int name="inc" value="1"/>
<int name="prob" value="30"/>
<int name="l0" value="1"/>
<int name="l1" value="9"/>
<imgdir name="success">
<imgdir name="0">
<string name="act" value="cry"/>
<string name="0" value="c5_s1"/>
<string name="1" value="c5_s2"/>
</imgdir>
</imgdir>
<imgdir name="fail">
<imgdir name="0">
<string name="act" value="angry"/>
<string name="0" value="c5_f1"/>
<string name="1" value="c5_f2"/>
</imgdir>
</imgdir>
</imgdir>
<imgdir name="5">
<string name="command" value="c6"/>
<int name="inc" value="2"/>
<int name="prob" value="50"/>
<int name="l0" value="10"/>
<int name="l1" value="19"/>
<imgdir name="success">
<imgdir name="0">
<string name="act" value="cry"/>
<string name="0" value="c6_s1"/>
<string name="1" value="c6_s2"/>
<string name="2" value="c6_s3"/>
<string name="3" value="c6_s4"/>
</imgdir>
</imgdir>
<imgdir name="fail">
<imgdir name="0">
<string name="act" value="angry"/>
<string name="0" value="c6_f1"/>
<string name="1" value="c6_f2"/>
<string name="2" value="c6_f3"/>
<string name="3" value="c6_f4"/>
</imgdir>
</imgdir>
</imgdir>
<imgdir name="6">
<string name="command" value="c7"/>
<int name="inc" value="2"/>
<int name="prob" value="60"/>
<int name="l0" value="20"/>
<int name="l1" value="29"/>
<imgdir name="success">
<imgdir name="0">
<string name="act" value="cry"/>
<string name="0" value="c7_s1"/>
<string name="1" value="c7_s2"/>
<string name="2" value="c7_s3"/>
<string name="3" value="c7_s4"/>
</imgdir>
</imgdir>
<imgdir name="fail">
<imgdir name="0">
<string name="act" value="angry"/>
<string name="0" value="c7_f1"/>
<string name="1" value="c7_f2"/>
<string name="2" value="c7_f3"/>
<string name="3" value="c7_f4"/>
</imgdir>
</imgdir>
</imgdir>
<imgdir name="7">
<string name="command" value="c8"/>
<int name="inc" value="3"/>
<int name="prob" value="70"/>
<int name="l0" value="30"/>
<int name="l1" value="30"/>
<imgdir name="success">
<imgdir name="0">
<string name="act" value="cry"/>
<string name="0" value="c8_s1"/>
<string name="1" value="c8_s2"/>
<string name="2" value="c8_s3"/>
<string name="3" value="c8_s4"/>
</imgdir>
</imgdir>
<imgdir name="fail">
<imgdir name="0">
<string name="act" value="angry"/>
<string name="0" value="c8_f1"/>
<string name="1" value="c8_f2"/>
<string name="2" value="c8_f3"/>
<string name="3" value="c8_f4"/>
</imgdir>
</imgdir>
</imgdir>
<imgdir name="8">
<string name="command" value="c9"/>
<int name="inc" value="1"/>
<int name="prob" value="30"/>
<int name="l0" value="1"/>
<int name="l1" value="9"/>
<imgdir name="success">
<imgdir name="0">
<string name="act" value="love"/>
<string name="0" value="c9_s1"/>
<string name="1" value="c9_s2"/>
</imgdir>
</imgdir>
<imgdir name="fail">
<imgdir name="0">
<string name="act" value="no"/>
<string name="0" value="c9_f1"/>
<string name="1" value="c9_f2"/>
</imgdir>
</imgdir>
</imgdir>
<imgdir name="9">
<string name="command" value="c10"/>
<int name="inc" value="2"/>
<int name="prob" value="50"/>
<int name="l0" value="10"/>
<int name="l1" value="19"/>
<imgdir name="success">
<imgdir name="0">
<string name="act" value="love"/>
<string name="0" value="c10_s1"/>
<string name="1" value="c10_s2"/>
<string name="2" value="c10_s3"/>
<string name="3" value="c10_s4"/>
</imgdir>
</imgdir>
<imgdir name="fail">
<imgdir name="0">
<string name="act" value="no"/>
<string name="0" value="c10_f1"/>
<string name="1" value="c10_f2"/>
<string name="2" value="c10_f3"/>
<string name="3" value="c10_f4"/>
</imgdir>
</imgdir>
</imgdir>
<imgdir name="10">
<string name="command" value="c11"/>
<int name="inc" value="2"/>
<int name="prob" value="60"/>
<int name="l0" value="20"/>
<int name="l1" value="29"/>
<imgdir name="success">
<imgdir name="0">
<string name="act" value="love"/>
<string name="0" value="c11_s1"/>
<string name="1" value="c11_s2"/>
<string name="2" value="c11_s3"/>
<string name="3" value="c11_s4"/>
</imgdir>
</imgdir>
<imgdir name="fail">
<imgdir name="0">
<string name="act" value="no"/>
<string name="0" value="c11_f1"/>
<string name="1" value="c11_f2"/>
<string name="2" value="c11_f3"/>
<string name="4" value="c11_f4"/>
</imgdir>
</imgdir>
</imgdir>
<imgdir name="11">
<string name="command" value="c12"/>
<int name="inc" value="3"/>
<int name="prob" value="70"/>
<int name="l0" value="30"/>
<int name="l1" value="30"/>
<imgdir name="success">
<imgdir name="0">
<string name="act" value="love"/>
<string name="0" value="c12_s1"/>
<string name="1" value="c12_s2"/>
<string name="2" value="c12_s3"/>
<string name="3" value="c12_s4"/>
</imgdir>
</imgdir>
<imgdir name="fail">
<imgdir name="0">
<string name="act" value="no"/>
<string name="0" value="c12_f1"/>
<string name="1" value="c12_f2"/>
<string name="2" value="c12_f3"/>
<string name="3" value="c12_f4"/>
</imgdir>
</imgdir>
</imgdir>
<imgdir name="12">
<string name="command" value="c13"/>
<int name="inc" value="1"/>
<int name="prob" value="30"/>
<int name="l0" value="10"/>
<int name="l1" value="19"/>
<imgdir name="success">
<imgdir name="0">
<string name="act" value="dung"/>
<string name="0" value="c13_s1"/>
<string name="1" value="c13_s2"/>
<string name="2" value="c13_s3"/>
<string name="3" value="c13_s4"/>
</imgdir>
</imgdir>
<imgdir name="fail">
<imgdir name="0">
<string name="act" value="ignore"/>
<string name="0" value="c13_f1"/>
<string name="1" value="c13_f2"/>
<string name="2" value="c13_f3"/>
<string name="3" value="c13_f4"/>
</imgdir>
</imgdir>
</imgdir>
<imgdir name="13">
<string name="command" value="c14"/>
<int name="inc" value="2"/>
<int name="prob" value="50"/>
<int name="l0" value="20"/>
<int name="l1" value="29"/>
<imgdir name="success">
<imgdir name="0">
<string name="act" value="dung"/>
<string name="0" value="c14_s1"/>
<string name="1" value="c14_s2"/>
<string name="2" value="c14_s3"/>
<string name="3" value="c14_s4"/>
</imgdir>
</imgdir>
<imgdir name="fail">
<imgdir name="0">
<string name="act" value="ignore"/>
<string name="0" value="c14_f1"/>
<string name="1" value="c14_f2"/>
<string name="2" value="c14_f3"/>
<string name="3" value="c14_f4"/>
</imgdir>
</imgdir>
</imgdir>
<imgdir name="14">
<string name="command" value="c15"/>
<int name="inc" value="3"/>
<int name="prob" value="70"/>
<int name="l0" value="30"/>
<int name="l1" value="30"/>
<imgdir name="success">
<imgdir name="0">
<string name="act" value="dung"/>
<string name="0" value="c15_s1"/>
<string name="1" value="c15_s2"/>
<string name="2" value="c15_s3"/>
<string name="3" value="c15_s4"/>
</imgdir>
</imgdir>
<imgdir name="fail">
<imgdir name="0">
<string name="act" value="angry"/>
<string name="0" value="c15_f1"/>
<string name="1" value="c15_f2"/>
<string name="2" value="c15_f3"/>
<string name="3" value="c15_f4"/>
</imgdir>
</imgdir>
</imgdir>
<imgdir name="15">
<string name="command" value="c16"/>
<int name="inc" value="1"/>
<int name="prob" value="30"/>
<int name="l0" value="10"/>
<int name="l1" value="19"/>
<imgdir name="success">
<imgdir name="0">
<string name="act" value="sleep"/>
<string name="0" value="c16_s1"/>
<string name="1" value="c16_s2"/>
<string name="2" value="c16_s3"/>
<string name="3" value="c16_s4"/>
</imgdir>
</imgdir>
<imgdir name="fail">
<imgdir name="0">
<string name="act" value="ignore"/>
<string name="0" value="c16_f1"/>
<string name="1" value="c16_f2"/>
<string name="2" value="c16_f3"/>
<string name="3" value="c16_f4"/>
</imgdir>
</imgdir>
</imgdir>
<imgdir name="16">
<string name="command" value="c17"/>
<int name="inc" value="2"/>
<int name="prob" value="45"/>
<int name="l0" value="20"/>
<int name="l1" value="29"/>
<imgdir name="success">
<imgdir name="0">
<string name="act" value="sleep"/>
<string name="0" value="c17_s1"/>
<string name="1" value="c17_s2"/>
<string name="2" value="c17_s3"/>
<string name="3" value="c17_s4"/>
</imgdir>
</imgdir>
<imgdir name="fail">
<imgdir name="0">
<string name="act" value="ignore"/>
<string name="0" value="c17_f1"/>
<string name="1" value="c17_f2"/>
<string name="2" value="c17_f3"/>
<string name="3" value="c17_f4"/>
</imgdir>
</imgdir>
</imgdir>
<imgdir name="17">
<string name="command" value="c18"/>
<int name="inc" value="3"/>
<int name="prob" value="60"/>
<int name="l0" value="30"/>
<int name="l1" value="30"/>
<imgdir name="success">
<imgdir name="0">
<string name="act" value="sleep"/>
<string name="0" value="c18_s1"/>
<string name="1" value="c18_s2"/>
<string name="2" value="c18_s3"/>
<string name="3" value="c18_s4"/>
</imgdir>
</imgdir>
<imgdir name="fail">
<imgdir name="0">
<string name="act" value="ignore"/>
<string name="0" value="c18_f1"/>
<string name="1" value="c18_f2"/>
<string name="2" value="c18_f3"/>
<string name="3" value="c18_f4"/>
</imgdir>
</imgdir>
</imgdir>
<imgdir name="18">
<string name="command" value="c19"/>
<int name="inc" value="1"/>
<int name="prob" value="30"/>
<int name="l0" value="10"/>
<int name="l1" value="19"/>
<imgdir name="success">
<imgdir name="0">
<string name="act" value="chat"/>
<string name="0" value="c19_s1"/>
<string name="1" value="c19_s2"/>
<string name="2" value="c19_s3"/>
<string name="3" value="c19_s4"/>
</imgdir>
</imgdir>
<imgdir name="fail">
<imgdir name="0">
<string name="act" value="ignore"/>
<string name="0" value="c19_f1"/>
<string name="1" value="c19_f2"/>
<string name="2" value="c19_f3"/>
<string name="3" value="c19_f4"/>
</imgdir>
</imgdir>
</imgdir>
<imgdir name="19">
<string name="command" value="c20"/>
<int name="inc" value="2"/>
<int name="prob" value="45"/>
<int name="l0" value="20"/>
<int name="l1" value="29"/>
<imgdir name="success">
<imgdir name="0">
<string name="act" value="chat"/>
<string name="0" value="c20_s1"/>
<string name="1" value="c20_s2"/>
<string name="2" value="c20_s3"/>
<string name="3" value="c20_s4"/>
</imgdir>
</imgdir>
<imgdir name="fail">
<imgdir name="0">
<string name="act" value="ignore"/>
<string name="0" value="c20_f1"/>
<string name="1" value="c20_f2"/>
<string name="2" value="c20_f3"/>
<string name="3" value="c20_f4"/>
</imgdir>
</imgdir>
</imgdir>
<imgdir name="20">
<string name="command" value="c21"/>
<int name="inc" value="3"/>
<int name="prob" value="60"/>
<int name="l0" value="30"/>
<int name="l1" value="30"/>
<imgdir name="success">
<imgdir name="0">
<string name="act" value="chat"/>
<string name="0" value="c21_s1"/>
<string name="1" value="c21_s2"/>
<string name="2" value="c21_s3"/>
<string name="3" value="c21_s4"/>
</imgdir>
</imgdir>
<imgdir name="fail">
<imgdir name="0">
<string name="act" value="ignore"/>
<string name="0" value="c21_f1"/>
<string name="1" value="c21_f2"/>
<string name="2" value="c21_f3"/>
<string name="3" value="c21_f4"/>
</imgdir>
</imgdir>
</imgdir>
<imgdir name="21">
<string name="command" value="c22"/>
<int name="inc" value="2"/>
<int name="prob" value="50"/>
<int name="l0" value="20"/>
<int name="l1" value="29"/>
<imgdir name="success">
<imgdir name="0">
<string name="act" value="play"/>
<string name="0" value="c22_s1"/>
<string name="1" value="c22_s2"/>
<string name="2" value="c22_s3"/>
<string name="3" value="c22_s4"/>
</imgdir>
</imgdir>
<imgdir name="fail">
<imgdir name="0">
<string name="act" value="no"/>
<string name="0" value="c22_f1"/>
<string name="1" value="c22_f2"/>
<string name="2" value="c22_f3"/>
<string name="3" value="c22_f4"/>
</imgdir>
</imgdir>
</imgdir>
<imgdir name="22">
<string name="command" value="c23"/>
<int name="inc" value="3"/>
<int name="prob" value="60"/>
<int name="l0" value="30"/>
<int name="l1" value="30"/>
<imgdir name="success">
<imgdir name="0">
<string name="act" value="chat"/>
<string name="0" value="c23_s1"/>
<string name="1" value="c23_s2"/>
<string name="2" value="c23_s3"/>
<string name="3" value="c23_s4"/>
</imgdir>
</imgdir>
<imgdir name="fail">
<imgdir name="0">
<string name="act" value="ignore"/>
<string name="0" value="c23_f1"/>
<string name="1" value="c23_f2"/>
<string name="2" value="c23_f3"/>
<string name="3" value="c23_f4"/>
</imgdir>
</imgdir>
</imgdir>
</imgdir>
<imgdir name="food">
<imgdir name="0">
<int name="l0" value="1"/>
<int name="l1" value="9"/>
<imgdir name="success">
<imgdir name="0">
<string name="act" value="eat"/>
<string name="0" value="f1_s"/>
</imgdir>
</imgdir>
<imgdir name="fail">
<imgdir name="0">
<string name="act" value="ignore"/>
<string name="0" value="f1_f"/>
</imgdir>
</imgdir>
</imgdir>
<imgdir name="1">
<int name="l0" value="10"/>
<int name="l1" value="19"/>
<imgdir name="success">
<imgdir name="0">
<string name="act" value="eat"/>
<string name="0" value="f2_s"/>
</imgdir>
</imgdir>
<imgdir name="fail">
<imgdir name="0">
<string name="act" value="ignore"/>
<string name="0" value="f2_f"/>
</imgdir>
</imgdir>
</imgdir>
<imgdir name="2">
<int name="l0" value="20"/>
<int name="l1" value="29"/>
<imgdir name="success">
<imgdir name="0">
<string name="act" value="eat"/>
<string name="0" value="f3_s"/>
</imgdir>
</imgdir>
<imgdir name="fail">
<imgdir name="0">
<string name="act" value="angry"/>
<string name="0" value="f3_f"/>
</imgdir>
</imgdir>
</imgdir>
<imgdir name="3">
<int name="l0" value="30"/>
<int name="l1" value="30"/>
<imgdir name="success">
<imgdir name="0">
<string name="act" value="eat"/>
<string name="0" value="f4_s"/>
</imgdir>
</imgdir>
<imgdir name="fail">
<imgdir name="0">
<string name="act" value="angry"/>
<string name="0" value="f4_f"/>
</imgdir>
</imgdir>
</imgdir>
</imgdir>
<imgdir name="slang">
<imgdir name="0">
<int name="l0" value="1"/>
<int name="l1" value="9"/>
<string name="act" value="ignore"/>
<string name="0" value="s1"/>
</imgdir>
<imgdir name="1">
<int name="l0" value="10"/>
<int name="l1" value="19"/>
<string name="act" value="ignore"/>
<string name="0" value="s2"/>
</imgdir>
<imgdir name="2">
<int name="l0" value="20"/>
<int name="l1" value="29"/>
<string name="act" value="angry"/>
<string name="0" value="s3"/>
</imgdir>
<imgdir name="3">
<int name="l0" value="30"/>
<int name="l1" value="30"/>
<string name="act" value="angry"/>
<string name="0" value="s4"/>
</imgdir>
</imgdir>
<imgdir name="stand0">
<canvas name="0" width="37" height="43">
<vector name="origin" x="17" y="43"/>
<int name="z" value="0"/>
<vector name="lt" x="-17" y="-43"/>
<vector name="rb" x="20" y="0"/>
<string name="_hash" value="b6fd0bc9de051583f2726ed53d04ecc8516aaceb3da77b5ecd94118c5309f60f"/>
</canvas>
<canvas name="1" width="36" height="43">
<vector name="origin" x="16" y="43"/>
<int name="z" value="0"/>
<vector name="lt" x="-17" y="-43"/>
<vector name="rb" x="20" y="0"/>
<string name="_hash" value="e0e837930f4694a4dc4090b7977cff59772cb5e354309f6d1c08ad25de5b1ac6"/>
</canvas>
<canvas name="2" width="36" height="43">
<vector name="origin" x="15" y="43"/>
<int name="z" value="0"/>
<vector name="lt" x="-17" y="-43"/>
<vector name="rb" x="20" y="0"/>
<string name="_hash" value="e155cea05e2c989fbf22aadb9effc09f334e33a86ae6cca7ddf9ac55daf8abe3"/>
</canvas>
<canvas name="3" width="1" height="1">
<vector name="origin" x="16" y="43"/>
<int name="z" value="0"/>
<vector name="lt" x="-17" y="-43"/>
<vector name="rb" x="20" y="0"/>
<string name="_inlink" value="stand0/1"/>
</canvas>
</imgdir>
<imgdir name="stand1">
<canvas name="0" width="1" height="1">
<vector name="origin" x="17" y="43"/>
<int name="z" value="0"/>
<vector name="lt" x="-17" y="-43"/>
<vector name="rb" x="20" y="0"/>
<string name="_inlink" value="stand0/0"/>
</canvas>
<canvas name="1" width="36" height="43">
<vector name="origin" x="16" y="43"/>
<int name="z" value="0"/>
<vector name="lt" x="-17" y="-43"/>
<vector name="rb" x="20" y="0"/>
<string name="_hash" value="046daa78dbafd5e929efb1707c6ffbc13fda4ca1e66822628607c2a4781d108b"/>
</canvas>
<canvas name="2" width="36" height="43">
<vector name="origin" x="15" y="43"/>
<int name="z" value="0"/>
<vector name="lt" x="-17" y="-43"/>
<vector name="rb" x="20" y="0"/>
<string name="_hash" value="98a6617e5e86b5dd7526ada9d4ee94d5f1f67922b099f52d821445a966bcfe39"/>
</canvas>
<canvas name="3" width="36" height="43">
<vector name="origin" x="16" y="43"/>
<int name="z" value="0"/>
<vector name="lt" x="-17" y="-43"/>
<vector name="rb" x="20" y="0"/>
<string name="_hash" value="061e1acd14b5e878f7a77e9aeab34145a69b4db92f84e89c3304cfd35b1eb969"/>
</canvas>
</imgdir>
<imgdir name="rest0">
<canvas name="0" width="38" height="38">
<vector name="origin" x="17" y="38"/>
<int name="z" value="0"/>
<vector name="lt" x="-17" y="-43"/>
<vector name="rb" x="20" y="0"/>
<string name="_hash" value="90844f9b6620f8c003dd8c382c3c643596f35fcf320a44b322595109c74819b4"/>
</canvas>
<canvas name="1" width="38" height="38">
<vector name="origin" x="16" y="38"/>
<int name="z" value="0"/>
<vector name="lt" x="-17" y="-43"/>
<vector name="rb" x="20" y="0"/>
<string name="_hash" value="acb6f1947a03ed51961a274c0a83042e9024537cd420b782e9781a21f8334cb8"/>
</canvas>
<canvas name="2" width="38" height="38">
<vector name="origin" x="15" y="38"/>
<int name="z" value="0"/>
<vector name="lt" x="-17" y="-43"/>
<vector name="rb" x="20" y="0"/>
<string name="_hash" value="3089caaee4a1c26d35d0dfb617f650649cee80ee5ce67ccb17faefd3f5bab040"/>
</canvas>
<canvas name="3" width="38" height="38">
<vector name="origin" x="16" y="38"/>
<int name="z" value="0"/>
<vector name="lt" x="-17" y="-43"/>
<vector name="rb" x="20" y="0"/>
<string name="_hash" value="0f8bb36f37e933f87525f9e7ee084c036c55da3f43079399f8fd767362f72c68"/>
</canvas>
</imgdir>
<imgdir name="move">
<canvas name="0" width="37" height="42">
<vector name="origin" x="18" y="42"/>
<int name="z" value="0"/>
<vector name="lt" x="-17" y="-43"/>
<vector name="rb" x="20" y="0"/>
<string name="_hash" value="a453e7ae2e0971b01c3318ea16919852f69aa44a9e3690ae9dba95cb9e50b3cb"/>
</canvas>
<canvas name="1" width="37" height="41">
<vector name="origin" x="18" y="41"/>
<int name="z" value="0"/>
<vector name="lt" x="-17" y="-43"/>
<vector name="rb" x="20" y="0"/>
<string name="_hash" value="3c340c30d3bd34f6339222f6c0d3b5b0e45b933f87b108d26784d81eb59a1d20"/>
</canvas>
<canvas name="2" width="37" height="42">
<vector name="origin" x="18" y="42"/>
<int name="z" value="0"/>
<vector name="lt" x="-17" y="-43"/>
<vector name="rb" x="20" y="0"/>
<string name="_hash" value="d23c0a3ba340f448649ad0471c43a29ec6d1aaf35fc98b4fc64cd012fec255d7"/>
</canvas>
<canvas name="3" width="37" height="41">
<vector name="origin" x="18" y="41"/>
<int name="z" value="0"/>
<vector name="lt" x="-17" y="-43"/>
<vector name="rb" x="20" y="0"/>
<string name="_hash" value="a6402a0098cefe938a30c67c8f0a874de97b7ac35e57b8e2831058ec4650f8e8"/>
</canvas>
</imgdir>
<imgdir name="jump">
<canvas name="0" width="39" height="46">
<vector name="origin" x="19" y="48"/>
<int name="z" value="0"/>
<vector name="lt" x="-17" y="-43"/>
<vector name="rb" x="20" y="0"/>
<string name="_hash" value="6b2f21f35c3e1a681fb4b40c52b6a21d90c95ff29ad08635954925aa2d374338"/>
</canvas>
</imgdir>
<imgdir name="hang">
<canvas name="0" width="37" height="51">
<vector name="origin" x="18" y="56"/>
<int name="z" value="0"/>
<vector name="lt" x="-17" y="-43"/>
<vector name="rb" x="20" y="0"/>
<string name="_hash" value="e2b95c6898cba100c1e51461da8ba862c86f06ab48bf7047e61cdc08f25270cf"/>
</canvas>
</imgdir>
<imgdir name="hungry">
<canvas name="0" width="55" height="49">
<vector name="origin" x="18" y="49"/>
<int name="z" value="0"/>
<vector name="lt" x="-17" y="-43"/>
<vector name="rb" x="20" y="0"/>
<string name="_hash" value="e08ef05d28e4155cb19d9742be1c09388b3af1ae23ae7970a1fe42a4181dba8e"/>
</canvas>
<canvas name="1" width="55" height="50">
<vector name="origin" x="18" y="50"/>
<int name="z" value="0"/>
<vector name="lt" x="-17" y="-43"/>
<vector name="rb" x="20" y="0"/>
<string name="_hash" value="d75ebc5b5a52396af5bfde7c60c0d889f5e91c108e179aac10a3a779c898bf71"/>
</canvas>
<canvas name="2" width="55" height="49">
<vector name="origin" x="18" y="49"/>
<int name="z" value="0"/>
<vector name="lt" x="-17" y="-43"/>
<vector name="rb" x="20" y="0"/>
<string name="_hash" value="b01bfee5026ad32df5db9196ebd899a3c7e1bf17f028f81b5dbad630785461a7"/>
</canvas>
<canvas name="3" width="55" height="50">
<vector name="origin" x="18" y="50"/>
<int name="z" value="0"/>
<vector name="lt" x="-17" y="-43"/>
<vector name="rb" x="20" y="0"/>
<string name="_hash" value="e6db11d0525f55b84dd799c08eb569818e426d7591842cd35b8c69ef4ae1d494"/>
</canvas>
</imgdir>
<imgdir name="angry">
<canvas name="0" width="45" height="43">
<vector name="origin" x="25" y="43"/>
<int name="z" value="0"/>
<vector name="lt" x="-17" y="-43"/>
<vector name="rb" x="20" y="0"/>
<string name="_hash" value="d8d25e95b73202b15b4ae0d2db6cb34af0d20e35e2510b09e7133b30bf1e89cf"/>
</canvas>
<canvas name="1" width="45" height="43">
<vector name="origin" x="24" y="43"/>
<int name="z" value="0"/>
<vector name="lt" x="-17" y="-43"/>
<vector name="rb" x="20" y="0"/>
<string name="_hash" value="28f9dcee242f4e1a7aec0f13ab9e9e0f29bbdf1108190a8ff6c010d74dce88c4"/>
</canvas>
<canvas name="2" width="43" height="42">
<vector name="origin" x="25" y="42"/>
<int name="z" value="0"/>
<vector name="lt" x="-17" y="-43"/>
<vector name="rb" x="20" y="0"/>
<string name="_hash" value="db753c181b67dcdb919372493c1885f040a790bbcba4cb81cd794887a992c1bd"/>
</canvas>
<canvas name="3" width="41" height="42">
<vector name="origin" x="24" y="42"/>
<int name="z" value="0"/>
<vector name="lt" x="-17" y="-43"/>
<vector name="rb" x="20" y="0"/>
<string name="_hash" value="047d7e38565744393131b591412629f19ddffcd4c168a378d5d8e5ff65fce057"/>
</canvas>
</imgdir>
<imgdir name="chat">
<canvas name="0" width="37" height="43">
<vector name="origin" x="17" y="43"/>
<int name="z" value="0"/>
<vector name="lt" x="-17" y="-43"/>
<vector name="rb" x="20" y="0"/>
<string name="_hash" value="cdbbcba77c38b5e0c213dac3823f15a1b7edbebd17f8b209c341d613feb61812"/>
</canvas>
<canvas name="1" width="36" height="44">
<vector name="origin" x="16" y="44"/>
<int name="z" value="0"/>
<vector name="lt" x="-17" y="-43"/>
<vector name="rb" x="20" y="0"/>
<string name="_hash" value="d4eab915f89de81a36216c695db80b21e0e40d77d77507781d9bdd0f00e5475b"/>
</canvas>
<canvas name="2" width="36" height="43">
<vector name="origin" x="15" y="43"/>
<int name="z" value="0"/>
<vector name="lt" x="-17" y="-43"/>
<vector name="rb" x="20" y="0"/>
<string name="_hash" value="34f542d8a55657227807175f05ec197caa9d252d927424bcddbe4ccda0ac17bc"/>
</canvas>
<canvas name="3" width="1" height="1">
<vector name="origin" x="16" y="44"/>
<int name="z" value="0"/>
<vector name="lt" x="-17" y="-43"/>
<vector name="rb" x="20" y="0"/>
<string name="_inlink" value="chat/1"/>
</canvas>
</imgdir>
<imgdir name="love">
<canvas name="0" width="41" height="47">
<vector name="origin" x="21" y="47"/>
<int name="z" value="0"/>
<vector name="lt" x="-17" y="-43"/>
<vector name="rb" x="20" y="0"/>
<string name="_hash" value="583864f770b500f77927e5f9e32aec27e56985765f4706850b5cc1c849df26f6"/>
</canvas>
<canvas name="1" width="45" height="50">
<vector name="origin" x="26" y="50"/>
<int name="z" value="0"/>
<vector name="lt" x="-17" y="-43"/>
<vector name="rb" x="20" y="0"/>
<string name="_hash" value="9083c3fc7d7aebf79c7ffc43ef473cfb621bce2b4b25375fa3a854cf4ef3ac88"/>
</canvas>
<canvas name="2" width="51" height="43">
<vector name="origin" x="31" y="43"/>
<int name="z" value="0"/>
<vector name="lt" x="-17" y="-43"/>
<vector name="rb" x="20" y="0"/>
<string name="_hash" value="2d617e2c51f168059b932ff32d8bbee5a800fd43340d9009a24a5d71060ea432"/>
</canvas>
<canvas name="3" width="47" height="45">
<vector name="origin" x="28" y="45"/>
<int name="z" value="0"/>
<vector name="lt" x="-17" y="-43"/>
<vector name="rb" x="20" y="0"/>
<string name="_hash" value="85db0636c5f34ff4821de29856af3b02473212085160bde6b1eb819df4db4dcf"/>
</canvas>
</imgdir>
<imgdir name="eat">
<canvas name="0" width="37" height="43">
<vector name="origin" x="17" y="43"/>
<int name="z" value="0"/>
<vector name="lt" x="-17" y="-43"/>
<vector name="rb" x="20" y="0"/>
<string name="_hash" value="23d8933f164fa8328b6813c86b6077db5b411333fadbe29ef3b3df5d2e3491cb"/>
</canvas>
<canvas name="1" width="37" height="44">
<vector name="origin" x="17" y="44"/>
<int name="z" value="0"/>
<vector name="lt" x="-17" y="-43"/>
<vector name="rb" x="20" y="0"/>
<string name="_hash" value="29d70af76cede1cbce5b53ce8bc0931609429d0679f5a5705d221451f40fb95c"/>
</canvas>
<canvas name="2" width="37" height="44">
<vector name="origin" x="17" y="44"/>
<int name="z" value="0"/>
<vector name="lt" x="-17" y="-43"/>
<vector name="rb" x="20" y="0"/>
<string name="_hash" value="44d04504fa80d96b85b49b0ffdda5018f1546a424a013c8928bbf6a0a96fef4e"/>
</canvas>
<canvas name="3" width="37" height="43">
<vector name="origin" x="17" y="43"/>
<int name="z" value="0"/>
<vector name="lt" x="-17" y="-43"/>
<vector name="rb" x="20" y="0"/>
<string name="_hash" value="be2f7df319d34749345a16027a4af9a8d4c444706cc2fdfa20da1eb550560b57"/>
</canvas>
<canvas name="4" width="37" height="43">
<vector name="origin" x="17" y="43"/>
<int name="z" value="0"/>
<vector name="lt" x="-17" y="-43"/>
<vector name="rb" x="20" y="0"/>
<string name="_hash" value="fb250ccbfc00604a47e73d6b137fe3519bf22be8e4043bd6b7af2b62c55768a7"/>
</canvas>
<canvas name="5" width="1" height="1">
<vector name="origin" x="17" y="43"/>
<int name="z" value="0"/>
<vector name="lt" x="-17" y="-43"/>
<vector name="rb" x="20" y="0"/>
<string name="_inlink" value="eat/3"/>
</canvas>
<canvas name="6" width="1" height="1">
<vector name="origin" x="17" y="43"/>
<int name="z" value="0"/>
<vector name="lt" x="-17" y="-43"/>
<vector name="rb" x="20" y="0"/>
<string name="_inlink" value="eat/4"/>
</canvas>
<canvas name="7" width="1" height="1">
<vector name="origin" x="17" y="43"/>
<int name="z" value="0"/>
<vector name="lt" x="-17" y="-43"/>
<vector name="rb" x="20" y="0"/>
<string name="_inlink" value="eat/3"/>
</canvas>
</imgdir>
<imgdir name="dung">
<canvas name="0" width="38" height="44">
<vector name="origin" x="18" y="44"/>
<int name="z" value="0"/>
<vector name="lt" x="-17" y="-43"/>
<vector name="rb" x="20" y="0"/>
<string name="_hash" value="6e405028972d0298c84008d75a5572d9a7189e46897e68bd1d80518875a0629b"/>
</canvas>
<canvas name="1" width="40" height="43">
<vector name="origin" x="18" y="43"/>
<int name="z" value="0"/>
<vector name="lt" x="-17" y="-43"/>
<vector name="rb" x="20" y="0"/>
<string name="_hash" value="5ddcb37ecd04dfd47268b23a878137c9eb653cf9793f1e64c2e3fa4c82fff7f2"/>
</canvas>
<canvas name="2" width="48" height="50">
<vector name="origin" x="18" y="50"/>
<int name="z" value="0"/>
<vector name="lt" x="-17" y="-43"/>
<vector name="rb" x="20" y="0"/>
<string name="_hash" value="1724570256e1612bef2b9e55270439d0d27afbf0057d845cfde37b6aa9f3a82e"/>
</canvas>
<canvas name="3" width="53" height="55">
<vector name="origin" x="18" y="55"/>
<int name="z" value="0"/>
<vector name="lt" x="-17" y="-43"/>
<vector name="rb" x="20" y="0"/>
<string name="_hash" value="6dcdd686933cee51bfb2b5c1957f021cfed60f6c1f0626868cfa8a4cb6008761"/>
</canvas>
</imgdir>
<imgdir name="sleep">
<canvas name="0" width="49" height="56">
<vector name="origin" x="33" y="50"/>
<int name="z" value="0"/>
<vector name="lt" x="-17" y="-43"/>
<vector name="rb" x="20" y="0"/>
<string name="_hash" value="23ff8ea21b6a0e153546c8de084d61e14677b728df7729b81b2f38eab0855bc4"/>
</canvas>
<canvas name="1" width="49" height="54">
<vector name="origin" x="33" y="48"/>
<int name="z" value="0"/>
<vector name="lt" x="-17" y="-43"/>
<vector name="rb" x="20" y="0"/>
<string name="_hash" value="c7e8198d982f1b1c229cb1eaa5e770ec80f93401ba2d23688311fe7d1fa8905e"/>
</canvas>
<canvas name="2" width="49" height="54">
<vector name="origin" x="33" y="48"/>
<int name="z" value="0"/>
<vector name="lt" x="-17" y="-43"/>
<vector name="rb" x="20" y="0"/>
<string name="_hash" value="10c606234bdeff9c7c9d10d2ae01c918324b74590582f67353eccef7616e8f76"/>
</canvas>
<canvas name="3" width="51" height="56">
<vector name="origin" x="35" y="50"/>
<int name="z" value="0"/>
<vector name="lt" x="-17" y="-43"/>
<vector name="rb" x="20" y="0"/>
<string name="_hash" value="b1c8acba90616c7b3906c74621f72de483e5bc8a0ccec841b2ba4161af4f3240"/>
</canvas>
</imgdir>
<imgdir name="cry">
<canvas name="0" width="37" height="43">
<vector name="origin" x="17" y="43"/>
<int name="z" value="0"/>
<vector name="lt" x="-17" y="-43"/>
<vector name="rb" x="20" y="0"/>
<string name="_hash" value="4572472d2eedbe8340b41badd477249b8986e1ee4225272d08aa7bb1ccdacd46"/>
</canvas>
<canvas name="1" width="37" height="42">
<vector name="origin" x="17" y="42"/>
<int name="z" value="0"/>
<vector name="lt" x="-17" y="-43"/>
<vector name="rb" x="20" y="0"/>
<string name="_hash" value="050c4c38a7bf9aed34382566fe09fe49075c8bfe392a6ddcaa54ee1382c84bfa"/>
</canvas>
<canvas name="2" width="37" height="42">
<vector name="origin" x="17" y="42"/>
<int name="z" value="0"/>
<vector name="lt" x="-17" y="-43"/>
<vector name="rb" x="20" y="0"/>
<string name="_hash" value="5ba2d9052c298709f6a0d068627f89dce2b6a69cb227759f0e2b08afa5da9d9f"/>
</canvas>
<canvas name="3" width="49" height="43">
<vector name="origin" x="25" y="43"/>
<int name="z" value="0"/>
<vector name="lt" x="-17" y="-43"/>
<vector name="rb" x="20" y="0"/>
<string name="_hash" value="bc0109dda26831522ad7ca39008f5997564651be9f2cb64bfedc7cf02f175cdf"/>
</canvas>
<canvas name="4" width="37" height="42">
<vector name="origin" x="17" y="42"/>
<int name="z" value="0"/>
<vector name="lt" x="-17" y="-43"/>
<vector name="rb" x="20" y="0"/>
<string name="_hash" value="3e21633ad02d480ff32f1295544b2b29072642e5e24fdc4a0896f4938f61d7e3"/>
</canvas>
<canvas name="5" width="1" height="1">
<vector name="origin" x="25" y="43"/>
<int name="z" value="0"/>
<vector name="lt" x="-17" y="-43"/>
<vector name="rb" x="20" y="0"/>
<string name="_inlink" value="cry/3"/>
</canvas>
<canvas name="6" width="1" height="1">
<vector name="origin" x="17" y="42"/>
<int name="z" value="0"/>
<vector name="lt" x="-17" y="-43"/>
<vector name="rb" x="20" y="0"/>
<string name="_inlink" value="cry/4"/>
</canvas>
<canvas name="7" width="1" height="1">
<vector name="origin" x="17" y="42"/>
<int name="z" value="0"/>
<vector name="lt" x="-17" y="-43"/>
<vector name="rb" x="20" y="0"/>
<string name="_inlink" value="cry/2"/>
</canvas>
</imgdir>
<imgdir name="sit">
<uol name="0" value="../rest0/0"/>
<uol name="1" value="../rest0/1"/>
<uol name="2" value="../rest0/2"/>
<uol name="3" value="../rest0/3"/>
</imgdir>
<imgdir name="fly">
<uol name="0" value="../jump/0"/>
</imgdir>
<imgdir name="ignore">
<canvas name="0" width="46" height="52">
<vector name="origin" x="26" y="52"/>
<int name="z" value="0"/>
<vector name="lt" x="-17" y="-43"/>
<vector name="rb" x="20" y="0"/>
<string name="_hash" value="a1c5081f0ae92b55f31e47ff8a96739edc9c66a893e51edbbc9c6ab35775ba5c"/>
</canvas>
<canvas name="1" width="46" height="52">
<vector name="origin" x="26" y="52"/>
<int name="z" value="0"/>
<vector name="lt" x="-17" y="-43"/>
<vector name="rb" x="20" y="0"/>
<string name="_hash" value="f1b3caa1ffb15776571b3a3fe78649adce606f03d4a8a98df93c7815ba62c002"/>
</canvas>
<canvas name="2" width="46" height="52">
<vector name="origin" x="26" y="52"/>
<int name="z" value="0"/>
<vector name="lt" x="-17" y="-43"/>
<vector name="rb" x="20" y="0"/>
<string name="_hash" value="5f306667cd5307fa8980e250e55bbab4f2fb735bf9eabcecf2c67eb24f0bd881"/>
</canvas>
<canvas name="3" width="46" height="52">
<vector name="origin" x="26" y="52"/>
<int name="z" value="0"/>
<vector name="lt" x="-17" y="-43"/>
<vector name="rb" x="20" y="0"/>
<string name="_hash" value="8e457021a8db082bbdf981346235e466f3d86005fb3e2081c47f1e82cf9115e4"/>
</canvas>
</imgdir>
<imgdir name="no">
<canvas name="0" width="35" height="43">
<vector name="origin" x="15" y="43"/>
<int name="z" value="0"/>
<vector name="lt" x="-17" y="-43"/>
<vector name="rb" x="20" y="0"/>
<string name="_hash" value="be4936fa67f699f963b70e7f6e494985ad8568aae3326f152255eb2426966522"/>
</canvas>
<canvas name="1" width="36" height="43">
<vector name="origin" x="16" y="43"/>
<int name="z" value="0"/>
<vector name="lt" x="-17" y="-43"/>
<vector name="rb" x="20" y="0"/>
<string name="_hash" value="894b610422614aa2ff45a71506e73cd1a1b2256c8bef21fd451285e784c973fa"/>
</canvas>
<canvas name="2" width="1" height="1">
<vector name="origin" x="15" y="43"/>
<int name="z" value="0"/>
<vector name="lt" x="-17" y="-43"/>
<vector name="rb" x="20" y="0"/>
<string name="_inlink" value="no/0"/>
</canvas>
<canvas name="3" width="1" height="1">
<vector name="origin" x="16" y="43"/>
<int name="z" value="0"/>
<vector name="lt" x="-17" y="-43"/>
<vector name="rb" x="20" y="0"/>
<string name="_inlink" value="no/1"/>
</canvas>
</imgdir>
</imgdir>
