<?xml version="1.0" encoding="UTF-8" standalone="yes"?>
<imgdir name="5000966.img">
<imgdir name="info">
<canvas name="icon" width="30" height="26">
<vector name="origin" x="-2" y="27"/>
<string name="_hash" value="9b7eeacb88e4cd48e96af94fa1cc8461eae0110e9ffe4c17142bfffc990f4b55"/>
</canvas>
<canvas name="iconRaw" width="28" height="24">
<vector name="origin" x="-3" y="27"/>
<string name="_hash" value="d9d9e65655e8c4c248103fd8d55af6e6c78094371d9856b82558121f4542a1d4"/>
</canvas>
<canvas name="iconD" width="30" height="26">
<vector name="origin" x="-2" y="27"/>
<string name="_hash" value="9b2d3554e01d4a110a6550a7906c031d8861e1457405297b0d98d5704d9da329"/>
</canvas>
<canvas name="iconRawD" width="27" height="24">
<vector name="origin" x="-3" y="27"/>
<string name="_hash" value="fc6bc94ecff7ea164132f0d93d7b221d49f764d7f00a85d9f6bf2ed36ccde7c7"/>
</canvas>
<int name="hungry" value="2"/>
<int name="cash" value="1"/>
<int name="life" value="90"/>
<int name="chatBalloon" value="377"/>
<int name="nameTag" value="377"/>
<int name="pickupItem" value="1"/>
<int name="multiPet" value="1"/>
<int name="autoBuff" value="1"/>
<int name="sweepForDrop" value="1"/>
<int name="setItemID" value="748"/>
<int name="wonderGrade" value="2"/>
</imgdir>
<imgdir name="interact">
<imgdir name="0">
<string name="command" value="c1"/>
<int name="inc" value="1"/>
<int name="prob" value="45"/>
<int name="l0" value="1"/>
<int name="l1" value="9"/>
<imgdir name="success">
<imgdir name="0">
<string name="act" value="rest0"/>
<string name="0" value="c1_s1"/>
<string name="1" value="c1_s2"/>
</imgdir>
</imgdir>
<imgdir name="fail">
<imgdir name="0">
<string name="act" value="stand0"/>
<string name="0" value="c1_f1"/>
<string name="1" value="c1_f2"/>
</imgdir>
</imgdir>
</imgdir>
<imgdir name="1">
<string name="command" value="c2"/>
<int name="inc" value="1"/>
<int name="prob" value="60"/>
<int name="l0" value="10"/>
<int name="l1" value="19"/>
<imgdir name="success">
<imgdir name="0">
<string name="act" value="rest0"/>
<string name="0" value="c2_s1"/>
<string name="1" value="c2_s2"/>
<string name="2" value="c2_s3"/>
<string name="3" value="c2_s4"/>
</imgdir>
</imgdir>
<imgdir name="fail">
<imgdir name="0">
<string name="act" value="stand1"/>
<string name="0" value="c2_f1"/>
<string name="1" value="c2_f2"/>
<string name="2" value="c2_f3"/>
<string name="3" value="c2_f4"/>
</imgdir>
</imgdir>
</imgdir>
<imgdir name="2">
<string name="command" value="c3"/>
<int name="inc" value="1"/>
<int name="prob" value="75"/>
<int name="l0" value="20"/>
<int name="l1" value="29"/>
<imgdir name="success">
<imgdir name="0">
<string name="act" value="rest0"/>
<string name="0" value="c3_s1"/>
<string name="1" value="c3_s2"/>
<string name="2" value="c3_s3"/>
<string name="3" value="c3_s4"/>
</imgdir>
</imgdir>
<imgdir name="fail">
<imgdir name="0">
<string name="act" value="stand1"/>
<string name="0" value="c3_f1"/>
<string name="1" value="c3_f2"/>
<string name="2" value="c3_f3"/>
<string name="3" value="c3_f4"/>
</imgdir>
</imgdir>
</imgdir>
<imgdir name="3">
<string name="command" value="c4"/>
<int name="inc" value="1"/>
<int name="prob" value="90"/>
<int name="l0" value="30"/>
<int name="l1" value="30"/>
<imgdir name="success">
<imgdir name="0">
<string name="act" value="rest0"/>
<string name="0" value="c4_s1"/>
<string name="1" value="c4_s2"/>
<string name="2" value="c4_s3"/>
<string name="3" value="c4_s4"/>
</imgdir>
</imgdir>
<imgdir name="fail">
<imgdir name="0">
<string name="act" value="what"/>
<string name="0" value="c4_f1"/>
<string name="1" value="c4_f2"/>
<string name="2" value="c4_f3"/>
<string name="3" value="c4_f4"/>
</imgdir>
</imgdir>
</imgdir>
<imgdir name="4">
<string name="command" value="c5"/>
<int name="inc" value="1"/>
<int name="prob" value="60"/>
<int name="l0" value="1"/>
<int name="l1" value="9"/>
<imgdir name="success">
<imgdir name="0">
<string name="act" value="cry"/>
<string name="0" value="c5_s1"/>
<string name="1" value="c5_s2"/>
</imgdir>
</imgdir>
<imgdir name="fail">
<imgdir name="0">
<string name="act" value="stand1"/>
<string name="0" value="c5_f1"/>
<string name="1" value="c5_f2"/>
</imgdir>
</imgdir>
</imgdir>
<imgdir name="5">
<string name="command" value="c6"/>
<int name="inc" value="1"/>
<int name="prob" value="75"/>
<int name="l0" value="10"/>
<int name="l1" value="19"/>
<imgdir name="success">
<imgdir name="0">
<string name="act" value="cry"/>
<string name="0" value="c6_s1"/>
<string name="1" value="c6_s2"/>
<string name="2" value="c6_s3"/>
<string name="3" value="c6_s4"/>
</imgdir>
</imgdir>
<imgdir name="fail">
<imgdir name="0">
<string name="act" value="stand1"/>
<string name="0" value="c6_f1"/>
<string name="1" value="c6_f2"/>
<string name="2" value="c6_f3"/>
<string name="3" value="c6_f4"/>
</imgdir>
</imgdir>
</imgdir>
<imgdir name="6">
<string name="command" value="c7"/>
<int name="inc" value="1"/>
<int name="prob" value="45"/>
<int name="l0" value="20"/>
<int name="l1" value="29"/>
<imgdir name="success">
<imgdir name="0">
<string name="act" value="cry"/>
<string name="0" value="c7_s1"/>
<string name="1" value="c7_s2"/>
<string name="2" value="c7_s3"/>
<string name="3" value="c7_s4"/>
</imgdir>
</imgdir>
<imgdir name="fail">
<imgdir name="0">
<string name="act" value="stand1"/>
<string name="0" value="c7_f1"/>
<string name="1" value="c7_f2"/>
<string name="2" value="c7_f3"/>
<string name="3" value="c7_f4"/>
</imgdir>
</imgdir>
</imgdir>
<imgdir name="7">
<string name="command" value="c8"/>
<int name="inc" value="1"/>
<int name="prob" value="60"/>
<int name="l0" value="30"/>
<int name="l1" value="30"/>
<imgdir name="success">
<imgdir name="0">
<string name="act" value="cry"/>
<string name="0" value="c8_s1"/>
<string name="1" value="c8_s2"/>
<string name="2" value="c8_s3"/>
<string name="3" value="c8_s4"/>
</imgdir>
</imgdir>
<imgdir name="fail">
<imgdir name="0">
<string name="act" value="stand1"/>
<string name="0" value="c8_f1"/>
<string name="1" value="c8_f2"/>
<string name="2" value="c8_f3"/>
<string name="3" value="c8_f4"/>
</imgdir>
</imgdir>
</imgdir>
<imgdir name="8">
<string name="command" value="c9"/>
<int name="inc" value="1"/>
<int name="prob" value="75"/>
<int name="l0" value="1"/>
<int name="l1" value="9"/>
<imgdir name="success">
<imgdir name="0">
<string name="act" value="love"/>
<string name="0" value="c9_s1"/>
<string name="1" value="c9_s2"/>
</imgdir>
</imgdir>
<imgdir name="fail">
<imgdir name="0">
<string name="act" value="stand0"/>
<string name="0" value="c9_f1"/>
<string name="1" value="c9_f2"/>
</imgdir>
</imgdir>
</imgdir>
<imgdir name="9">
<string name="command" value="c10"/>
<int name="inc" value="1"/>
<int name="prob" value="55"/>
<int name="l0" value="10"/>
<int name="l1" value="19"/>
<imgdir name="success">
<imgdir name="0">
<string name="act" value="love"/>
<string name="0" value="c10_s1"/>
<string name="1" value="c10_s2"/>
<string name="2" value="c10_s3"/>
<string name="3" value="c10_s4"/>
</imgdir>
</imgdir>
<imgdir name="fail">
<imgdir name="0">
<string name="act" value="stand0"/>
<string name="0" value="c10_f1"/>
<string name="1" value="c10_f2"/>
<string name="2" value="c10_f3"/>
<string name="3" value="c10_f4"/>
</imgdir>
</imgdir>
</imgdir>
<imgdir name="10">
<string name="command" value="c11"/>
<int name="inc" value="1"/>
<int name="prob" value="60"/>
<int name="l0" value="20"/>
<int name="l1" value="29"/>
<imgdir name="success">
<imgdir name="0">
<string name="act" value="love"/>
<string name="0" value="c11_s1"/>
<string name="1" value="c11_s2"/>
<string name="2" value="c11_s3"/>
<string name="3" value="c11_s4"/>
</imgdir>
</imgdir>
<imgdir name="fail">
<imgdir name="0">
<string name="act" value="what"/>
<string name="0" value="c11_f1"/>
<string name="1" value="c11_f2"/>
<string name="2" value="c11_f3"/>
<string name="3" value="c11_f4"/>
</imgdir>
</imgdir>
</imgdir>
<imgdir name="11">
<string name="command" value="c12"/>
<int name="inc" value="1"/>
<int name="prob" value="75"/>
<int name="l0" value="30"/>
<int name="l1" value="30"/>
<imgdir name="success">
<imgdir name="0">
<string name="act" value="love"/>
<string name="0" value="c12_s1"/>
<string name="1" value="c12_s2"/>
<string name="2" value="c12_s3"/>
<string name="3" value="c12_s4"/>
</imgdir>
</imgdir>
<imgdir name="fail">
<imgdir name="0">
<string name="act" value="stand0"/>
<string name="0" value="c12_f1"/>
<string name="1" value="c12_f2"/>
<string name="2" value="c12_f3"/>
<string name="3" value="c12_f4"/>
</imgdir>
</imgdir>
</imgdir>
<imgdir name="12">
<string name="command" value="c13"/>
<int name="inc" value="1"/>
<int name="prob" value="45"/>
<int name="l0" value="10"/>
<int name="l1" value="19"/>
<imgdir name="success">
<imgdir name="0">
<string name="act" value="dung"/>
<string name="0" value="c13_s1"/>
<string name="1" value="c13_s2"/>
<string name="2" value="c13_s3"/>
<string name="3" value="c13_s4"/>
</imgdir>
</imgdir>
<imgdir name="fail">
<imgdir name="0">
<string name="act" value="what"/>
<string name="0" value="c13_f1"/>
<string name="1" value="c13_f2"/>
<string name="2" value="c13_f3"/>
<string name="3" value="c13_f4"/>
</imgdir>
</imgdir>
</imgdir>
<imgdir name="13">
<string name="command" value="c14"/>
<int name="inc" value="1"/>
<int name="prob" value="60"/>
<int name="l0" value="20"/>
<int name="l1" value="29"/>
<imgdir name="success">
<imgdir name="0">
<string name="act" value="dung"/>
<string name="0" value="c14_s1"/>
<string name="1" value="c14_s2"/>
<string name="2" value="c14_s3"/>
<string name="3" value="c14_s4"/>
</imgdir>
</imgdir>
<imgdir name="fail">
<imgdir name="0">
<string name="act" value="cry"/>
<string name="0" value="c14_f1"/>
<string name="1" value="c14_f2"/>
<string name="2" value="c14_f3"/>
<string name="3" value="c14_f4"/>
</imgdir>
</imgdir>
</imgdir>
<imgdir name="14">
<string name="command" value="c15"/>
<int name="inc" value="1"/>
<int name="prob" value="75"/>
<int name="l0" value="30"/>
<int name="l1" value="30"/>
<imgdir name="success">
<imgdir name="0">
<string name="act" value="dung"/>
<string name="0" value="c15_s1"/>
<string name="1" value="c15_s2"/>
<string name="2" value="c15_s3"/>
<string name="3" value="c15_s4"/>
</imgdir>
</imgdir>
<imgdir name="fail">
<imgdir name="0">
<string name="act" value="chat"/>
<string name="0" value="c15_f1"/>
<string name="1" value="c15_f2"/>
<string name="2" value="c15_f3"/>
<string name="3" value="c15_f4"/>
</imgdir>
</imgdir>
</imgdir>
<imgdir name="15">
<string name="command" value="c16"/>
<int name="inc" value="1"/>
<int name="prob" value="80"/>
<int name="l0" value="10"/>
<int name="l1" value="19"/>
<imgdir name="success">
<imgdir name="0">
<string name="act" value="sleep"/>
<string name="0" value="c16_s1"/>
<string name="1" value="c16_s2"/>
<string name="2" value="c16_s3"/>
<string name="3" value="c16_s4"/>
</imgdir>
</imgdir>
<imgdir name="fail">
<imgdir name="0">
<string name="act" value="hungry"/>
<string name="0" value="c16_f1"/>
<string name="1" value="c16_f2"/>
<string name="2" value="c16_f3"/>
<string name="3" value="c16_f4"/>
</imgdir>
</imgdir>
</imgdir>
<imgdir name="16">
<string name="command" value="c17"/>
<int name="inc" value="2"/>
<int name="prob" value="80"/>
<int name="l0" value="20"/>
<int name="l1" value="29"/>
<imgdir name="success">
<imgdir name="0">
<string name="act" value="sleep"/>
<string name="0" value="c17_s1"/>
<string name="1" value="c17_s2"/>
<string name="2" value="c17_s3"/>
<string name="3" value="c17_s4"/>
</imgdir>
</imgdir>
<imgdir name="fail">
<imgdir name="0">
<string name="act" value="jump"/>
<string name="0" value="c17_f1"/>
<string name="1" value="c17_f2"/>
<string name="2" value="c17_f3"/>
<string name="3" value="c17_f4"/>
</imgdir>
</imgdir>
</imgdir>
<imgdir name="17">
<string name="command" value="c18"/>
<int name="inc" value="2"/>
<int name="prob" value="80"/>
<int name="l0" value="30"/>
<int name="l1" value="30"/>
<imgdir name="success">
<imgdir name="0">
<string name="act" value="chat"/>
<string name="0" value="c18_s1"/>
<string name="1" value="c18_s2"/>
<string name="2" value="c18_s3"/>
<string name="3" value="c18_s4"/>
</imgdir>
</imgdir>
<imgdir name="fail">
<imgdir name="0">
<string name="act" value="move"/>
<string name="0" value="c18_f1"/>
<string name="1" value="c18_f2"/>
<string name="2" value="c18_f3"/>
<string name="3" value="c18_f4"/>
</imgdir>
</imgdir>
</imgdir>
<imgdir name="18">
<string name="command" value="c19"/>
<int name="inc" value="2"/>
<int name="prob" value="50"/>
<int name="l0" value="10"/>
<int name="l1" value="19"/>
<imgdir name="success">
<imgdir name="0">
<string name="act" value="chat"/>
<string name="0" value="c19_s1"/>
<string name="1" value="c19_s2"/>
<string name="2" value="c19_s3"/>
<string name="3" value="c19_s4"/>
</imgdir>
</imgdir>
<imgdir name="fail">
<imgdir name="0">
<string name="act" value="what"/>
<string name="0" value="c19_f1"/>
<string name="1" value="c19_f2"/>
<string name="2" value="c19_f3"/>
<string name="3" value="c19_f4"/>
</imgdir>
</imgdir>
</imgdir>
<imgdir name="19">
<string name="command" value="c20"/>
<int name="inc" value="2"/>
<int name="prob" value="65"/>
<int name="l0" value="20"/>
<int name="l1" value="29"/>
<imgdir name="success">
<imgdir name="0">
<string name="act" value="chat"/>
<string name="0" value="c20_s1"/>
<string name="1" value="c20_s2"/>
<string name="2" value="c20_s3"/>
<string name="3" value="c20_s4"/>
</imgdir>
</imgdir>
<imgdir name="fail">
<imgdir name="0">
<string name="act" value="what"/>
<string name="0" value="c20_f1"/>
<string name="1" value="c20_f2"/>
<string name="2" value="c20_f3"/>
<string name="3" value="c20_f4"/>
</imgdir>
</imgdir>
</imgdir>
<imgdir name="20">
<string name="command" value="c21"/>
<int name="inc" value="2"/>
<int name="prob" value="80"/>
<int name="l0" value="30"/>
<int name="l1" value="30"/>
<imgdir name="success">
<imgdir name="0">
<string name="act" value="chat"/>
<string name="0" value="c21_s1"/>
<string name="1" value="c21_s2"/>
<string name="2" value="c21_s3"/>
<string name="3" value="c21_s4"/>
</imgdir>
</imgdir>
<imgdir name="fail">
<imgdir name="0">
<string name="act" value="what"/>
<string name="0" value="c21_f1"/>
<string name="1" value="c21_f2"/>
<string name="2" value="c21_f3"/>
<string name="3" value="c21_f4"/>
</imgdir>
</imgdir>
</imgdir>
</imgdir>
<imgdir name="food">
<imgdir name="0">
<int name="l0" value="1"/>
<int name="l1" value="9"/>
<imgdir name="success">
<imgdir name="0">
<string name="act" value="eat"/>
<string name="0" value="f1_s"/>
</imgdir>
</imgdir>
<imgdir name="fail">
<imgdir name="0">
<string name="act" value="cry"/>
<string name="0" value="f1_f"/>
</imgdir>
</imgdir>
</imgdir>
<imgdir name="1">
<int name="l0" value="10"/>
<int name="l1" value="19"/>
<imgdir name="success">
<imgdir name="0">
<string name="act" value="eat"/>
<string name="0" value="f2_s"/>
</imgdir>
</imgdir>
<imgdir name="fail">
<imgdir name="0">
<string name="act" value="cry"/>
<string name="0" value="f2_f"/>
</imgdir>
</imgdir>
</imgdir>
<imgdir name="2">
<int name="l0" value="20"/>
<int name="l1" value="29"/>
<imgdir name="success">
<imgdir name="0">
<string name="act" value="eat"/>
<string name="0" value="f3_s"/>
</imgdir>
</imgdir>
<imgdir name="fail">
<imgdir name="0">
<string name="act" value="cry"/>
<string name="0" value="f3_f"/>
</imgdir>
</imgdir>
</imgdir>
<imgdir name="3">
<int name="l0" value="30"/>
<int name="l1" value="30"/>
<imgdir name="success">
<imgdir name="0">
<string name="act" value="eat"/>
<string name="0" value="f4_s"/>
</imgdir>
</imgdir>
<imgdir name="fail">
<imgdir name="0">
<string name="act" value="cry"/>
<string name="0" value="f4_f"/>
</imgdir>
</imgdir>
</imgdir>
</imgdir>
<imgdir name="slang">
<imgdir name="0">
<int name="l0" value="1"/>
<int name="l1" value="9"/>
<string name="act" value="cry"/>
<string name="0" value="s1"/>
</imgdir>
<imgdir name="1">
<int name="l0" value="10"/>
<int name="l1" value="19"/>
<string name="act" value="cry"/>
<string name="0" value="s2"/>
</imgdir>
<imgdir name="2">
<int name="l0" value="20"/>
<int name="l1" value="29"/>
<string name="act" value="what"/>
<string name="0" value="s3"/>
</imgdir>
<imgdir name="3">
<int name="l0" value="30"/>
<int name="l1" value="30"/>
<string name="act" value="what"/>
<string name="0" value="s4"/>
</imgdir>
</imgdir>
<imgdir name="stand0">
<canvas name="0" width="1" height="1">
<vector name="origin" x="12" y="23"/>
<int name="z" value="0"/>
<int name="delay" value="150"/>
<vector name="lt" x="-16" y="-28"/>
<vector name="rb" x="15" y="1"/>
<string name="_inlink" value="info/iconRawD"/>
</canvas>
<canvas name="1" width="27" height="24">
<vector name="origin" x="12" y="23"/>
<int name="z" value="0"/>
<int name="delay" value="150"/>
<vector name="lt" x="-16" y="-28"/>
<vector name="rb" x="15" y="1"/>
<string name="_hash" value="dc4c39db273ac1408e92252f5e5278a9873dd12cda516b638e7185bf1975c4a0"/>
</canvas>
<canvas name="2" width="1" height="1">
<vector name="origin" x="12" y="23"/>
<int name="z" value="0"/>
<vector name="lt" x="-16" y="-28"/>
<vector name="rb" x="15" y="1"/>
<string name="_inlink" value="info/iconRawD"/>
</canvas>
<canvas name="3" width="1" height="1">
<vector name="origin" x="12" y="23"/>
<int name="z" value="0"/>
<vector name="lt" x="-16" y="-28"/>
<vector name="rb" x="15" y="1"/>
<string name="_inlink" value="info/iconRawD"/>
</canvas>
</imgdir>
<imgdir name="stand1">
<canvas name="0" width="1" height="1">
<vector name="origin" x="12" y="23"/>
<int name="z" value="0"/>
<vector name="lt" x="-16" y="-28"/>
<vector name="rb" x="15" y="1"/>
<string name="_inlink" value="info/iconRawD"/>
</canvas>
<canvas name="1" width="1" height="1">
<vector name="origin" x="12" y="23"/>
<int name="z" value="0"/>
<vector name="lt" x="-16" y="-28"/>
<vector name="rb" x="15" y="1"/>
<string name="_inlink" value="info/iconRawD"/>
</canvas>
<canvas name="2" width="1" height="1">
<vector name="origin" x="12" y="23"/>
<int name="z" value="0"/>
<vector name="lt" x="-16" y="-28"/>
<vector name="rb" x="15" y="1"/>
<string name="_inlink" value="info/iconRawD"/>
</canvas>
<canvas name="3" width="27" height="24">
<vector name="origin" x="13" y="23"/>
<int name="z" value="0"/>
<vector name="lt" x="-16" y="-28"/>
<vector name="rb" x="15" y="1"/>
<string name="_hash" value="ae5a49355e2d5492c22b65834b9a6200eab9fcad62844a32c78e25679a0e810c"/>
</canvas>
<canvas name="4" width="1" height="1">
<vector name="origin" x="12" y="23"/>
<int name="z" value="0"/>
<vector name="lt" x="-16" y="-28"/>
<vector name="rb" x="15" y="1"/>
<string name="_inlink" value="info/iconRawD"/>
</canvas>
<canvas name="5" width="1" height="1">
<vector name="origin" x="13" y="23"/>
<int name="z" value="0"/>
<vector name="lt" x="-16" y="-28"/>
<vector name="rb" x="15" y="1"/>
<string name="_inlink" value="stand1/3"/>
</canvas>
</imgdir>
<imgdir name="move">
<canvas name="0" width="27" height="24">
<vector name="origin" x="12" y="23"/>
<int name="z" value="0"/>
<int name="delay" value="90"/>
<vector name="lt" x="-16" y="-28"/>
<vector name="rb" x="15" y="1"/>
<string name="_hash" value="4f2faf6137969dba4d9f352758e309b6807ba8d2f5b2b8acaab1b08d5b9af217"/>
</canvas>
<canvas name="1" width="27" height="23">
<vector name="origin" x="12" y="22"/>
<int name="z" value="0"/>
<int name="delay" value="90"/>
<vector name="lt" x="-16" y="-28"/>
<vector name="rb" x="15" y="1"/>
<string name="_hash" value="37674fee7fe8af8060e0d918d2002417c2efff807ba248f73147d276c7942bf3"/>
</canvas>
<canvas name="2" width="27" height="24">
<vector name="origin" x="12" y="23"/>
<int name="z" value="0"/>
<int name="delay" value="90"/>
<vector name="lt" x="-16" y="-28"/>
<vector name="rb" x="15" y="1"/>
<string name="_hash" value="6b0384dad5f71e4fe5f0b830d35767d2cfb01b7b07e0c300c91739a4bbdcdb1c"/>
</canvas>
<canvas name="3" width="1" height="1">
<vector name="origin" x="12" y="22"/>
<int name="z" value="0"/>
<int name="delay" value="90"/>
<vector name="lt" x="-16" y="-28"/>
<vector name="rb" x="15" y="1"/>
<string name="_inlink" value="move/1"/>
</canvas>
</imgdir>
<imgdir name="jump">
<canvas name="0" width="28" height="24">
<vector name="origin" x="13" y="25"/>
<int name="z" value="0"/>
<vector name="lt" x="-16" y="-28"/>
<vector name="rb" x="15" y="1"/>
<string name="_hash" value="3cb362406b675d238eb199237f1394dc48a920b5d558952bb5a13934ae548806"/>
</canvas>
</imgdir>
<imgdir name="sleep">
<canvas name="0" width="28" height="22">
<vector name="origin" x="13" y="21"/>
<int name="z" value="0"/>
<int name="delay" value="180"/>
<vector name="lt" x="-16" y="-28"/>
<vector name="rb" x="15" y="1"/>
<string name="_hash" value="1b695cfd3a3f90eb45f8ffdda967d829ae07b5501d8d3a1c10244e26e53c1b50"/>
</canvas>
<canvas name="1" width="37" height="25">
<vector name="origin" x="17" y="24"/>
<int name="z" value="0"/>
<int name="delay" value="180"/>
<vector name="lt" x="-16" y="-28"/>
<vector name="rb" x="15" y="1"/>
<string name="_hash" value="41d853f4a818bf40e49839f06ea7b977c50b67fd6fd1fb341266ef6d41745fd7"/>
</canvas>
<canvas name="2" width="39" height="26">
<vector name="origin" x="17" y="25"/>
<int name="z" value="0"/>
<int name="delay" value="180"/>
<vector name="lt" x="-16" y="-28"/>
<vector name="rb" x="15" y="1"/>
<string name="_hash" value="3d3d00ede9bafebedbf3ec9b9f9e7e276ba585bda2f8a1f0f73fc1151d27b9e7"/>
</canvas>
<canvas name="3" width="42" height="27">
<vector name="origin" x="19" y="26"/>
<int name="z" value="0"/>
<int name="delay" value="180"/>
<vector name="lt" x="-16" y="-28"/>
<vector name="rb" x="15" y="1"/>
<string name="_hash" value="5a637ccce27cf5d4897221dfe48a2cf2e3cf9e6a9d12e26543d980a4296ac210"/>
</canvas>
<canvas name="4" width="38" height="25">
<vector name="origin" x="13" y="24"/>
<int name="z" value="0"/>
<vector name="lt" x="-16" y="-28"/>
<vector name="rb" x="15" y="1"/>
<string name="_hash" value="31e2224288c1818a08309ea2f987678ff77f53d2c9a459f0d96056e2e8ef9397"/>
</canvas>
</imgdir>
<imgdir name="hungry">
<canvas name="0" width="28" height="19">
<vector name="origin" x="14" y="18"/>
<int name="z" value="0"/>
<int name="delay" value="90"/>
<vector name="lt" x="-16" y="-28"/>
<vector name="rb" x="15" y="1"/>
<string name="_hash" value="cecced52d982fe0b924c57e85a8076c71e12d5be6e39e2e338ee796a0ae1d7ad"/>
</canvas>
<canvas name="1" width="28" height="19">
<vector name="origin" x="14" y="18"/>
<int name="z" value="0"/>
<int name="delay" value="90"/>
<vector name="lt" x="-16" y="-28"/>
<vector name="rb" x="15" y="1"/>
<string name="_hash" value="c9c1b3b57efb7fad719b9f3727499c003797ef670d839ac042f44b3299066faf"/>
</canvas>
<canvas name="2" width="1" height="1">
<vector name="origin" x="14" y="18"/>
<int name="z" value="0"/>
<vector name="lt" x="-16" y="-28"/>
<vector name="rb" x="15" y="1"/>
<string name="_inlink" value="hungry/0"/>
</canvas>
<canvas name="3" width="1" height="1">
<vector name="origin" x="14" y="18"/>
<int name="z" value="0"/>
<vector name="lt" x="-16" y="-28"/>
<vector name="rb" x="15" y="1"/>
<string name="_inlink" value="hungry/1"/>
</canvas>
</imgdir>
<imgdir name="hang">
<canvas name="0" width="28" height="24">
<vector name="origin" x="13" y="23"/>
<int name="z" value="0"/>
<vector name="lt" x="-16" y="-28"/>
<vector name="rb" x="15" y="1"/>
<string name="_hash" value="1ad9d304356f5bee61b316169b628d250443aeccc2e1c37ef210627f0d619ad6"/>
</canvas>
</imgdir>
<imgdir name="roll">
<canvas name="0" width="33" height="32">
<vector name="origin" x="15" y="29"/>
<int name="z" value="0"/>
<vector name="lt" x="-16" y="-28"/>
<vector name="rb" x="15" y="1"/>
<string name="_hash" value="7d24770335949135e454ac7c593282d117b39f9fc0a6a6b3654ba37df8f8b029"/>
</canvas>
<canvas name="1" width="30" height="36">
<vector name="origin" x="13" y="31"/>
<int name="z" value="0"/>
<vector name="lt" x="-16" y="-28"/>
<vector name="rb" x="15" y="1"/>
<string name="_hash" value="7f6aeb81e330db27bbfd8a25c63280376f36e2f91caaaeadff283ab5f40eec46"/>
</canvas>
</imgdir>
<imgdir name="eat">
<canvas name="0" width="29" height="24">
<vector name="origin" x="15" y="23"/>
<int name="z" value="0"/>
<vector name="lt" x="-16" y="-28"/>
<vector name="rb" x="15" y="1"/>
<string name="_hash" value="7edb1bab9e69a8fd30225212ad7d732276a636ecca1ecdd68e9b50cef3adbee1"/>
</canvas>
<canvas name="1" width="32" height="23">
<vector name="origin" x="18" y="22"/>
<int name="z" value="0"/>
<vector name="lt" x="-16" y="-28"/>
<vector name="rb" x="15" y="1"/>
<string name="_hash" value="f414cb7f9cea1bfc3992d12a55e1180de3046a2ae699a117a46ea9650e5a6b1c"/>
</canvas>
<canvas name="2" width="32" height="24">
<vector name="origin" x="18" y="23"/>
<int name="z" value="0"/>
<vector name="lt" x="-16" y="-28"/>
<vector name="rb" x="15" y="1"/>
<string name="_hash" value="1e090e4619d42c04b7942e91a2023e3e4d35750d5100107f19f248a2c7e72bf6"/>
</canvas>
<canvas name="3" width="1" height="1">
<vector name="origin" x="18" y="22"/>
<int name="z" value="0"/>
<vector name="lt" x="-16" y="-28"/>
<vector name="rb" x="15" y="1"/>
<string name="_inlink" value="eat/1"/>
</canvas>
<canvas name="4" width="33" height="24">
<vector name="origin" x="18" y="23"/>
<int name="z" value="0"/>
<vector name="lt" x="-16" y="-28"/>
<vector name="rb" x="15" y="1"/>
<string name="_hash" value="a9a5d7beaa00d0216a92952a4bc51c588611de51eaf1f6eeed33f10975b21d26"/>
</canvas>
<canvas name="5" width="30" height="24">
<vector name="origin" x="15" y="23"/>
<int name="z" value="0"/>
<vector name="lt" x="-16" y="-28"/>
<vector name="rb" x="15" y="1"/>
<string name="_hash" value="3fe6259ac859f1f5aed1a749b6bbc39dbb30457e920c2edccaf41fc663c36404"/>
</canvas>
</imgdir>
<imgdir name="chat">
<canvas name="0" width="32" height="27">
<vector name="origin" x="17" y="26"/>
<int name="z" value="0"/>
<int name="delay" value="150"/>
<vector name="lt" x="-16" y="-28"/>
<vector name="rb" x="15" y="1"/>
<string name="_hash" value="91f6fca1c74984f0335e27abb0126a9ad2a46daeae3efee1c8079188a5d02d4b"/>
</canvas>
<canvas name="1" width="32" height="27">
<vector name="origin" x="17" y="26"/>
<int name="z" value="0"/>
<int name="delay" value="150"/>
<vector name="lt" x="-16" y="-28"/>
<vector name="rb" x="15" y="1"/>
<string name="_hash" value="19b43ff8fb30aad33fb24bc4c0dc1b5abf04828269fe6bb16d3d220eb1643b4a"/>
</canvas>
<canvas name="2" width="1" height="1">
<vector name="origin" x="17" y="26"/>
<int name="z" value="0"/>
<int name="delay" value="150"/>
<vector name="lt" x="-16" y="-28"/>
<vector name="rb" x="15" y="1"/>
<string name="_inlink" value="chat/0"/>
</canvas>
<canvas name="3" width="1" height="1">
<vector name="origin" x="17" y="26"/>
<int name="z" value="0"/>
<int name="delay" value="150"/>
<vector name="lt" x="-16" y="-28"/>
<vector name="rb" x="15" y="1"/>
<string name="_inlink" value="chat/1"/>
</canvas>
</imgdir>
<imgdir name="love">
<canvas name="0" width="33" height="35">
<vector name="origin" x="14" y="32"/>
<int name="z" value="0"/>
<vector name="lt" x="-16" y="-28"/>
<vector name="rb" x="15" y="1"/>
<string name="_hash" value="a2e4dd0b9097b4bead31752d12d49ebc5ff65eafc16d7f65d43c193c691aac46"/>
</canvas>
<canvas name="1" width="33" height="34">
<vector name="origin" x="14" y="32"/>
<int name="z" value="0"/>
<vector name="lt" x="-16" y="-28"/>
<vector name="rb" x="15" y="1"/>
<string name="_hash" value="be2ef11c1fc8768f0b9c0196d75ae2445192579aeed90b83629b1e0624c332ad"/>
</canvas>
<canvas name="2" width="33" height="34">
<vector name="origin" x="14" y="31"/>
<int name="z" value="0"/>
<vector name="lt" x="-16" y="-28"/>
<vector name="rb" x="15" y="1"/>
<string name="_hash" value="8dc5e1165c825b039bc814666f3fefc3d62cb92c0ee0af9712275a793ddca976"/>
</canvas>
<canvas name="3" width="33" height="36">
<vector name="origin" x="14" y="32"/>
<int name="z" value="0"/>
<vector name="lt" x="-16" y="-28"/>
<vector name="rb" x="15" y="1"/>
<string name="_hash" value="e12789c34d7c587abb5fa10b3e528cc74575f92039c5236159e09da6f0511932"/>
</canvas>
</imgdir>
<imgdir name="cry">
<canvas name="0" width="33" height="24">
<vector name="origin" x="16" y="23"/>
<int name="z" value="0"/>
<vector name="lt" x="-16" y="-28"/>
<vector name="rb" x="15" y="1"/>
<string name="_hash" value="7ee3de386dfef94e6d3c02f1446f1b494b7a90df70bb79fc090236119cab1665"/>
</canvas>
<canvas name="1" width="35" height="24">
<vector name="origin" x="17" y="23"/>
<int name="z" value="0"/>
<vector name="lt" x="-16" y="-28"/>
<vector name="rb" x="15" y="1"/>
<string name="_hash" value="77f7818f7c3f0e25e1bc1ea33ec35a5c897983b622d58ee02bbcd580d183c3e7"/>
</canvas>
<canvas name="2" width="1" height="1">
<vector name="origin" x="16" y="23"/>
<int name="z" value="0"/>
<vector name="lt" x="-16" y="-28"/>
<vector name="rb" x="15" y="1"/>
<string name="_inlink" value="cry/0"/>
</canvas>
<canvas name="3" width="1" height="1">
<vector name="origin" x="17" y="23"/>
<int name="z" value="0"/>
<vector name="lt" x="-16" y="-28"/>
<vector name="rb" x="15" y="1"/>
<string name="_inlink" value="cry/1"/>
</canvas>
</imgdir>
<imgdir name="dung">
<canvas name="0" width="1" height="1">
<vector name="origin" x="12" y="23"/>
<int name="z" value="0"/>
<int name="delay" value="150"/>
<vector name="lt" x="-16" y="-28"/>
<vector name="rb" x="15" y="1"/>
<string name="_inlink" value="info/iconRawD"/>
</canvas>
<canvas name="1" width="27" height="23">
<vector name="origin" x="12" y="22"/>
<int name="z" value="0"/>
<int name="delay" value="150"/>
<vector name="lt" x="-16" y="-28"/>
<vector name="rb" x="15" y="1"/>
<string name="_hash" value="2fcb8f34af320ed0aadb44fc6bb8c20bc8f25e9eae57f216b1dd015fd3d03d4c"/>
</canvas>
<canvas name="2" width="27" height="24">
<vector name="origin" x="12" y="23"/>
<int name="z" value="0"/>
<int name="delay" value="150"/>
<vector name="lt" x="-16" y="-28"/>
<vector name="rb" x="15" y="1"/>
<string name="_hash" value="68fcbec7ff7906abaeea9910144e9a613f727736b7895256607f22851e6a8d92"/>
</canvas>
<canvas name="3" width="27" height="23">
<vector name="origin" x="12" y="22"/>
<int name="z" value="0"/>
<int name="delay" value="150"/>
<vector name="lt" x="-16" y="-28"/>
<vector name="rb" x="15" y="1"/>
<string name="_hash" value="307c75f36e9154e18f96f94c9291bf2386ca7aab547568ea837af1732302fd5a"/>
</canvas>
<canvas name="4" width="27" height="24">
<vector name="origin" x="12" y="23"/>
<int name="z" value="0"/>
<int name="delay" value="150"/>
<vector name="lt" x="-16" y="-28"/>
<vector name="rb" x="15" y="1"/>
<string name="_hash" value="dbfd7aab62f1cf01228eb5e5d792dab625b9fa607f91e4e8bb11444e6ef39e52"/>
</canvas>
<canvas name="5" width="1" height="1">
<vector name="origin" x="12" y="23"/>
<int name="z" value="0"/>
<int name="delay" value="150"/>
<vector name="lt" x="-16" y="-28"/>
<vector name="rb" x="15" y="1"/>
<string name="_inlink" value="info/iconRawD"/>
</canvas>
<canvas name="6" width="27" height="24">
<vector name="origin" x="12" y="23"/>
<int name="z" value="0"/>
<int name="delay" value="150"/>
<vector name="lt" x="-16" y="-28"/>
<vector name="rb" x="15" y="1"/>
<string name="_hash" value="cc863de038ea58b97b7467ec2ac631dfa68a97a5b8597172073813df7fdab5d5"/>
</canvas>
</imgdir>
<imgdir name="rest0">
<canvas name="0" width="27" height="23">
<vector name="origin" x="11" y="22"/>
<int name="z" value="0"/>
<vector name="lt" x="-16" y="-28"/>
<vector name="rb" x="15" y="1"/>
<string name="_hash" value="e51cec766ab135d8890eb92ea134cf6af1e58d9e337acd6c4350b65bb8d63d2c"/>
</canvas>
<canvas name="1" width="1" height="1">
<vector name="origin" x="11" y="22"/>
<int name="z" value="0"/>
<vector name="lt" x="-16" y="-28"/>
<vector name="rb" x="15" y="1"/>
<string name="_inlink" value="rest0/0"/>
</canvas>
<canvas name="2" width="1" height="1">
<vector name="origin" x="11" y="22"/>
<int name="z" value="0"/>
<vector name="lt" x="-16" y="-28"/>
<vector name="rb" x="15" y="1"/>
<string name="_inlink" value="rest0/0"/>
</canvas>
<canvas name="3" width="27" height="23">
<vector name="origin" x="11" y="22"/>
<int name="z" value="0"/>
<vector name="lt" x="-16" y="-28"/>
<vector name="rb" x="15" y="1"/>
<string name="_hash" value="b56e143ce073a70a506622be3aae8a6e85a3f66ecb5f1955d7ee40eecfd79dcf"/>
</canvas>
</imgdir>
<uol name="fly" value="jump"/>
<uol name="sit" value="rest0"/>
<imgdir name="what">
<canvas name="0" width="33" height="24">
<vector name="origin" x="12" y="23"/>
<int name="z" value="0"/>
<int name="delay" value="180"/>
<vector name="lt" x="-16" y="-28"/>
<vector name="rb" x="15" y="1"/>
<string name="_hash" value="6605a68fe3a3bab04942327cb717e2fa01b682a6e582601fe36829f29c2bbb3b"/>
</canvas>
<canvas name="1" width="33" height="24">
<vector name="origin" x="12" y="23"/>
<int name="z" value="0"/>
<int name="delay" value="180"/>
<vector name="lt" x="-16" y="-28"/>
<vector name="rb" x="15" y="1"/>
<string name="_hash" value="c48a14fb93d0253813b4c151aa144d5ba9a17b5a3620c9b7dc57abd12f96e7e5"/>
</canvas>
<canvas name="2" width="33" height="24">
<vector name="origin" x="12" y="23"/>
<int name="z" value="0"/>
<vector name="lt" x="-16" y="-28"/>
<vector name="rb" x="15" y="1"/>
<string name="_hash" value="d1eb7233626927d5deb308d67a863873e564dfc5b6e1fe0aef90cdbce22029c6"/>
</canvas>
<canvas name="3" width="33" height="24">
<vector name="origin" x="12" y="23"/>
<int name="z" value="0"/>
<vector name="lt" x="-16" y="-28"/>
<vector name="rb" x="15" y="1"/>
<string name="_hash" value="a180bc697db7849edd2db3e31c0279c1ee9f7697efa20d9f1ca064d3b1b52bf8"/>
</canvas>
</imgdir>
<imgdir name="angry">
<canvas name="0" width="27" height="24">
<vector name="origin" x="12" y="23"/>
<int name="z" value="0"/>
<int name="delay" value="150"/>
<vector name="lt" x="-16" y="-28"/>
<vector name="rb" x="15" y="1"/>
<string name="_hash" value="57a97ef0f1e73a5054e2d14ad864680aaeb561fcf8bf9daec3a2718ed6530ada"/>
</canvas>
<canvas name="1" width="35" height="24">
<vector name="origin" x="21" y="23"/>
<int name="z" value="0"/>
<int name="delay" value="150"/>
<vector name="lt" x="-16" y="-28"/>
<vector name="rb" x="15" y="1"/>
<string name="_hash" value="22775b5bdc4606b5619f18ad8023d7be9dff12a11253ccacc97312838e58d932"/>
</canvas>
<canvas name="2" width="36" height="23">
<vector name="origin" x="22" y="22"/>
<int name="z" value="0"/>
<vector name="lt" x="-16" y="-28"/>
<vector name="rb" x="15" y="1"/>
<string name="_hash" value="23b8d31c49ae24ff3a58acbe872b0a7cce337de69f6159de44ac50d0bbfceff2"/>
</canvas>
<canvas name="3" width="35" height="24">
<vector name="origin" x="22" y="25"/>
<int name="z" value="0"/>
<vector name="lt" x="-16" y="-28"/>
<vector name="rb" x="15" y="1"/>
<string name="_hash" value="8f890ec93aa298b2e6b5b217260901e8eea1609ca8e8e146fc331425ca6b8716"/>
</canvas>
<canvas name="4" width="1" height="1">
<vector name="origin" x="22" y="22"/>
<int name="z" value="0"/>
<vector name="lt" x="-16" y="-28"/>
<vector name="rb" x="15" y="1"/>
<string name="_inlink" value="angry/2"/>
</canvas>
<canvas name="5" width="27" height="24">
<vector name="origin" x="13" y="23"/>
<int name="z" value="0"/>
<vector name="lt" x="-16" y="-28"/>
<vector name="rb" x="15" y="1"/>
<string name="_hash" value="eefd138135207c4f51e092e961ba4a687772b07ca90ad4dec309552018aac6ab"/>
</canvas>
</imgdir>
</imgdir>
