<?xml version="1.0" encoding="UTF-8" standalone="yes"?>
<imgdir name="5000709.img">
<imgdir name="info">
<canvas name="icon" width="32" height="29">
<vector name="origin" x="0" y="28"/>
<string name="_hash" value="7bf439e5b63c4f97380576464d26bb6d094b0f49f7fbf8010d4043d0a62fd0cb"/>
</canvas>
<canvas name="iconRaw" width="31" height="29">
<vector name="origin" x="0" y="28"/>
<string name="_hash" value="f273cba4c3a6e34f789607b7e1719fe52ad2bbc2dd5487833f5673de130d195c"/>
</canvas>
<canvas name="iconD" width="35" height="34">
<vector name="origin" x="2" y="32"/>
<string name="_hash" value="e6687f1f8f97913a992de960c23343cb872e29c01a85fd630dde4d15adb3836f"/>
</canvas>
<canvas name="iconRawD" width="35" height="34">
<vector name="origin" x="2" y="32"/>
<string name="_hash" value="2aafffa1d9a208559f5903852cc1a3751f355f516e161bfdbc18bc0560db6a67"/>
</canvas>
<int name="hungry" value="2"/>
<int name="cash" value="1"/>
<int name="life" value="90"/>
<int name="pickupItem" value="1"/>
<int name="multiPet" value="1"/>
<int name="autoBuff" value="1"/>
<int name="chatBalloon" value="278"/>
<int name="nameTag" value="278"/>
<int name="setItemID" value="649"/>
</imgdir>
<imgdir name="interact">
<imgdir name="0">
<string name="command" value="c1"/>
<int name="inc" value="1"/>
<int name="prob" value="30"/>
<int name="l0" value="1"/>
<int name="l1" value="9"/>
<imgdir name="success">
<imgdir name="0">
<string name="act" value="rest0"/>
<string name="0" value="c1_s1"/>
<string name="1" value="c1_s2"/>
</imgdir>
</imgdir>
<imgdir name="fail">
<imgdir name="0">
<string name="act" value="stand0"/>
<string name="0" value="c1_f1"/>
<string name="1" value="c1_f2"/>
</imgdir>
</imgdir>
</imgdir>
<imgdir name="1">
<string name="command" value="c2"/>
<int name="inc" value="2"/>
<int name="prob" value="45"/>
<int name="l0" value="10"/>
<int name="l1" value="19"/>
<imgdir name="success">
<imgdir name="0">
<string name="act" value="rest0"/>
<string name="0" value="c2_s1"/>
<string name="1" value="c2_s2"/>
<string name="2" value="c2_s3"/>
<string name="3" value="c2_s4"/>
</imgdir>
</imgdir>
<imgdir name="fail">
<imgdir name="0">
<string name="act" value="stand0"/>
<string name="0" value="c2_f1"/>
<string name="1" value="c2_f2"/>
<string name="2" value="c2_f3"/>
<string name="3" value="c2_f4"/>
</imgdir>
</imgdir>
</imgdir>
<imgdir name="2">
<string name="command" value="c3"/>
<int name="inc" value="3"/>
<int name="prob" value="60"/>
<int name="l0" value="20"/>
<int name="l1" value="29"/>
<imgdir name="success">
<imgdir name="0">
<string name="act" value="rest0"/>
<string name="0" value="c3_s1"/>
<string name="1" value="c3_s2"/>
<string name="2" value="c3_s3"/>
<string name="3" value="c3_s4"/>
</imgdir>
</imgdir>
<imgdir name="fail">
<imgdir name="0">
<string name="act" value="stand0"/>
<string name="0" value="c3_f1"/>
<string name="1" value="c3_f2"/>
<string name="2" value="c3_f3"/>
<string name="3" value="c3_f4"/>
</imgdir>
</imgdir>
</imgdir>
<imgdir name="3">
<string name="command" value="c4"/>
<int name="inc" value="2"/>
<int name="prob" value="70"/>
<int name="l0" value="30"/>
<int name="l1" value="30"/>
<imgdir name="success">
<imgdir name="0">
<string name="act" value="rest0"/>
<string name="0" value="c4_s1"/>
<string name="1" value="c4_s2"/>
<string name="2" value="c4_s3"/>
<string name="3" value="c4_s4"/>
</imgdir>
</imgdir>
<imgdir name="fail">
<imgdir name="0">
<string name="act" value="stand0"/>
<string name="0" value="c4_f1"/>
<string name="1" value="c4_f2"/>
<string name="2" value="c4_f3"/>
<string name="3" value="c4_f4"/>
</imgdir>
</imgdir>
</imgdir>
<imgdir name="4">
<string name="command" value="c5"/>
<int name="inc" value="1"/>
<int name="prob" value="30"/>
<int name="l0" value="1"/>
<int name="l1" value="9"/>
<imgdir name="success">
<imgdir name="0">
<string name="act" value="cry"/>
<string name="0" value="c5_s1"/>
<string name="1" value="c5_s2"/>
</imgdir>
</imgdir>
<imgdir name="fail">
<imgdir name="0">
<string name="act" value="stand0"/>
<string name="0" value="c5_f1"/>
<string name="1" value="c5_f2"/>
</imgdir>
</imgdir>
</imgdir>
<imgdir name="5">
<string name="command" value="c6"/>
<int name="inc" value="2"/>
<int name="prob" value="50"/>
<int name="l0" value="10"/>
<int name="l1" value="19"/>
<imgdir name="success">
<imgdir name="0">
<string name="act" value="cry"/>
<string name="0" value="c6_s1"/>
<string name="1" value="c6_s2"/>
<string name="2" value="c6_s3"/>
<string name="3" value="c6_s4"/>
</imgdir>
</imgdir>
<imgdir name="fail">
<imgdir name="0">
<string name="act" value="angry"/>
<string name="0" value="c6_f1"/>
<string name="1" value="c6_f2"/>
<string name="2" value="c6_f3"/>
<string name="3" value="c6_f4"/>
</imgdir>
</imgdir>
</imgdir>
<imgdir name="6">
<string name="command" value="c7"/>
<int name="inc" value="2"/>
<int name="prob" value="60"/>
<int name="l0" value="20"/>
<int name="l1" value="29"/>
<imgdir name="success">
<imgdir name="0">
<string name="act" value="cry"/>
<string name="0" value="c7_s1"/>
<string name="1" value="c7_s2"/>
<string name="2" value="c7_s3"/>
<string name="3" value="c7_s4"/>
</imgdir>
</imgdir>
<imgdir name="fail">
<imgdir name="0">
<string name="act" value="angry"/>
<string name="0" value="c7_f1"/>
<string name="1" value="c7_f2"/>
<string name="2" value="c7_f3"/>
<string name="3" value="c7_f4"/>
</imgdir>
</imgdir>
</imgdir>
<imgdir name="7">
<string name="command" value="c8"/>
<int name="inc" value="3"/>
<int name="prob" value="70"/>
<int name="l0" value="30"/>
<int name="l1" value="30"/>
<imgdir name="success">
<imgdir name="0">
<string name="act" value="cry"/>
<string name="0" value="c8_s1"/>
<string name="1" value="c8_s2"/>
<string name="2" value="c8_s3"/>
<string name="3" value="c8_s4"/>
</imgdir>
</imgdir>
<imgdir name="fail">
<imgdir name="0">
<string name="act" value="angry"/>
<string name="0" value="c8_f1"/>
<string name="1" value="c8_f2"/>
<string name="2" value="c8_f3"/>
<string name="3" value="c8_f4"/>
</imgdir>
</imgdir>
</imgdir>
<imgdir name="8">
<string name="command" value="c9"/>
<int name="inc" value="1"/>
<int name="prob" value="30"/>
<int name="l0" value="1"/>
<int name="l1" value="9"/>
<imgdir name="success">
<imgdir name="0">
<string name="act" value="love"/>
<string name="0" value="c9_s1"/>
<string name="1" value="c9_s2"/>
</imgdir>
</imgdir>
<imgdir name="fail">
<imgdir name="0">
<string name="act" value="no"/>
<string name="0" value="c9_f1"/>
<string name="1" value="c9_f2"/>
</imgdir>
</imgdir>
</imgdir>
<imgdir name="9">
<string name="command" value="c10"/>
<int name="inc" value="2"/>
<int name="prob" value="50"/>
<int name="l0" value="10"/>
<int name="l1" value="19"/>
<imgdir name="success">
<imgdir name="0">
<string name="act" value="love"/>
<string name="0" value="c10_s1"/>
<string name="1" value="c10_s2"/>
<string name="2" value="c10_s3"/>
<string name="3" value="c10_s4"/>
</imgdir>
</imgdir>
<imgdir name="fail">
<imgdir name="0">
<string name="act" value="no"/>
<string name="0" value="c10_f1"/>
<string name="1" value="c10_f2"/>
<string name="2" value="c10_f3"/>
<string name="3" value="c10_f4"/>
</imgdir>
</imgdir>
</imgdir>
<imgdir name="10">
<string name="command" value="c11"/>
<int name="inc" value="2"/>
<int name="prob" value="60"/>
<int name="l0" value="20"/>
<int name="l1" value="29"/>
<imgdir name="success">
<imgdir name="0">
<string name="act" value="love"/>
<string name="0" value="c11_s1"/>
<string name="1" value="c11_s2"/>
<string name="2" value="c11_s3"/>
<string name="3" value="c11_s4"/>
</imgdir>
</imgdir>
<imgdir name="fail">
<imgdir name="0">
<string name="act" value="no"/>
<string name="0" value="c11_f1"/>
<string name="1" value="c11_f2"/>
<string name="2" value="c11_f3"/>
<string name="4" value="c11_f4"/>
</imgdir>
</imgdir>
</imgdir>
<imgdir name="11">
<string name="command" value="c12"/>
<int name="inc" value="3"/>
<int name="prob" value="70"/>
<int name="l0" value="30"/>
<int name="l1" value="30"/>
<imgdir name="success">
<imgdir name="0">
<string name="act" value="love"/>
<string name="0" value="c12_s1"/>
<string name="1" value="c12_s2"/>
<string name="2" value="c12_s3"/>
<string name="3" value="c12_s4"/>
</imgdir>
</imgdir>
<imgdir name="fail">
<imgdir name="0">
<string name="act" value="no"/>
<string name="0" value="c12_f1"/>
<string name="1" value="c12_f2"/>
<string name="2" value="c12_f3"/>
<string name="3" value="c12_f4"/>
</imgdir>
</imgdir>
</imgdir>
<imgdir name="12">
<string name="command" value="c13"/>
<int name="inc" value="1"/>
<int name="prob" value="30"/>
<int name="l0" value="10"/>
<int name="l1" value="19"/>
<imgdir name="success">
<imgdir name="0">
<string name="act" value="dung"/>
<string name="0" value="c13_s1"/>
<string name="1" value="c13_s2"/>
<string name="2" value="c13_s3"/>
<string name="3" value="c13_s4"/>
</imgdir>
</imgdir>
<imgdir name="fail">
<imgdir name="0">
<string name="act" value="stand0"/>
<string name="0" value="c13_f1"/>
<string name="1" value="c13_f2"/>
<string name="2" value="c13_f3"/>
<string name="3" value="c13_f4"/>
</imgdir>
</imgdir>
</imgdir>
<imgdir name="13">
<string name="command" value="c14"/>
<int name="inc" value="2"/>
<int name="prob" value="50"/>
<int name="l0" value="20"/>
<int name="l1" value="29"/>
<imgdir name="success">
<imgdir name="0">
<string name="act" value="dung"/>
<string name="0" value="c14_s1"/>
<string name="1" value="c14_s2"/>
<string name="2" value="c14_s3"/>
<string name="3" value="c14_s4"/>
</imgdir>
</imgdir>
<imgdir name="fail">
<imgdir name="0">
<string name="act" value="stand0"/>
<string name="0" value="c14_f1"/>
<string name="1" value="c14_f2"/>
<string name="2" value="c14_f3"/>
<string name="3" value="c14_f4"/>
</imgdir>
</imgdir>
</imgdir>
<imgdir name="14">
<string name="command" value="c15"/>
<int name="inc" value="3"/>
<int name="prob" value="70"/>
<int name="l0" value="30"/>
<int name="l1" value="30"/>
<imgdir name="success">
<imgdir name="0">
<string name="act" value="dung"/>
<string name="0" value="c15_s1"/>
<string name="1" value="c15_s2"/>
<string name="2" value="c15_s3"/>
<string name="3" value="c15_s4"/>
</imgdir>
</imgdir>
<imgdir name="fail">
<imgdir name="0">
<string name="act" value="angry"/>
<string name="0" value="c15_f1"/>
<string name="1" value="c15_f2"/>
<string name="2" value="c15_f3"/>
<string name="3" value="c15_f4"/>
</imgdir>
</imgdir>
</imgdir>
<imgdir name="15">
<string name="command" value="c16"/>
<int name="inc" value="1"/>
<int name="prob" value="30"/>
<int name="l0" value="10"/>
<int name="l1" value="19"/>
<imgdir name="success">
<imgdir name="0">
<string name="act" value="sleep"/>
<string name="0" value="c16_s1"/>
<string name="1" value="c16_s2"/>
<string name="2" value="c16_s3"/>
<string name="3" value="c16_s4"/>
</imgdir>
</imgdir>
<imgdir name="fail">
<imgdir name="0">
<string name="act" value="angry"/>
<string name="0" value="c16_f1"/>
<string name="1" value="c16_f2"/>
<string name="2" value="c16_f3"/>
<string name="3" value="c16_f4"/>
</imgdir>
</imgdir>
</imgdir>
<imgdir name="16">
<string name="command" value="c17"/>
<int name="inc" value="2"/>
<int name="prob" value="45"/>
<int name="l0" value="20"/>
<int name="l1" value="29"/>
<imgdir name="success">
<imgdir name="0">
<string name="act" value="sleep"/>
<string name="0" value="c17_s1"/>
<string name="1" value="c17_s2"/>
<string name="2" value="c17_s3"/>
<string name="3" value="c17_s4"/>
</imgdir>
</imgdir>
<imgdir name="fail">
<imgdir name="0">
<string name="act" value="no"/>
<string name="0" value="c17_f1"/>
<string name="1" value="c17_f2"/>
<string name="2" value="c17_f3"/>
<string name="3" value="c17_f4"/>
</imgdir>
</imgdir>
</imgdir>
<imgdir name="17">
<string name="command" value="c18"/>
<int name="inc" value="3"/>
<int name="prob" value="60"/>
<int name="l0" value="30"/>
<int name="l1" value="30"/>
<imgdir name="success">
<imgdir name="0">
<string name="act" value="sleep"/>
<string name="0" value="c18_s1"/>
<string name="1" value="c18_s2"/>
<string name="2" value="c18_s3"/>
<string name="3" value="c18_s4"/>
</imgdir>
</imgdir>
<imgdir name="fail">
<imgdir name="0">
<string name="act" value="no"/>
<string name="0" value="c18_f1"/>
<string name="1" value="c18_f2"/>
<string name="2" value="c18_f3"/>
<string name="3" value="c18_f4"/>
</imgdir>
</imgdir>
</imgdir>
<imgdir name="18">
<string name="command" value="c19"/>
<int name="inc" value="1"/>
<int name="prob" value="30"/>
<int name="l0" value="10"/>
<int name="l1" value="19"/>
<imgdir name="success">
<imgdir name="0">
<string name="act" value="chat"/>
<string name="0" value="c19_s1"/>
<string name="1" value="c19_s2"/>
<string name="2" value="c19_s3"/>
<string name="3" value="c19_s4"/>
</imgdir>
</imgdir>
<imgdir name="fail">
<imgdir name="0">
<string name="act" value="no"/>
<string name="0" value="c19_f1"/>
<string name="1" value="c19_f2"/>
<string name="2" value="c19_f3"/>
<string name="3" value="c19_f4"/>
</imgdir>
</imgdir>
</imgdir>
<imgdir name="19">
<string name="command" value="c20"/>
<int name="inc" value="2"/>
<int name="prob" value="45"/>
<int name="l0" value="20"/>
<int name="l1" value="29"/>
<imgdir name="success">
<imgdir name="0">
<string name="act" value="chat"/>
<string name="0" value="c20_s1"/>
<string name="1" value="c20_s2"/>
<string name="2" value="c20_s3"/>
<string name="3" value="c20_s4"/>
</imgdir>
</imgdir>
<imgdir name="fail">
<imgdir name="0">
<string name="act" value="no"/>
<string name="0" value="c20_f1"/>
<string name="1" value="c20_f2"/>
<string name="2" value="c20_f3"/>
<string name="3" value="c20_f4"/>
</imgdir>
</imgdir>
</imgdir>
<imgdir name="20">
<string name="command" value="c21"/>
<int name="inc" value="3"/>
<int name="prob" value="60"/>
<int name="l0" value="30"/>
<int name="l1" value="30"/>
<imgdir name="success">
<imgdir name="0">
<string name="act" value="no"/>
<string name="0" value="c21_s1"/>
<string name="1" value="c21_s2"/>
<string name="2" value="c21_s3"/>
<string name="3" value="c21_s4"/>
</imgdir>
</imgdir>
<imgdir name="fail">
<imgdir name="0">
<string name="act" value="no"/>
<string name="0" value="c21_f1"/>
<string name="1" value="c21_f2"/>
<string name="2" value="c21_f3"/>
<string name="3" value="c21_f4"/>
</imgdir>
</imgdir>
</imgdir>
<imgdir name="21">
<string name="command" value="c22"/>
<int name="inc" value="2"/>
<int name="prob" value="50"/>
<int name="l0" value="20"/>
<int name="l1" value="29"/>
<imgdir name="success">
<imgdir name="0">
<string name="act" value="no"/>
<string name="0" value="c22_s1"/>
<string name="1" value="c22_s2"/>
<string name="2" value="c22_s3"/>
<string name="3" value="c22_s4"/>
</imgdir>
</imgdir>
<imgdir name="fail">
<imgdir name="0">
<string name="act" value="no"/>
<string name="0" value="c22_f1"/>
<string name="1" value="c22_f2"/>
<string name="2" value="c22_f3"/>
<string name="3" value="c22_f4"/>
</imgdir>
</imgdir>
</imgdir>
<imgdir name="22">
<string name="command" value="c23"/>
<int name="inc" value="3"/>
<int name="prob" value="60"/>
<int name="l0" value="30"/>
<int name="l1" value="30"/>
<imgdir name="success">
<imgdir name="0">
<string name="act" value="play"/>
<string name="0" value="c23_s1"/>
<string name="1" value="c23_s2"/>
<string name="2" value="c23_s3"/>
<string name="3" value="c23_s4"/>
</imgdir>
</imgdir>
<imgdir name="fail">
<imgdir name="0">
<string name="act" value="ignore"/>
<string name="0" value="c23_f1"/>
<string name="1" value="c23_f2"/>
<string name="2" value="c23_f3"/>
<string name="3" value="c23_f4"/>
</imgdir>
</imgdir>
</imgdir>
</imgdir>
<imgdir name="food">
<imgdir name="0">
<int name="l0" value="1"/>
<int name="l1" value="9"/>
<imgdir name="success">
<imgdir name="0">
<string name="act" value="eat"/>
<string name="0" value="f1_s"/>
</imgdir>
</imgdir>
<imgdir name="fail">
<imgdir name="0">
<string name="act" value="cry"/>
<string name="0" value="f1_f"/>
</imgdir>
</imgdir>
</imgdir>
<imgdir name="1">
<int name="l0" value="10"/>
<int name="l1" value="19"/>
<imgdir name="success">
<imgdir name="0">
<string name="act" value="eat"/>
<string name="0" value="f2_s"/>
</imgdir>
</imgdir>
<imgdir name="fail">
<imgdir name="0">
<string name="act" value="cry"/>
<string name="0" value="f2_f"/>
</imgdir>
</imgdir>
</imgdir>
<imgdir name="2">
<int name="l0" value="20"/>
<int name="l1" value="29"/>
<imgdir name="success">
<imgdir name="0">
<string name="act" value="eat"/>
<string name="0" value="f3_s"/>
</imgdir>
</imgdir>
<imgdir name="fail">
<imgdir name="0">
<string name="act" value="cry"/>
<string name="0" value="f3_f"/>
</imgdir>
</imgdir>
</imgdir>
<imgdir name="3">
<int name="l0" value="30"/>
<int name="l1" value="30"/>
<imgdir name="success">
<imgdir name="0">
<string name="act" value="eat"/>
<string name="0" value="f4_s"/>
</imgdir>
</imgdir>
<imgdir name="fail">
<imgdir name="0">
<string name="act" value="cry"/>
<string name="0" value="f4_f"/>
</imgdir>
</imgdir>
</imgdir>
</imgdir>
<imgdir name="slang">
<imgdir name="0">
<int name="l0" value="1"/>
<int name="l1" value="9"/>
<string name="act" value="cry"/>
<string name="0" value="s1"/>
</imgdir>
<imgdir name="1">
<int name="l0" value="10"/>
<int name="l1" value="19"/>
<string name="act" value="cry"/>
<string name="0" value="s2"/>
</imgdir>
<imgdir name="2">
<int name="l0" value="20"/>
<int name="l1" value="29"/>
<string name="act" value="angry"/>
<string name="0" value="s3"/>
</imgdir>
<imgdir name="3">
<int name="l0" value="30"/>
<int name="l1" value="30"/>
<string name="act" value="angry"/>
<string name="0" value="s4"/>
</imgdir>
</imgdir>
<imgdir name="stand0">
<canvas name="0" width="49" height="49">
<vector name="origin" x="25" y="44"/>
<int name="z" value="0"/>
<vector name="lt" x="-26" y="-46"/>
<vector name="rb" x="23" y="1"/>
<string name="_hash" value="0659be695917fa3ac74aae9b18b0f0403ac41593a80dcb372b8584087248c82c"/>
</canvas>
<canvas name="1" width="49" height="50">
<vector name="origin" x="25" y="45"/>
<int name="z" value="0"/>
<vector name="lt" x="-26" y="-46"/>
<vector name="rb" x="23" y="1"/>
<string name="_hash" value="161ec4091a4c036c4180627f96f338d7cf4f4fafd120e6a0c1a58847a0550bf9"/>
</canvas>
<canvas name="2" width="1" height="1">
<vector name="origin" x="25" y="44"/>
<int name="z" value="0"/>
<vector name="lt" x="-26" y="-46"/>
<vector name="rb" x="23" y="1"/>
<string name="_inlink" value="stand0/0"/>
</canvas>
<canvas name="3" width="49" height="48">
<vector name="origin" x="25" y="43"/>
<int name="z" value="0"/>
<vector name="lt" x="-26" y="-46"/>
<vector name="rb" x="23" y="1"/>
<string name="_hash" value="7267880d97f166b0067bc6f47ab0010fc66c51305048dbc07aa234bc03b34d6c"/>
</canvas>
</imgdir>
<imgdir name="stand1">
<canvas name="0" width="1" height="1">
<vector name="origin" x="25" y="44"/>
<int name="z" value="0"/>
<vector name="lt" x="-26" y="-46"/>
<vector name="rb" x="23" y="1"/>
<string name="_inlink" value="stand0/0"/>
</canvas>
<canvas name="1" width="1" height="1">
<vector name="origin" x="25" y="45"/>
<int name="z" value="0"/>
<vector name="lt" x="-26" y="-46"/>
<vector name="rb" x="23" y="1"/>
<string name="_inlink" value="stand0/1"/>
</canvas>
<canvas name="2" width="49" height="49">
<vector name="origin" x="25" y="44"/>
<int name="z" value="0"/>
<vector name="lt" x="-26" y="-46"/>
<vector name="rb" x="23" y="1"/>
<string name="_hash" value="94ca3c8aa4f204b5f7988bc190287c8c2279e8b7a0e609e0da6e9e916a709666"/>
</canvas>
<canvas name="3" width="49" height="48">
<vector name="origin" x="25" y="43"/>
<int name="z" value="0"/>
<vector name="lt" x="-26" y="-46"/>
<vector name="rb" x="23" y="1"/>
<string name="_hash" value="8eeac4066d6660b2d58062f13002c3d12f78aaef9c761727f7cbdc4924b3549b"/>
</canvas>
</imgdir>
<imgdir name="rest0">
<canvas name="0" width="51" height="46">
<vector name="origin" x="25" y="41"/>
<int name="z" value="0"/>
<vector name="lt" x="-26" y="-46"/>
<vector name="rb" x="23" y="1"/>
<string name="_hash" value="10df12e7a8ae5339d10cc7d69d5f2d701c260c14aa2e9a12a6ce0600ccf38c69"/>
</canvas>
<canvas name="1" width="51" height="46">
<vector name="origin" x="25" y="41"/>
<int name="z" value="0"/>
<vector name="lt" x="-26" y="-46"/>
<vector name="rb" x="23" y="1"/>
<string name="_hash" value="526d836eeca049aeb114cda46522b40683c3d9188e5bcb5e2564d823ae789ad2"/>
</canvas>
<canvas name="2" width="1" height="1">
<vector name="origin" x="25" y="41"/>
<int name="z" value="0"/>
<vector name="lt" x="-26" y="-46"/>
<vector name="rb" x="23" y="1"/>
<string name="_inlink" value="rest0/0"/>
</canvas>
<canvas name="3" width="51" height="46">
<vector name="origin" x="25" y="41"/>
<int name="z" value="0"/>
<vector name="lt" x="-26" y="-46"/>
<vector name="rb" x="23" y="1"/>
<string name="_hash" value="26a92bfba885eeebb4670227a92d76277683a968830583745005383edcf887a5"/>
</canvas>
</imgdir>
<imgdir name="move">
<canvas name="0" width="49" height="49">
<vector name="origin" x="25" y="44"/>
<int name="z" value="0"/>
<vector name="lt" x="-26" y="-46"/>
<vector name="rb" x="23" y="1"/>
<string name="_hash" value="2a66a2aefe93d74e6ff2f65523df7381eac2ff95502e4b0c0cff9630991362a3"/>
</canvas>
<canvas name="1" width="49" height="50">
<vector name="origin" x="25" y="45"/>
<int name="z" value="0"/>
<vector name="lt" x="-26" y="-46"/>
<vector name="rb" x="23" y="1"/>
<string name="_hash" value="2e96a38a580d1490cb67bc6b935ad48a769e531ebe6dec31b7c155c418ffefb1"/>
</canvas>
<canvas name="2" width="49" height="49">
<vector name="origin" x="25" y="44"/>
<int name="z" value="0"/>
<vector name="lt" x="-26" y="-46"/>
<vector name="rb" x="23" y="1"/>
<string name="_hash" value="e04541dfd143994c46812f93cfb3bcebe37d404bf9c589ca66812cf0189c8e87"/>
</canvas>
<canvas name="3" width="49" height="48">
<vector name="origin" x="25" y="43"/>
<int name="z" value="0"/>
<vector name="lt" x="-26" y="-46"/>
<vector name="rb" x="23" y="1"/>
<string name="_hash" value="fabeb9d19573486732f10ff86d8032b368d77bdf2dd75c0b974ddebe60f07f83"/>
</canvas>
</imgdir>
<imgdir name="jump">
<canvas name="0" width="49" height="46">
<vector name="origin" x="25" y="47"/>
<int name="z" value="0"/>
<vector name="lt" x="-26" y="-46"/>
<vector name="rb" x="23" y="1"/>
<string name="_hash" value="9f3ed7d546e10880ea9490c26e11d3ef9b0ec6b2698b985a95befce442e11b75"/>
</canvas>
</imgdir>
<imgdir name="sleep">
<canvas name="0" width="1" height="1">
<vector name="origin" x="25" y="41"/>
<int name="z" value="0"/>
<vector name="lt" x="-26" y="-46"/>
<vector name="rb" x="23" y="1"/>
<string name="_inlink" value="rest0/0"/>
</canvas>
<canvas name="1" width="1" height="1">
<vector name="origin" x="25" y="41"/>
<int name="z" value="0"/>
<vector name="lt" x="-26" y="-46"/>
<vector name="rb" x="23" y="1"/>
<string name="_inlink" value="rest0/1"/>
</canvas>
<canvas name="2" width="1" height="1">
<vector name="origin" x="25" y="41"/>
<int name="z" value="0"/>
<vector name="lt" x="-26" y="-46"/>
<vector name="rb" x="23" y="1"/>
<string name="_inlink" value="rest0/0"/>
</canvas>
<canvas name="3" width="1" height="1">
<vector name="origin" x="25" y="41"/>
<int name="z" value="0"/>
<vector name="lt" x="-26" y="-46"/>
<vector name="rb" x="23" y="1"/>
<string name="_inlink" value="rest0/3"/>
</canvas>
</imgdir>
<imgdir name="hungry">
<canvas name="0" width="58" height="48">
<vector name="origin" x="32" y="43"/>
<int name="z" value="0"/>
<vector name="lt" x="-26" y="-46"/>
<vector name="rb" x="23" y="1"/>
<string name="_hash" value="a4f337142e22e714f15368c542cc92991b62dfe79b8644d6a3ed92d1f218301f"/>
</canvas>
<canvas name="1" width="58" height="48">
<vector name="origin" x="32" y="43"/>
<int name="z" value="0"/>
<vector name="lt" x="-26" y="-46"/>
<vector name="rb" x="23" y="1"/>
<string name="_hash" value="3c06be56563e5ca818c9521983cb16a36c36a10d4259b176000bba9b7be3666b"/>
</canvas>
<canvas name="2" width="58" height="48">
<vector name="origin" x="32" y="43"/>
<int name="z" value="0"/>
<vector name="lt" x="-26" y="-46"/>
<vector name="rb" x="23" y="1"/>
<string name="_hash" value="27f707d3a1a03ef4049e4c2bb0a8cc788cc96b51402c47670b979326bb818441"/>
</canvas>
<canvas name="3" width="58" height="48">
<vector name="origin" x="32" y="43"/>
<int name="z" value="0"/>
<vector name="lt" x="-26" y="-46"/>
<vector name="rb" x="23" y="1"/>
<string name="_hash" value="6f21e3f936b24c0d234338dc637a0a4199826d9d458dad9a8eb1b6aa6297ad7e"/>
</canvas>
</imgdir>
<imgdir name="hang">
<canvas name="0" width="43" height="40">
<vector name="origin" x="22" y="55"/>
<int name="z" value="0"/>
<vector name="lt" x="-26" y="-46"/>
<vector name="rb" x="23" y="1"/>
<string name="_hash" value="afd954e1dc38ffff15bc58f70278236c5095d304e4c0320f03214092def64665"/>
</canvas>
</imgdir>
<imgdir name="roll">
<canvas name="0" width="46" height="45">
<vector name="origin" x="21" y="41"/>
<int name="z" value="0"/>
<vector name="lt" x="-26" y="-46"/>
<vector name="rb" x="23" y="1"/>
<string name="_hash" value="ab4d258d62120358d687ac7cd1c18822dbfcf8ccd79833cbc0960346a9d5bded"/>
</canvas>
<canvas name="1" width="46" height="45">
<vector name="origin" x="20" y="40"/>
<int name="z" value="0"/>
<vector name="lt" x="-26" y="-46"/>
<vector name="rb" x="23" y="1"/>
<string name="_hash" value="d6282bfdc17c2445017734230f708713b62d6c2305eb77912401cbe1cb713c4b"/>
</canvas>
<canvas name="2" width="45" height="45">
<vector name="origin" x="21" y="39"/>
<int name="z" value="0"/>
<vector name="lt" x="-26" y="-46"/>
<vector name="rb" x="23" y="1"/>
<string name="_hash" value="98567d8526a9e5d4e643477f5d5d150d69f8c74772e062c1b2b555bcb0238cb2"/>
</canvas>
</imgdir>
<imgdir name="eat">
<canvas name="0" width="49" height="49">
<vector name="origin" x="25" y="44"/>
<int name="z" value="0"/>
<vector name="lt" x="-26" y="-46"/>
<vector name="rb" x="23" y="1"/>
<string name="_hash" value="3bee42b4dfa6830097bca8badbef9efc0e9b0242a104cbf5d32eb21ca5411ecf"/>
</canvas>
<canvas name="1" width="49" height="50">
<vector name="origin" x="25" y="45"/>
<int name="z" value="0"/>
<vector name="lt" x="-26" y="-46"/>
<vector name="rb" x="23" y="1"/>
<string name="_hash" value="2056330aa44a50512da437df3a849dcf99ff3e173920e160d8e6b6afcf3cd49b"/>
</canvas>
<canvas name="2" width="49" height="49">
<vector name="origin" x="25" y="44"/>
<int name="z" value="0"/>
<vector name="lt" x="-26" y="-46"/>
<vector name="rb" x="23" y="1"/>
<string name="_hash" value="c0d7af1ac4cd8156722234771198714f70c926b086148c62697b06675e68e68c"/>
</canvas>
<canvas name="3" width="49" height="48">
<vector name="origin" x="25" y="43"/>
<int name="z" value="0"/>
<vector name="lt" x="-26" y="-46"/>
<vector name="rb" x="23" y="1"/>
<string name="_hash" value="1446a7972f77aedab4f7371c5105cf1cfc9283feae1516f674050e416f7d8802"/>
</canvas>
</imgdir>
<imgdir name="chat">
<canvas name="0" width="56" height="49">
<vector name="origin" x="32" y="44"/>
<int name="z" value="0"/>
<vector name="lt" x="-26" y="-46"/>
<vector name="rb" x="23" y="1"/>
<string name="_hash" value="510fcbbf608bdfd471cdc5fc99483aa5f70a088bcd239c20efdb0c424ee577fe"/>
</canvas>
<canvas name="1" width="56" height="50">
<vector name="origin" x="32" y="45"/>
<int name="z" value="0"/>
<vector name="lt" x="-26" y="-46"/>
<vector name="rb" x="23" y="1"/>
<string name="_hash" value="8ee0f02b8cbab46a9cb74ebf641fdbc424cda3c4b549edb2cb4a49a3994c3008"/>
</canvas>
<canvas name="2" width="56" height="49">
<vector name="origin" x="32" y="44"/>
<int name="z" value="0"/>
<vector name="lt" x="-26" y="-46"/>
<vector name="rb" x="23" y="1"/>
<string name="_hash" value="3b56fc8252964ed097ee3de91ec51e8c82975a4c441a805126ba420545d6cf28"/>
</canvas>
<canvas name="3" width="56" height="48">
<vector name="origin" x="32" y="43"/>
<int name="z" value="0"/>
<vector name="lt" x="-26" y="-46"/>
<vector name="rb" x="23" y="1"/>
<string name="_hash" value="da85eac7fc4c220beebcd694a3ab1c120e668bae3410a7aceb4e462724e7d545"/>
</canvas>
</imgdir>
<imgdir name="love">
<canvas name="0" width="49" height="64">
<vector name="origin" x="25" y="59"/>
<int name="z" value="0"/>
<vector name="lt" x="-26" y="-46"/>
<vector name="rb" x="23" y="1"/>
<string name="_hash" value="42072de2d08fe5abc17da25e58e6c229586e6be0548b69c4372dccaa0bfb994a"/>
</canvas>
<canvas name="1" width="49" height="58">
<vector name="origin" x="25" y="59"/>
<int name="z" value="0"/>
<vector name="lt" x="-26" y="-46"/>
<vector name="rb" x="23" y="1"/>
<string name="_hash" value="00a32f1daf01c9f251062aab0f326c9c2cce6f07a928498ad3390d5e36bb2333"/>
</canvas>
<canvas name="2" width="49" height="67">
<vector name="origin" x="25" y="62"/>
<int name="z" value="0"/>
<vector name="lt" x="-26" y="-46"/>
<vector name="rb" x="23" y="1"/>
<string name="_hash" value="4732bd61b499f9e3b6587c9225e92296bddb7a6a51e6cc3b8e81b4168f1382bd"/>
</canvas>
<canvas name="3" width="49" height="69">
<vector name="origin" x="25" y="64"/>
<int name="z" value="0"/>
<vector name="lt" x="-26" y="-46"/>
<vector name="rb" x="23" y="1"/>
<string name="_hash" value="ca7c5c9c4ab3521244c2ec8eb2c805ffa178a11e7529a90aed07e83ed739a347"/>
</canvas>
</imgdir>
<imgdir name="cry">
<canvas name="0" width="49" height="42">
<vector name="origin" x="25" y="37"/>
<int name="z" value="0"/>
<vector name="lt" x="-26" y="-46"/>
<vector name="rb" x="23" y="1"/>
<string name="_hash" value="468526935b53237984ba092ef35cd29c919fdd4248378d47f87b0bdc0447037c"/>
</canvas>
<canvas name="1" width="49" height="43">
<vector name="origin" x="25" y="38"/>
<int name="z" value="0"/>
<vector name="lt" x="-26" y="-46"/>
<vector name="rb" x="23" y="1"/>
<string name="_hash" value="14ec095812df09e0a22e04732859dc94fb120ee0b1aa5320535514ac6156ce01"/>
</canvas>
<canvas name="2" width="49" height="44">
<vector name="origin" x="25" y="39"/>
<int name="z" value="0"/>
<vector name="lt" x="-26" y="-46"/>
<vector name="rb" x="23" y="1"/>
<string name="_hash" value="a4a30224623c6df49bbcd22cbb4e84e49df1f2cd55f863415d6ad80fbd890199"/>
</canvas>
<canvas name="3" width="49" height="43">
<vector name="origin" x="25" y="38"/>
<int name="z" value="0"/>
<vector name="lt" x="-26" y="-46"/>
<vector name="rb" x="23" y="1"/>
<string name="_hash" value="febf63f4612f87b039c610ad371b6201167f3f4b0e76a723626b00f40e187380"/>
</canvas>
</imgdir>
<imgdir name="dung">
<canvas name="0" width="49" height="50">
<vector name="origin" x="25" y="45"/>
<int name="z" value="0"/>
<vector name="lt" x="-26" y="-46"/>
<vector name="rb" x="23" y="1"/>
<string name="_hash" value="c9502b425ce2eeac4bdb90f09a0b634b26dbd07abfc1491f595dd9f8c5add0c7"/>
</canvas>
<canvas name="1" width="49" height="49">
<vector name="origin" x="25" y="44"/>
<int name="z" value="0"/>
<vector name="lt" x="-26" y="-46"/>
<vector name="rb" x="23" y="1"/>
<string name="_hash" value="bae11694e58df22c9f82d165468b3e00606c77fbba85ced7e4cc3d6b99988104"/>
</canvas>
<canvas name="2" width="49" height="48">
<vector name="origin" x="25" y="43"/>
<int name="z" value="0"/>
<vector name="lt" x="-26" y="-46"/>
<vector name="rb" x="23" y="1"/>
<string name="_hash" value="7f5e83fda2480e629a82ef6d146083e6aba12502e3630ad0db548675eddf1b1c"/>
</canvas>
<canvas name="3" width="49" height="48">
<vector name="origin" x="25" y="43"/>
<int name="z" value="0"/>
<vector name="lt" x="-26" y="-46"/>
<vector name="rb" x="23" y="1"/>
<string name="_hash" value="83a8e1e8873fe9e980383012a42b80430e09f4eff7f12c9d428d6e914ead7c55"/>
</canvas>
<canvas name="4" width="52" height="49">
<vector name="origin" x="27" y="44"/>
<int name="z" value="0"/>
<vector name="lt" x="-26" y="-46"/>
<vector name="rb" x="23" y="1"/>
<string name="_hash" value="e4faeb3f15469d06ce8d8c0cc03476c915f4d4b1e195ff4f601bf9ced99b03df"/>
</canvas>
<canvas name="5" width="53" height="49">
<vector name="origin" x="27" y="44"/>
<int name="z" value="0"/>
<vector name="lt" x="-26" y="-46"/>
<vector name="rb" x="23" y="1"/>
<string name="_hash" value="1d60b1299b0266afa0e1c827b36369a902d210d37c44f3830f1bc476cf57820c"/>
</canvas>
<canvas name="6" width="49" height="48">
<vector name="origin" x="25" y="43"/>
<int name="z" value="0"/>
<vector name="lt" x="-26" y="-46"/>
<vector name="rb" x="23" y="1"/>
<string name="_hash" value="6486dfae488610853a83111b7120215e590d352deb7c9b31657a6bc316e57a6c"/>
</canvas>
<canvas name="7" width="49" height="49">
<vector name="origin" x="25" y="44"/>
<int name="z" value="0"/>
<vector name="lt" x="-26" y="-46"/>
<vector name="rb" x="23" y="1"/>
<string name="_hash" value="8d90d33e41e5d86aa742b68faea795ab93739f42e01f8dc3f5630f56166894fd"/>
</canvas>
</imgdir>
<uol name="sit" value="rest0"/>
<uol name="fly" value="jump"/>
<imgdir name="angry">
<canvas name="0" width="49" height="49">
<vector name="origin" x="25" y="44"/>
<int name="z" value="0"/>
<vector name="lt" x="-26" y="-46"/>
<vector name="rb" x="23" y="1"/>
<string name="_hash" value="a369a722225320977b91fe71a0312cbd57deb5bb088b7bc17836157fda11ef32"/>
</canvas>
<canvas name="1" width="49" height="50">
<vector name="origin" x="25" y="45"/>
<int name="z" value="0"/>
<vector name="lt" x="-26" y="-46"/>
<vector name="rb" x="23" y="1"/>
<string name="_hash" value="c85cb3c4a3c3be5fb9aa054ff2dc65a9cbb4707bae9ef03ba895a77ea84bc028"/>
</canvas>
<canvas name="2" width="51" height="49">
<vector name="origin" x="27" y="44"/>
<int name="z" value="0"/>
<vector name="lt" x="-26" y="-46"/>
<vector name="rb" x="23" y="1"/>
<string name="_hash" value="6b551feba566ba72137c51354a8f3d0056fcab8cb92640f4170c73823d04e8fa"/>
</canvas>
<canvas name="3" width="52" height="48">
<vector name="origin" x="28" y="43"/>
<int name="z" value="0"/>
<vector name="lt" x="-26" y="-46"/>
<vector name="rb" x="23" y="1"/>
<string name="_hash" value="2ff71611504c016d4201952d0e892d8fd63b8d29db77cc9c86f4950d4dd372f4"/>
</canvas>
</imgdir>
<uol name="no" value="angry"/>
</imgdir>
