<?xml version="1.0" encoding="UTF-8" standalone="yes"?>
<imgdir name="5000352.img">
<imgdir name="info">
<canvas name="icon" width="31" height="32">
<vector name="origin" x="-1" y="32"/>
<string name="_hash" value="d7ee6383fea75e040d2116129c17a5a126f038549ce1760e5cad82c660bc24ef"/>
</canvas>
<canvas name="iconRaw" width="31" height="30">
<vector name="origin" x="-1" y="32"/>
<string name="_hash" value="7f3c8967f9d80d88810c5f9bf1a578ef5251445d0add4e354c80cd802c63637a"/>
</canvas>
<canvas name="iconD" width="27" height="32">
<vector name="origin" x="-3" y="32"/>
<string name="_hash" value="1e8eeb34a4df1d5dc7f2d047e826564bd43188755efc689ad0e79a78732e54ff"/>
</canvas>
<canvas name="iconRawD" width="26" height="32">
<vector name="origin" x="-3" y="32"/>
<string name="_hash" value="d9f82069c4fdc81d4b1487050ca360b73d66001312ca6ace894f77b268349765"/>
</canvas>
<int name="hungry" value="2"/>
<int name="cash" value="1"/>
<int name="nameTag" value="145"/>
<int name="chatBalloon" value="145"/>
<int name="multiPet" value="1"/>
<int name="life" value="90"/>
<int name="pickupItem" value="1"/>
<int name="autoBuff" value="1"/>
<int name="setItemID" value="325"/>
</imgdir>
<imgdir name="interact">
<imgdir name="0">
<string name="command" value="c1"/>
<int name="inc" value="1"/>
<int name="prob" value="30"/>
<int name="l0" value="1"/>
<int name="l1" value="9"/>
<imgdir name="success">
<imgdir name="0">
<string name="act" value="rest0"/>
<string name="0" value="c1_s1"/>
<string name="1" value="c1_s2"/>
</imgdir>
</imgdir>
<imgdir name="fail">
<imgdir name="0">
<string name="act" value="chat"/>
<string name="0" value="c1_f1"/>
<string name="1" value="c1_f2"/>
</imgdir>
</imgdir>
</imgdir>
<imgdir name="1">
<string name="command" value="c2"/>
<int name="inc" value="2"/>
<int name="prob" value="45"/>
<int name="l0" value="10"/>
<int name="l1" value="19"/>
<imgdir name="success">
<imgdir name="0">
<string name="act" value="rest0"/>
<string name="0" value="c2_s1"/>
<string name="1" value="c2_s2"/>
<string name="2" value="c2_s3"/>
<string name="3" value="c2_s4"/>
</imgdir>
</imgdir>
<imgdir name="fail">
<imgdir name="0">
<string name="act" value="chat"/>
<string name="0" value="c2_f1"/>
<string name="1" value="c2_f2"/>
<string name="2" value="c2_f3"/>
<string name="3" value="c2_f4"/>
</imgdir>
</imgdir>
</imgdir>
<imgdir name="2">
<string name="command" value="c3"/>
<int name="inc" value="3"/>
<int name="prob" value="60"/>
<int name="l0" value="20"/>
<int name="l1" value="29"/>
<imgdir name="success">
<imgdir name="0">
<string name="act" value="rest0"/>
<string name="0" value="c3_s1"/>
<string name="1" value="c3_s2"/>
<string name="2" value="c3_s3"/>
<string name="3" value="c3_s4"/>
</imgdir>
</imgdir>
<imgdir name="fail">
<imgdir name="0">
<string name="act" value="cry"/>
<string name="0" value="c3_f1"/>
<string name="1" value="c3_f2"/>
<string name="2" value="c3_f3"/>
<string name="3" value="c3_f4"/>
</imgdir>
</imgdir>
</imgdir>
<imgdir name="3">
<string name="command" value="c4"/>
<int name="inc" value="2"/>
<int name="prob" value="70"/>
<int name="l0" value="30"/>
<int name="l1" value="30"/>
<imgdir name="success">
<imgdir name="0">
<string name="act" value="rest0"/>
<string name="0" value="c4_s1"/>
<string name="1" value="c4_s2"/>
<string name="2" value="c4_s3"/>
<string name="3" value="c4_s4"/>
</imgdir>
</imgdir>
<imgdir name="fail">
<imgdir name="0">
<string name="act" value="angry"/>
<string name="0" value="c4_f1"/>
<string name="1" value="c4_f2"/>
<string name="2" value="c4_f3"/>
<string name="3" value="c4_f4"/>
</imgdir>
</imgdir>
</imgdir>
<imgdir name="4">
<string name="command" value="c5"/>
<int name="inc" value="1"/>
<int name="prob" value="30"/>
<int name="l0" value="1"/>
<int name="l1" value="9"/>
<imgdir name="success">
<imgdir name="0">
<string name="act" value="cry"/>
<string name="0" value="c5_s1"/>
<string name="1" value="c5_s2"/>
</imgdir>
</imgdir>
<imgdir name="fail">
<imgdir name="0">
<string name="act" value="chat"/>
<string name="0" value="c5_f1"/>
<string name="1" value="c5_f2"/>
</imgdir>
</imgdir>
</imgdir>
<imgdir name="5">
<string name="command" value="c6"/>
<int name="inc" value="2"/>
<int name="prob" value="50"/>
<int name="l0" value="10"/>
<int name="l1" value="19"/>
<imgdir name="success">
<imgdir name="0">
<string name="act" value="cry"/>
<string name="0" value="c6_s1"/>
<string name="1" value="c6_s2"/>
<string name="2" value="c6_s3"/>
<string name="3" value="c6_s4"/>
</imgdir>
</imgdir>
<imgdir name="fail">
<imgdir name="0">
<string name="act" value="chat"/>
<string name="0" value="c6_f1"/>
<string name="1" value="c6_f2"/>
<string name="2" value="c6_f3"/>
<string name="3" value="c6_f4"/>
</imgdir>
</imgdir>
</imgdir>
<imgdir name="6">
<string name="command" value="c7"/>
<int name="inc" value="2"/>
<int name="prob" value="60"/>
<int name="l0" value="20"/>
<int name="l1" value="29"/>
<imgdir name="success">
<imgdir name="0">
<string name="act" value="cry"/>
<string name="0" value="c7_s1"/>
<string name="1" value="c7_s2"/>
<string name="2" value="c7_s3"/>
<string name="3" value="c7_s4"/>
</imgdir>
</imgdir>
<imgdir name="fail">
<imgdir name="0">
<string name="act" value="angry"/>
<string name="0" value="c7_f1"/>
<string name="1" value="c7_f2"/>
<string name="2" value="c7_f3"/>
<string name="3" value="c7_f4"/>
</imgdir>
</imgdir>
</imgdir>
<imgdir name="7">
<string name="command" value="c8"/>
<int name="inc" value="3"/>
<int name="prob" value="70"/>
<int name="l0" value="30"/>
<int name="l1" value="30"/>
<imgdir name="success">
<imgdir name="0">
<string name="act" value="cry"/>
<string name="0" value="c8_s1"/>
<string name="1" value="c8_s2"/>
<string name="2" value="c8_s3"/>
<string name="3" value="c8_s4"/>
</imgdir>
</imgdir>
<imgdir name="fail">
<imgdir name="0">
<string name="act" value="chat"/>
<string name="0" value="c8_f1"/>
<string name="1" value="c8_f2"/>
<string name="2" value="c8_f3"/>
<string name="3" value="c8_f4"/>
</imgdir>
</imgdir>
</imgdir>
<imgdir name="8">
<string name="command" value="c9"/>
<int name="inc" value="1"/>
<int name="prob" value="30"/>
<int name="l0" value="1"/>
<int name="l1" value="9"/>
<imgdir name="success">
<imgdir name="0">
<string name="act" value="love"/>
<string name="0" value="c9_s1"/>
<string name="1" value="c9_s2"/>
</imgdir>
</imgdir>
<imgdir name="fail">
<imgdir name="0">
<string name="act" value="cry"/>
<string name="0" value="c9_f1"/>
<string name="1" value="c9_f2"/>
</imgdir>
</imgdir>
</imgdir>
<imgdir name="9">
<string name="command" value="c10"/>
<int name="inc" value="2"/>
<int name="prob" value="50"/>
<int name="l0" value="10"/>
<int name="l1" value="19"/>
<imgdir name="success">
<imgdir name="0">
<string name="act" value="love"/>
<string name="0" value="c10_s1"/>
<string name="1" value="c10_s2"/>
<string name="2" value="c10_s3"/>
<string name="3" value="c10_s4"/>
</imgdir>
</imgdir>
<imgdir name="fail">
<imgdir name="0">
<string name="act" value="chat"/>
<string name="0" value="c10_f1"/>
<string name="1" value="c10_f2"/>
<string name="2" value="c10_f3"/>
<string name="3" value="c10_f4"/>
</imgdir>
</imgdir>
</imgdir>
<imgdir name="10">
<string name="command" value="c11"/>
<int name="inc" value="2"/>
<int name="prob" value="60"/>
<int name="l0" value="20"/>
<int name="l1" value="29"/>
<imgdir name="success">
<imgdir name="0">
<string name="act" value="love"/>
<string name="0" value="c11_s1"/>
<string name="1" value="c11_s2"/>
<string name="2" value="c11_s3"/>
<string name="3" value="c11_s4"/>
</imgdir>
</imgdir>
<imgdir name="fail">
<imgdir name="0">
<string name="act" value="angry"/>
<string name="0" value="c11_f1"/>
<string name="1" value="c11_f2"/>
<string name="2" value="c11_f3"/>
<string name="4" value="c11_f4"/>
</imgdir>
</imgdir>
</imgdir>
<imgdir name="11">
<string name="command" value="c12"/>
<int name="inc" value="3"/>
<int name="prob" value="70"/>
<int name="l0" value="30"/>
<int name="l1" value="30"/>
<imgdir name="success">
<imgdir name="0">
<string name="act" value="roll"/>
<string name="0" value="c12_s1"/>
<string name="1" value="c12_s2"/>
<string name="2" value="c12_s3"/>
<string name="3" value="c12_s4"/>
</imgdir>
</imgdir>
<imgdir name="fail">
<imgdir name="0">
<string name="act" value="chat"/>
<string name="0" value="c12_f1"/>
<string name="1" value="c12_f2"/>
<string name="2" value="c12_f3"/>
<string name="3" value="c12_f4"/>
</imgdir>
</imgdir>
</imgdir>
<imgdir name="12">
<string name="command" value="c13"/>
<int name="inc" value="1"/>
<int name="prob" value="30"/>
<int name="l0" value="10"/>
<int name="l1" value="19"/>
<imgdir name="success">
<imgdir name="0">
<string name="act" value="dung"/>
<string name="0" value="c13_s1"/>
<string name="1" value="c13_s2"/>
<string name="2" value="c13_s3"/>
<string name="3" value="c13_s4"/>
</imgdir>
</imgdir>
<imgdir name="fail">
<imgdir name="0">
<string name="act" value="cry"/>
<string name="0" value="c13_f1"/>
<string name="1" value="c13_f2"/>
<string name="2" value="c13_f3"/>
<string name="3" value="c13_f4"/>
</imgdir>
</imgdir>
</imgdir>
<imgdir name="13">
<string name="command" value="c14"/>
<int name="inc" value="2"/>
<int name="prob" value="50"/>
<int name="l0" value="20"/>
<int name="l1" value="29"/>
<imgdir name="success">
<imgdir name="0">
<string name="act" value="dung"/>
<string name="0" value="c14_s1"/>
<string name="1" value="c14_s2"/>
<string name="2" value="c14_s3"/>
<string name="3" value="c14_s4"/>
</imgdir>
</imgdir>
<imgdir name="fail">
<imgdir name="0">
<string name="act" value="cry"/>
<string name="0" value="c14_f1"/>
<string name="1" value="c14_f2"/>
<string name="2" value="c14_f3"/>
<string name="3" value="c14_f4"/>
</imgdir>
</imgdir>
</imgdir>
<imgdir name="14">
<string name="command" value="c15"/>
<int name="inc" value="3"/>
<int name="prob" value="70"/>
<int name="l0" value="30"/>
<int name="l1" value="30"/>
<imgdir name="success">
<imgdir name="0">
<string name="act" value="dung"/>
<string name="0" value="c15_s1"/>
<string name="1" value="c15_s2"/>
<string name="2" value="c15_s3"/>
<string name="3" value="c15_s4"/>
</imgdir>
</imgdir>
<imgdir name="fail">
<imgdir name="0">
<string name="act" value="angry"/>
<string name="0" value="c15_f1"/>
<string name="1" value="c15_f2"/>
<string name="2" value="c15_f3"/>
<string name="3" value="c15_f4"/>
</imgdir>
</imgdir>
</imgdir>
<imgdir name="15">
<string name="command" value="c16"/>
<int name="inc" value="1"/>
<int name="prob" value="30"/>
<int name="l0" value="10"/>
<int name="l1" value="19"/>
<imgdir name="success">
<imgdir name="0">
<string name="act" value="sleep"/>
<string name="0" value="c16_s1"/>
<string name="1" value="c16_s2"/>
<string name="2" value="c16_s3"/>
<string name="3" value="c16_s4"/>
</imgdir>
</imgdir>
<imgdir name="fail">
<imgdir name="0">
<string name="act" value="chat"/>
<string name="0" value="c16_f1"/>
<string name="1" value="c16_f2"/>
<string name="2" value="c16_f3"/>
<string name="3" value="c16_f4"/>
</imgdir>
</imgdir>
</imgdir>
<imgdir name="16">
<string name="command" value="c17"/>
<int name="inc" value="2"/>
<int name="prob" value="45"/>
<int name="l0" value="20"/>
<int name="l1" value="29"/>
<imgdir name="success">
<imgdir name="0">
<string name="act" value="sleep"/>
<string name="0" value="c17_s1"/>
<string name="1" value="c17_s2"/>
<string name="2" value="c17_s3"/>
<string name="3" value="c17_s4"/>
</imgdir>
</imgdir>
<imgdir name="fail">
<imgdir name="0">
<string name="act" value="cry"/>
<string name="0" value="c17_f1"/>
<string name="1" value="c17_f2"/>
<string name="2" value="c17_f3"/>
<string name="3" value="c17_f4"/>
</imgdir>
</imgdir>
</imgdir>
<imgdir name="17">
<string name="command" value="c18"/>
<int name="inc" value="3"/>
<int name="prob" value="60"/>
<int name="l0" value="30"/>
<int name="l1" value="30"/>
<imgdir name="success">
<imgdir name="0">
<string name="act" value="sleep"/>
<string name="0" value="c18_s1"/>
<string name="1" value="c18_s2"/>
<string name="2" value="c18_s3"/>
<string name="3" value="c18_s4"/>
</imgdir>
</imgdir>
<imgdir name="fail">
<imgdir name="0">
<string name="act" value="roll"/>
<string name="0" value="c18_f1"/>
<string name="1" value="c18_f2"/>
<string name="2" value="c18_f3"/>
<string name="3" value="c18_f4"/>
</imgdir>
</imgdir>
</imgdir>
<imgdir name="18">
<string name="command" value="c19"/>
<int name="inc" value="1"/>
<int name="prob" value="30"/>
<int name="l0" value="10"/>
<int name="l1" value="19"/>
<imgdir name="success">
<imgdir name="0">
<string name="act" value="love"/>
<string name="0" value="c19_s1"/>
<string name="1" value="c19_s2"/>
<string name="2" value="c19_s3"/>
<string name="3" value="c19_s4"/>
</imgdir>
</imgdir>
<imgdir name="fail">
<imgdir name="0">
<string name="act" value="chat"/>
<string name="0" value="c19_f1"/>
<string name="1" value="c19_f2"/>
<string name="2" value="c19_f3"/>
<string name="3" value="c19_f4"/>
</imgdir>
</imgdir>
</imgdir>
<imgdir name="19">
<string name="command" value="c20"/>
<int name="inc" value="2"/>
<int name="prob" value="45"/>
<int name="l0" value="20"/>
<int name="l1" value="29"/>
<imgdir name="success">
<imgdir name="0">
<string name="act" value="chat"/>
<string name="0" value="c20_s1"/>
<string name="1" value="c20_s2"/>
<string name="2" value="c20_s3"/>
<string name="3" value="c20_s4"/>
</imgdir>
</imgdir>
<imgdir name="fail">
<imgdir name="0">
<string name="act" value="cry"/>
<string name="0" value="c20_f1"/>
<string name="1" value="c20_f2"/>
<string name="2" value="c20_f3"/>
<string name="3" value="c20_f4"/>
</imgdir>
</imgdir>
</imgdir>
<imgdir name="20">
<string name="command" value="c21"/>
<int name="inc" value="3"/>
<int name="prob" value="60"/>
<int name="l0" value="30"/>
<int name="l1" value="30"/>
<imgdir name="success">
<imgdir name="0">
<string name="act" value="chat"/>
<string name="0" value="c21_s1"/>
<string name="1" value="c21_s2"/>
<string name="2" value="c21_s3"/>
<string name="3" value="c21_s4"/>
</imgdir>
</imgdir>
<imgdir name="fail">
<imgdir name="0">
<string name="act" value="angry"/>
<string name="0" value="c21_f1"/>
<string name="1" value="c21_f2"/>
<string name="2" value="c21_f3"/>
<string name="3" value="c21_f4"/>
</imgdir>
</imgdir>
</imgdir>
</imgdir>
<imgdir name="food">
<imgdir name="0">
<int name="l0" value="1"/>
<int name="l1" value="9"/>
<imgdir name="success">
<imgdir name="0">
<string name="act" value="eat"/>
<string name="0" value="f1_s"/>
</imgdir>
</imgdir>
<imgdir name="fail">
<imgdir name="0">
<string name="act" value="cry"/>
<string name="0" value="f1_f"/>
</imgdir>
</imgdir>
</imgdir>
<imgdir name="1">
<int name="l0" value="10"/>
<int name="l1" value="19"/>
<imgdir name="success">
<imgdir name="0">
<string name="act" value="eat"/>
<string name="0" value="f2_s"/>
</imgdir>
</imgdir>
<imgdir name="fail">
<imgdir name="0">
<string name="act" value="cry"/>
<string name="0" value="f2_f"/>
</imgdir>
</imgdir>
</imgdir>
<imgdir name="2">
<int name="l0" value="20"/>
<int name="l1" value="29"/>
<imgdir name="success">
<imgdir name="0">
<string name="act" value="eat"/>
<string name="0" value="f3_s"/>
</imgdir>
</imgdir>
<imgdir name="fail">
<imgdir name="0">
<string name="act" value="angry"/>
<string name="0" value="f3_f"/>
</imgdir>
</imgdir>
</imgdir>
<imgdir name="3">
<int name="l0" value="30"/>
<int name="l1" value="30"/>
<imgdir name="success">
<imgdir name="0">
<string name="act" value="eat"/>
<string name="0" value="f4_s"/>
</imgdir>
</imgdir>
<imgdir name="fail">
<imgdir name="0">
<string name="act" value="angry"/>
<string name="0" value="f4_f"/>
</imgdir>
</imgdir>
</imgdir>
</imgdir>
<imgdir name="slang">
<imgdir name="0">
<int name="l0" value="1"/>
<int name="l1" value="9"/>
<string name="act" value="cry"/>
<string name="0" value="s1"/>
</imgdir>
<imgdir name="1">
<int name="l0" value="10"/>
<int name="l1" value="19"/>
<string name="act" value="cry"/>
<string name="0" value="s2"/>
</imgdir>
<imgdir name="2">
<int name="l0" value="20"/>
<int name="l1" value="29"/>
<string name="act" value="angry"/>
<string name="0" value="s3"/>
</imgdir>
<imgdir name="3">
<int name="l0" value="30"/>
<int name="l1" value="30"/>
<string name="act" value="angry"/>
<string name="0" value="s4"/>
</imgdir>
</imgdir>
<imgdir name="stand0">
<canvas name="0" width="30" height="46">
<vector name="origin" x="15" y="46"/>
<int name="z" value="0"/>
<vector name="lt" x="-27" y="-42"/>
<vector name="rb" x="36" y="1"/>
<string name="_hash" value="04ffafda3d1c65f11ca812c82d2d4f35665faebef7dbbb5d0a8cc1d88dd339fb"/>
</canvas>
<canvas name="1" width="30" height="47">
<vector name="origin" x="15" y="47"/>
<int name="z" value="0"/>
<vector name="lt" x="-27" y="-42"/>
<vector name="rb" x="36" y="1"/>
<string name="_hash" value="ddf3d9855b65cc391a66cff046670b5a57d3740f33388735dc14b0135050536a"/>
</canvas>
<canvas name="2" width="30" height="46">
<vector name="origin" x="15" y="46"/>
<int name="z" value="0"/>
<vector name="lt" x="-27" y="-42"/>
<vector name="rb" x="36" y="1"/>
<string name="_hash" value="7b101bfa5a7316397674453a5817eec99adaddd6dc96ca1319ffb5a1b61f28cd"/>
</canvas>
<canvas name="3" width="30" height="45">
<vector name="origin" x="15" y="45"/>
<int name="z" value="0"/>
<vector name="lt" x="-27" y="-42"/>
<vector name="rb" x="36" y="1"/>
<string name="_hash" value="22f37666a7b30868b9526fbdf58ca6abc0d36dc067a0c6d8333ac97a547327ec"/>
</canvas>
</imgdir>
<imgdir name="stand1">
<canvas name="0" width="30" height="46">
<vector name="origin" x="15" y="46"/>
<int name="z" value="0"/>
<vector name="lt" x="-27" y="-42"/>
<vector name="rb" x="36" y="1"/>
<string name="_hash" value="4164778d3fbf8a757f5dab67e70e6fdaa4e1f153a2fce37a3e20e67e17cee098"/>
</canvas>
<canvas name="1" width="30" height="47">
<vector name="origin" x="15" y="47"/>
<int name="z" value="0"/>
<vector name="lt" x="-27" y="-42"/>
<vector name="rb" x="36" y="1"/>
<string name="_hash" value="9137f8b9cb0c6a39caa7d19152078acb8fdc8ca5fe4a1efa853b3e9a56361e0e"/>
</canvas>
<canvas name="2" width="30" height="46">
<vector name="origin" x="15" y="46"/>
<int name="z" value="0"/>
<vector name="lt" x="-27" y="-42"/>
<vector name="rb" x="36" y="1"/>
<string name="_hash" value="f55f047104631a8732bbeb3ac6ba60e7f9f95becd09610b491a4bdd6a1259e63"/>
</canvas>
<canvas name="3" width="30" height="45">
<vector name="origin" x="15" y="45"/>
<int name="z" value="0"/>
<vector name="lt" x="-27" y="-42"/>
<vector name="rb" x="36" y="1"/>
<string name="_hash" value="9d097b4d6a65d0334185fd96d81a409f6a27b71acf7e228ae09a888a37d9a07a"/>
</canvas>
</imgdir>
<imgdir name="rest0">
<canvas name="0" width="30" height="46">
<vector name="origin" x="15" y="46"/>
<int name="z" value="0"/>
<vector name="lt" x="-27" y="-42"/>
<vector name="rb" x="36" y="1"/>
<string name="_hash" value="b974481f0189fa1f15d1e623ff12923fd36e02853922e2a4c5be1a3f275f5984"/>
</canvas>
<canvas name="1" width="30" height="47">
<vector name="origin" x="15" y="47"/>
<int name="z" value="0"/>
<vector name="lt" x="-27" y="-42"/>
<vector name="rb" x="36" y="1"/>
<string name="_hash" value="f02d12df1ecc7debb83818976aa8e2295a3e306fd31c0a5960d316d2f6d92243"/>
</canvas>
<canvas name="2" width="30" height="46">
<vector name="origin" x="15" y="46"/>
<int name="z" value="0"/>
<vector name="lt" x="-27" y="-42"/>
<vector name="rb" x="36" y="1"/>
<string name="_hash" value="8729b33bc0ab147c551669a28b05f7285c7765831dd38fbff785ca060431b83f"/>
</canvas>
<canvas name="3" width="30" height="45">
<vector name="origin" x="15" y="45"/>
<int name="z" value="0"/>
<vector name="lt" x="-27" y="-42"/>
<vector name="rb" x="36" y="1"/>
<string name="_hash" value="43583ceed7af4b11d42481b78a743a25bfb2b032f76389092832f4f0ecd8f37e"/>
</canvas>
</imgdir>
<imgdir name="move">
<canvas name="0" width="30" height="45">
<vector name="origin" x="15" y="45"/>
<int name="z" value="0"/>
<vector name="lt" x="-27" y="-42"/>
<vector name="rb" x="36" y="1"/>
<string name="_hash" value="6abadf5651da6bd0ceca60b820e2e1e4ecd8cb88e9bad050d27244b395888300"/>
</canvas>
<canvas name="1" width="30" height="45">
<vector name="origin" x="15" y="45"/>
<int name="z" value="0"/>
<vector name="lt" x="-27" y="-42"/>
<vector name="rb" x="36" y="1"/>
<string name="_hash" value="07dda53225b87259c60d5070bfc1860ab0b5383ad35722119c3fc5dbfb0b2c1c"/>
</canvas>
<canvas name="2" width="30" height="46">
<vector name="origin" x="15" y="49"/>
<int name="z" value="0"/>
<vector name="lt" x="-27" y="-42"/>
<vector name="rb" x="36" y="1"/>
<string name="_hash" value="749d8feb8903f2a4c732901de8ab03c4ff76dd5af73af5516fc2d3ad858a3a73"/>
</canvas>
<canvas name="3" width="30" height="46">
<vector name="origin" x="15" y="50"/>
<int name="z" value="0"/>
<vector name="lt" x="-27" y="-42"/>
<vector name="rb" x="36" y="1"/>
<string name="_hash" value="15faf4f419a6eee8d42e0adc547220397ddd81c9807a2f9f812c19a29f9f90f1"/>
</canvas>
<canvas name="4" width="30" height="44">
<vector name="origin" x="15" y="44"/>
<int name="z" value="0"/>
<vector name="lt" x="-27" y="-42"/>
<vector name="rb" x="36" y="1"/>
<string name="_hash" value="a1387c192d888f3ec2ab50434b0baa3c60db9847f48cbaf281926bd7f04af4a5"/>
</canvas>
</imgdir>
<imgdir name="jump">
<canvas name="0" width="30" height="42">
<vector name="origin" x="15" y="46"/>
<int name="z" value="0"/>
<vector name="lt" x="-27" y="-42"/>
<vector name="rb" x="36" y="1"/>
<string name="_hash" value="c4073650183d82e826466a4781502291342c2f9f159cb5c4b4e4ac657b821be8"/>
</canvas>
</imgdir>
<imgdir name="hang">
<canvas name="0" width="30" height="31">
<vector name="origin" x="14" y="48"/>
<int name="z" value="0"/>
<vector name="lt" x="-26" y="-58"/>
<vector name="rb" x="34" y="-1"/>
<string name="_hash" value="06f365ad4b1c155547daf35e64f3e9e9e31a5ca5210392843c1cd2779e8389e0"/>
</canvas>
</imgdir>
<imgdir name="hungry">
<canvas name="0" width="30" height="34">
<vector name="origin" x="15" y="34"/>
<int name="z" value="0"/>
<vector name="lt" x="-27" y="-42"/>
<vector name="rb" x="36" y="1"/>
<string name="_hash" value="1521f942cc1ea7ab72447e95d4ae3f5860ffa18b24d1c44f8b45d527f2916508"/>
</canvas>
<canvas name="1" width="30" height="35">
<vector name="origin" x="15" y="35"/>
<int name="z" value="0"/>
<vector name="lt" x="-27" y="-42"/>
<vector name="rb" x="36" y="1"/>
<string name="_hash" value="8b149d99351b222d6f32f22cc3d863f1517565563ee6d2e7b1f1baa332e09323"/>
</canvas>
<canvas name="2" width="30" height="34">
<vector name="origin" x="15" y="34"/>
<int name="z" value="0"/>
<vector name="lt" x="-27" y="-42"/>
<vector name="rb" x="36" y="1"/>
<string name="_hash" value="e79ce70814cbba6bd0ee0e58f18e54695937485844b5792b775f405fcaa146a8"/>
</canvas>
<canvas name="3" width="30" height="34">
<vector name="origin" x="15" y="34"/>
<int name="z" value="0"/>
<vector name="lt" x="-27" y="-42"/>
<vector name="rb" x="36" y="1"/>
<string name="_hash" value="333238c91ddc93ea4260b9aada83da6ade03deee16d7fe9417c644a00dc8f942"/>
</canvas>
</imgdir>
<imgdir name="angry">
<canvas name="0" width="30" height="62">
<vector name="origin" x="15" y="62"/>
<int name="z" value="0"/>
<vector name="lt" x="-27" y="-42"/>
<vector name="rb" x="36" y="1"/>
<string name="_hash" value="939b5e220567690af453f9a4d48fef613a6d99b3e0051117ad2a32f30e7edc5d"/>
</canvas>
<canvas name="1" width="30" height="55">
<vector name="origin" x="15" y="55"/>
<int name="z" value="0"/>
<vector name="lt" x="-27" y="-42"/>
<vector name="rb" x="36" y="1"/>
<string name="_hash" value="6979da8eba07bf1954341cd2520bbbae20cd387ba67d40c80d090effaed5e0d4"/>
</canvas>
<canvas name="2" width="31" height="63">
<vector name="origin" x="16" y="63"/>
<int name="z" value="0"/>
<vector name="lt" x="-27" y="-42"/>
<vector name="rb" x="36" y="1"/>
<string name="_hash" value="08e0228e4306d157faba7d3d239f68bbdac64845f5f9f7cff7fb50089561664b"/>
</canvas>
<canvas name="3" width="30" height="56">
<vector name="origin" x="15" y="56"/>
<int name="z" value="0"/>
<vector name="lt" x="-27" y="-42"/>
<vector name="rb" x="36" y="1"/>
<string name="_hash" value="c45db7a03f339b9affb42f13d0a23b94a2ba467b9b66ba73cdd7a1e2ba74676e"/>
</canvas>
</imgdir>
<imgdir name="chat">
<canvas name="0" width="1" height="1">
<vector name="origin" x="15" y="46"/>
<int name="z" value="0"/>
<vector name="lt" x="-27" y="-42"/>
<vector name="rb" x="36" y="1"/>
<string name="_inlink" value="stand0/0"/>
</canvas>
<canvas name="1" width="30" height="47">
<vector name="origin" x="15" y="47"/>
<int name="z" value="0"/>
<vector name="lt" x="-27" y="-42"/>
<vector name="rb" x="36" y="1"/>
<string name="_hash" value="28ba2030c71c0135ee93e9f7fbf2241daa7b118de72b4fd571806cd8d8147106"/>
</canvas>
<canvas name="2" width="30" height="46">
<vector name="origin" x="15" y="46"/>
<int name="z" value="0"/>
<vector name="lt" x="-27" y="-42"/>
<vector name="rb" x="36" y="1"/>
<string name="_hash" value="6422f9b56c3ee1014dfcf4dd759fe078bb4d5f0225b9e68ead2825bbf90b4404"/>
</canvas>
<canvas name="3" width="30" height="45">
<vector name="origin" x="15" y="45"/>
<int name="z" value="0"/>
<vector name="lt" x="-27" y="-42"/>
<vector name="rb" x="36" y="1"/>
<string name="_hash" value="2f89b79853574bc44b874f0a2f2527470a5a9ceef5ec9e83ef6c38d2bece8148"/>
</canvas>
</imgdir>
<imgdir name="love">
<canvas name="0" width="38" height="47">
<vector name="origin" x="23" y="46"/>
<int name="z" value="0"/>
<vector name="lt" x="-27" y="-42"/>
<vector name="rb" x="36" y="1"/>
<string name="_hash" value="1fe77dd4143b83e85c53fc69b9d7349f308949d7bcb09b06f04209d173322988"/>
</canvas>
<canvas name="1" width="39" height="47">
<vector name="origin" x="24" y="47"/>
<int name="z" value="0"/>
<vector name="lt" x="-27" y="-42"/>
<vector name="rb" x="36" y="1"/>
<string name="_hash" value="bd38766ff95280db2688816cbc113a9fb92bdc97edffcaa44fd5036ca6525afb"/>
</canvas>
<canvas name="2" width="46" height="46">
<vector name="origin" x="25" y="46"/>
<int name="z" value="0"/>
<vector name="lt" x="-27" y="-42"/>
<vector name="rb" x="36" y="1"/>
<string name="_hash" value="d23e1783efc33235c2ba5a0179972d7f4060a3499dc6a4437f1fa66beb8f2e33"/>
</canvas>
<canvas name="3" width="49" height="45">
<vector name="origin" x="27" y="45"/>
<int name="z" value="0"/>
<vector name="lt" x="-27" y="-42"/>
<vector name="rb" x="36" y="1"/>
<string name="_hash" value="0e7542cfc8c1a87ff4243b6cabb6503c7f10fcb1387c430ca469dafcbf0690aa"/>
</canvas>
<canvas name="4" width="50" height="46">
<vector name="origin" x="27" y="46"/>
<int name="z" value="0"/>
<vector name="lt" x="-27" y="-42"/>
<vector name="rb" x="36" y="1"/>
<string name="_hash" value="fec90042325365546ee56bb580f0cb20bbf10e104157f1d9a2e951d971b4643e"/>
</canvas>
<canvas name="5" width="51" height="47">
<vector name="origin" x="26" y="47"/>
<int name="z" value="0"/>
<vector name="lt" x="-27" y="-42"/>
<vector name="rb" x="36" y="1"/>
<string name="_hash" value="0f3d0606e9b7c5790cae652b0768cfac43583e1492e3f5dbd5bc5c1c809d69a6"/>
</canvas>
<canvas name="6" width="40" height="46">
<vector name="origin" x="15" y="46"/>
<int name="z" value="0"/>
<vector name="lt" x="-27" y="-42"/>
<vector name="rb" x="36" y="1"/>
<string name="_hash" value="a87654da7b9f64e835f210cc193df25187c9edb83a2c08eba09672ef2b121b90"/>
</canvas>
<canvas name="7" width="39" height="45">
<vector name="origin" x="15" y="45"/>
<int name="z" value="0"/>
<vector name="lt" x="-27" y="-42"/>
<vector name="rb" x="36" y="1"/>
<string name="_hash" value="dd64a510c7bdc9f8e9d766f056cc047276c99ee36cb7ff2edfa0cd0a5a037ad5"/>
</canvas>
</imgdir>
<imgdir name="cry">
<canvas name="0" width="30" height="46">
<vector name="origin" x="15" y="46"/>
<int name="z" value="0"/>
<vector name="lt" x="-27" y="-42"/>
<vector name="rb" x="36" y="1"/>
<string name="_hash" value="fb09fc9f6af00206bd0e852af23e180db8459783d8694b643c04ded2e23967d0"/>
</canvas>
<canvas name="1" width="30" height="47">
<vector name="origin" x="15" y="47"/>
<int name="z" value="0"/>
<vector name="lt" x="-27" y="-42"/>
<vector name="rb" x="36" y="1"/>
<string name="_hash" value="6f41639df4192f92b0b053894d9c93008aed9419c98ab9e3640c9cca6822ea03"/>
</canvas>
<canvas name="2" width="30" height="46">
<vector name="origin" x="15" y="46"/>
<int name="z" value="0"/>
<vector name="lt" x="-27" y="-42"/>
<vector name="rb" x="36" y="1"/>
<string name="_hash" value="c18ff673d9e8ba7b555c726b30eb26605d69b1924a677ada4f63e9cfb4ed47d0"/>
</canvas>
<canvas name="3" width="30" height="45">
<vector name="origin" x="15" y="45"/>
<int name="z" value="0"/>
<vector name="lt" x="-27" y="-42"/>
<vector name="rb" x="36" y="1"/>
<string name="_hash" value="1bd2353c451570c7f1f968444b57706e745f2aa685e63da9015a65ffbd11d78a"/>
</canvas>
</imgdir>
<imgdir name="sleep">
<canvas name="0" width="42" height="34">
<vector name="origin" x="15" y="34"/>
<int name="z" value="0"/>
<vector name="lt" x="-27" y="-42"/>
<vector name="rb" x="36" y="1"/>
<string name="_hash" value="a78dec71ff4389bf38fce6a7b2edbfbea6a074c37ef68e0e2142e07bdd3ea725"/>
</canvas>
<canvas name="1" width="42" height="34">
<vector name="origin" x="15" y="34"/>
<int name="z" value="0"/>
<vector name="lt" x="-27" y="-42"/>
<vector name="rb" x="36" y="1"/>
<string name="_hash" value="8b438b20fecc9ad06eb8f5e61d16d0dcceb88fa1b97cde44ac481b5c09dd4766"/>
</canvas>
<canvas name="2" width="43" height="34">
<vector name="origin" x="15" y="34"/>
<int name="z" value="0"/>
<vector name="lt" x="-27" y="-42"/>
<vector name="rb" x="36" y="1"/>
<string name="_hash" value="9fb95fb9df413ecce23f5ee86a701259a7ebd31964b938e2051cd6b40a763400"/>
</canvas>
<canvas name="3" width="43" height="34">
<vector name="origin" x="15" y="34"/>
<int name="z" value="0"/>
<vector name="lt" x="-27" y="-42"/>
<vector name="rb" x="36" y="1"/>
<string name="_hash" value="0805a25f861b7cd8734799b1d3b388949c7312c040edfce9512d5d71a0979bd9"/>
</canvas>
</imgdir>
<imgdir name="roll">
<canvas name="0" width="39" height="44">
<vector name="origin" x="22" y="41"/>
<int name="z" value="0"/>
<vector name="lt" x="-27" y="-42"/>
<vector name="rb" x="36" y="1"/>
<string name="_hash" value="47f154fa0c9d89a1a1f61e4b5b9109cef09c42d78f6743ba57459b1e064489b3"/>
</canvas>
<canvas name="1" width="46" height="40">
<vector name="origin" x="29" y="36"/>
<int name="z" value="0"/>
<vector name="lt" x="-27" y="-42"/>
<vector name="rb" x="36" y="1"/>
<string name="_hash" value="5715e89bc26330b3c7e8069cc582e432ce7aea0b15468e8275f8a25d307ceb87"/>
</canvas>
<canvas name="2" width="42" height="42">
<vector name="origin" x="17" y="39"/>
<int name="z" value="0"/>
<vector name="lt" x="-27" y="-42"/>
<vector name="rb" x="36" y="1"/>
<string name="_hash" value="0e04267ac9a6fd35e5c585254f8a6475046f64fa8aa97284f1e77aee3811f736"/>
</canvas>
</imgdir>
<imgdir name="eat">
<canvas name="1" width="31" height="46">
<vector name="origin" x="16" y="46"/>
<int name="z" value="0"/>
<vector name="lt" x="-16" y="-40"/>
<vector name="rb" x="16" y="1"/>
<string name="_hash" value="8dc8bab989681193186a80c1098bc4f3255d8f698636a991cc1c38a3add4d385"/>
</canvas>
<canvas name="2" width="30" height="45">
<vector name="origin" x="15" y="45"/>
<int name="z" value="0"/>
<vector name="lt" x="-16" y="-40"/>
<vector name="rb" x="16" y="1"/>
<string name="_hash" value="e99d1cdd9a950aac86e88042b959fd8c9ee512c4e19594462da859631042645f"/>
</canvas>
<canvas name="3" width="30" height="46">
<vector name="origin" x="15" y="46"/>
<int name="z" value="0"/>
<vector name="lt" x="-16" y="-40"/>
<vector name="rb" x="16" y="1"/>
<string name="_hash" value="881d7605fbfe23a688e53c550c21905bdae5be72bdc159b659098bd7c2dbb297"/>
</canvas>
<canvas name="4" width="30" height="45">
<vector name="origin" x="15" y="45"/>
<int name="z" value="0"/>
<vector name="lt" x="-16" y="-40"/>
<vector name="rb" x="16" y="1"/>
<string name="_hash" value="aa5c223b642f8477a101e2f512d68db31f7775ce9ca722b601dce3b1411454cd"/>
</canvas>
<canvas name="5" width="30" height="46">
<vector name="origin" x="15" y="46"/>
<int name="z" value="0"/>
<vector name="lt" x="-16" y="-40"/>
<vector name="rb" x="16" y="1"/>
<string name="_hash" value="02c12c10a7ec2b71fe347fbeb89b500913a53848ff7ccc174412dea0f2868677"/>
</canvas>
<canvas name="6" width="30" height="45">
<vector name="origin" x="15" y="45"/>
<int name="z" value="0"/>
<vector name="lt" x="-16" y="-40"/>
<vector name="rb" x="16" y="1"/>
<string name="_hash" value="46c5bdc1d5aada7c3fdb24f47f9870126db1406093f4467c74d47c1032afa6fe"/>
</canvas>
<canvas name="7" width="1" height="1">
<vector name="origin" x="15" y="46"/>
<int name="z" value="0"/>
<vector name="lt" x="-16" y="-40"/>
<vector name="rb" x="16" y="1"/>
<string name="_inlink" value="eat/3"/>
</canvas>
<canvas name="8" width="1" height="1">
<vector name="origin" x="15" y="45"/>
<int name="z" value="0"/>
<vector name="lt" x="-16" y="-40"/>
<vector name="rb" x="16" y="1"/>
<string name="_inlink" value="eat/4"/>
</canvas>
</imgdir>
<imgdir name="dung">
<canvas name="0" width="33" height="46">
<vector name="origin" x="15" y="46"/>
<int name="z" value="0"/>
<vector name="lt" x="-27" y="-42"/>
<vector name="rb" x="36" y="1"/>
<string name="_hash" value="baf3c20bf053fd0bab7e3380cb6bd551d13d74df5abef01c638547aba6f17a0a"/>
</canvas>
<canvas name="1" width="38" height="47">
<vector name="origin" x="15" y="47"/>
<int name="z" value="0"/>
<vector name="lt" x="-27" y="-42"/>
<vector name="rb" x="36" y="1"/>
<string name="_hash" value="d694a42c1f83a6498e08d51667996bb4d49d18982d71e11c5a1ae393792de8e7"/>
</canvas>
<canvas name="2" width="45" height="46">
<vector name="origin" x="15" y="46"/>
<int name="z" value="0"/>
<vector name="lt" x="-27" y="-42"/>
<vector name="rb" x="36" y="1"/>
<string name="_hash" value="a035c9fa379516cec6677a2ce16c15823c970de802aa3a8c150dedb2ec18025c"/>
</canvas>
<canvas name="3" width="47" height="45">
<vector name="origin" x="15" y="45"/>
<int name="z" value="0"/>
<vector name="lt" x="-27" y="-42"/>
<vector name="rb" x="36" y="1"/>
<string name="_hash" value="39bb2c1a1a5b6f35ab9ed4adc40f2414521ea52369576731f544171e05231eb2"/>
</canvas>
<canvas name="4" width="33" height="46">
<vector name="origin" x="15" y="46"/>
<int name="z" value="0"/>
<vector name="lt" x="-27" y="-42"/>
<vector name="rb" x="36" y="1"/>
<string name="_hash" value="f6c69085c3c15fbd419e0c49a4957c96992d67452cd88c3829e3ccfcf55a9132"/>
</canvas>
<canvas name="5" width="38" height="47">
<vector name="origin" x="15" y="47"/>
<int name="z" value="0"/>
<vector name="lt" x="-27" y="-42"/>
<vector name="rb" x="36" y="1"/>
<string name="_hash" value="382b35f44df507279c6f9b9e6e3f5c077d4aa1848f175c3d7debb601d9c9cffb"/>
</canvas>
<canvas name="6" width="45" height="46">
<vector name="origin" x="15" y="46"/>
<int name="z" value="0"/>
<vector name="lt" x="-27" y="-42"/>
<vector name="rb" x="36" y="1"/>
<string name="_hash" value="5615647e542dfda3bd4707526557dff8b568926a2c7df2fbfaa3bdf788816149"/>
</canvas>
<canvas name="7" width="47" height="45">
<vector name="origin" x="15" y="45"/>
<int name="z" value="0"/>
<vector name="lt" x="-27" y="-42"/>
<vector name="rb" x="36" y="1"/>
<string name="_hash" value="52e6ec975ffb33485eb9a86f2a628bbba4f9e3207f85d4b9306ffe42eebe09cb"/>
</canvas>
</imgdir>
<imgdir name="fly">
<canvas name="0" width="1" height="1">
<vector name="origin" x="15" y="45"/>
<int name="z" value="0"/>
<vector name="lt" x="-27" y="-42"/>
<vector name="rb" x="36" y="1"/>
<string name="_inlink" value="move/0"/>
</canvas>
<canvas name="1" width="1" height="1">
<vector name="origin" x="15" y="45"/>
<int name="z" value="0"/>
<vector name="lt" x="-27" y="-42"/>
<vector name="rb" x="36" y="1"/>
<string name="_inlink" value="move/1"/>
</canvas>
<canvas name="2" width="1" height="1">
<vector name="origin" x="15" y="49"/>
<int name="z" value="0"/>
<vector name="lt" x="-27" y="-42"/>
<vector name="rb" x="36" y="1"/>
<string name="_inlink" value="move/2"/>
</canvas>
<canvas name="3" width="1" height="1">
<vector name="origin" x="15" y="50"/>
<int name="z" value="0"/>
<vector name="lt" x="-27" y="-42"/>
<vector name="rb" x="36" y="1"/>
<string name="_inlink" value="move/3"/>
</canvas>
<canvas name="4" width="1" height="1">
<vector name="origin" x="15" y="44"/>
<int name="z" value="0"/>
<vector name="lt" x="-27" y="-42"/>
<vector name="rb" x="36" y="1"/>
<string name="_inlink" value="move/4"/>
</canvas>
</imgdir>
<imgdir name="no">
<uol name="0" value="../angry/0"/>
<uol name="1" value="../angry/1"/>
<uol name="2" value="../angry/2"/>
<uol name="3" value="../angry/3"/>
</imgdir>
</imgdir>
