<?xml version="1.0" encoding="UTF-8" standalone="yes"?>
<imgdir name="5000344.img">
<imgdir name="info">
<canvas name="icon" width="34" height="31">
<vector name="origin" x="1" y="31"/>
<string name="_hash" value="b689213d986adcb3da2163415a0f7489beb5b683ba11d5da89596240ad01e2b7"/>
</canvas>
<canvas name="iconRaw" width="34" height="28">
<vector name="origin" x="1" y="31"/>
<string name="_hash" value="93be33f1eaaa23671b29eef3f97f8a93c11bf8bb3248ece4325f393e5a06fbf2"/>
</canvas>
<canvas name="iconD" width="28" height="32">
<vector name="origin" x="-3" y="32"/>
<string name="_hash" value="61139cad21db84466e468b1d1dcdb79b338e612c2587a1e7465c868d7ef886b4"/>
</canvas>
<canvas name="iconRawD" width="28" height="31">
<vector name="origin" x="-3" y="32"/>
<string name="_hash" value="8b4edb262a94c9a2c23c4bf18b24db30053a0587d0108503de989645bf7fe375"/>
</canvas>
<int name="nameTag" value="140"/>
<int name="chatBalloon" value="140"/>
<int name="life" value="90"/>
<int name="hungry" value="2"/>
<int name="cash" value="1"/>
<int name="multiPet" value="1"/>
<int name="pickupItem" value="1"/>
<int name="autoBuff" value="1"/>
<int name="setItemID" value="321"/>
</imgdir>
<imgdir name="interact">
<imgdir name="0">
<string name="command" value="c1"/>
<int name="inc" value="1"/>
<int name="prob" value="30"/>
<int name="l0" value="1"/>
<int name="l1" value="9"/>
<imgdir name="success">
<imgdir name="0">
<string name="act" value="rest0"/>
<string name="0" value="c1_s1"/>
<string name="1" value="c1_s2"/>
</imgdir>
</imgdir>
<imgdir name="fail">
<imgdir name="0">
<string name="act" value="stand0"/>
<string name="0" value="c1_f1"/>
<string name="1" value="c1_f2"/>
</imgdir>
</imgdir>
</imgdir>
<imgdir name="1">
<string name="command" value="c2"/>
<int name="inc" value="2"/>
<int name="prob" value="45"/>
<int name="l0" value="10"/>
<int name="l1" value="19"/>
<imgdir name="success">
<imgdir name="0">
<string name="act" value="rest0"/>
<string name="0" value="c2_s1"/>
<string name="1" value="c2_s2"/>
<string name="2" value="c2_s3"/>
<string name="3" value="c2_s4"/>
</imgdir>
</imgdir>
<imgdir name="fail">
<imgdir name="0">
<string name="act" value="stand0"/>
<string name="0" value="c2_f1"/>
<string name="1" value="c2_f2"/>
<string name="2" value="c2_f3"/>
<string name="3" value="c2_f4"/>
</imgdir>
</imgdir>
</imgdir>
<imgdir name="2">
<string name="command" value="c3"/>
<int name="inc" value="3"/>
<int name="prob" value="60"/>
<int name="l0" value="20"/>
<int name="l1" value="29"/>
<imgdir name="success">
<imgdir name="0">
<string name="act" value="rest0"/>
<string name="0" value="c3_s1"/>
<string name="1" value="c3_s2"/>
<string name="2" value="c3_s3"/>
<string name="3" value="c3_s4"/>
</imgdir>
</imgdir>
<imgdir name="fail">
<imgdir name="0">
<string name="act" value="stand0"/>
<string name="0" value="c3_f1"/>
<string name="1" value="c3_f2"/>
<string name="2" value="c3_f3"/>
<string name="3" value="c3_f4"/>
</imgdir>
</imgdir>
</imgdir>
<imgdir name="3">
<string name="command" value="c4"/>
<int name="inc" value="2"/>
<int name="prob" value="70"/>
<int name="l0" value="30"/>
<int name="l1" value="30"/>
<imgdir name="success">
<imgdir name="0">
<string name="act" value="rest0"/>
<string name="0" value="c4_s1"/>
<string name="1" value="c4_s2"/>
<string name="2" value="c4_s3"/>
<string name="3" value="c4_s4"/>
</imgdir>
</imgdir>
<imgdir name="fail">
<imgdir name="0">
<string name="act" value="stand0"/>
<string name="0" value="c4_f1"/>
<string name="1" value="c4_f2"/>
<string name="2" value="c4_f3"/>
<string name="3" value="c4_f4"/>
</imgdir>
</imgdir>
</imgdir>
<imgdir name="4">
<string name="command" value="c5"/>
<int name="inc" value="1"/>
<int name="prob" value="30"/>
<int name="l0" value="1"/>
<int name="l1" value="9"/>
<imgdir name="success">
<imgdir name="0">
<string name="act" value="cry"/>
<string name="0" value="c5_s1"/>
<string name="1" value="c5_s2"/>
</imgdir>
</imgdir>
<imgdir name="fail">
<imgdir name="0">
<string name="act" value="angry"/>
<string name="0" value="c5_f1"/>
<string name="1" value="c5_f2"/>
</imgdir>
</imgdir>
</imgdir>
<imgdir name="5">
<string name="command" value="c6"/>
<int name="inc" value="2"/>
<int name="prob" value="50"/>
<int name="l0" value="10"/>
<int name="l1" value="19"/>
<imgdir name="success">
<imgdir name="0">
<string name="act" value="cry"/>
<string name="0" value="c6_s1"/>
<string name="1" value="c6_s2"/>
<string name="2" value="c6_s3"/>
<string name="3" value="c6_s4"/>
</imgdir>
</imgdir>
<imgdir name="fail">
<imgdir name="0">
<string name="act" value="angry"/>
<string name="0" value="c6_f1"/>
<string name="1" value="c6_f2"/>
<string name="2" value="c6_f3"/>
<string name="3" value="c6_f4"/>
</imgdir>
</imgdir>
</imgdir>
<imgdir name="6">
<string name="command" value="c7"/>
<int name="inc" value="2"/>
<int name="prob" value="60"/>
<int name="l0" value="20"/>
<int name="l1" value="29"/>
<imgdir name="success">
<imgdir name="0">
<string name="act" value="cry"/>
<string name="0" value="c7_s1"/>
<string name="1" value="c7_s2"/>
<string name="2" value="c7_s3"/>
<string name="3" value="c7_s4"/>
</imgdir>
</imgdir>
<imgdir name="fail">
<imgdir name="0">
<string name="act" value="flame"/>
<string name="0" value="c7_f1"/>
<string name="1" value="c7_f2"/>
<string name="2" value="c7_f3"/>
<string name="3" value="c7_f4"/>
</imgdir>
</imgdir>
</imgdir>
<imgdir name="7">
<string name="command" value="c8"/>
<int name="inc" value="3"/>
<int name="prob" value="70"/>
<int name="l0" value="30"/>
<int name="l1" value="30"/>
<imgdir name="success">
<imgdir name="0">
<string name="act" value="cry"/>
<string name="0" value="c8_s1"/>
<string name="1" value="c8_s2"/>
<string name="2" value="c8_s3"/>
<string name="3" value="c8_s4"/>
</imgdir>
</imgdir>
<imgdir name="fail">
<imgdir name="0">
<string name="act" value="flame"/>
<string name="0" value="c8_f1"/>
<string name="1" value="c8_f2"/>
<string name="2" value="c8_f3"/>
<string name="3" value="c8_f4"/>
</imgdir>
</imgdir>
</imgdir>
<imgdir name="8">
<string name="command" value="c9"/>
<int name="inc" value="1"/>
<int name="prob" value="30"/>
<int name="l0" value="1"/>
<int name="l1" value="9"/>
<imgdir name="success">
<imgdir name="0">
<string name="act" value="love"/>
<string name="0" value="c9_s1"/>
<string name="1" value="c9_s2"/>
</imgdir>
</imgdir>
<imgdir name="fail">
<imgdir name="0">
<string name="act" value="no"/>
<string name="0" value="c9_f1"/>
<string name="1" value="c9_f2"/>
</imgdir>
</imgdir>
</imgdir>
<imgdir name="9">
<string name="command" value="c10"/>
<int name="inc" value="2"/>
<int name="prob" value="50"/>
<int name="l0" value="10"/>
<int name="l1" value="19"/>
<imgdir name="success">
<imgdir name="0">
<string name="act" value="love"/>
<string name="0" value="c10_s1"/>
<string name="1" value="c10_s2"/>
<string name="2" value="c10_s3"/>
<string name="3" value="c10_s4"/>
</imgdir>
</imgdir>
<imgdir name="fail">
<imgdir name="0">
<string name="act" value="no"/>
<string name="0" value="c10_f1"/>
<string name="1" value="c10_f2"/>
<string name="2" value="c10_f3"/>
<string name="3" value="c10_f4"/>
</imgdir>
</imgdir>
</imgdir>
<imgdir name="10">
<string name="command" value="c11"/>
<int name="inc" value="2"/>
<int name="prob" value="60"/>
<int name="l0" value="20"/>
<int name="l1" value="29"/>
<imgdir name="success">
<imgdir name="0">
<string name="act" value="love"/>
<string name="0" value="c11_s1"/>
<string name="1" value="c11_s2"/>
<string name="2" value="c11_s3"/>
<string name="3" value="c11_s4"/>
</imgdir>
</imgdir>
<imgdir name="fail">
<imgdir name="0">
<string name="act" value="no"/>
<string name="0" value="c11_f1"/>
<string name="1" value="c11_f2"/>
<string name="2" value="c11_f3"/>
<string name="4" value="c11_f4"/>
</imgdir>
</imgdir>
</imgdir>
<imgdir name="11">
<string name="command" value="c12"/>
<int name="inc" value="3"/>
<int name="prob" value="70"/>
<int name="l0" value="30"/>
<int name="l1" value="30"/>
<imgdir name="success">
<imgdir name="0">
<string name="act" value="love"/>
<string name="0" value="c12_s1"/>
<string name="1" value="c12_s2"/>
<string name="2" value="c12_s3"/>
<string name="3" value="c12_s4"/>
</imgdir>
</imgdir>
<imgdir name="fail">
<imgdir name="0">
<string name="act" value="no"/>
<string name="0" value="c12_f1"/>
<string name="1" value="c12_f2"/>
<string name="2" value="c12_f3"/>
<string name="3" value="c12_f4"/>
</imgdir>
</imgdir>
</imgdir>
<imgdir name="12">
<string name="command" value="c13"/>
<int name="inc" value="1"/>
<int name="prob" value="30"/>
<int name="l0" value="10"/>
<int name="l1" value="19"/>
<imgdir name="success">
<imgdir name="0">
<string name="act" value="dung"/>
<string name="0" value="c13_s1"/>
<string name="1" value="c13_s2"/>
<string name="2" value="c13_s3"/>
<string name="3" value="c13_s4"/>
</imgdir>
</imgdir>
<imgdir name="fail">
<imgdir name="0">
<string name="act" value="no"/>
<string name="0" value="c13_f1"/>
<string name="1" value="c13_f2"/>
<string name="2" value="c13_f3"/>
<string name="3" value="c13_f4"/>
</imgdir>
</imgdir>
</imgdir>
<imgdir name="13">
<string name="command" value="c14"/>
<int name="inc" value="2"/>
<int name="prob" value="50"/>
<int name="l0" value="20"/>
<int name="l1" value="29"/>
<imgdir name="success">
<imgdir name="0">
<string name="act" value="dung"/>
<string name="0" value="c14_s1"/>
<string name="1" value="c14_s2"/>
<string name="2" value="c14_s3"/>
<string name="3" value="c14_s4"/>
</imgdir>
</imgdir>
<imgdir name="fail">
<imgdir name="0">
<string name="act" value="no"/>
<string name="0" value="c14_f1"/>
<string name="1" value="c14_f2"/>
<string name="2" value="c14_f3"/>
<string name="3" value="c14_f4"/>
</imgdir>
</imgdir>
</imgdir>
<imgdir name="14">
<string name="command" value="c15"/>
<int name="inc" value="3"/>
<int name="prob" value="70"/>
<int name="l0" value="30"/>
<int name="l1" value="30"/>
<imgdir name="success">
<imgdir name="0">
<string name="act" value="dung"/>
<string name="0" value="c15_s1"/>
<string name="1" value="c15_s2"/>
<string name="2" value="c15_s3"/>
<string name="3" value="c15_s4"/>
</imgdir>
</imgdir>
<imgdir name="fail">
<imgdir name="0">
<string name="act" value="no"/>
<string name="0" value="c15_f1"/>
<string name="1" value="c15_f2"/>
<string name="2" value="c15_f3"/>
<string name="3" value="c15_f4"/>
</imgdir>
</imgdir>
</imgdir>
<imgdir name="15">
<string name="command" value="c16"/>
<int name="inc" value="1"/>
<int name="prob" value="30"/>
<int name="l0" value="10"/>
<int name="l1" value="19"/>
<imgdir name="success">
<imgdir name="0">
<string name="act" value="sleep"/>
<string name="0" value="c16_s1"/>
<string name="1" value="c16_s2"/>
<string name="2" value="c16_s3"/>
<string name="3" value="c16_s4"/>
</imgdir>
</imgdir>
<imgdir name="fail">
<imgdir name="0">
<string name="act" value="chat"/>
<string name="0" value="c16_f1"/>
<string name="1" value="c16_f2"/>
<string name="2" value="c16_f3"/>
<string name="3" value="c16_f4"/>
</imgdir>
</imgdir>
</imgdir>
<imgdir name="16">
<string name="command" value="c17"/>
<int name="inc" value="2"/>
<int name="prob" value="45"/>
<int name="l0" value="20"/>
<int name="l1" value="29"/>
<imgdir name="success">
<imgdir name="0">
<string name="act" value="sleep"/>
<string name="0" value="c17_s1"/>
<string name="1" value="c17_s2"/>
<string name="2" value="c17_s3"/>
<string name="3" value="c17_s4"/>
</imgdir>
</imgdir>
<imgdir name="fail">
<imgdir name="0">
<string name="act" value="chat"/>
<string name="0" value="c17_f1"/>
<string name="1" value="c17_f2"/>
<string name="2" value="c17_f3"/>
<string name="3" value="c17_f4"/>
</imgdir>
</imgdir>
</imgdir>
<imgdir name="17">
<string name="command" value="c18"/>
<int name="inc" value="3"/>
<int name="prob" value="60"/>
<int name="l0" value="30"/>
<int name="l1" value="30"/>
<imgdir name="success">
<imgdir name="0">
<string name="act" value="sleep"/>
<string name="0" value="c18_s1"/>
<string name="1" value="c18_s2"/>
<string name="2" value="c18_s3"/>
<string name="3" value="c18_s4"/>
</imgdir>
</imgdir>
<imgdir name="fail">
<imgdir name="0">
<string name="act" value="chat"/>
<string name="0" value="c18_f1"/>
<string name="1" value="c18_f2"/>
<string name="2" value="c18_f3"/>
<string name="3" value="c18_f4"/>
</imgdir>
</imgdir>
</imgdir>
<imgdir name="18">
<string name="command" value="c19"/>
<int name="inc" value="1"/>
<int name="prob" value="30"/>
<int name="l0" value="10"/>
<int name="l1" value="19"/>
<imgdir name="success">
<imgdir name="0">
<string name="act" value="chat"/>
<string name="0" value="c19_s1"/>
<string name="1" value="c19_s2"/>
<string name="2" value="c19_s3"/>
<string name="3" value="c19_s4"/>
</imgdir>
</imgdir>
<imgdir name="fail">
<imgdir name="0">
<string name="act" value="stand0"/>
<string name="0" value="c19_f1"/>
<string name="1" value="c19_f2"/>
<string name="2" value="c19_f3"/>
<string name="3" value="c19_f4"/>
</imgdir>
</imgdir>
</imgdir>
<imgdir name="19">
<string name="command" value="c20"/>
<int name="inc" value="2"/>
<int name="prob" value="45"/>
<int name="l0" value="20"/>
<int name="l1" value="29"/>
<imgdir name="success">
<imgdir name="0">
<string name="act" value="chat"/>
<string name="0" value="c20_s1"/>
<string name="1" value="c20_s2"/>
<string name="2" value="c20_s3"/>
<string name="3" value="c20_s4"/>
</imgdir>
</imgdir>
<imgdir name="fail">
<imgdir name="0">
<string name="act" value="stand0"/>
<string name="0" value="c20_f1"/>
<string name="1" value="c20_f2"/>
<string name="2" value="c20_f3"/>
<string name="3" value="c20_f4"/>
</imgdir>
</imgdir>
</imgdir>
<imgdir name="20">
<string name="command" value="c21"/>
<int name="inc" value="3"/>
<int name="prob" value="60"/>
<int name="l0" value="30"/>
<int name="l1" value="30"/>
<imgdir name="success">
<imgdir name="0">
<string name="act" value="chat"/>
<string name="0" value="c21_s1"/>
<string name="1" value="c21_s2"/>
<string name="2" value="c21_s3"/>
<string name="3" value="c21_s4"/>
</imgdir>
</imgdir>
<imgdir name="fail">
<imgdir name="0">
<string name="act" value="stand0"/>
<string name="0" value="c21_f1"/>
<string name="1" value="c21_f2"/>
<string name="2" value="c21_f3"/>
<string name="3" value="c21_f4"/>
</imgdir>
</imgdir>
</imgdir>
<imgdir name="21">
<string name="command" value="c22"/>
<int name="inc" value="2"/>
<int name="prob" value="50"/>
<int name="l0" value="20"/>
<int name="l1" value="29"/>
<imgdir name="success">
<imgdir name="0">
<string name="act" value="chat"/>
<string name="0" value="c22_s1"/>
<string name="1" value="c22_s2"/>
<string name="2" value="c22_s3"/>
<string name="3" value="c22_s4"/>
</imgdir>
</imgdir>
<imgdir name="fail">
<imgdir name="0">
<string name="act" value="stand0"/>
<string name="0" value="c22_f1"/>
<string name="1" value="c22_f2"/>
<string name="2" value="c22_f3"/>
<string name="3" value="c22_f4"/>
</imgdir>
</imgdir>
</imgdir>
<imgdir name="22">
<string name="command" value="c23"/>
<int name="inc" value="3"/>
<int name="prob" value="60"/>
<int name="l0" value="30"/>
<int name="l1" value="30"/>
<imgdir name="success">
<imgdir name="0">
<string name="act" value="chat"/>
<string name="0" value="c23_s1"/>
<string name="1" value="c23_s2"/>
<string name="2" value="c23_s3"/>
<string name="3" value="c23_s4"/>
</imgdir>
</imgdir>
<imgdir name="fail">
<imgdir name="0">
<string name="act" value="stand0"/>
<string name="0" value="c23_f1"/>
<string name="1" value="c23_f2"/>
<string name="2" value="c23_f3"/>
<string name="3" value="c23_f4"/>
</imgdir>
</imgdir>
</imgdir>
</imgdir>
<imgdir name="food">
<imgdir name="0">
<int name="l0" value="1"/>
<int name="l1" value="9"/>
<imgdir name="success">
<imgdir name="0">
<string name="act" value="eat"/>
<string name="0" value="f1_s"/>
</imgdir>
</imgdir>
<imgdir name="fail">
<imgdir name="0">
<string name="act" value="no"/>
<string name="0" value="f1_f"/>
</imgdir>
</imgdir>
</imgdir>
<imgdir name="1">
<int name="l0" value="10"/>
<int name="l1" value="19"/>
<imgdir name="success">
<imgdir name="0">
<string name="act" value="eat"/>
<string name="0" value="f2_s"/>
</imgdir>
</imgdir>
<imgdir name="fail">
<imgdir name="0">
<string name="act" value="no"/>
<string name="0" value="f2_f"/>
</imgdir>
</imgdir>
</imgdir>
<imgdir name="2">
<int name="l0" value="20"/>
<int name="l1" value="29"/>
<imgdir name="success">
<imgdir name="0">
<string name="act" value="eat"/>
<string name="0" value="f3_s"/>
</imgdir>
</imgdir>
<imgdir name="fail">
<imgdir name="0">
<string name="act" value="no"/>
<string name="0" value="f3_f"/>
</imgdir>
</imgdir>
</imgdir>
<imgdir name="3">
<int name="l0" value="30"/>
<int name="l1" value="30"/>
<imgdir name="success">
<imgdir name="0">
<string name="act" value="eat"/>
<string name="0" value="f4_s"/>
</imgdir>
</imgdir>
<imgdir name="fail">
<imgdir name="0">
<string name="act" value="no"/>
<string name="0" value="f4_f"/>
</imgdir>
</imgdir>
</imgdir>
</imgdir>
<imgdir name="slang">
<imgdir name="0">
<int name="l0" value="1"/>
<int name="l1" value="9"/>
<string name="act" value="ignore"/>
<string name="0" value="s1"/>
</imgdir>
<imgdir name="1">
<int name="l0" value="10"/>
<int name="l1" value="19"/>
<string name="act" value="ignore"/>
<string name="0" value="s2"/>
</imgdir>
<imgdir name="2">
<int name="l0" value="20"/>
<int name="l1" value="29"/>
<string name="act" value="angry"/>
<string name="0" value="s3"/>
</imgdir>
<imgdir name="3">
<int name="l0" value="30"/>
<int name="l1" value="30"/>
<string name="act" value="angry"/>
<string name="0" value="s4"/>
</imgdir>
</imgdir>
<imgdir name="stand0">
<canvas name="0" width="35" height="40">
<vector name="origin" x="15" y="40"/>
<int name="z" value="0"/>
<vector name="lt" x="-15" y="-40"/>
<vector name="rb" x="22" y="0"/>
<string name="_hash" value="4244160947289e36d9d772954cd58fe6f3be97fb2ce575f346c9259a4bdf3928"/>
</canvas>
<canvas name="1" width="35" height="42">
<vector name="origin" x="15" y="42"/>
<int name="z" value="0"/>
<vector name="lt" x="-15" y="-40"/>
<vector name="rb" x="22" y="0"/>
<string name="_hash" value="b3a7e7daab5652b1eefbbeb5f5753602d9413612a1bfdcf36e50c8b53c0bda9c"/>
</canvas>
<canvas name="2" width="35" height="41">
<vector name="origin" x="15" y="41"/>
<int name="z" value="0"/>
<vector name="lt" x="-15" y="-40"/>
<vector name="rb" x="22" y="0"/>
<string name="_hash" value="78c51fb0046a728b9a9de3d8890d92963aae49834ecb50d3f0bcb8cd6bc54ea5"/>
</canvas>
<canvas name="3" width="1" height="1">
<vector name="origin" x="15" y="40"/>
<int name="z" value="0"/>
<vector name="lt" x="-15" y="-40"/>
<vector name="rb" x="22" y="0"/>
<string name="_inlink" value="stand0/0"/>
</canvas>
</imgdir>
<imgdir name="stand1">
<canvas name="0" width="1" height="1">
<vector name="origin" x="15" y="40"/>
<int name="z" value="0"/>
<vector name="lt" x="-15" y="-40"/>
<vector name="rb" x="22" y="0"/>
<string name="_inlink" value="stand0/0"/>
</canvas>
<canvas name="1" width="35" height="40">
<vector name="origin" x="15" y="40"/>
<int name="z" value="0"/>
<vector name="lt" x="-15" y="-40"/>
<vector name="rb" x="22" y="0"/>
<string name="_hash" value="b899f8a177dd0cecb52fafe390b46764744da8b268ed4c8daa1d692d622f3359"/>
</canvas>
<canvas name="2" width="35" height="40">
<vector name="origin" x="15" y="40"/>
<int name="z" value="0"/>
<vector name="lt" x="-15" y="-40"/>
<vector name="rb" x="22" y="0"/>
<string name="_hash" value="35dd7536a3a501ff44029e5a257fa548f9b3428b6aa7b75cb843ab10bad842a5"/>
</canvas>
<canvas name="3" width="35" height="40">
<vector name="origin" x="15" y="40"/>
<int name="z" value="0"/>
<vector name="lt" x="-15" y="-40"/>
<vector name="rb" x="22" y="0"/>
<string name="_hash" value="008c46225ffb456510edcce93072e24b2cc78737a9e80377f8a44ba654628353"/>
</canvas>
</imgdir>
<imgdir name="rest0">
<canvas name="0" width="35" height="38">
<vector name="origin" x="16" y="38"/>
<int name="z" value="0"/>
<vector name="lt" x="-15" y="-40"/>
<vector name="rb" x="22" y="0"/>
<string name="_hash" value="f3603e3ceaec0cfe3d13badefd0bcfcbb79da7e0cb2ef69c3f32f49005f4c96b"/>
</canvas>
<canvas name="1" width="35" height="38">
<vector name="origin" x="16" y="38"/>
<int name="z" value="0"/>
<vector name="lt" x="-15" y="-40"/>
<vector name="rb" x="22" y="0"/>
<string name="_hash" value="4b2aa1eab7b9240d759bfb91a495ab9015ed5b5c52c2f948984fd94d40c25def"/>
</canvas>
<canvas name="2" width="1" height="1">
<vector name="origin" x="16" y="38"/>
<int name="z" value="0"/>
<vector name="lt" x="-15" y="-40"/>
<vector name="rb" x="22" y="0"/>
<string name="_inlink" value="rest0/1"/>
</canvas>
<canvas name="3" width="1" height="1">
<vector name="origin" x="16" y="38"/>
<int name="z" value="0"/>
<vector name="lt" x="-15" y="-40"/>
<vector name="rb" x="22" y="0"/>
<string name="_inlink" value="rest0/0"/>
</canvas>
</imgdir>
<imgdir name="move">
<canvas name="0" width="35" height="40">
<vector name="origin" x="15" y="40"/>
<int name="z" value="0"/>
<vector name="lt" x="-15" y="-40"/>
<vector name="rb" x="22" y="0"/>
<string name="_hash" value="97fbce17ebd09e7af0fcf1778ff194e3349d7208ab189d11eee3455a8520fad0"/>
</canvas>
<canvas name="1" width="35" height="40">
<vector name="origin" x="15" y="41"/>
<int name="z" value="0"/>
<vector name="lt" x="-15" y="-40"/>
<vector name="rb" x="22" y="0"/>
<string name="_hash" value="00ed92bfa6e87660d2ee67d580ee26d7ff54093d8a429bc53ae2851f96b17272"/>
</canvas>
<canvas name="2" width="1" height="1">
<vector name="origin" x="15" y="40"/>
<int name="z" value="0"/>
<vector name="lt" x="-15" y="-40"/>
<vector name="rb" x="22" y="0"/>
<string name="_inlink" value="move/0"/>
</canvas>
<canvas name="3" width="35" height="40">
<vector name="origin" x="15" y="41"/>
<int name="z" value="0"/>
<vector name="lt" x="-15" y="-40"/>
<vector name="rb" x="22" y="0"/>
<string name="_hash" value="455004c4d712e80a6da13e3f36915c7ab5284d7057c1b4bd72ba5a96eab2b545"/>
</canvas>
</imgdir>
<imgdir name="jump">
<canvas name="0" width="35" height="40">
<vector name="origin" x="15" y="41"/>
<int name="z" value="0"/>
<vector name="lt" x="-15" y="-40"/>
<vector name="rb" x="22" y="0"/>
<string name="_hash" value="379a6385e6eac03c0cb7a953ff2dd9c139f1c8cba520f3701e5cb37f1fdd736c"/>
</canvas>
</imgdir>
<imgdir name="hang">
<canvas name="0" width="35" height="34">
<vector name="origin" x="15" y="53"/>
<int name="z" value="0"/>
<vector name="lt" x="-15" y="-40"/>
<vector name="rb" x="22" y="0"/>
<string name="_hash" value="2c64809a1263f987e3887c110b1c18e71f3b8a851d1d08231e5996a1225c5948"/>
</canvas>
</imgdir>
<imgdir name="hungry">
<canvas name="0" width="40" height="47">
<vector name="origin" x="24" y="47"/>
<int name="z" value="0"/>
<vector name="lt" x="-15" y="-40"/>
<vector name="rb" x="22" y="0"/>
<string name="_hash" value="0cbfae66f2cfb144c1eb431189566b47c8b1daaa7e3ed54da94d29d86ec85716"/>
</canvas>
<canvas name="1" width="39" height="48">
<vector name="origin" x="24" y="48"/>
<int name="z" value="0"/>
<vector name="lt" x="-15" y="-40"/>
<vector name="rb" x="22" y="0"/>
<string name="_hash" value="181fc875e4da7346776b68e7c84de093f316953a45930af5cee0c8d9b0393578"/>
</canvas>
<canvas name="2" width="40" height="47">
<vector name="origin" x="24" y="47"/>
<int name="z" value="0"/>
<vector name="lt" x="-15" y="-40"/>
<vector name="rb" x="22" y="0"/>
<string name="_hash" value="154283c7c035ea97096fe426c458fb66ee2665c4f5eda4f442e9ce7e706e36af"/>
</canvas>
<canvas name="3" width="39" height="48">
<vector name="origin" x="24" y="48"/>
<int name="z" value="0"/>
<vector name="lt" x="-15" y="-40"/>
<vector name="rb" x="22" y="0"/>
<string name="_hash" value="58fd50fae60c05f4bbf4c0cef9be96e822b6a7c0477a96bc0d92eb841cc9d3ed"/>
</canvas>
</imgdir>
<imgdir name="angry">
<canvas name="0" width="1" height="1">
<vector name="origin" x="15" y="40"/>
<int name="z" value="0"/>
<vector name="lt" x="-15" y="-40"/>
<vector name="rb" x="22" y="0"/>
<string name="_inlink" value="move/0"/>
</canvas>
<canvas name="1" width="35" height="42">
<vector name="origin" x="15" y="42"/>
<int name="z" value="0"/>
<vector name="lt" x="-15" y="-40"/>
<vector name="rb" x="22" y="0"/>
<string name="_hash" value="d2c3a54f43c0c8389765be7e300b99af28c88fe02c684243532be3677f1e59d4"/>
</canvas>
<canvas name="2" width="35" height="41">
<vector name="origin" x="15" y="41"/>
<int name="z" value="0"/>
<vector name="lt" x="-15" y="-40"/>
<vector name="rb" x="22" y="0"/>
<string name="_hash" value="1366b78f4d3eebb6a4b5d202dd0e062d6069e5298ea07643706a226fd2bd08f8"/>
</canvas>
<canvas name="3" width="39" height="46">
<vector name="origin" x="19" y="46"/>
<int name="z" value="0"/>
<vector name="lt" x="-15" y="-40"/>
<vector name="rb" x="22" y="0"/>
<string name="_hash" value="edac4b3a648685d8e549dcdd147684e4a15fb2599f7c6803762bc947558de0f2"/>
</canvas>
<canvas name="4" width="82" height="74">
<vector name="origin" x="38" y="74"/>
<int name="z" value="0"/>
<vector name="lt" x="-15" y="-40"/>
<vector name="rb" x="22" y="0"/>
<string name="_hash" value="cca5897a38711387408baf618d02f6ab5f944f27326d4e9c2a855b097da7599d"/>
</canvas>
<canvas name="5" width="96" height="76">
<vector name="origin" x="46" y="76"/>
<int name="z" value="0"/>
<vector name="lt" x="-15" y="-40"/>
<vector name="rb" x="22" y="0"/>
<string name="_hash" value="d5129b45e8176bc5a9c322d00ed4bf1bbd666d275567edb8ad297c0052947b28"/>
</canvas>
</imgdir>
<imgdir name="chat">
<canvas name="0" width="35" height="40">
<vector name="origin" x="15" y="40"/>
<int name="z" value="0"/>
<vector name="lt" x="-15" y="-40"/>
<vector name="rb" x="22" y="0"/>
<string name="_hash" value="d658e8bbc7ec98d905cd312c004945e15559e13e86f2a48a364282cc62e6e32c"/>
</canvas>
<canvas name="1" width="35" height="42">
<vector name="origin" x="15" y="42"/>
<int name="z" value="0"/>
<vector name="lt" x="-15" y="-40"/>
<vector name="rb" x="22" y="0"/>
<string name="_hash" value="850c197bafde17adc0df2914b579e1ce873df1b683f1b6e97d93ea18fe7264b0"/>
</canvas>
<canvas name="2" width="35" height="41">
<vector name="origin" x="15" y="41"/>
<int name="z" value="0"/>
<vector name="lt" x="-15" y="-40"/>
<vector name="rb" x="22" y="0"/>
<string name="_hash" value="84e8898489c83cffc1817b7828a6472e385ea4118510cb447f8d632ec3286af3"/>
</canvas>
<canvas name="3" width="35" height="40">
<vector name="origin" x="15" y="40"/>
<int name="z" value="0"/>
<vector name="lt" x="-15" y="-40"/>
<vector name="rb" x="22" y="0"/>
<string name="_hash" value="175b2a1dbb49d1cfe5393d9e57b8ee36581a81d25ecec0428007ca46b954ce0a"/>
</canvas>
</imgdir>
<imgdir name="love">
<canvas name="0" width="37" height="40">
<vector name="origin" x="17" y="40"/>
<int name="z" value="0"/>
<vector name="lt" x="-15" y="-40"/>
<vector name="rb" x="22" y="0"/>
<string name="_hash" value="8685703804c5238fd83a07ce51f29cb5edffbf786678dca51114508d61ba452d"/>
</canvas>
<canvas name="1" width="39" height="40">
<vector name="origin" x="19" y="40"/>
<int name="z" value="0"/>
<vector name="lt" x="-15" y="-40"/>
<vector name="rb" x="22" y="0"/>
<string name="_hash" value="288bd23dabcd969d3dafe9ef62c7c68f8658c8ac8959b03451a0c41de17280f6"/>
</canvas>
<canvas name="2" width="44" height="40">
<vector name="origin" x="24" y="40"/>
<int name="z" value="0"/>
<vector name="lt" x="-15" y="-40"/>
<vector name="rb" x="22" y="0"/>
<string name="_hash" value="7c26a28d120eaaaaa2b69e694e09d6c51c1114f5176b67e8713424b0a5d4552c"/>
</canvas>
<canvas name="3" width="47" height="40">
<vector name="origin" x="27" y="40"/>
<int name="z" value="0"/>
<vector name="lt" x="-15" y="-40"/>
<vector name="rb" x="22" y="0"/>
<string name="_hash" value="88111e1f97889766779d9e68508be3eebcbcdf0caa4d93f9e2e63215ba915183"/>
</canvas>
<canvas name="4" width="51" height="40">
<vector name="origin" x="31" y="40"/>
<int name="z" value="0"/>
<vector name="lt" x="-15" y="-40"/>
<vector name="rb" x="22" y="0"/>
<string name="_hash" value="2b804ab5727dc4417a72055a85970a59634e992664855fcf73220229efe5f46b"/>
</canvas>
<canvas name="5" width="52" height="40">
<vector name="origin" x="32" y="40"/>
<int name="z" value="0"/>
<vector name="lt" x="-15" y="-40"/>
<vector name="rb" x="22" y="0"/>
<string name="_hash" value="ef4bfac5dd910bf2a273369c79643b036c068994c8ee0690f2725e30d991dfbb"/>
</canvas>
<canvas name="6" width="35" height="40">
<vector name="origin" x="15" y="40"/>
<int name="z" value="0"/>
<vector name="lt" x="-15" y="-40"/>
<vector name="rb" x="22" y="0"/>
<string name="_hash" value="e23efb6e70545b4a8229410cdd022696076095c8bd710db21d813ebd19b5e612"/>
</canvas>
</imgdir>
<imgdir name="eat">
<canvas name="0" width="1" height="1">
<vector name="origin" x="15" y="40"/>
<int name="z" value="0"/>
<vector name="lt" x="-15" y="-40"/>
<vector name="rb" x="22" y="0"/>
<string name="_inlink" value="stand0/0"/>
</canvas>
<canvas name="1" width="35" height="42">
<vector name="origin" x="15" y="42"/>
<int name="z" value="0"/>
<vector name="lt" x="-15" y="-40"/>
<vector name="rb" x="22" y="0"/>
<string name="_hash" value="4bad8b1e0bf47644f63cf9725b348ff23111f40c4513e0e8298289f7aa521f8d"/>
</canvas>
<canvas name="2" width="50" height="39">
<vector name="origin" x="23" y="39"/>
<int name="z" value="0"/>
<vector name="lt" x="-15" y="-40"/>
<vector name="rb" x="22" y="0"/>
<string name="_hash" value="28d720574b0fc52d00bc4fba493e71f89bd61b9451ab5ab914c41fb7cae59de0"/>
</canvas>
<canvas name="3" width="46" height="40">
<vector name="origin" x="21" y="40"/>
<int name="z" value="0"/>
<vector name="lt" x="-15" y="-40"/>
<vector name="rb" x="22" y="0"/>
<string name="_hash" value="0819a7000a7f4e397986064da1427b7655df046050cd8b77099c4f5569e0803f"/>
</canvas>
<canvas name="4" width="50" height="39">
<vector name="origin" x="23" y="39"/>
<int name="z" value="0"/>
<vector name="lt" x="-15" y="-40"/>
<vector name="rb" x="22" y="0"/>
<string name="_hash" value="3a225c581f4fd507d166a960ef5bea9e5190cadb6894de822e8b0af93ba7c58b"/>
</canvas>
<canvas name="5" width="46" height="40">
<vector name="origin" x="21" y="40"/>
<int name="z" value="0"/>
<vector name="lt" x="-15" y="-40"/>
<vector name="rb" x="22" y="0"/>
<string name="_hash" value="79fe34513f5b40eb3d2996142be16001cb44f903ea90ad3268e8413645777687"/>
</canvas>
</imgdir>
<imgdir name="dung">
<canvas name="0" width="36" height="44">
<vector name="origin" x="16" y="44"/>
<int name="z" value="0"/>
<vector name="lt" x="-15" y="-40"/>
<vector name="rb" x="22" y="0"/>
<string name="_hash" value="41014a943fc3ea2333a7a5d2f5266822a9277da1ae307d22ef5a5399d4e8d688"/>
</canvas>
<canvas name="1" width="36" height="43">
<vector name="origin" x="16" y="43"/>
<int name="z" value="0"/>
<vector name="lt" x="-15" y="-40"/>
<vector name="rb" x="22" y="0"/>
<string name="_hash" value="7226cb34b0680a1eac2fe4fccec01250219f52ca58aa85ef96f52857b1b1bef0"/>
</canvas>
<canvas name="2" width="43" height="45">
<vector name="origin" x="16" y="45"/>
<int name="z" value="0"/>
<vector name="lt" x="-15" y="-40"/>
<vector name="rb" x="22" y="0"/>
<string name="_hash" value="888f94dd4129002c1981c6d629e29756f52d0f3ec9b0fa7e7e2e33d334eea8b4"/>
</canvas>
<canvas name="3" width="45" height="47">
<vector name="origin" x="16" y="47"/>
<int name="z" value="0"/>
<vector name="lt" x="-15" y="-40"/>
<vector name="rb" x="22" y="0"/>
<string name="_hash" value="22990a1e8089131e6939d1eed660d478e2300c13bd12fe7953fd93052876e980"/>
</canvas>
<canvas name="4" width="36" height="44">
<vector name="origin" x="16" y="44"/>
<int name="z" value="0"/>
<vector name="lt" x="-15" y="-40"/>
<vector name="rb" x="22" y="0"/>
<string name="_hash" value="df4ebe282a6622b7e00ced3a7c2ccd95dedfe5dfd1a481218778dacc21d6b4a8"/>
</canvas>
<canvas name="5" width="43" height="45">
<vector name="origin" x="16" y="45"/>
<int name="z" value="0"/>
<vector name="lt" x="-15" y="-40"/>
<vector name="rb" x="22" y="0"/>
<string name="_hash" value="a390ccc308ae5393c1d5e099631dd91ed3a3a80863f096cdf15041ffe07d4f35"/>
</canvas>
<canvas name="6" width="45" height="47">
<vector name="origin" x="16" y="47"/>
<int name="z" value="0"/>
<vector name="lt" x="-15" y="-40"/>
<vector name="rb" x="22" y="0"/>
<string name="_hash" value="d4e32bbfadeb09ec71b213b5015280f0286fa3d94c697bfa30096b85dc70f401"/>
</canvas>
</imgdir>
<imgdir name="sleep">
<canvas name="0" width="45" height="39">
<vector name="origin" x="20" y="37"/>
<int name="z" value="0"/>
<vector name="lt" x="-15" y="-40"/>
<vector name="rb" x="22" y="0"/>
<string name="_hash" value="d2a534c5f666d5b3a8c48c55902321e9894e319404c3e3ee6344683cd810b7f8"/>
</canvas>
<canvas name="1" width="45" height="39">
<vector name="origin" x="20" y="37"/>
<int name="z" value="0"/>
<vector name="lt" x="-15" y="-40"/>
<vector name="rb" x="22" y="0"/>
<string name="_hash" value="15765a9c22923623b6d11d5f79da4f926468f13f53e333c164ad766f6c6e822f"/>
</canvas>
<canvas name="2" width="1" height="1">
<vector name="origin" x="20" y="37"/>
<int name="z" value="0"/>
<vector name="lt" x="-15" y="-40"/>
<vector name="rb" x="22" y="0"/>
<string name="_inlink" value="sleep/0"/>
</canvas>
<canvas name="3" width="1" height="1">
<vector name="origin" x="20" y="37"/>
<int name="z" value="0"/>
<vector name="lt" x="-15" y="-40"/>
<vector name="rb" x="22" y="0"/>
<string name="_inlink" value="sleep/1"/>
</canvas>
</imgdir>
<imgdir name="cry">
<canvas name="0" width="35" height="39">
<vector name="origin" x="14" y="39"/>
<int name="z" value="0"/>
<vector name="lt" x="-15" y="-40"/>
<vector name="rb" x="22" y="0"/>
<string name="_hash" value="7a8516890eb458e882f5b94a5876ee9819d31e06126b0b92266292e0a5f30f45"/>
</canvas>
<canvas name="1" width="35" height="38">
<vector name="origin" x="13" y="38"/>
<int name="z" value="0"/>
<vector name="lt" x="-15" y="-40"/>
<vector name="rb" x="22" y="0"/>
<string name="_hash" value="e8724dc39fd6a42f651e81d3207bfc700140f80d15de24342781d2ce10f2c939"/>
</canvas>
<canvas name="2" width="35" height="39">
<vector name="origin" x="14" y="39"/>
<int name="z" value="0"/>
<vector name="lt" x="-15" y="-40"/>
<vector name="rb" x="22" y="0"/>
<string name="_hash" value="0f5c80b022149bf352fd02742bee405bc05885af67cb83362be9a5f2409bc2d0"/>
</canvas>
<canvas name="3" width="1" height="1">
<vector name="origin" x="13" y="38"/>
<int name="z" value="0"/>
<vector name="lt" x="-15" y="-40"/>
<vector name="rb" x="22" y="0"/>
<string name="_inlink" value="cry/1"/>
</canvas>
</imgdir>
<imgdir name="sit">
<uol name="0" value="../rest0/0"/>
<uol name="1" value="../rest0/1"/>
<uol name="2" value="../rest0/2"/>
<uol name="3" value="../rest0/3"/>
</imgdir>
<imgdir name="fly">
<uol name="0" value="../jump/0"/>
</imgdir>
<imgdir name="no">
<uol name="0" value="../angry/0"/>
<uol name="1" value="../angry/1"/>
<uol name="2" value="../angry/2"/>
<uol name="3" value="../angry/3"/>
<uol name="4" value="../angry/4"/>
<uol name="5" value="../angry/5"/>
</imgdir>
</imgdir>
