<?xml version="1.0" encoding="UTF-8" standalone="yes"?>
<imgdir name="5000448.img">
<imgdir name="info">
<canvas name="icon" width="34" height="27">
<vector name="origin" x="1" y="27"/>
<string name="_hash" value="8aa6c5c2ec3a55bc10b94cfe50e2e99039dabcff96d7b45666bd3dd0dd35eb32"/>
</canvas>
<canvas name="iconRaw" width="34" height="23">
<vector name="origin" x="1" y="27"/>
<string name="_hash" value="9520eb52a86ff7d854b9f5992f2f5410d6ce38d9aaf525019a6c3fb6578e794a"/>
</canvas>
<canvas name="iconD" width="30" height="27">
<vector name="origin" x="-1" y="27"/>
<string name="_hash" value="03af91a8a58a7d4a7f75c9286a2a9104a25f9c8c0ecaa02caa62176ba11630bc"/>
</canvas>
<canvas name="iconRawD" width="30" height="24">
<vector name="origin" x="-1" y="27"/>
<string name="_hash" value="1236c94a713d206640601f2626b8976eea8f5db7e11d63027bd90f996922a0f7"/>
</canvas>
<int name="hungry" value="2"/>
<int name="cash" value="1"/>
<string name="nameTag" value="213"/>
<int name="chatBalloon" value="213"/>
<int name="multiPet" value="1"/>
<int name="life" value="90"/>
<int name="pickupItem" value="1"/>
<int name="autoBuff" value="1"/>
<int name="setItemID" value="535"/>
</imgdir>
<imgdir name="interact">
<imgdir name="0">
<string name="command" value="c1"/>
<int name="inc" value="1"/>
<int name="prob" value="30"/>
<int name="l0" value="1"/>
<int name="l1" value="9"/>
<imgdir name="success">
<imgdir name="0">
<string name="act" value="rest0"/>
<string name="0" value="c1_s1"/>
<string name="1" value="c1_s2"/>
</imgdir>
</imgdir>
<imgdir name="fail">
<imgdir name="0">
<string name="act" value="chat"/>
<string name="0" value="c1_f1"/>
<string name="1" value="c1_f2"/>
</imgdir>
</imgdir>
</imgdir>
<imgdir name="1">
<string name="command" value="c2"/>
<int name="inc" value="2"/>
<int name="prob" value="45"/>
<int name="l0" value="10"/>
<int name="l1" value="19"/>
<imgdir name="success">
<imgdir name="0">
<string name="act" value="rest0"/>
<string name="0" value="c2_s1"/>
<string name="1" value="c2_s2"/>
<string name="2" value="c2_s3"/>
<string name="3" value="c2_s4"/>
</imgdir>
</imgdir>
<imgdir name="fail">
<imgdir name="0">
<string name="act" value="chat"/>
<string name="0" value="c2_f1"/>
<string name="1" value="c2_f2"/>
<string name="2" value="c2_f3"/>
<string name="3" value="c2_f4"/>
</imgdir>
</imgdir>
</imgdir>
<imgdir name="2">
<string name="command" value="c3"/>
<int name="inc" value="3"/>
<int name="prob" value="60"/>
<int name="l0" value="20"/>
<int name="l1" value="29"/>
<imgdir name="success">
<imgdir name="0">
<string name="act" value="rest0"/>
<string name="0" value="c3_s1"/>
<string name="1" value="c3_s2"/>
<string name="2" value="c3_s3"/>
<string name="3" value="c3_s4"/>
</imgdir>
</imgdir>
<imgdir name="fail">
<imgdir name="0">
<string name="act" value="cry"/>
<string name="0" value="c3_f1"/>
<string name="1" value="c3_f2"/>
<string name="2" value="c3_f3"/>
<string name="3" value="c3_f4"/>
</imgdir>
</imgdir>
</imgdir>
<imgdir name="3">
<string name="command" value="c4"/>
<int name="inc" value="2"/>
<int name="prob" value="70"/>
<int name="l0" value="30"/>
<int name="l1" value="30"/>
<imgdir name="success">
<imgdir name="0">
<string name="act" value="rest0"/>
<string name="0" value="c4_s1"/>
<string name="1" value="c4_s2"/>
<string name="2" value="c4_s3"/>
<string name="3" value="c4_s4"/>
</imgdir>
</imgdir>
<imgdir name="fail">
<imgdir name="0">
<string name="act" value="angry"/>
<string name="0" value="c4_f1"/>
<string name="1" value="c4_f2"/>
<string name="2" value="c4_f3"/>
<string name="3" value="c4_f4"/>
</imgdir>
</imgdir>
</imgdir>
<imgdir name="4">
<string name="command" value="c5"/>
<int name="inc" value="1"/>
<int name="prob" value="30"/>
<int name="l0" value="1"/>
<int name="l1" value="9"/>
<imgdir name="success">
<imgdir name="0">
<string name="act" value="cry"/>
<string name="0" value="c5_s1"/>
<string name="1" value="c5_s2"/>
</imgdir>
</imgdir>
<imgdir name="fail">
<imgdir name="0">
<string name="act" value="chat"/>
<string name="0" value="c5_f1"/>
<string name="1" value="c5_f2"/>
</imgdir>
</imgdir>
</imgdir>
<imgdir name="5">
<string name="command" value="c6"/>
<int name="inc" value="2"/>
<int name="prob" value="50"/>
<int name="l0" value="10"/>
<int name="l1" value="19"/>
<imgdir name="success">
<imgdir name="0">
<string name="act" value="absurd"/>
<string name="0" value="c6_s1"/>
<string name="1" value="c6_s2"/>
<string name="2" value="c6_s3"/>
<string name="3" value="c6_s4"/>
</imgdir>
</imgdir>
<imgdir name="fail">
<imgdir name="0">
<string name="act" value="chat"/>
<string name="0" value="c6_f1"/>
<string name="1" value="c6_f2"/>
<string name="2" value="c6_f3"/>
<string name="3" value="c6_f4"/>
</imgdir>
</imgdir>
</imgdir>
<imgdir name="6">
<string name="command" value="c7"/>
<int name="inc" value="2"/>
<int name="prob" value="60"/>
<int name="l0" value="20"/>
<int name="l1" value="29"/>
<imgdir name="success">
<imgdir name="0">
<string name="act" value="cry"/>
<string name="0" value="c7_s1"/>
<string name="1" value="c7_s2"/>
<string name="2" value="c7_s3"/>
<string name="3" value="c7_s4"/>
</imgdir>
</imgdir>
<imgdir name="fail">
<imgdir name="0">
<string name="act" value="angry"/>
<string name="0" value="c7_f1"/>
<string name="1" value="c7_f2"/>
<string name="2" value="c7_f3"/>
<string name="3" value="c7_f4"/>
</imgdir>
</imgdir>
</imgdir>
<imgdir name="7">
<string name="command" value="c8"/>
<int name="inc" value="3"/>
<int name="prob" value="70"/>
<int name="l0" value="30"/>
<int name="l1" value="30"/>
<imgdir name="success">
<imgdir name="0">
<string name="act" value="cry"/>
<string name="0" value="c8_s1"/>
<string name="1" value="c8_s2"/>
<string name="2" value="c8_s3"/>
<string name="3" value="c8_s4"/>
</imgdir>
</imgdir>
<imgdir name="fail">
<imgdir name="0">
<string name="act" value="chat"/>
<string name="0" value="c8_f1"/>
<string name="1" value="c8_f2"/>
<string name="2" value="c8_f3"/>
<string name="3" value="c8_f4"/>
</imgdir>
</imgdir>
</imgdir>
<imgdir name="8">
<string name="command" value="c9"/>
<int name="inc" value="1"/>
<int name="prob" value="30"/>
<int name="l0" value="1"/>
<int name="l1" value="9"/>
<imgdir name="success">
<imgdir name="0">
<string name="act" value="love"/>
<string name="0" value="c9_s1"/>
<string name="1" value="c9_s2"/>
</imgdir>
</imgdir>
<imgdir name="fail">
<imgdir name="0">
<string name="act" value="absurd"/>
<string name="0" value="c9_f1"/>
<string name="1" value="c9_f2"/>
</imgdir>
</imgdir>
</imgdir>
<imgdir name="9">
<string name="command" value="c10"/>
<int name="inc" value="2"/>
<int name="prob" value="50"/>
<int name="l0" value="10"/>
<int name="l1" value="19"/>
<imgdir name="success">
<imgdir name="0">
<string name="act" value="like"/>
<string name="0" value="c10_s1"/>
<string name="1" value="c10_s2"/>
<string name="2" value="c10_s3"/>
<string name="3" value="c10_s4"/>
</imgdir>
</imgdir>
<imgdir name="fail">
<imgdir name="0">
<string name="act" value="chat"/>
<string name="0" value="c10_f1"/>
<string name="1" value="c10_f2"/>
<string name="2" value="c10_f3"/>
<string name="3" value="c10_f4"/>
</imgdir>
</imgdir>
</imgdir>
<imgdir name="10">
<string name="command" value="c11"/>
<int name="inc" value="2"/>
<int name="prob" value="60"/>
<int name="l0" value="20"/>
<int name="l1" value="29"/>
<imgdir name="success">
<imgdir name="0">
<string name="act" value="love"/>
<string name="0" value="c11_s1"/>
<string name="1" value="c11_s2"/>
<string name="2" value="c11_s3"/>
<string name="3" value="c11_s4"/>
</imgdir>
</imgdir>
<imgdir name="fail">
<imgdir name="0">
<string name="act" value="angry"/>
<string name="0" value="c11_f1"/>
<string name="1" value="c11_f2"/>
<string name="2" value="c11_f3"/>
<string name="4" value="c11_f4"/>
</imgdir>
</imgdir>
</imgdir>
<imgdir name="11">
<string name="command" value="c12"/>
<int name="inc" value="3"/>
<int name="prob" value="70"/>
<int name="l0" value="30"/>
<int name="l1" value="30"/>
<imgdir name="success">
<imgdir name="0">
<string name="act" value="love"/>
<string name="0" value="c12_s1"/>
<string name="1" value="c12_s2"/>
<string name="2" value="c12_s3"/>
<string name="3" value="c12_s4"/>
</imgdir>
</imgdir>
<imgdir name="fail">
<imgdir name="0">
<string name="act" value="chat"/>
<string name="0" value="c12_f1"/>
<string name="1" value="c12_f2"/>
<string name="2" value="c12_f3"/>
<string name="3" value="c12_f4"/>
</imgdir>
</imgdir>
</imgdir>
<imgdir name="12">
<string name="command" value="c13"/>
<int name="inc" value="1"/>
<int name="prob" value="30"/>
<int name="l0" value="10"/>
<int name="l1" value="19"/>
<imgdir name="success">
<imgdir name="0">
<string name="act" value="dung"/>
<string name="0" value="c13_s1"/>
<string name="1" value="c13_s2"/>
<string name="2" value="c13_s3"/>
<string name="3" value="c13_s4"/>
</imgdir>
</imgdir>
<imgdir name="fail">
<imgdir name="0">
<string name="act" value="cry"/>
<string name="0" value="c13_f1"/>
<string name="1" value="c13_f2"/>
<string name="2" value="c13_f3"/>
<string name="3" value="c13_f4"/>
</imgdir>
</imgdir>
</imgdir>
<imgdir name="13">
<string name="command" value="c14"/>
<int name="inc" value="2"/>
<int name="prob" value="50"/>
<int name="l0" value="20"/>
<int name="l1" value="29"/>
<imgdir name="success">
<imgdir name="0">
<string name="act" value="dung"/>
<string name="0" value="c14_s1"/>
<string name="1" value="c14_s2"/>
<string name="2" value="c14_s3"/>
<string name="3" value="c14_s4"/>
</imgdir>
</imgdir>
<imgdir name="fail">
<imgdir name="0">
<string name="act" value="cry"/>
<string name="0" value="c14_f1"/>
<string name="1" value="c14_f2"/>
<string name="2" value="c14_f3"/>
<string name="3" value="c14_f4"/>
</imgdir>
</imgdir>
</imgdir>
<imgdir name="14">
<string name="command" value="c15"/>
<int name="inc" value="3"/>
<int name="prob" value="70"/>
<int name="l0" value="30"/>
<int name="l1" value="30"/>
<imgdir name="success">
<imgdir name="0">
<string name="act" value="dung"/>
<string name="0" value="c15_s1"/>
<string name="1" value="c15_s2"/>
<string name="2" value="c15_s3"/>
<string name="3" value="c15_s4"/>
</imgdir>
</imgdir>
<imgdir name="fail">
<imgdir name="0">
<string name="act" value="angry"/>
<string name="0" value="c15_f1"/>
<string name="1" value="c15_f2"/>
<string name="2" value="c15_f3"/>
<string name="3" value="c15_f4"/>
</imgdir>
</imgdir>
</imgdir>
<imgdir name="15">
<string name="command" value="c16"/>
<int name="inc" value="1"/>
<int name="prob" value="30"/>
<int name="l0" value="10"/>
<int name="l1" value="19"/>
<imgdir name="success">
<imgdir name="0">
<string name="act" value="sleep"/>
<string name="0" value="c16_s1"/>
<string name="1" value="c16_s2"/>
<string name="2" value="c16_s3"/>
<string name="3" value="c16_s4"/>
</imgdir>
</imgdir>
<imgdir name="fail">
<imgdir name="0">
<string name="act" value="chat"/>
<string name="0" value="c16_f1"/>
<string name="1" value="c16_f2"/>
<string name="2" value="c16_f3"/>
<string name="3" value="c16_f4"/>
</imgdir>
</imgdir>
</imgdir>
<imgdir name="16">
<string name="command" value="c17"/>
<int name="inc" value="2"/>
<int name="prob" value="45"/>
<int name="l0" value="20"/>
<int name="l1" value="29"/>
<imgdir name="success">
<imgdir name="0">
<string name="act" value="sleep"/>
<string name="0" value="c17_s1"/>
<string name="1" value="c17_s2"/>
<string name="2" value="c17_s3"/>
<string name="3" value="c17_s4"/>
</imgdir>
</imgdir>
<imgdir name="fail">
<imgdir name="0">
<string name="act" value="cry"/>
<string name="0" value="c17_f1"/>
<string name="1" value="c17_f2"/>
<string name="2" value="c17_f3"/>
<string name="3" value="c17_f4"/>
</imgdir>
</imgdir>
</imgdir>
<imgdir name="17">
<string name="command" value="c18"/>
<int name="inc" value="3"/>
<int name="prob" value="60"/>
<int name="l0" value="30"/>
<int name="l1" value="30"/>
<imgdir name="success">
<imgdir name="0">
<string name="act" value="sleep"/>
<string name="0" value="c18_s1"/>
<string name="1" value="c18_s2"/>
<string name="2" value="c18_s3"/>
<string name="3" value="c18_s4"/>
</imgdir>
</imgdir>
<imgdir name="fail">
<imgdir name="0">
<string name="act" value="roll"/>
<string name="0" value="c18_f1"/>
<string name="1" value="c18_f2"/>
<string name="2" value="c18_f3"/>
<string name="3" value="c18_f4"/>
</imgdir>
</imgdir>
</imgdir>
<imgdir name="18">
<string name="command" value="c19"/>
<int name="inc" value="1"/>
<int name="prob" value="30"/>
<int name="l0" value="10"/>
<int name="l1" value="19"/>
<imgdir name="success">
<imgdir name="0">
<string name="act" value="love"/>
<string name="0" value="c19_s1"/>
<string name="1" value="c19_s2"/>
<string name="2" value="c19_s3"/>
<string name="3" value="c19_s4"/>
</imgdir>
</imgdir>
<imgdir name="fail">
<imgdir name="0">
<string name="act" value="chat"/>
<string name="0" value="c19_f1"/>
<string name="1" value="c19_f2"/>
<string name="2" value="c19_f3"/>
<string name="3" value="c19_f4"/>
</imgdir>
</imgdir>
</imgdir>
<imgdir name="19">
<string name="command" value="c20"/>
<int name="inc" value="2"/>
<int name="prob" value="45"/>
<int name="l0" value="20"/>
<int name="l1" value="29"/>
<imgdir name="success">
<imgdir name="0">
<string name="act" value="chat"/>
<string name="0" value="c20_s1"/>
<string name="1" value="c20_s2"/>
<string name="2" value="c20_s3"/>
<string name="3" value="c20_s4"/>
</imgdir>
</imgdir>
<imgdir name="fail">
<imgdir name="0">
<string name="act" value="cry"/>
<string name="0" value="c20_f1"/>
<string name="1" value="c20_f2"/>
<string name="2" value="c20_f3"/>
<string name="3" value="c20_f4"/>
</imgdir>
</imgdir>
</imgdir>
<imgdir name="20">
<string name="command" value="c21"/>
<int name="inc" value="3"/>
<int name="prob" value="60"/>
<int name="l0" value="30"/>
<int name="l1" value="30"/>
<imgdir name="success">
<imgdir name="0">
<string name="act" value="chat"/>
<string name="0" value="c21_s1"/>
<string name="1" value="c21_s2"/>
<string name="2" value="c21_s3"/>
<string name="3" value="c21_s4"/>
</imgdir>
</imgdir>
<imgdir name="fail">
<imgdir name="0">
<string name="act" value="angry"/>
<string name="0" value="c21_f1"/>
<string name="1" value="c21_f2"/>
<string name="2" value="c21_f3"/>
<string name="3" value="c21_f4"/>
</imgdir>
</imgdir>
</imgdir>
</imgdir>
<imgdir name="food">
<imgdir name="0">
<int name="l0" value="1"/>
<int name="l1" value="9"/>
<imgdir name="success">
<imgdir name="0">
<string name="act" value="eat"/>
<string name="0" value="f1_s"/>
</imgdir>
</imgdir>
<imgdir name="fail">
<imgdir name="0">
<string name="act" value="cry"/>
<string name="0" value="f1_f"/>
</imgdir>
</imgdir>
</imgdir>
<imgdir name="1">
<int name="l0" value="10"/>
<int name="l1" value="19"/>
<imgdir name="success">
<imgdir name="0">
<string name="act" value="eat"/>
<string name="0" value="f2_s"/>
</imgdir>
</imgdir>
<imgdir name="fail">
<imgdir name="0">
<string name="act" value="cry"/>
<string name="0" value="f2_f"/>
</imgdir>
</imgdir>
</imgdir>
<imgdir name="2">
<int name="l0" value="20"/>
<int name="l1" value="29"/>
<imgdir name="success">
<imgdir name="0">
<string name="act" value="eat"/>
<string name="0" value="f3_s"/>
</imgdir>
</imgdir>
<imgdir name="fail">
<imgdir name="0">
<string name="act" value="angry"/>
<string name="0" value="f3_f"/>
</imgdir>
</imgdir>
</imgdir>
<imgdir name="3">
<int name="l0" value="30"/>
<int name="l1" value="30"/>
<imgdir name="success">
<imgdir name="0">
<string name="act" value="eat"/>
<string name="0" value="f4_s"/>
</imgdir>
</imgdir>
<imgdir name="fail">
<imgdir name="0">
<string name="act" value="angry"/>
<string name="0" value="f4_f"/>
</imgdir>
</imgdir>
</imgdir>
</imgdir>
<imgdir name="slang">
<imgdir name="0">
<int name="l0" value="1"/>
<int name="l1" value="9"/>
<string name="act" value="absurd"/>
<string name="0" value="s1"/>
</imgdir>
<imgdir name="1">
<int name="l0" value="10"/>
<int name="l1" value="19"/>
<string name="act" value="cry"/>
<string name="0" value="s2"/>
</imgdir>
<imgdir name="2">
<int name="l0" value="20"/>
<int name="l1" value="29"/>
<string name="act" value="angry"/>
<string name="0" value="s3"/>
</imgdir>
<imgdir name="3">
<int name="l0" value="30"/>
<int name="l1" value="30"/>
<string name="act" value="angry"/>
<string name="0" value="s4"/>
</imgdir>
</imgdir>
<imgdir name="stand0">
<canvas name="0" width="46" height="35">
<vector name="origin" x="22" y="43"/>
<int name="z" value="0"/>
<vector name="lt" x="-32" y="-44"/>
<vector name="rb" x="32" y="0"/>
<string name="_hash" value="e5d55db60cbf93d2c116bc048e2cec9e45ce2f044c670cfa8c964a004a61cf44"/>
</canvas>
<canvas name="1" width="1" height="1">
<vector name="origin" x="22" y="44"/>
<int name="z" value="0"/>
<vector name="lt" x="-32" y="-44"/>
<vector name="rb" x="32" y="0"/>
<string name="_inlink" value="stand0/0"/>
</canvas>
<canvas name="2" width="1" height="1">
<vector name="origin" x="22" y="45"/>
<int name="z" value="0"/>
<vector name="lt" x="-32" y="-44"/>
<vector name="rb" x="32" y="0"/>
<string name="_inlink" value="stand0/0"/>
</canvas>
<canvas name="3" width="46" height="35">
<vector name="origin" x="22" y="46"/>
<int name="z" value="0"/>
<vector name="lt" x="-32" y="-44"/>
<vector name="rb" x="32" y="0"/>
<string name="_hash" value="ac7613010ff8668b621fd89e3b34ae76156ab17d5355d0f17c02f9e51a1a0cd1"/>
</canvas>
<canvas name="4" width="1" height="1">
<vector name="origin" x="22" y="45"/>
<int name="z" value="0"/>
<vector name="lt" x="-32" y="-44"/>
<vector name="rb" x="32" y="0"/>
<string name="_inlink" value="stand0/0"/>
</canvas>
<canvas name="5" width="1" height="1">
<vector name="origin" x="22" y="44"/>
<int name="z" value="0"/>
<vector name="lt" x="-32" y="-44"/>
<vector name="rb" x="32" y="0"/>
<string name="_inlink" value="stand0/3"/>
</canvas>
<canvas name="6" width="1" height="1">
<vector name="origin" x="22" y="43"/>
<int name="z" value="0"/>
<vector name="lt" x="-32" y="-44"/>
<vector name="rb" x="32" y="0"/>
<string name="_inlink" value="stand0/0"/>
</canvas>
<canvas name="7" width="1" height="1">
<vector name="origin" x="22" y="42"/>
<int name="z" value="0"/>
<vector name="lt" x="-32" y="-44"/>
<vector name="rb" x="32" y="0"/>
<string name="_inlink" value="stand0/0"/>
</canvas>
</imgdir>
<imgdir name="stand1">
<canvas name="0" width="1" height="1">
<vector name="origin" x="22" y="43"/>
<int name="z" value="0"/>
<vector name="lt" x="-32" y="-44"/>
<vector name="rb" x="32" y="0"/>
<string name="_inlink" value="stand0/0"/>
</canvas>
<canvas name="1" width="46" height="35">
<vector name="origin" x="22" y="44"/>
<int name="z" value="0"/>
<vector name="lt" x="-32" y="-44"/>
<vector name="rb" x="32" y="0"/>
<string name="_hash" value="9f714d87c96b60d42f27b1b87f9bffa6d41908b7d19e158c9ffb7cdf5194d79f"/>
</canvas>
<canvas name="2" width="1" height="1">
<vector name="origin" x="22" y="45"/>
<int name="z" value="0"/>
<vector name="lt" x="-32" y="-44"/>
<vector name="rb" x="32" y="0"/>
<string name="_inlink" value="stand0/0"/>
</canvas>
<canvas name="3" width="1" height="1">
<vector name="origin" x="22" y="46"/>
<int name="z" value="0"/>
<vector name="lt" x="-32" y="-44"/>
<vector name="rb" x="32" y="0"/>
<string name="_inlink" value="stand1/1"/>
</canvas>
<canvas name="4" width="1" height="1">
<vector name="origin" x="22" y="45"/>
<int name="z" value="0"/>
<vector name="lt" x="-32" y="-44"/>
<vector name="rb" x="32" y="0"/>
<string name="_inlink" value="stand0/0"/>
</canvas>
<canvas name="5" width="1" height="1">
<vector name="origin" x="22" y="44"/>
<int name="z" value="0"/>
<vector name="lt" x="-32" y="-44"/>
<vector name="rb" x="32" y="0"/>
<string name="_inlink" value="stand1/1"/>
</canvas>
</imgdir>
<imgdir name="rest0">
<canvas name="0" width="57" height="36">
<vector name="origin" x="28" y="36"/>
<int name="z" value="0"/>
<vector name="lt" x="-32" y="-44"/>
<vector name="rb" x="32" y="0"/>
<string name="_hash" value="c3338c1ca2758488bbada1e32141de5066fc019ef0bfd9bc0e85a9c08a5144be"/>
</canvas>
<canvas name="1" width="1" height="1">
<vector name="origin" x="28" y="36"/>
<int name="z" value="0"/>
<vector name="lt" x="-32" y="-44"/>
<vector name="rb" x="32" y="0"/>
<string name="_inlink" value="rest0/0"/>
</canvas>
<canvas name="2" width="1" height="1">
<vector name="origin" x="28" y="36"/>
<int name="z" value="0"/>
<vector name="lt" x="-32" y="-44"/>
<vector name="rb" x="32" y="0"/>
<string name="_inlink" value="rest0/0"/>
</canvas>
<canvas name="3" width="1" height="1">
<vector name="origin" x="28" y="36"/>
<int name="z" value="0"/>
<vector name="lt" x="-32" y="-44"/>
<vector name="rb" x="32" y="0"/>
<string name="_inlink" value="rest0/0"/>
</canvas>
<canvas name="4" width="57" height="36">
<vector name="origin" x="28" y="36"/>
<int name="z" value="0"/>
<vector name="lt" x="-32" y="-44"/>
<vector name="rb" x="32" y="0"/>
<string name="_hash" value="0fa3ed903ff82582192ccd7ef6476d33495520a8dc795a4d4852b2d08d1cc679"/>
</canvas>
<canvas name="5" width="1" height="1">
<vector name="origin" x="28" y="36"/>
<int name="z" value="0"/>
<vector name="lt" x="-32" y="-44"/>
<vector name="rb" x="32" y="0"/>
<string name="_inlink" value="rest0/0"/>
</canvas>
</imgdir>
<imgdir name="move">
<canvas name="0" width="46" height="35">
<vector name="origin" x="22" y="43"/>
<int name="z" value="0"/>
<vector name="lt" x="-32" y="-44"/>
<vector name="rb" x="32" y="0"/>
<string name="_hash" value="3fe3926e0a88d6784607db33ced363ee950e4af95c53247943997a56d48de0d1"/>
</canvas>
<canvas name="1" width="46" height="35">
<vector name="origin" x="22" y="44"/>
<int name="z" value="0"/>
<vector name="lt" x="-32" y="-44"/>
<vector name="rb" x="32" y="0"/>
<string name="_hash" value="f6c868e85758d74c03c83f086eee84f9e5fd169f4b3b17403945fe0820f02b13"/>
</canvas>
<canvas name="2" width="1" height="1">
<vector name="origin" x="22" y="45"/>
<int name="z" value="0"/>
<vector name="lt" x="-32" y="-44"/>
<vector name="rb" x="32" y="0"/>
<string name="_inlink" value="move/0"/>
</canvas>
<canvas name="3" width="46" height="35">
<vector name="origin" x="22" y="44"/>
<int name="z" value="0"/>
<vector name="lt" x="-32" y="-44"/>
<vector name="rb" x="32" y="0"/>
<string name="_hash" value="a5f0c7dde493f68873ebc6a35924fd4a8625e1400a56239579df2cbc43e79411"/>
</canvas>
</imgdir>
<imgdir name="jump">
<canvas name="0" width="1" height="1">
<vector name="origin" x="22" y="43"/>
<int name="z" value="0"/>
<vector name="lt" x="-32" y="-44"/>
<vector name="rb" x="32" y="0"/>
<string name="_inlink" value="stand0/0"/>
</canvas>
<canvas name="1" width="46" height="35">
<vector name="origin" x="22" y="46"/>
<int name="z" value="0"/>
<vector name="lt" x="-32" y="-44"/>
<vector name="rb" x="32" y="0"/>
<string name="_hash" value="7e800309726a81201b7206ab89234c84e556b05ecb2d114f448345cf393eff66"/>
</canvas>
</imgdir>
<imgdir name="hang">
<canvas name="0" width="43" height="40">
<vector name="origin" x="21" y="51"/>
<int name="z" value="0"/>
<vector name="lt" x="-32" y="-44"/>
<vector name="rb" x="32" y="0"/>
<string name="_hash" value="14521598b782fe6c080763f24b1d4236a2e7ba68d7e02c4f2a0177a33ee4d3cf"/>
</canvas>
</imgdir>
<imgdir name="hungry">
<canvas name="0" width="66" height="35">
<vector name="origin" x="42" y="43"/>
<int name="z" value="0"/>
<vector name="lt" x="-32" y="-44"/>
<vector name="rb" x="32" y="0"/>
<string name="_hash" value="d4550b87b48569b72bab902e634e6c27c6da42837051a943c77561c60f86b003"/>
</canvas>
<canvas name="1" width="66" height="35">
<vector name="origin" x="42" y="44"/>
<int name="z" value="0"/>
<vector name="lt" x="-32" y="-44"/>
<vector name="rb" x="32" y="0"/>
<string name="_hash" value="87ac47b4ff482a9eb0d0e532ba08f1080121356b5b1276816939ccb2d3d5d419"/>
</canvas>
<canvas name="2" width="66" height="35">
<vector name="origin" x="42" y="45"/>
<int name="z" value="0"/>
<vector name="lt" x="-32" y="-44"/>
<vector name="rb" x="32" y="0"/>
<string name="_hash" value="e28df3c0ec29df4d862935d8cdaec227ce5af7be036fc964a79134c0bec83f0e"/>
</canvas>
<canvas name="3" width="66" height="35">
<vector name="origin" x="42" y="46"/>
<int name="z" value="0"/>
<vector name="lt" x="-32" y="-44"/>
<vector name="rb" x="32" y="0"/>
<string name="_hash" value="58c13c20cb0f342de055a724faca7fb7dc9e9e448addba0634d22f08742326c5"/>
</canvas>
<canvas name="4" width="66" height="35">
<vector name="origin" x="42" y="45"/>
<int name="z" value="0"/>
<vector name="lt" x="-32" y="-44"/>
<vector name="rb" x="32" y="0"/>
<string name="_hash" value="6222d4f61026810a7d58a665e0ddcbd0eae7861be81003ada12a83386b77ae80"/>
</canvas>
<canvas name="5" width="1" height="1">
<vector name="origin" x="42" y="44"/>
<int name="z" value="0"/>
<vector name="lt" x="-32" y="-44"/>
<vector name="rb" x="32" y="0"/>
<string name="_inlink" value="hungry/1"/>
</canvas>
<canvas name="6" width="66" height="35">
<vector name="origin" x="42" y="43"/>
<int name="z" value="0"/>
<vector name="lt" x="-32" y="-44"/>
<vector name="rb" x="32" y="0"/>
<string name="_hash" value="08409f7b3a63e5c8d2f7fa94cdad12fc89eedcf769a89c53068c5ca0ec85613c"/>
</canvas>
<canvas name="7" width="66" height="35">
<vector name="origin" x="42" y="42"/>
<int name="z" value="0"/>
<vector name="lt" x="-32" y="-44"/>
<vector name="rb" x="32" y="0"/>
<string name="_hash" value="bf6dcceff1db00a1a2fbc94168eaba1616c6041fa54d8d93ad1c05de63546a73"/>
</canvas>
</imgdir>
<imgdir name="angry">
<canvas name="0" width="56" height="35">
<vector name="origin" x="32" y="43"/>
<int name="z" value="0"/>
<vector name="lt" x="-32" y="-44"/>
<vector name="rb" x="32" y="0"/>
<string name="_hash" value="fa140510d6f71f69d36548bafb50609e37469ab4dce8061d82cc7cbe6632b676"/>
</canvas>
<canvas name="1" width="57" height="35">
<vector name="origin" x="33" y="44"/>
<int name="z" value="0"/>
<vector name="lt" x="-32" y="-44"/>
<vector name="rb" x="32" y="0"/>
<string name="_hash" value="3ff82460c97c771dbd4f59275914d97a29c254abf06f21eecf684a0062ec5dbd"/>
</canvas>
<canvas name="2" width="56" height="35">
<vector name="origin" x="32" y="43"/>
<int name="z" value="0"/>
<vector name="lt" x="-32" y="-44"/>
<vector name="rb" x="32" y="0"/>
<string name="_hash" value="da3fc5273d79d697328c92ddf090e95558acb7eb29b0f8ff8901167e86e5752c"/>
</canvas>
<canvas name="3" width="57" height="35">
<vector name="origin" x="33" y="44"/>
<int name="z" value="0"/>
<vector name="lt" x="-32" y="-44"/>
<vector name="rb" x="32" y="0"/>
<string name="_hash" value="69c0effa88d651b952861106dc2cf22e1b8ee0e7009ca92499a6d549d7fc324c"/>
</canvas>
</imgdir>
<imgdir name="chat">
<canvas name="0" width="54" height="35">
<vector name="origin" x="30" y="43"/>
<int name="z" value="0"/>
<vector name="lt" x="-32" y="-44"/>
<vector name="rb" x="32" y="0"/>
<string name="_hash" value="8aa74afbc7dcb0ae6308a8d21684bdb6d3a1599e7049c333014684fd4949c6b5"/>
</canvas>
<canvas name="1" width="57" height="35">
<vector name="origin" x="33" y="44"/>
<int name="z" value="0"/>
<vector name="lt" x="-32" y="-44"/>
<vector name="rb" x="32" y="0"/>
<string name="_hash" value="eff7cc3d022652a268ad56cc0e87f78413cfe78961b94d6689242e73825c7c6f"/>
</canvas>
<canvas name="2" width="54" height="35">
<vector name="origin" x="30" y="45"/>
<int name="z" value="0"/>
<vector name="lt" x="-32" y="-44"/>
<vector name="rb" x="32" y="0"/>
<string name="_hash" value="925c12c99f3786ac8300c305974f6f94037db1c2a54533b9d945418d73d0f3de"/>
</canvas>
<canvas name="3" width="57" height="35">
<vector name="origin" x="33" y="46"/>
<int name="z" value="0"/>
<vector name="lt" x="-32" y="-44"/>
<vector name="rb" x="32" y="0"/>
<string name="_hash" value="7346676a73902e00b8fd376ebddb4d4da301d650b1dacbfc87fa70b5b55fdd8f"/>
</canvas>
<canvas name="4" width="54" height="35">
<vector name="origin" x="30" y="45"/>
<int name="z" value="0"/>
<vector name="lt" x="-32" y="-44"/>
<vector name="rb" x="32" y="0"/>
<string name="_hash" value="e91d024eac5439c0e2c870e7bfb87b6825a34458477145b43d9ad9fda116742c"/>
</canvas>
<canvas name="5" width="57" height="35">
<vector name="origin" x="33" y="44"/>
<int name="z" value="0"/>
<vector name="lt" x="-32" y="-44"/>
<vector name="rb" x="32" y="0"/>
<string name="_hash" value="1af54e4d2d8afe4c8b94d246e8815e9067d9a9c1d01c1114fefb64a2d9ca8bee"/>
</canvas>
<canvas name="6" width="54" height="35">
<vector name="origin" x="30" y="43"/>
<int name="z" value="0"/>
<vector name="lt" x="-32" y="-44"/>
<vector name="rb" x="32" y="0"/>
<string name="_hash" value="b96ee1db700f58ee5ab202494afd934eeac34c9b8b76de15fe8e333ed9730820"/>
</canvas>
<canvas name="7" width="57" height="35">
<vector name="origin" x="33" y="42"/>
<int name="z" value="0"/>
<vector name="lt" x="-32" y="-44"/>
<vector name="rb" x="32" y="0"/>
<string name="_hash" value="bdedc24093aae647f48dec2ca81d2ed3a8df4f5f7535d58f039e3be09032024e"/>
</canvas>
</imgdir>
<imgdir name="love">
<canvas name="0" width="46" height="35">
<vector name="origin" x="22" y="43"/>
<int name="z" value="0"/>
<vector name="lt" x="-32" y="-44"/>
<vector name="rb" x="32" y="0"/>
<string name="_hash" value="9ba05e6a09e6e0c29c69bc008da6c6ebe128030ec8f28db41ec0b5aef85c78e3"/>
</canvas>
<canvas name="1" width="48" height="48">
<vector name="origin" x="29" y="55"/>
<int name="z" value="0"/>
<vector name="lt" x="-32" y="-44"/>
<vector name="rb" x="32" y="0"/>
<string name="_hash" value="484773840cd59fa4f5aeea395e623196a4377bd66a3dd75eb941e42b2e629193"/>
</canvas>
<canvas name="2" width="49" height="57">
<vector name="origin" x="25" y="65"/>
<int name="z" value="0"/>
<vector name="lt" x="-32" y="-44"/>
<vector name="rb" x="32" y="0"/>
<string name="_hash" value="36e48f9be3c562e368124d1e30c84ebd7c14c61d04cfa33435ee6b827680890c"/>
</canvas>
<canvas name="3" width="61" height="59">
<vector name="origin" x="25" y="66"/>
<int name="z" value="0"/>
<vector name="lt" x="-32" y="-44"/>
<vector name="rb" x="32" y="0"/>
<string name="_hash" value="99e670d156e41610d03ff7d734b7b5b33509b9209a27c01b24a86e94f4b971d8"/>
</canvas>
<canvas name="4" width="59" height="59">
<vector name="origin" x="22" y="67"/>
<int name="z" value="0"/>
<vector name="lt" x="-32" y="-44"/>
<vector name="rb" x="32" y="0"/>
<string name="_hash" value="f8ca38bf8e54e3e25a6301b44bdac6cadc2491316ef5f1c1d0206dce883d977f"/>
</canvas>
<canvas name="5" width="66" height="51">
<vector name="origin" x="29" y="58"/>
<int name="z" value="0"/>
<vector name="lt" x="-32" y="-44"/>
<vector name="rb" x="32" y="0"/>
<string name="_hash" value="a76b720c1495ff1e88260dd314fe968a3924a1efd5958c74a710342c37de8282"/>
</canvas>
<canvas name="6" width="1" height="1">
<vector name="origin" x="22" y="43"/>
<int name="z" value="0"/>
<vector name="lt" x="-32" y="-44"/>
<vector name="rb" x="32" y="0"/>
<string name="_inlink" value="love/0"/>
</canvas>
<canvas name="7" width="48" height="39">
<vector name="origin" x="19" y="46"/>
<int name="z" value="0"/>
<vector name="lt" x="-32" y="-44"/>
<vector name="rb" x="32" y="0"/>
<string name="_hash" value="bcb5ed2c55822e0dec83984a128b7397f88504d5e817537ff2491f8963f0a8d1"/>
</canvas>
</imgdir>
<imgdir name="cry">
<canvas name="0" width="45" height="34">
<vector name="origin" x="22" y="34"/>
<int name="z" value="0"/>
<vector name="lt" x="-32" y="-44"/>
<vector name="rb" x="32" y="0"/>
<string name="_hash" value="474dc0e298f083910e89991ad160db7b07821af0733a232357763409a7ebbfb1"/>
</canvas>
<canvas name="1" width="45" height="34">
<vector name="origin" x="22" y="34"/>
<int name="z" value="0"/>
<vector name="lt" x="-32" y="-44"/>
<vector name="rb" x="32" y="0"/>
<string name="_hash" value="c436832cb9f609a2ab6333406e2f97085428c448c2cc8511b50c9568e19d1ac8"/>
</canvas>
</imgdir>
<imgdir name="sleep">
<canvas name="0" width="47" height="24">
<vector name="origin" x="15" y="20"/>
<int name="z" value="0"/>
<vector name="lt" x="-32" y="-44"/>
<vector name="rb" x="32" y="0"/>
<string name="_hash" value="85b49257aef622c4297853d54a2da19ec65aef87ce72ad359e81293e9cf06294"/>
</canvas>
<canvas name="1" width="47" height="33">
<vector name="origin" x="15" y="29"/>
<int name="z" value="0"/>
<vector name="lt" x="-32" y="-44"/>
<vector name="rb" x="32" y="0"/>
<string name="_hash" value="65eb3fe84d55e523c6d6d8719b0289237939b2254a16ccfd7a4eda12d82d7a20"/>
</canvas>
<canvas name="2" width="47" height="39">
<vector name="origin" x="15" y="35"/>
<int name="z" value="0"/>
<vector name="lt" x="-32" y="-44"/>
<vector name="rb" x="32" y="0"/>
<string name="_hash" value="d3637ddfc84acf0712c9b9c91e89ae4ae73fde94e1fca32fc5c340060e1f5d07"/>
</canvas>
<canvas name="3" width="47" height="39">
<vector name="origin" x="15" y="35"/>
<int name="z" value="0"/>
<vector name="lt" x="-32" y="-44"/>
<vector name="rb" x="32" y="0"/>
<string name="_hash" value="bd1942f746bce326898c4fc8e9a692d89768702613b305a4619521744b507f87"/>
</canvas>
<canvas name="4" width="47" height="39">
<vector name="origin" x="15" y="35"/>
<int name="z" value="0"/>
<vector name="lt" x="-32" y="-44"/>
<vector name="rb" x="32" y="0"/>
<string name="_hash" value="ef7000615de7640e179a8f5cf2039fdb95d1900d9e6aea5c63c03bf8851df5dc"/>
</canvas>
<canvas name="5" width="47" height="35">
<vector name="origin" x="15" y="31"/>
<int name="z" value="0"/>
<vector name="lt" x="-32" y="-44"/>
<vector name="rb" x="32" y="0"/>
<string name="_hash" value="feff19801476c7b04f6dc17f7ceba5d7c95134bfd4564b0a2b649102eedfcbc5"/>
</canvas>
</imgdir>
<imgdir name="roll">
<canvas name="0" width="50" height="51">
<vector name="origin" x="24" y="56"/>
<int name="z" value="0"/>
<vector name="lt" x="-32" y="-44"/>
<vector name="rb" x="32" y="0"/>
<string name="_hash" value="37e222618f5d539a8a2b5d2d534e9c5e19b8a524da4cb0d3fed7d53a05f0d846"/>
</canvas>
<canvas name="1" width="51" height="50">
<vector name="origin" x="29" y="59"/>
<int name="z" value="0"/>
<vector name="lt" x="-32" y="-44"/>
<vector name="rb" x="32" y="0"/>
<string name="_hash" value="47d5cacf313e1dd91503ea46e53c5007e9fe62d44e9c67f3c4b96d0ddc48d587"/>
</canvas>
</imgdir>
<imgdir name="eat">
<canvas name="0" width="46" height="35">
<vector name="origin" x="22" y="43"/>
<int name="z" value="0"/>
<vector name="lt" x="-32" y="-44"/>
<vector name="rb" x="32" y="0"/>
<string name="_hash" value="58abb6a33548e52cec7d038d2c52c545ce370e126aace48e8c62b2f51b830b6f"/>
</canvas>
<canvas name="1" width="1" height="1">
<vector name="origin" x="22" y="44"/>
<int name="z" value="0"/>
<vector name="lt" x="-32" y="-44"/>
<vector name="rb" x="32" y="0"/>
<string name="_inlink" value="eat/0"/>
</canvas>
<canvas name="2" width="46" height="35">
<vector name="origin" x="22" y="45"/>
<int name="z" value="0"/>
<vector name="lt" x="-32" y="-44"/>
<vector name="rb" x="32" y="0"/>
<string name="_hash" value="09304d73b4b3e9b3a1a726b171d5cd190fcbb2732960abe9f80929d2e0e8d993"/>
</canvas>
<canvas name="3" width="1" height="1">
<vector name="origin" x="22" y="46"/>
<int name="z" value="0"/>
<vector name="lt" x="-32" y="-44"/>
<vector name="rb" x="32" y="0"/>
<string name="_inlink" value="eat/2"/>
</canvas>
<canvas name="4" width="1" height="1">
<vector name="origin" x="22" y="45"/>
<int name="z" value="0"/>
<vector name="lt" x="-32" y="-44"/>
<vector name="rb" x="32" y="0"/>
<string name="_inlink" value="eat/0"/>
</canvas>
<canvas name="5" width="1" height="1">
<vector name="origin" x="22" y="44"/>
<int name="z" value="0"/>
<vector name="lt" x="-32" y="-44"/>
<vector name="rb" x="32" y="0"/>
<string name="_inlink" value="eat/0"/>
</canvas>
<canvas name="6" width="1" height="1">
<vector name="origin" x="22" y="43"/>
<int name="z" value="0"/>
<vector name="lt" x="-32" y="-44"/>
<vector name="rb" x="32" y="0"/>
<string name="_inlink" value="eat/2"/>
</canvas>
<canvas name="7" width="1" height="1">
<vector name="origin" x="22" y="42"/>
<int name="z" value="0"/>
<vector name="lt" x="-32" y="-44"/>
<vector name="rb" x="32" y="0"/>
<string name="_inlink" value="eat/2"/>
</canvas>
</imgdir>
<imgdir name="fly">
<uol name="0" value="../jump/0"/>
</imgdir>
<imgdir name="dung">
<canvas name="0" width="46" height="35">
<vector name="origin" x="22" y="43"/>
<int name="z" value="0"/>
<vector name="lt" x="-32" y="-44"/>
<vector name="rb" x="32" y="0"/>
<string name="_hash" value="547950b78bde5957cf3f580f1dbe14566a0ce523095861b24d4880a7c0183717"/>
</canvas>
<canvas name="1" width="46" height="35">
<vector name="origin" x="22" y="44"/>
<int name="z" value="0"/>
<vector name="lt" x="-32" y="-44"/>
<vector name="rb" x="32" y="0"/>
<string name="_hash" value="473fa6d445c8816a9a0814c18c10d108fa37a53d7cc363e423ca1aa9e391d61e"/>
</canvas>
<canvas name="2" width="44" height="35">
<vector name="origin" x="21" y="45"/>
<int name="z" value="0"/>
<vector name="lt" x="-32" y="-44"/>
<vector name="rb" x="32" y="0"/>
<string name="_hash" value="86f7418207af24eda5536b8f57758517b3f5680a58d19327f690e97673a58427"/>
</canvas>
<canvas name="3" width="56" height="37">
<vector name="origin" x="21" y="42"/>
<int name="z" value="0"/>
<vector name="lt" x="-32" y="-44"/>
<vector name="rb" x="32" y="0"/>
<string name="_hash" value="a7facd3c02703780790342901cf258c208408124b917442bc01bae45e5499e03"/>
</canvas>
<canvas name="4" width="65" height="35">
<vector name="origin" x="21" y="41"/>
<int name="z" value="0"/>
<vector name="lt" x="-32" y="-44"/>
<vector name="rb" x="32" y="0"/>
<string name="_hash" value="30c43371c14d75baa27f26b285629aecb9cac35cbfe383de18c3d85c98aa30f7"/>
</canvas>
<canvas name="5" width="68" height="44">
<vector name="origin" x="21" y="49"/>
<int name="z" value="0"/>
<vector name="lt" x="-32" y="-44"/>
<vector name="rb" x="32" y="0"/>
<string name="_hash" value="91f3be6de0a44f6949255180b75c2078bd59e54b43d737fa9733d1d80a994b07"/>
</canvas>
<canvas name="6" width="69" height="38">
<vector name="origin" x="22" y="43"/>
<int name="z" value="0"/>
<vector name="lt" x="-32" y="-44"/>
<vector name="rb" x="32" y="0"/>
<string name="_hash" value="75bd76a10368e51cd7c81fbf13dc094762ee771ae4e7ec24e526663ddf53e88f"/>
</canvas>
<canvas name="7" width="46" height="35">
<vector name="origin" x="22" y="42"/>
<int name="z" value="0"/>
<vector name="lt" x="-32" y="-44"/>
<vector name="rb" x="32" y="0"/>
<string name="_hash" value="a8676310d1d74dbb8bbcf8b339fcc1252cc52a0fe4e0e214c503558df385d3b1"/>
</canvas>
</imgdir>
<imgdir name="absurd">
<canvas name="0" width="46" height="39">
<vector name="origin" x="22" y="47"/>
<int name="z" value="0"/>
<vector name="lt" x="-32" y="-44"/>
<vector name="rb" x="32" y="0"/>
<string name="_hash" value="008bad3272ee4663003908e0107d8e1723539d7ee109e3c62018b50a04848ff6"/>
</canvas>
<canvas name="1" width="46" height="43">
<vector name="origin" x="22" y="52"/>
<int name="z" value="0"/>
<vector name="lt" x="-32" y="-44"/>
<vector name="rb" x="32" y="0"/>
<string name="_hash" value="fd49a18eb46a2c9f310b2ab9a0baa28f659360935deb6071144bdc54b174f560"/>
</canvas>
<canvas name="2" width="46" height="45">
<vector name="origin" x="22" y="53"/>
<int name="z" value="0"/>
<vector name="lt" x="-32" y="-44"/>
<vector name="rb" x="32" y="0"/>
<string name="_hash" value="459a3eb6fac0b5c443ff8de5b4f1f5581b7841f097fa71a658b3b266b40bc458"/>
</canvas>
<canvas name="3" width="46" height="45">
<vector name="origin" x="22" y="54"/>
<int name="z" value="0"/>
<vector name="lt" x="-32" y="-44"/>
<vector name="rb" x="32" y="0"/>
<string name="_hash" value="c4283616f5fd9c5c4034870562aeee32ffa5321a3df1eb882c48784ebd115324"/>
</canvas>
<canvas name="4" width="46" height="43">
<vector name="origin" x="22" y="51"/>
<int name="z" value="0"/>
<vector name="lt" x="-32" y="-44"/>
<vector name="rb" x="32" y="0"/>
<string name="_hash" value="53a23094fd6c299176eaa0582d1b09da6a0f3deb5562f6183b464c513aa92963"/>
</canvas>
<canvas name="5" width="46" height="43">
<vector name="origin" x="22" y="52"/>
<int name="z" value="0"/>
<vector name="lt" x="-32" y="-44"/>
<vector name="rb" x="32" y="0"/>
<string name="_hash" value="091511367175c10fd96eb1d116c6d9062a4212082661137d3e15552bd49765f7"/>
</canvas>
</imgdir>
<imgdir name="like">
<canvas name="0" width="48" height="35">
<vector name="origin" x="24" y="43"/>
<int name="z" value="0"/>
<vector name="lt" x="-32" y="-44"/>
<vector name="rb" x="32" y="0"/>
<string name="_hash" value="c6cc1ac04a4f3f9eb45f110521307b0a807bddc505aef153d54d9f054a0f3be5"/>
</canvas>
<canvas name="1" width="50" height="35">
<vector name="origin" x="26" y="44"/>
<int name="z" value="0"/>
<vector name="lt" x="-32" y="-44"/>
<vector name="rb" x="32" y="0"/>
<string name="_hash" value="d0872281ee295523b0c413fa83ebe3da6357295cff0f79044e7dc31adc558a7d"/>
</canvas>
</imgdir>
</imgdir>
