<?xml version="1.0" encoding="UTF-8" standalone="yes"?>
<imgdir name="5000014.img">
<imgdir name="info">
<canvas name="icon" width="32" height="31">
<vector name="origin" x="-1" y="28"/>
<string name="_hash" value="73ab3b4369417c5f0e93d257aa1f76803bf71095d871b7fb130ea9213d231183"/>
</canvas>
<canvas name="iconRaw" width="32" height="28">
<vector name="origin" x="-1" y="28"/>
<string name="_hash" value="9dee1c677a1f55e21ba53d2db7f75db7f5e61c38cbd2ca279140c10162a1a660"/>
</canvas>
<canvas name="iconD" width="26" height="36">
<vector name="origin" x="-1" y="34"/>
<string name="_hash" value="795aec11e183a49fec4fb80f9402e46589e7badba69d732d4a20de84f00d6b88"/>
</canvas>
<canvas name="iconRawD" width="26" height="36">
<vector name="origin" x="-1" y="34"/>
<string name="_hash" value="3afab32bd5f751c5d7ad7ba42a21b7b94421546ea44c00762ba7b1ec2e11c7ab"/>
</canvas>
<int name="hungry" value="4"/>
<int name="cash" value="1"/>
<int name="life" value="30"/>
<int name="pickupAll" value="1"/>
<int name="nameTag" value="6"/>
<int name="chatBalloon" value="4"/>
<int name="pickupItem" value="1"/>
</imgdir>
<imgdir name="interact">
<imgdir name="0">
<string name="command" value="c1"/>
<int name="inc" value="1"/>
<int name="prob" value="30"/>
<int name="l0" value="1"/>
<int name="l1" value="9"/>
<imgdir name="success">
<imgdir name="0">
<string name="act" value="sit"/>
<string name="0" value="c1_s1"/>
<string name="1" value="c1_s2"/>
</imgdir>
</imgdir>
<imgdir name="fail">
<imgdir name="0">
<string name="act" value="stand1"/>
<string name="0" value="c1_f1"/>
<string name="1" value="c1_f2"/>
</imgdir>
</imgdir>
</imgdir>
<imgdir name="1">
<string name="command" value="c2"/>
<int name="inc" value="1"/>
<int name="prob" value="45"/>
<int name="l0" value="10"/>
<int name="l1" value="19"/>
<imgdir name="success">
<imgdir name="0">
<string name="act" value="sit"/>
<string name="0" value="c2_s1"/>
<string name="1" value="c2_s2"/>
<string name="2" value="c2_s3"/>
<string name="3" value="c2_s4"/>
</imgdir>
</imgdir>
<imgdir name="fail">
<imgdir name="0">
<string name="act" value="stand1"/>
<string name="0" value="c2_f1"/>
<string name="1" value="c2_f2"/>
<string name="2" value="c2_f3"/>
<string name="3" value="c2_f4"/>
</imgdir>
</imgdir>
</imgdir>
<imgdir name="2">
<string name="command" value="c3"/>
<int name="inc" value="1"/>
<int name="prob" value="60"/>
<int name="l0" value="20"/>
<int name="l1" value="29"/>
<imgdir name="success">
<imgdir name="0">
<string name="act" value="sit"/>
<string name="0" value="c3_s1"/>
<string name="1" value="c3_s2"/>
<string name="2" value="c3_s3"/>
<string name="3" value="c3_s4"/>
</imgdir>
</imgdir>
<imgdir name="fail">
<imgdir name="0">
<string name="act" value="stand1"/>
<string name="0" value="c3_f1"/>
<string name="1" value="c3_f2"/>
<string name="2" value="c3_f3"/>
<string name="3" value="c3_f4"/>
</imgdir>
</imgdir>
</imgdir>
<imgdir name="3">
<string name="command" value="c4"/>
<int name="inc" value="1"/>
<int name="prob" value="75"/>
<int name="l0" value="30"/>
<int name="l1" value="30"/>
<imgdir name="success">
<imgdir name="0">
<string name="act" value="sit"/>
<string name="0" value="c4_s1"/>
<string name="1" value="c4_s2"/>
<string name="2" value="c4_s3"/>
<string name="3" value="c4_s4"/>
</imgdir>
</imgdir>
<imgdir name="fail">
<imgdir name="0">
<string name="act" value="rise"/>
<string name="0" value="c4_f1"/>
<string name="1" value="c4_f2"/>
<string name="2" value="c4_f3"/>
<string name="3" value="c4_f4"/>
</imgdir>
</imgdir>
</imgdir>
<imgdir name="4">
<string name="command" value="c5"/>
<int name="inc" value="2"/>
<int name="prob" value="30"/>
<int name="l0" value="1"/>
<int name="l1" value="9"/>
<imgdir name="success">
<imgdir name="0">
<string name="act" value="go"/>
<string name="0" value="c5_s1"/>
<string name="1" value="c5_s2"/>
</imgdir>
</imgdir>
<imgdir name="fail">
<imgdir name="0">
<string name="act" value="stand1"/>
<string name="0" value="c5_f1"/>
<string name="1" value="c5_f2"/>
</imgdir>
</imgdir>
</imgdir>
<imgdir name="5">
<string name="command" value="c6"/>
<int name="inc" value="2"/>
<int name="prob" value="45"/>
<int name="l0" value="10"/>
<int name="l1" value="19"/>
<imgdir name="success">
<imgdir name="0">
<string name="act" value="go"/>
<string name="0" value="c6_s1"/>
<string name="1" value="c6_s2"/>
<string name="2" value="c6_s3"/>
<string name="3" value="c6_s4"/>
</imgdir>
</imgdir>
<imgdir name="fail">
<imgdir name="0">
<string name="act" value="stand1"/>
<string name="0" value="c6_f1"/>
<string name="1" value="c6_f2"/>
<string name="2" value="c6_f3"/>
<string name="3" value="c6_f4"/>
</imgdir>
</imgdir>
</imgdir>
<imgdir name="6">
<string name="command" value="c7"/>
<int name="inc" value="2"/>
<int name="prob" value="60"/>
<int name="l0" value="20"/>
<int name="l1" value="29"/>
<imgdir name="success">
<imgdir name="0">
<string name="act" value="go"/>
<string name="0" value="c7_s1"/>
<string name="1" value="c7_s2"/>
<string name="2" value="c7_s3"/>
<string name="3" value="c7_s4"/>
</imgdir>
</imgdir>
<imgdir name="fail">
<imgdir name="0">
<string name="act" value="stand1"/>
<string name="0" value="c7_f1"/>
<string name="1" value="c7_f2"/>
<string name="2" value="c7_f3"/>
<string name="3" value="c7_f4"/>
</imgdir>
</imgdir>
</imgdir>
<imgdir name="7">
<string name="command" value="c8"/>
<int name="inc" value="2"/>
<int name="prob" value="75"/>
<int name="l0" value="30"/>
<int name="l1" value="30"/>
<imgdir name="success">
<imgdir name="0">
<string name="act" value="go"/>
<string name="0" value="c8_s1"/>
<string name="1" value="c8_s2"/>
<string name="2" value="c8_s3"/>
<string name="3" value="c8_s4"/>
</imgdir>
</imgdir>
<imgdir name="fail">
<imgdir name="0">
<string name="act" value="stand1"/>
<string name="0" value="c8_f1"/>
<string name="1" value="c8_f2"/>
<string name="2" value="c8_f3"/>
<string name="3" value="c8_f4"/>
</imgdir>
</imgdir>
</imgdir>
<imgdir name="8">
<string name="command" value="c9"/>
<int name="inc" value="2"/>
<int name="prob" value="30"/>
<int name="l0" value="1"/>
<int name="l1" value="9"/>
<imgdir name="success">
<imgdir name="0">
<string name="act" value="cry"/>
<string name="0" value="c9_s1"/>
<string name="1" value="c9_s2"/>
</imgdir>
</imgdir>
<imgdir name="fail">
<imgdir name="0">
<string name="act" value="angry"/>
<string name="0" value="c9_f1"/>
<string name="1" value="c9_f2"/>
</imgdir>
</imgdir>
</imgdir>
<imgdir name="9">
<string name="command" value="c10"/>
<int name="inc" value="2"/>
<int name="prob" value="45"/>
<int name="l0" value="10"/>
<int name="l1" value="19"/>
<imgdir name="success">
<imgdir name="0">
<string name="act" value="cry"/>
<string name="0" value="c10_s1"/>
<string name="1" value="c10_s2"/>
<string name="2" value="c10_s3"/>
<string name="3" value="c10_s4"/>
</imgdir>
</imgdir>
<imgdir name="fail">
<imgdir name="0">
<string name="act" value="angry"/>
<string name="0" value="c10_f1"/>
<string name="1" value="c10_f2"/>
<string name="2" value="c10_f3"/>
<string name="3" value="c10_f4"/>
</imgdir>
</imgdir>
</imgdir>
<imgdir name="10">
<string name="command" value="c11"/>
<int name="inc" value="2"/>
<int name="prob" value="60"/>
<int name="l0" value="20"/>
<int name="l1" value="29"/>
<imgdir name="success">
<imgdir name="0">
<string name="act" value="cry"/>
<string name="0" value="c11_s1"/>
<string name="1" value="c11_s2"/>
<string name="2" value="c11_s3"/>
<string name="3" value="c11_s4"/>
</imgdir>
</imgdir>
<imgdir name="fail">
<imgdir name="0">
<string name="act" value="angry"/>
<string name="0" value="c11_f1"/>
<string name="1" value="c11_f2"/>
<string name="2" value="c11_f3"/>
<string name="4" value="c11_f4"/>
</imgdir>
</imgdir>
</imgdir>
<imgdir name="11">
<string name="command" value="c12"/>
<int name="inc" value="2"/>
<int name="prob" value="75"/>
<int name="l0" value="30"/>
<int name="l1" value="30"/>
<imgdir name="success">
<imgdir name="0">
<string name="act" value="cry"/>
<string name="0" value="c12_s1"/>
<string name="1" value="c12_s2"/>
<string name="2" value="c12_s3"/>
<string name="3" value="c12_s4"/>
</imgdir>
</imgdir>
<imgdir name="fail">
<imgdir name="0">
<string name="act" value="angry"/>
<string name="0" value="c12_f1"/>
<string name="1" value="c12_f2"/>
<string name="2" value="c12_f3"/>
<string name="3" value="c12_f4"/>
</imgdir>
</imgdir>
</imgdir>
<imgdir name="12">
<string name="command" value="c13"/>
<int name="inc" value="1"/>
<int name="prob" value="30"/>
<int name="l0" value="1"/>
<int name="l1" value="9"/>
<imgdir name="success">
<imgdir name="0">
<string name="act" value="dung"/>
<string name="0" value="c13_s1"/>
<string name="1" value="c13_s2"/>
</imgdir>
</imgdir>
<imgdir name="fail">
<imgdir name="0">
<string name="act" value="rest0"/>
<string name="0" value="c13_f1"/>
<string name="1" value="c13_f2"/>
</imgdir>
</imgdir>
</imgdir>
<imgdir name="13">
<string name="command" value="c14"/>
<int name="inc" value="1"/>
<int name="prob" value="30"/>
<int name="l0" value="10"/>
<int name="l1" value="19"/>
<imgdir name="success">
<imgdir name="0">
<string name="act" value="dung"/>
<string name="0" value="c14_s1"/>
<string name="1" value="c14_s2"/>
<string name="2" value="c14_s3"/>
<string name="3" value="c14_s4"/>
</imgdir>
</imgdir>
<imgdir name="fail">
<imgdir name="0">
<string name="act" value="rest0"/>
<string name="0" value="c14_f1"/>
<string name="1" value="c14_f2"/>
<string name="2" value="c14_f3"/>
<string name="3" value="c14_f4"/>
</imgdir>
</imgdir>
</imgdir>
<imgdir name="14">
<string name="command" value="c15"/>
<int name="inc" value="1"/>
<int name="prob" value="30"/>
<int name="l0" value="20"/>
<int name="l1" value="29"/>
<imgdir name="success">
<imgdir name="0">
<string name="act" value="dung"/>
<string name="0" value="c15_s1"/>
<string name="1" value="c15_s2"/>
<string name="2" value="c15_s3"/>
<string name="3" value="c15_s4"/>
</imgdir>
</imgdir>
<imgdir name="fail">
<imgdir name="0">
<string name="act" value="rest0"/>
<string name="0" value="c15_f1"/>
<string name="1" value="c15_f2"/>
<string name="2" value="c15_f3"/>
<string name="3" value="c15_f4"/>
</imgdir>
</imgdir>
</imgdir>
<imgdir name="15">
<string name="command" value="c16"/>
<int name="inc" value="1"/>
<int name="prob" value="30"/>
<int name="l0" value="30"/>
<int name="l1" value="30"/>
<imgdir name="success">
<imgdir name="0">
<string name="act" value="dung"/>
<string name="0" value="c16_s1"/>
<string name="1" value="c16_s2"/>
<string name="2" value="c16_s3"/>
<string name="3" value="c16_s4"/>
</imgdir>
</imgdir>
<imgdir name="fail">
<imgdir name="0">
<string name="act" value="rest0"/>
<string name="0" value="c16_f1"/>
<string name="1" value="c16_f2"/>
<string name="2" value="c16_f3"/>
<string name="3" value="c16_f4"/>
</imgdir>
</imgdir>
</imgdir>
<imgdir name="16">
<string name="command" value="c17"/>
<int name="inc" value="2"/>
<int name="prob" value="30"/>
<int name="l0" value="1"/>
<int name="l1" value="9"/>
<imgdir name="success">
<imgdir name="0">
<string name="act" value="love"/>
<string name="0" value="c17_s1"/>
<string name="1" value="c17_s2"/>
</imgdir>
</imgdir>
<imgdir name="fail">
<imgdir name="0">
<string name="act" value="rest0"/>
<string name="0" value="c17_f1"/>
<string name="1" value="c17_f2"/>
</imgdir>
</imgdir>
</imgdir>
<imgdir name="17">
<string name="command" value="c18"/>
<int name="inc" value="2"/>
<int name="prob" value="45"/>
<int name="l0" value="10"/>
<int name="l1" value="19"/>
<imgdir name="success">
<imgdir name="0">
<string name="act" value="love"/>
<string name="0" value="c18_s1"/>
<string name="1" value="c18_s2"/>
<string name="2" value="c18_s3"/>
<string name="3" value="c18_s4"/>
</imgdir>
</imgdir>
<imgdir name="fail">
<imgdir name="0">
<string name="act" value="rest0"/>
<string name="0" value="c18_f1"/>
<string name="1" value="c18_f2"/>
<string name="2" value="c18_f3"/>
<string name="3" value="c18_f4"/>
</imgdir>
</imgdir>
</imgdir>
<imgdir name="18">
<string name="command" value="c19"/>
<int name="inc" value="2"/>
<int name="prob" value="60"/>
<int name="l0" value="20"/>
<int name="l1" value="29"/>
<imgdir name="success">
<imgdir name="0">
<string name="act" value="love"/>
<string name="0" value="c19_s1"/>
<string name="1" value="c19_s2"/>
<string name="2" value="c19_s3"/>
<string name="3" value="c19_s4"/>
</imgdir>
</imgdir>
<imgdir name="fail">
<imgdir name="0">
<string name="act" value="rest0"/>
<string name="0" value="c19_f1"/>
<string name="1" value="c19_f2"/>
<string name="2" value="c19_f3"/>
<string name="3" value="c19_f4"/>
</imgdir>
</imgdir>
</imgdir>
<imgdir name="19">
<string name="command" value="c20"/>
<int name="inc" value="2"/>
<int name="prob" value="70"/>
<int name="l0" value="30"/>
<int name="l1" value="30"/>
<imgdir name="success">
<imgdir name="0">
<string name="act" value="love"/>
<string name="0" value="c20_s1"/>
<string name="1" value="c20_s2"/>
<string name="2" value="c20_s3"/>
<string name="3" value="c20_s4"/>
</imgdir>
</imgdir>
<imgdir name="fail">
<imgdir name="0">
<string name="act" value="rest0"/>
<string name="0" value="c20_f1"/>
<string name="1" value="c20_f2"/>
<string name="2" value="c20_f3"/>
<string name="3" value="c20_f4"/>
</imgdir>
</imgdir>
</imgdir>
<imgdir name="20">
<string name="command" value="c21"/>
<int name="inc" value="2"/>
<int name="prob" value="35"/>
<int name="l0" value="1"/>
<int name="l1" value="9"/>
<imgdir name="success">
<imgdir name="0">
<string name="act" value="christmas"/>
<string name="0" value="c21_s1"/>
<string name="1" value="c21_s2"/>
</imgdir>
</imgdir>
<imgdir name="fail">
<imgdir name="0">
<string name="act" value="rest0"/>
<string name="0" value="c21_f1"/>
<string name="1" value="c21_f2"/>
</imgdir>
</imgdir>
</imgdir>
<imgdir name="21">
<string name="command" value="c22"/>
<int name="inc" value="2"/>
<int name="prob" value="45"/>
<int name="l0" value="10"/>
<int name="l1" value="19"/>
<imgdir name="success">
<imgdir name="0">
<string name="act" value="christmas"/>
<string name="0" value="c22_s1"/>
<string name="1" value="c22_s2"/>
<string name="2" value="c22_s3"/>
<string name="3" value="c22_s4"/>
</imgdir>
</imgdir>
<imgdir name="fail">
<imgdir name="0">
<string name="act" value="rest0"/>
<string name="0" value="c22_f1"/>
<string name="1" value="c22_f2"/>
<string name="2" value="c22_f3"/>
<string name="3" value="c22_f4"/>
</imgdir>
</imgdir>
</imgdir>
<imgdir name="22">
<string name="command" value="c23"/>
<int name="inc" value="2"/>
<int name="prob" value="55"/>
<int name="l0" value="20"/>
<int name="l1" value="29"/>
<imgdir name="success">
<imgdir name="0">
<string name="act" value="christmas"/>
<string name="0" value="c23_s1"/>
<string name="1" value="c23_s2"/>
<string name="2" value="c23_s3"/>
<string name="3" value="c23_s4"/>
</imgdir>
</imgdir>
<imgdir name="fail">
<imgdir name="0">
<string name="act" value="rest0"/>
<string name="0" value="c23_f1"/>
<string name="1" value="c23_f2"/>
<string name="2" value="c23_f3"/>
<string name="3" value="c23_f4"/>
</imgdir>
</imgdir>
</imgdir>
<imgdir name="23">
<string name="command" value="c24"/>
<int name="inc" value="2"/>
<int name="prob" value="65"/>
<int name="l0" value="30"/>
<int name="l1" value="30"/>
<imgdir name="success">
<imgdir name="0">
<string name="act" value="christmas"/>
<string name="0" value="c24_s1"/>
<string name="1" value="c24_s2"/>
<string name="2" value="c24_s3"/>
<string name="3" value="c24_s4"/>
</imgdir>
</imgdir>
<imgdir name="fail">
<imgdir name="0">
<string name="act" value="rest0"/>
<string name="0" value="c24_f1"/>
<string name="1" value="c24_f2"/>
<string name="2" value="c24_f3"/>
<string name="3" value="c24_f4"/>
</imgdir>
</imgdir>
</imgdir>
<imgdir name="24">
<string name="command" value="c25"/>
<int name="inc" value="3"/>
<int name="prob" value="35"/>
<int name="l0" value="10"/>
<int name="l1" value="19"/>
<imgdir name="success">
<imgdir name="0">
<string name="act" value="chat"/>
<string name="0" value="c25_s1"/>
<string name="1" value="c25_s2"/>
<string name="2" value="c25_s3"/>
<string name="3" value="c25_s4"/>
</imgdir>
</imgdir>
<imgdir name="fail">
<imgdir name="0">
<string name="act" value="stand1"/>
<string name="0" value="c25_f1"/>
<string name="1" value="c25_f2"/>
<string name="2" value="c25_f3"/>
<string name="3" value="c25_f4"/>
</imgdir>
</imgdir>
</imgdir>
<imgdir name="25">
<string name="command" value="c26"/>
<int name="inc" value="3"/>
<int name="prob" value="50"/>
<int name="l0" value="20"/>
<int name="l1" value="29"/>
<imgdir name="success">
<imgdir name="0">
<string name="act" value="chat"/>
<string name="0" value="c26_s1"/>
<string name="1" value="c26_s2"/>
<string name="2" value="c26_s3"/>
<string name="3" value="c26_s4"/>
</imgdir>
</imgdir>
<imgdir name="fail">
<imgdir name="0">
<string name="act" value="stand1"/>
<string name="0" value="c26_f1"/>
<string name="1" value="c26_f2"/>
<string name="2" value="c26_f3"/>
<string name="3" value="c26_f4"/>
</imgdir>
</imgdir>
</imgdir>
<imgdir name="26">
<string name="command" value="c27"/>
<int name="inc" value="3"/>
<int name="prob" value="65"/>
<int name="l0" value="30"/>
<int name="l1" value="30"/>
<imgdir name="success">
<imgdir name="0">
<string name="act" value="chat"/>
<string name="0" value="c27_s1"/>
<string name="1" value="c27_s2"/>
<string name="2" value="c27_s3"/>
<string name="3" value="c27_s4"/>
</imgdir>
</imgdir>
<imgdir name="fail">
<imgdir name="0">
<string name="act" value="stand1"/>
<string name="0" value="c27_f1"/>
<string name="1" value="c27_f2"/>
<string name="2" value="c27_f3"/>
<string name="3" value="c27_f4"/>
</imgdir>
</imgdir>
</imgdir>
<imgdir name="27">
<string name="command" value="c28"/>
<int name="inc" value="3"/>
<int name="prob" value="35"/>
<int name="l0" value="10"/>
<int name="l1" value="19"/>
<imgdir name="success">
<imgdir name="0">
<string name="act" value="rise"/>
<string name="0" value="c28_s1"/>
<string name="1" value="c28_s2"/>
<string name="2" value="c28_s3"/>
<string name="3" value="c28_s4"/>
</imgdir>
</imgdir>
<imgdir name="fail">
<imgdir name="0">
<string name="act" value="stand1"/>
<string name="0" value="c28_f1"/>
<string name="1" value="c28_f2"/>
<string name="2" value="c28_f3"/>
<string name="3" value="c28_f4"/>
</imgdir>
</imgdir>
</imgdir>
<imgdir name="28">
<string name="command" value="c29"/>
<int name="inc" value="3"/>
<int name="prob" value="50"/>
<int name="l0" value="20"/>
<int name="l1" value="29"/>
<imgdir name="success">
<imgdir name="0">
<string name="act" value="rise"/>
<string name="0" value="c29_s1"/>
<string name="1" value="c29_s2"/>
<string name="2" value="c29_s3"/>
<string name="3" value="c29_s4"/>
</imgdir>
</imgdir>
<imgdir name="fail">
<imgdir name="0">
<string name="act" value="stand1"/>
<string name="0" value="c29_f1"/>
<string name="1" value="c29_f2"/>
<string name="2" value="c29_f3"/>
<string name="3" value="c29_f4"/>
</imgdir>
</imgdir>
</imgdir>
<imgdir name="29">
<string name="command" value="c30"/>
<int name="inc" value="3"/>
<int name="prob" value="65"/>
<int name="l0" value="30"/>
<int name="l1" value="30"/>
<imgdir name="success">
<imgdir name="0">
<string name="act" value="rise"/>
<string name="0" value="c30_s1"/>
<string name="1" value="c30_s2"/>
<string name="2" value="c30_s3"/>
<string name="3" value="c30_s4"/>
</imgdir>
</imgdir>
<imgdir name="fail">
<imgdir name="0">
<string name="act" value="stand1"/>
<string name="0" value="c30_f1"/>
<string name="1" value="c30_f2"/>
<string name="2" value="c30_f3"/>
<string name="3" value="c30_f4"/>
</imgdir>
</imgdir>
</imgdir>
<imgdir name="30">
<string name="command" value="c31"/>
<int name="inc" value="3"/>
<int name="prob" value="35"/>
<int name="l0" value="10"/>
<int name="l1" value="19"/>
<imgdir name="success">
<imgdir name="0">
<string name="act" value="lonely"/>
<string name="0" value="c31_s1"/>
<string name="1" value="c31_s2"/>
<string name="2" value="c31_s3"/>
<string name="3" value="c31_s4"/>
</imgdir>
</imgdir>
<imgdir name="fail">
<imgdir name="0">
<string name="act" value="rest0"/>
<string name="0" value="c31_f1"/>
<string name="1" value="c31_f2"/>
<string name="2" value="c31_f3"/>
<string name="3" value="c31_f4"/>
</imgdir>
</imgdir>
</imgdir>
<imgdir name="31">
<string name="command" value="c32"/>
<int name="inc" value="3"/>
<int name="prob" value="50"/>
<int name="l0" value="20"/>
<int name="l1" value="29"/>
<imgdir name="success">
<imgdir name="0">
<string name="act" value="lonely"/>
<string name="0" value="c32_s1"/>
<string name="1" value="c32_s2"/>
<string name="2" value="c32_s3"/>
<string name="3" value="c32_s4"/>
</imgdir>
</imgdir>
<imgdir name="fail">
<imgdir name="0">
<string name="act" value="rest0"/>
<string name="0" value="c32_f1"/>
<string name="1" value="c32_f2"/>
<string name="2" value="c32_3"/>
<string name="3" value="c32_f4"/>
</imgdir>
</imgdir>
</imgdir>
</imgdir>
<imgdir name="food">
<imgdir name="0">
<int name="l0" value="1"/>
<int name="l1" value="9"/>
<imgdir name="success">
<imgdir name="0">
<string name="act" value="eat"/>
<string name="0" value="f1_s"/>
</imgdir>
</imgdir>
<imgdir name="fail">
<imgdir name="0">
<string name="act" value="cry"/>
<string name="0" value="f1_f"/>
</imgdir>
</imgdir>
</imgdir>
<imgdir name="1">
<int name="l0" value="10"/>
<int name="l1" value="19"/>
<imgdir name="success">
<imgdir name="0">
<string name="act" value="eat"/>
<string name="0" value="f2_s"/>
</imgdir>
</imgdir>
<imgdir name="fail">
<imgdir name="0">
<string name="act" value="cry"/>
<string name="0" value="f2_f"/>
</imgdir>
</imgdir>
</imgdir>
<imgdir name="2">
<int name="l0" value="20"/>
<int name="l1" value="29"/>
<imgdir name="success">
<imgdir name="0">
<string name="act" value="eat"/>
<string name="0" value="f3_s"/>
</imgdir>
</imgdir>
<imgdir name="fail">
<imgdir name="0">
<string name="act" value="cry"/>
<string name="0" value="f3_f"/>
</imgdir>
</imgdir>
</imgdir>
<imgdir name="3">
<int name="l0" value="30"/>
<int name="l1" value="30"/>
<imgdir name="success">
<imgdir name="0">
<string name="act" value="eat"/>
<string name="0" value="f4_s"/>
</imgdir>
</imgdir>
<imgdir name="fail">
<imgdir name="0">
<string name="act" value="cry"/>
<string name="0" value="f4_f"/>
</imgdir>
</imgdir>
</imgdir>
</imgdir>
<imgdir name="slang">
<imgdir name="0">
<int name="l0" value="1"/>
<int name="l1" value="9"/>
<string name="act" value="rest0"/>
<string name="0" value="s1"/>
</imgdir>
<imgdir name="1">
<int name="l0" value="10"/>
<int name="l1" value="19"/>
<string name="act" value="rest0"/>
<string name="0" value="s2"/>
</imgdir>
<imgdir name="2">
<int name="l0" value="20"/>
<int name="l1" value="29"/>
<string name="act" value="rest0"/>
<string name="0" value="s3"/>
</imgdir>
<imgdir name="3">
<int name="l0" value="30"/>
<int name="l1" value="30"/>
<string name="act" value="rest0"/>
<string name="0" value="s4"/>
</imgdir>
</imgdir>
<imgdir name="stand0">
<canvas name="0" width="36" height="45">
<vector name="origin" x="20" y="45"/>
<vector name="lt" x="-20" y="-33"/>
<vector name="rb" x="21" y="0"/>
<int name="delay" value="1500"/>
<string name="_hash" value="42c22f29bd87e62da877b23ac81e3f369e3d1adf92429361160f73512cc8cd40"/>
</canvas>
<canvas name="1" width="36" height="45">
<vector name="origin" x="20" y="45"/>
<vector name="lt" x="-20" y="-33"/>
<vector name="rb" x="21" y="0"/>
<int name="delay" value="40"/>
<string name="_hash" value="4e01e6f2a74d2be6cf035dd83a3856982e41f9905817aa719d475296df3e292a"/>
</canvas>
<canvas name="2" width="36" height="45">
<vector name="origin" x="20" y="45"/>
<vector name="lt" x="-20" y="-33"/>
<vector name="rb" x="21" y="0"/>
<int name="delay" value="40"/>
<string name="_hash" value="cfb3d771725d3d0c857a9be244782d1fa494e768b58850ad24388cac0de8917c"/>
</canvas>
<canvas name="3" width="36" height="45">
<vector name="origin" x="20" y="45"/>
<vector name="lt" x="-20" y="-33"/>
<vector name="rb" x="21" y="0"/>
<int name="delay" value="500"/>
<string name="_hash" value="b6bf314f4f26edaa60b1dc9e23e47f395461ee21bf74cf778ad1d6363a7678bb"/>
</canvas>
<canvas name="4" width="37" height="45">
<vector name="origin" x="20" y="45"/>
<vector name="lt" x="-20" y="-33"/>
<vector name="rb" x="21" y="0"/>
<int name="delay" value="100"/>
<string name="_hash" value="81692b0be4bc08251bc5645a64a3b4bc2615365b1218c53cd376fea48c061b27"/>
</canvas>
<canvas name="5" width="1" height="1">
<vector name="origin" x="20" y="45"/>
<vector name="lt" x="-20" y="-33"/>
<vector name="rb" x="21" y="0"/>
<string name="delay" value="40"/>
<string name="_inlink" value="stand0/0"/>
</canvas>
<uol name="6" value="4"/>
</imgdir>
<imgdir name="stand1">
<canvas name="0" width="1" height="1">
<vector name="origin" x="20" y="45"/>
<vector name="lt" x="-20" y="-33"/>
<vector name="rb" x="21" y="0"/>
<int name="delay" value="200"/>
<string name="_inlink" value="stand0/0"/>
</canvas>
<canvas name="1" width="36" height="45">
<vector name="origin" x="20" y="45"/>
<vector name="lt" x="-20" y="-33"/>
<vector name="rb" x="21" y="0"/>
<int name="delay" value="100"/>
<string name="_hash" value="a3169a6d7a1ef5f14de887e632474c16d364f7037408515ea275bf36c59d0ef4"/>
</canvas>
<canvas name="2" width="36" height="45">
<vector name="origin" x="20" y="45"/>
<vector name="lt" x="-20" y="-33"/>
<vector name="rb" x="21" y="0"/>
<int name="delay" value="500"/>
<string name="_hash" value="51339c75145b8e2793d3d2ebb0879d0ba3cdba7e0406d3e93fdb5e58c7473b36"/>
</canvas>
<uol name="3" value="1"/>
</imgdir>
<imgdir name="rest0">
<canvas name="0" width="36" height="42">
<vector name="origin" x="17" y="42"/>
<vector name="lt" x="-20" y="-33"/>
<vector name="rb" x="21" y="0"/>
<int name="delay" value="1000"/>
<string name="_hash" value="265412bcfb9ee786dc5aad69a65691a9b6328a7cb1538b9421c98c7cdee7c911"/>
</canvas>
<canvas name="1" width="36" height="42">
<vector name="origin" x="17" y="42"/>
<vector name="lt" x="-20" y="-33"/>
<vector name="rb" x="21" y="0"/>
<int name="delay" value="100"/>
<string name="_hash" value="cf866f3943ee7538b7a8c21a5e7fe3f2f1938b973417788488c9cddd9fdbab8d"/>
</canvas>
<canvas name="2" width="1" height="1">
<vector name="origin" x="17" y="42"/>
<vector name="lt" x="-20" y="-33"/>
<vector name="rb" x="21" y="0"/>
<int name="delay" value="500"/>
<string name="_inlink" value="rest0/0"/>
</canvas>
<canvas name="3" width="36" height="42">
<vector name="origin" x="17" y="42"/>
<vector name="lt" x="-20" y="-33"/>
<vector name="rb" x="21" y="0"/>
<int name="delay" value="100"/>
<string name="_hash" value="a09f7b4a4f00c5b9ffc808cbb9696058903cbe5b0fd0140b8cf73fe7f09f1674"/>
</canvas>
<canvas name="4" width="1" height="1">
<vector name="origin" x="17" y="42"/>
<vector name="lt" x="-20" y="-33"/>
<vector name="rb" x="21" y="0"/>
<int name="delay" value="100"/>
<string name="_inlink" value="rest0/0"/>
</canvas>
<canvas name="5" width="1" height="1">
<vector name="origin" x="17" y="42"/>
<vector name="lt" x="-20" y="-33"/>
<vector name="rb" x="21" y="0"/>
<int name="delay" value="40"/>
<string name="_inlink" value="rest0/3"/>
</canvas>
</imgdir>
<imgdir name="move">
<canvas name="0" width="35" height="45">
<vector name="origin" x="20" y="45"/>
<vector name="lt" x="-20" y="-33"/>
<vector name="rb" x="21" y="0"/>
<int name="delay" value="100"/>
<string name="_hash" value="644fb928c8e4e4d138c951eebe79d3d3a3939bb3250b6386a1829f0f9185fb38"/>
</canvas>
<canvas name="1" width="37" height="43">
<vector name="origin" x="21" y="43"/>
<vector name="lt" x="-20" y="-33"/>
<vector name="rb" x="21" y="0"/>
<int name="delay" value="100"/>
<string name="_hash" value="8ffa5636902751e6bb01974e2ca46b54738a05e7548b2dc117f1f15b583b5869"/>
</canvas>
<canvas name="2" width="34" height="44">
<vector name="origin" x="20" y="44"/>
<vector name="lt" x="-20" y="-33"/>
<vector name="rb" x="21" y="0"/>
<int name="delay" value="100"/>
<string name="_hash" value="a07fdc43e54403c79d620d76b5d209db3bfff1793adcf9207cb527dcf2079d0e"/>
</canvas>
</imgdir>
<imgdir name="jump">
<canvas name="0" width="36" height="44">
<vector name="origin" x="20" y="45"/>
<vector name="lt" x="-20" y="-33"/>
<vector name="rb" x="21" y="0"/>
<string name="_hash" value="5ecf497cc5e96b569ea61a4fdb28ebde982459e5f5c493535fd0ec9a392ac8b1"/>
</canvas>
</imgdir>
<imgdir name="hungry">
<canvas name="0" width="38" height="40">
<vector name="origin" x="17" y="40"/>
<vector name="lt" x="-20" y="-33"/>
<vector name="rb" x="21" y="0"/>
<int name="delay" value="1200"/>
<string name="_hash" value="ab643dd10c463b147557c1138fc0a6c759f8efe733331acbfcf719b99ab6605d"/>
</canvas>
</imgdir>
<imgdir name="angry">
<canvas name="0" width="39" height="44">
<vector name="origin" x="23" y="44"/>
<vector name="lt" x="-19" y="-31"/>
<vector name="rb" x="22" y="0"/>
<int name="delay" value="3000"/>
<string name="_hash" value="cae03632d164c32dcf2b9bfc8b9aefb52b7207aad2861ef768e6cd5499f28637"/>
</canvas>
</imgdir>
<imgdir name="chat">
<canvas name="0" width="36" height="45">
<vector name="origin" x="20" y="45"/>
<vector name="lt" x="-20" y="-33"/>
<vector name="rb" x="21" y="0"/>
<int name="delay" value="500"/>
<string name="_hash" value="d47faf19d751264545a0c4ce1850187da5b164ec1258eb0a03b01200551d738c"/>
</canvas>
<canvas name="1" width="36" height="45">
<vector name="origin" x="20" y="45"/>
<vector name="lt" x="-20" y="-33"/>
<vector name="rb" x="21" y="0"/>
<int name="delay" value="400"/>
<string name="_hash" value="4a706e18d84164f547915a4ae134a58c8e9ae32e04939de02afff17d75ce6da6"/>
</canvas>
<canvas name="2" width="1" height="1">
<vector name="origin" x="20" y="45"/>
<vector name="lt" x="-20" y="-33"/>
<vector name="rb" x="21" y="0"/>
<int name="delay" value="100"/>
<string name="_inlink" value="chat/0"/>
</canvas>
<canvas name="3" width="1" height="1">
<vector name="origin" x="20" y="45"/>
<vector name="lt" x="-20" y="-33"/>
<vector name="rb" x="21" y="0"/>
<int name="delay" value="200"/>
<string name="_inlink" value="chat/1"/>
</canvas>
</imgdir>
<imgdir name="hang">
<canvas name="0" width="35" height="50">
<vector name="origin" x="19" y="62"/>
<vector name="lt" x="-18" y="-58"/>
<vector name="rb" x="21" y="-16"/>
<string name="_hash" value="61a4b706231e937986cecbae2a58acb295e9d82f227beb93d62d2cdc9cac195c"/>
</canvas>
</imgdir>
<imgdir name="rise">
<canvas name="0" width="33" height="51">
<vector name="origin" x="12" y="51"/>
<vector name="lt" x="-20" y="-33"/>
<vector name="rb" x="21" y="0"/>
<int name="delay" value="4000"/>
<string name="_hash" value="a1bad02503df817d4067fa139aa8e6b97f624efb86e359fa134161eea3749dec"/>
</canvas>
</imgdir>
<imgdir name="dung">
<canvas name="0" width="38" height="43">
<vector name="origin" x="21" y="43"/>
<vector name="lt" x="-20" y="-33"/>
<vector name="rb" x="21" y="0"/>
<int name="delay" value="4000"/>
<string name="_hash" value="453efa107c3c5a85a080e9961843f26b7247fe8dad12ac2163cc5bf5b7786fa8"/>
</canvas>
</imgdir>
<imgdir name="cry">
<canvas name="0" width="38" height="40">
<vector name="origin" x="17" y="40"/>
<vector name="lt" x="-20" y="-33"/>
<vector name="rb" x="21" y="0"/>
<int name="delay" value="3000"/>
<string name="_hash" value="031cb664d3ddbcb2570f5fba08a3d3519bfbb1c8169ba20a79eec64b9288dca6"/>
</canvas>
</imgdir>
<imgdir name="alert">
<canvas name="0" width="45" height="40">
<vector name="origin" x="27" y="40"/>
<vector name="lt" x="-20" y="-34"/>
<vector name="rb" x="21" y="0"/>
<int name="delay" value="3000"/>
<string name="_hash" value="8ad5f2ed76f0e697943595e8413c6576d0b9c2653f7166a9c06095db3128ca28"/>
</canvas>
</imgdir>
<imgdir name="go">
<canvas name="0" width="1" height="1">
<vector name="origin" x="20" y="45"/>
<vector name="lt" x="-20" y="-33"/>
<vector name="rb" x="21" y="0"/>
<int name="delay" value="500"/>
<string name="_inlink" value="chat/0"/>
</canvas>
<canvas name="1" width="36" height="45">
<vector name="origin" x="20" y="45"/>
<vector name="lt" x="-20" y="-33"/>
<vector name="rb" x="21" y="0"/>
<int name="delay" value="100"/>
<string name="_hash" value="a30fefdced019464dea18cdc27cd9c5186797bc0fd08612c08532a729af07052"/>
</canvas>
<canvas name="2" width="1" height="1">
<vector name="origin" x="20" y="45"/>
<vector name="lt" x="-20" y="-33"/>
<vector name="rb" x="21" y="0"/>
<int name="delay" value="100"/>
<string name="_inlink" value="chat/0"/>
</canvas>
<canvas name="3" width="1" height="1">
<vector name="origin" x="20" y="45"/>
<vector name="lt" x="-20" y="-33"/>
<vector name="rb" x="21" y="0"/>
<int name="delay" value="80"/>
<string name="_inlink" value="go/1"/>
</canvas>
<canvas name="4" width="1" height="1">
<vector name="origin" x="20" y="45"/>
<vector name="lt" x="-20" y="-33"/>
<vector name="rb" x="21" y="0"/>
<int name="delay" value="200"/>
<string name="_inlink" value="chat/0"/>
</canvas>
<canvas name="5" width="66" height="45">
<vector name="origin" x="20" y="45"/>
<vector name="lt" x="-20" y="-33"/>
<vector name="rb" x="21" y="0"/>
<int name="delay" value="80"/>
<string name="_hash" value="e0e8c188ce22c8afe53635e1a2ce13b1380d7d415942249d2247a42d1c31e3fe"/>
</canvas>
<canvas name="6" width="80" height="45">
<vector name="origin" x="20" y="45"/>
<vector name="lt" x="-20" y="-33"/>
<vector name="rb" x="21" y="0"/>
<int name="delay" value="80"/>
<string name="_hash" value="9c751deb412d62d3af4ccc4f5b0cb111a9a0bf1d1804d57df1a5673c9c15f4e2"/>
</canvas>
<canvas name="7" width="75" height="45">
<vector name="origin" x="20" y="45"/>
<vector name="lt" x="-20" y="-33"/>
<vector name="rb" x="21" y="0"/>
<int name="delay" value="80"/>
<string name="_hash" value="9b33ef0b4733a72185ed840279eb99d045d6c64288c21ea570e705a37c96ade5"/>
</canvas>
<canvas name="8" width="75" height="45">
<vector name="origin" x="20" y="45"/>
<vector name="lt" x="-20" y="-33"/>
<vector name="rb" x="21" y="0"/>
<int name="delay" value="80"/>
<string name="_hash" value="2a0acb54cbf9b6abef0734b3be6952e4472eace7620654f68e3f0ec8dc24fa0d"/>
</canvas>
<canvas name="9" width="74" height="45">
<vector name="origin" x="20" y="45"/>
<vector name="lt" x="-20" y="-33"/>
<vector name="rb" x="21" y="0"/>
<int name="delay" value="100"/>
<string name="_hash" value="bc0918cced1786db864af11dbb80490b202ea30700369e7499e991d28fd71984"/>
</canvas>
<canvas name="10" width="74" height="43">
<vector name="origin" x="20" y="43"/>
<vector name="lt" x="-20" y="-33"/>
<vector name="rb" x="21" y="0"/>
<int name="delay" value="100"/>
<string name="_hash" value="22f20ba339864876f4a97148dc4c5c04ff425bbe1324bf3a1f2c4cd5aa47d19b"/>
</canvas>
<canvas name="11" width="73" height="44">
<vector name="origin" x="20" y="44"/>
<vector name="lt" x="-20" y="-33"/>
<vector name="rb" x="21" y="0"/>
<int name="delay" value="100"/>
<string name="_hash" value="4e646c4bac5ccb785112a6eb6a69f5af5d150d2fe3193f051e7677fc5594a19a"/>
</canvas>
<uol name="12" value="9"/>
<uol name="13" value="10"/>
<uol name="14" value="11"/>
<uol name="15" value="12"/>
<uol name="16" value="13"/>
<canvas name="17" width="1" height="1">
<vector name="origin" x="20" y="45"/>
<vector name="lt" x="-20" y="-33"/>
<vector name="rb" x="21" y="0"/>
<int name="delay" value="100"/>
<string name="_inlink" value="go/7"/>
</canvas>
<uol name="18" value="6"/>
<uol name="19" value="5"/>
</imgdir>
<imgdir name="christmas">
<canvas name="0" width="58" height="45">
<vector name="origin" x="40" y="45"/>
<vector name="lt" x="-16" y="-36"/>
<vector name="rb" x="28" y="0"/>
<int name="delay" value="200"/>
<string name="_hash" value="7cfe8f47aef95dda488af7eccccb76af6fc1f9c9e05391df2d18ab3ef0f03246"/>
</canvas>
<canvas name="1" width="57" height="43">
<vector name="origin" x="40" y="43"/>
<vector name="lt" x="-16" y="-36"/>
<vector name="rb" x="28" y="0"/>
<int name="delay" value="200"/>
<string name="_hash" value="fd5079547a5992a2f42a4ac17dba00b81efa38dd7c067e6c569ae2ccead9a961"/>
</canvas>
<canvas name="2" width="58" height="45">
<vector name="origin" x="40" y="45"/>
<vector name="lt" x="-16" y="-36"/>
<vector name="rb" x="28" y="0"/>
<int name="delay" value="200"/>
<string name="_hash" value="afe598c9206daf0a9a8c6836fa34ab0b7663219321b23afc5996df1e425d2d78"/>
</canvas>
<canvas name="3" width="1" height="1">
<vector name="origin" x="40" y="43"/>
<vector name="lt" x="-16" y="-36"/>
<vector name="rb" x="28" y="0"/>
<int name="delay" value="200"/>
<string name="_inlink" value="christmas/1"/>
</canvas>
</imgdir>
<imgdir name="love">
<canvas name="0" width="36" height="52">
<vector name="origin" x="20" y="52"/>
<vector name="lt" x="-16" y="-36"/>
<vector name="rb" x="28" y="0"/>
<int name="delay" value="100"/>
<string name="_hash" value="11e3b748f367878db9d5ac50640b76ef65c1ed1c9881615c8f6c2c86d67d70f8"/>
</canvas>
<canvas name="1" width="33" height="61">
<vector name="origin" x="12" y="61"/>
<vector name="lt" x="-16" y="-36"/>
<vector name="rb" x="28" y="0"/>
<int name="delay" value="100"/>
<string name="_hash" value="537db7655eb30b1f3a6fd6a1491c755f460a0eea48b31fdabf8b170fc0155616"/>
</canvas>
<canvas name="2" width="32" height="61">
<vector name="origin" x="12" y="61"/>
<vector name="lt" x="-16" y="-36"/>
<vector name="rb" x="28" y="0"/>
<int name="delay" value="100"/>
<string name="_hash" value="9f53c8f1b4470d9202cab901e3f427837d8fa23e9338246333fb03df1ec17cc8"/>
</canvas>
<canvas name="3" width="33" height="59">
<vector name="origin" x="12" y="59"/>
<vector name="lt" x="-16" y="-36"/>
<vector name="rb" x="28" y="0"/>
<int name="delay" value="100"/>
<string name="_hash" value="a0e183cfb7973a80d5e8d4fc4df16bc537c91a628f1a41e2fe9a1a70552980df"/>
</canvas>
<canvas name="4" width="32" height="57">
<vector name="origin" x="12" y="57"/>
<vector name="lt" x="-16" y="-36"/>
<vector name="rb" x="28" y="0"/>
<int name="delay" value="100"/>
<string name="_hash" value="c0100786b07e02bb825bea95123e653c43a17d4c90f19eb6b61105c6505b1b2f"/>
</canvas>
<canvas name="5" width="33" height="54">
<vector name="origin" x="12" y="54"/>
<vector name="lt" x="-16" y="-36"/>
<vector name="rb" x="28" y="0"/>
<int name="delay" value="300"/>
<string name="_hash" value="f6bc668e48898e12edbf3709a130b773028cabb717a7bda4a76dbe619963208c"/>
</canvas>
<canvas name="6" width="36" height="48">
<vector name="origin" x="20" y="48"/>
<vector name="lt" x="-16" y="-36"/>
<vector name="rb" x="28" y="0"/>
<int name="delay" value="200"/>
<string name="_hash" value="0a3d4f7be4de04640a3cc56b08934c05bd1bb869dd0441cfbef4c7f157908725"/>
</canvas>
</imgdir>
<imgdir name="lonely">
<canvas name="0" width="33" height="50">
<vector name="origin" x="12" y="50"/>
<vector name="lt" x="-16" y="-36"/>
<vector name="rb" x="28" y="0"/>
<int name="delay" value="100"/>
<string name="_hash" value="db9df8955bea25e1e1432e92df0c8e7fa6a3add33605dbe9b8cd2954f45c0abb"/>
</canvas>
<canvas name="1" width="32" height="51">
<vector name="origin" x="12" y="51"/>
<vector name="lt" x="-16" y="-36"/>
<vector name="rb" x="28" y="0"/>
<int name="delay" value="100"/>
<string name="_hash" value="9acd40cd822ccfae92dd91becd0ea66f0d82e57bf9fc9a97ea802d6703937d89"/>
</canvas>
<canvas name="2" width="38" height="51">
<vector name="origin" x="17" y="51"/>
<vector name="lt" x="-16" y="-36"/>
<vector name="rb" x="28" y="0"/>
<int name="delay" value="100"/>
<string name="_hash" value="03129ba5289b91a6b3a5b32fa38e743d43332b0c1ed06c91fb01585df15bc80d"/>
</canvas>
<canvas name="3" width="36" height="50">
<vector name="origin" x="14" y="50"/>
<vector name="lt" x="-16" y="-36"/>
<vector name="rb" x="28" y="0"/>
<int name="delay" value="100"/>
<string name="_hash" value="023beb9e0e6528bcab12f9b7f2abb744daa338af1ae126f5658270715d1a65ca"/>
</canvas>
<canvas name="4" width="33" height="50">
<vector name="origin" x="13" y="50"/>
<vector name="lt" x="-16" y="-36"/>
<vector name="rb" x="28" y="0"/>
<int name="delay" value="100"/>
<string name="_hash" value="6ff273b5b88f6a0f20a48f74d05c79686d9856f0b86c45eb2ca45e434cfd5925"/>
</canvas>
<canvas name="5" width="33" height="50">
<vector name="origin" x="12" y="50"/>
<vector name="lt" x="-16" y="-36"/>
<vector name="rb" x="28" y="0"/>
<int name="delay" value="100"/>
<string name="_hash" value="7924192449b9902d6f8a8190a8d268701b356fa9425cbdfb7353669069835db9"/>
</canvas>
<canvas name="6" width="33" height="50">
<vector name="origin" x="12" y="50"/>
<vector name="lt" x="-16" y="-36"/>
<vector name="rb" x="28" y="0"/>
<int name="delay" value="100"/>
<string name="_hash" value="521b64b2bbfe42b7b7c3277c9abc12669a9b82c9e8f9d398eaed8dde04db1c5c"/>
</canvas>
<canvas name="7" width="33" height="50">
<vector name="origin" x="12" y="50"/>
<vector name="lt" x="-16" y="-36"/>
<vector name="rb" x="28" y="0"/>
<int name="delay" value="100"/>
<string name="_hash" value="3be1b7550db6b1810cb32e87828cc62540e1569ac74616f432fb13cc231d5483"/>
</canvas>
<canvas name="8" width="35" height="50">
<vector name="origin" x="12" y="50"/>
<vector name="lt" x="-16" y="-36"/>
<vector name="rb" x="28" y="0"/>
<int name="delay" value="100"/>
<string name="_hash" value="6276cf0e8155fc504e3a0b20af0b8b1b4e5d87fb7686537b62446fd5512a31ca"/>
</canvas>
<canvas name="9" width="37" height="50">
<vector name="origin" x="12" y="50"/>
<vector name="lt" x="-16" y="-36"/>
<vector name="rb" x="28" y="0"/>
<int name="delay" value="100"/>
<string name="_hash" value="a80fc203092bcd167b968eabd2087888675042a60b96a9c5b908a478e3611192"/>
</canvas>
<canvas name="10" width="33" height="50">
<vector name="origin" x="12" y="50"/>
<vector name="lt" x="-16" y="-36"/>
<vector name="rb" x="28" y="0"/>
<int name="delay" value="100"/>
<string name="_hash" value="fc11ace2c099bb0024428c72771cb7370e8ee79a9be545a5e86c350ae98b0988"/>
</canvas>
<canvas name="11" width="33" height="50">
<vector name="origin" x="12" y="50"/>
<vector name="lt" x="-16" y="-36"/>
<vector name="rb" x="28" y="0"/>
<int name="delay" value="500"/>
<string name="_hash" value="7425718c754663b56c71811cc8b4c1c5cd0aada3b7dfda825d1a5a874d8d312b"/>
</canvas>
</imgdir>
<imgdir name="fly">
<canvas name="0" width="1" height="1">
<vector name="origin" x="20" y="44"/>
<vector name="lt" x="-20" y="-33"/>
<vector name="rb" x="21" y="0"/>
<int name="delay" value="200"/>
<string name="_inlink" value="jump/0"/>
</canvas>
<canvas name="1" width="34" height="44">
<vector name="origin" x="20" y="44"/>
<vector name="lt" x="-20" y="-33"/>
<vector name="rb" x="21" y="0"/>
<int name="delay" value="200"/>
<string name="_hash" value="84c584fd870c8715f652c1be64e1eb828eca2819c3771f58ab16f37747b12207"/>
</canvas>
</imgdir>
</imgdir>
