<?xml version="1.0" encoding="UTF-8" standalone="yes"?>
<imgdir name="5000022.img">
<imgdir name="info">
<canvas name="icon" width="33" height="32">
<vector name="origin" x="0" y="32"/>
<string name="_hash" value="a3b4b3d5fb74e44c84bd109429cbdb6b65a4e3a933cb3b52306c4c616b74006d"/>
</canvas>
<canvas name="iconRaw" width="33" height="29">
<vector name="origin" x="0" y="32"/>
<string name="_hash" value="0b4bae504cea5995a252ababa05002c8bef67970f43bca7c800439fc4ce36d4a"/>
</canvas>
<canvas name="iconD" width="28" height="34">
<vector name="origin" x="-2" y="34"/>
<string name="_hash" value="e662e977409240a0148f77e7dd964fb9676d7d6dbc9cd58624d7797653dd4439"/>
</canvas>
<canvas name="iconRawD" width="28" height="34">
<vector name="origin" x="-2" y="34"/>
<string name="_hash" value="56e4e8c8180344bfbc7da9c26759bba65aa89ce7eb28bb5bf6f411eedd31cc9a"/>
</canvas>
<int name="hungry" value="3"/>
<int name="cash" value="1"/>
<int name="life" value="90"/>
<int name="pickupItem" value="1"/>
</imgdir>
<imgdir name="interact">
<imgdir name="0">
<string name="command" value="c1"/>
<int name="inc" value="1"/>
<int name="prob" value="30"/>
<int name="l0" value="1"/>
<int name="l1" value="9"/>
<imgdir name="success">
<imgdir name="0">
<string name="act" value="sit"/>
<string name="0" value="c1_s1"/>
<string name="1" value="c1_s2"/>
</imgdir>
</imgdir>
<imgdir name="fail">
<imgdir name="0">
<string name="act" value="stand1"/>
<string name="0" value="c1_f1"/>
<string name="1" value="c1_f2"/>
</imgdir>
</imgdir>
</imgdir>
<imgdir name="1">
<string name="command" value="c2"/>
<int name="inc" value="1"/>
<int name="prob" value="45"/>
<int name="l0" value="10"/>
<int name="l1" value="19"/>
<imgdir name="success">
<imgdir name="0">
<string name="act" value="sit"/>
<string name="0" value="c2_s1"/>
<string name="1" value="c2_s2"/>
<string name="2" value="c2_s3"/>
<string name="3" value="c2_s4"/>
</imgdir>
</imgdir>
<imgdir name="fail">
<imgdir name="0">
<string name="act" value="stand1"/>
<string name="0" value="c2_f1"/>
<string name="1" value="c2_f2"/>
<string name="2" value="c2_f3"/>
<string name="3" value="c2_f4"/>
</imgdir>
</imgdir>
</imgdir>
<imgdir name="2">
<string name="command" value="c3"/>
<int name="inc" value="1"/>
<int name="prob" value="60"/>
<int name="l0" value="20"/>
<int name="l1" value="29"/>
<imgdir name="success">
<imgdir name="0">
<string name="act" value="sit"/>
<string name="0" value="c3_s1"/>
<string name="1" value="c3_s2"/>
<string name="2" value="c3_s3"/>
<string name="3" value="c3_s4"/>
</imgdir>
</imgdir>
<imgdir name="fail">
<imgdir name="0">
<string name="act" value="stand1"/>
<string name="0" value="c3_f1"/>
<string name="1" value="c3_f2"/>
<string name="2" value="c3_f3"/>
<string name="3" value="c3_f4"/>
</imgdir>
</imgdir>
</imgdir>
<imgdir name="3">
<string name="command" value="c4"/>
<int name="inc" value="1"/>
<int name="prob" value="75"/>
<int name="l0" value="30"/>
<int name="l1" value="30"/>
<imgdir name="success">
<imgdir name="0">
<string name="act" value="sit"/>
<string name="0" value="c4_s1"/>
<string name="1" value="c4_s2"/>
<string name="2" value="c4_s3"/>
<string name="3" value="c4_s4"/>
</imgdir>
</imgdir>
<imgdir name="fail">
<imgdir name="0">
<string name="act" value="stand1"/>
<string name="0" value="c4_f1"/>
<string name="1" value="c4_f2"/>
<string name="2" value="c4_f3"/>
<string name="3" value="c4_f4"/>
</imgdir>
</imgdir>
</imgdir>
<imgdir name="4">
<string name="command" value="c5"/>
<int name="inc" value="1"/>
<int name="prob" value="30"/>
<int name="l0" value="1"/>
<int name="l1" value="9"/>
<imgdir name="success">
<imgdir name="0">
<string name="act" value="cry"/>
<string name="0" value="c5_s1"/>
<string name="1" value="c5_s2"/>
</imgdir>
</imgdir>
<imgdir name="fail">
<imgdir name="0">
<string name="act" value="angry"/>
<string name="0" value="c5_f1"/>
<string name="1" value="c5_f2"/>
</imgdir>
</imgdir>
</imgdir>
<imgdir name="5">
<string name="command" value="c6"/>
<int name="inc" value="1"/>
<int name="prob" value="45"/>
<int name="l0" value="10"/>
<int name="l1" value="19"/>
<imgdir name="success">
<imgdir name="0">
<string name="act" value="cry"/>
<string name="0" value="c6_s1"/>
<string name="1" value="c6_s2"/>
<string name="2" value="c6_s3"/>
<string name="3" value="c6_s4"/>
</imgdir>
</imgdir>
<imgdir name="fail">
<imgdir name="0">
<string name="act" value="angry"/>
<string name="0" value="c6_f1"/>
<string name="1" value="c6_f2"/>
<string name="2" value="c6_f3"/>
<string name="3" value="c6_f4"/>
</imgdir>
</imgdir>
</imgdir>
<imgdir name="6">
<string name="command" value="c7"/>
<int name="inc" value="1"/>
<int name="prob" value="60"/>
<int name="l0" value="20"/>
<int name="l1" value="29"/>
<imgdir name="success">
<imgdir name="0">
<string name="act" value="cry"/>
<string name="0" value="c7_s1"/>
<string name="1" value="c7_s2"/>
<string name="2" value="c7_s3"/>
<string name="3" value="c7_s4"/>
</imgdir>
</imgdir>
<imgdir name="fail">
<imgdir name="0">
<string name="act" value="angry"/>
<string name="0" value="c7_f1"/>
<string name="1" value="c7_f2"/>
<string name="2" value="c7_f3"/>
<string name="3" value="c7_f4"/>
</imgdir>
</imgdir>
</imgdir>
<imgdir name="7">
<string name="command" value="c8"/>
<int name="inc" value="1"/>
<int name="prob" value="75"/>
<int name="l0" value="30"/>
<int name="l1" value="30"/>
<imgdir name="success">
<imgdir name="0">
<string name="act" value="cry"/>
<string name="0" value="c8_s1"/>
<string name="1" value="c8_s2"/>
<string name="2" value="c8_s3"/>
<string name="3" value="c8_s4"/>
</imgdir>
</imgdir>
<imgdir name="fail">
<imgdir name="0">
<string name="act" value="angry"/>
<string name="0" value="c8_f1"/>
<string name="1" value="c8_f2"/>
<string name="2" value="c8_f3"/>
<string name="3" value="c8_f4"/>
</imgdir>
</imgdir>
</imgdir>
<imgdir name="8">
<string name="command" value="c9"/>
<int name="inc" value="1"/>
<int name="prob" value="30"/>
<int name="l0" value="1"/>
<int name="l1" value="9"/>
<imgdir name="success">
<imgdir name="0">
<string name="act" value="goodboy"/>
<string name="0" value="c9_s1"/>
<string name="1" value="c9_s2"/>
</imgdir>
</imgdir>
<imgdir name="fail">
<imgdir name="0">
<string name="act" value="no"/>
<string name="0" value="c9_f1"/>
<string name="1" value="c9_f2"/>
</imgdir>
</imgdir>
</imgdir>
<imgdir name="9">
<string name="command" value="c10"/>
<int name="inc" value="1"/>
<int name="prob" value="45"/>
<int name="l0" value="10"/>
<int name="l1" value="19"/>
<imgdir name="success">
<imgdir name="0">
<string name="act" value="goodboy"/>
<string name="0" value="c10_s1"/>
<string name="1" value="c10_s2"/>
<string name="2" value="c10_s3"/>
<string name="3" value="c10_s4"/>
</imgdir>
</imgdir>
<imgdir name="fail">
<imgdir name="0">
<string name="act" value="no"/>
<string name="0" value="c10_f1"/>
<string name="1" value="c10_f2"/>
<string name="2" value="c10_f3"/>
<string name="3" value="c10_f4"/>
</imgdir>
</imgdir>
</imgdir>
<imgdir name="10">
<string name="command" value="c11"/>
<int name="inc" value="1"/>
<int name="prob" value="60"/>
<int name="l0" value="20"/>
<int name="l1" value="29"/>
<imgdir name="success">
<imgdir name="0">
<string name="act" value="goodboy"/>
<string name="0" value="c11_s1"/>
<string name="1" value="c11_s2"/>
<string name="2" value="c11_s3"/>
<string name="3" value="c11_s4"/>
</imgdir>
</imgdir>
<imgdir name="fail">
<imgdir name="0">
<string name="act" value="no"/>
<string name="0" value="c11_f1"/>
<string name="1" value="c11_f2"/>
<string name="2" value="c11_f3"/>
<string name="4" value="c11_f4"/>
</imgdir>
</imgdir>
</imgdir>
<imgdir name="11">
<string name="command" value="c12"/>
<int name="inc" value="1"/>
<int name="prob" value="75"/>
<int name="l0" value="30"/>
<int name="l1" value="30"/>
<imgdir name="success">
<imgdir name="0">
<string name="act" value="goodboy"/>
<string name="0" value="c12_s1"/>
<string name="1" value="c12_s2"/>
<string name="2" value="c12_s3"/>
<string name="3" value="c12_s4"/>
</imgdir>
</imgdir>
<imgdir name="fail">
<imgdir name="0">
<string name="act" value="no"/>
<string name="0" value="c12_f1"/>
<string name="1" value="c12_f2"/>
<string name="2" value="c12_f3"/>
<string name="3" value="c12_f4"/>
</imgdir>
</imgdir>
</imgdir>
<imgdir name="12">
<string name="command" value="c13"/>
<int name="inc" value="1"/>
<int name="prob" value="30"/>
<int name="l0" value="1"/>
<int name="l1" value="9"/>
<imgdir name="success">
<imgdir name="0">
<string name="act" value="thanksgiving"/>
<string name="0" value="c13_s1"/>
<string name="1" value="c13_s2"/>
</imgdir>
</imgdir>
<imgdir name="fail">
<imgdir name="0">
<string name="act" value="birdeye"/>
<string name="0" value="c13_f1"/>
<string name="1" value="c13_f2"/>
</imgdir>
</imgdir>
</imgdir>
<imgdir name="13">
<string name="command" value="c14"/>
<int name="inc" value="1"/>
<int name="prob" value="45"/>
<int name="l0" value="10"/>
<int name="l1" value="19"/>
<imgdir name="success">
<imgdir name="0">
<string name="act" value="thanksgiving"/>
<string name="0" value="c14_s1"/>
<string name="1" value="c14_s2"/>
<string name="2" value="c14_s3"/>
<string name="3" value="c14_s4"/>
</imgdir>
</imgdir>
<imgdir name="fail">
<imgdir name="0">
<string name="act" value="birdeye"/>
<string name="0" value="c14_f1"/>
<string name="1" value="c14_f2"/>
<string name="2" value="c14_f3"/>
<string name="3" value="c14_f4"/>
</imgdir>
</imgdir>
</imgdir>
<imgdir name="14">
<string name="command" value="c15"/>
<int name="inc" value="1"/>
<int name="prob" value="60"/>
<int name="l0" value="20"/>
<int name="l1" value="29"/>
<imgdir name="success">
<imgdir name="0">
<string name="act" value="thanksgiving"/>
<string name="0" value="c15_s1"/>
<string name="1" value="c15_s2"/>
<string name="2" value="c15_s3"/>
<string name="3" value="c15_s4"/>
</imgdir>
</imgdir>
<imgdir name="fail">
<imgdir name="0">
<string name="act" value="birdeye"/>
<string name="0" value="c15_f1"/>
<string name="1" value="c15_f2"/>
<string name="2" value="c15_f3"/>
<string name="3" value="c15_f4"/>
</imgdir>
</imgdir>
</imgdir>
<imgdir name="15">
<string name="command" value="c16"/>
<int name="inc" value="1"/>
<int name="prob" value="75"/>
<int name="l0" value="30"/>
<int name="l1" value="30"/>
<imgdir name="success">
<imgdir name="0">
<string name="act" value="thanksgiving"/>
<string name="0" value="c16_s1"/>
<string name="1" value="c16_s2"/>
<string name="2" value="c16_s3"/>
<string name="3" value="c16_s4"/>
</imgdir>
</imgdir>
<imgdir name="fail">
<imgdir name="0">
<string name="act" value="birdeye"/>
<string name="0" value="c16_f1"/>
<string name="1" value="c16_f2"/>
<string name="2" value="c16_f3"/>
<string name="3" value="c16_f4"/>
</imgdir>
</imgdir>
</imgdir>
<imgdir name="16">
<string name="command" value="c17"/>
<int name="inc" value="2"/>
<int name="prob" value="30"/>
<int name="l0" value="1"/>
<int name="l1" value="9"/>
<imgdir name="success">
<imgdir name="0">
<string name="act" value="mischief"/>
<string name="0" value="c17_s1"/>
<string name="1" value="c17_s2"/>
<string name="2" value="c17_s3"/>
<string name="3" value="c17_s4"/>
</imgdir>
</imgdir>
<imgdir name="fail">
<imgdir name="0">
<string name="act" value="jumpfly"/>
<string name="0" value="c17_f1"/>
<string name="1" value="c17_f2"/>
<string name="2" value="c17_f3"/>
<string name="3" value="c17_f4"/>
</imgdir>
</imgdir>
</imgdir>
<imgdir name="17">
<string name="command" value="c18"/>
<int name="inc" value="2"/>
<int name="prob" value="45"/>
<int name="l0" value="10"/>
<int name="l1" value="19"/>
<imgdir name="success">
<imgdir name="0">
<string name="act" value="mischief"/>
<string name="0" value="c18_s1"/>
<string name="1" value="c18_s2"/>
<string name="2" value="c18_s3"/>
<string name="3" value="c18_s4"/>
</imgdir>
</imgdir>
<imgdir name="fail">
<imgdir name="0">
<string name="act" value="jumpfly"/>
<string name="0" value="c18_f1"/>
<string name="1" value="c18_f2"/>
<string name="2" value="c18_f3"/>
<string name="3" value="c18_f4"/>
</imgdir>
</imgdir>
</imgdir>
<imgdir name="18">
<string name="command" value="c19"/>
<int name="inc" value="2"/>
<int name="prob" value="60"/>
<int name="l0" value="20"/>
<int name="l1" value="29"/>
<imgdir name="success">
<imgdir name="0">
<string name="act" value="mischief"/>
<string name="0" value="c19_s1"/>
<string name="1" value="c19_s2"/>
<string name="2" value="c19_s3"/>
<string name="3" value="c19_s4"/>
</imgdir>
</imgdir>
<imgdir name="fail">
<imgdir name="0">
<string name="act" value="jumpfly"/>
<string name="0" value="c19_f1"/>
<string name="1" value="c19_f2"/>
<string name="2" value="c19_f3"/>
<string name="3" value="c19_f4"/>
</imgdir>
</imgdir>
</imgdir>
<imgdir name="19">
<string name="command" value="c20"/>
<int name="inc" value="2"/>
<int name="prob" value="30"/>
<int name="l0" value="30"/>
<int name="l1" value="30"/>
<imgdir name="success">
<imgdir name="0">
<string name="act" value="mischief"/>
<string name="0" value="c20_s1"/>
<string name="1" value="c20_s2"/>
<string name="2" value="c20_s3"/>
<string name="3" value="c20_s4"/>
</imgdir>
</imgdir>
<imgdir name="fail">
<imgdir name="0">
<string name="act" value="jumpfly"/>
<string name="0" value="c20_f1"/>
<string name="1" value="c20_f2"/>
<string name="2" value="c20_f3"/>
<string name="3" value="c20_f4"/>
</imgdir>
</imgdir>
</imgdir>
<imgdir name="20">
<string name="command" value="c21"/>
<int name="inc" value="2"/>
<int name="prob" value="30"/>
<int name="l0" value="1"/>
<int name="l1" value="9"/>
<imgdir name="success">
<imgdir name="0">
<string name="act" value="love"/>
<string name="0" value="c21_s1"/>
<string name="1" value="c21_s2"/>
<string name="2" value="c21_s3"/>
<string name="3" value="c21_s4"/>
</imgdir>
</imgdir>
<imgdir name="fail">
<imgdir name="0">
<string name="act" value="rest0"/>
<string name="0" value="c21_f1"/>
<string name="1" value="c21_f2"/>
<string name="2" value="c21_f3"/>
<string name="3" value="c21_f4"/>
</imgdir>
</imgdir>
</imgdir>
<imgdir name="21">
<string name="command" value="c22"/>
<int name="inc" value="2"/>
<int name="prob" value="45"/>
<int name="l0" value="10"/>
<int name="l1" value="19"/>
<imgdir name="success">
<imgdir name="0">
<string name="act" value="love"/>
<string name="0" value="c22_s1"/>
<string name="1" value="c22_s2"/>
<string name="2" value="c22_s3"/>
<string name="3" value="c22_s4"/>
</imgdir>
</imgdir>
<imgdir name="fail">
<imgdir name="0">
<string name="act" value="rest0"/>
<string name="0" value="c22_f1"/>
<string name="1" value="c22_f2"/>
<string name="2" value="c22_f3"/>
<string name="3" value="c22_f4"/>
</imgdir>
</imgdir>
</imgdir>
<imgdir name="22">
<string name="command" value="c23"/>
<int name="inc" value="2"/>
<int name="prob" value="60"/>
<int name="l0" value="20"/>
<int name="l1" value="29"/>
<imgdir name="success">
<imgdir name="0">
<string name="act" value="love"/>
<string name="0" value="c23_s1"/>
<string name="1" value="c23_s2"/>
<string name="2" value="c23_s3"/>
<string name="3" value="c23_s4"/>
</imgdir>
</imgdir>
<imgdir name="fail">
<imgdir name="0">
<string name="act" value="rest0"/>
<string name="0" value="c23_f1"/>
<string name="1" value="c23_f2"/>
<string name="2" value="c23_f3"/>
<string name="3" value="c23_f4"/>
</imgdir>
</imgdir>
</imgdir>
<imgdir name="23">
<string name="command" value="c24"/>
<int name="inc" value="2"/>
<int name="prob" value="75"/>
<int name="l0" value="10"/>
<int name="l1" value="19"/>
<imgdir name="success">
<imgdir name="0">
<string name="act" value="love"/>
<string name="0" value="c24_s1"/>
<string name="1" value="c24_s2"/>
<string name="2" value="c24_s3"/>
<string name="3" value="c24_s4"/>
</imgdir>
</imgdir>
<imgdir name="fail">
<imgdir name="0">
<string name="act" value="rest0"/>
<string name="0" value="c24_f1"/>
<string name="1" value="c24_f2"/>
<string name="2" value="c24_f3"/>
<string name="3" value="c24_f4"/>
</imgdir>
</imgdir>
</imgdir>
<imgdir name="24">
<string name="command" value="c25"/>
<int name="inc" value="1"/>
<int name="prob" value="60"/>
<int name="l0" value="10"/>
<int name="l1" value="19"/>
<imgdir name="success">
<imgdir name="0">
<string name="act" value="chat"/>
<string name="0" value="c25_s1"/>
<string name="1" value="c25_s2"/>
<string name="2" value="c25_s3"/>
<string name="3" value="c25_s4"/>
</imgdir>
</imgdir>
<imgdir name="fail">
<imgdir name="0">
<string name="act" value="no"/>
<string name="0" value="c25_f1"/>
<string name="1" value="c25_f2"/>
<string name="2" value="c25_f3"/>
<string name="3" value="c25_f4"/>
</imgdir>
</imgdir>
</imgdir>
<imgdir name="25">
<string name="command" value="c26"/>
<int name="inc" value="1"/>
<int name="prob" value="75"/>
<int name="l0" value="20"/>
<int name="l1" value="29"/>
<imgdir name="success">
<imgdir name="0">
<string name="act" value="chat"/>
<string name="0" value="c26_s1"/>
<string name="1" value="c26_s2"/>
<string name="2" value="c26_s3"/>
<string name="3" value="c26_s4"/>
</imgdir>
</imgdir>
<imgdir name="fail">
<imgdir name="0">
<string name="act" value="no"/>
<string name="0" value="c26_f1"/>
<string name="1" value="c26_f2"/>
<string name="2" value="c26_f3"/>
<string name="3" value="c26_f4"/>
</imgdir>
</imgdir>
</imgdir>
<imgdir name="26">
<string name="command" value="c27"/>
<int name="inc" value="1"/>
<int name="prob" value="80"/>
<int name="l0" value="30"/>
<int name="l1" value="30"/>
<imgdir name="success">
<imgdir name="0">
<string name="act" value="chat"/>
<string name="0" value="c27_s1"/>
<string name="1" value="c27_s2"/>
<string name="2" value="c27_s3"/>
<string name="3" value="c27_s4"/>
</imgdir>
</imgdir>
<imgdir name="fail">
<imgdir name="0">
<string name="act" value="no"/>
<string name="0" value="c27_f1"/>
<string name="1" value="c27_f2"/>
<string name="2" value="c27_f3"/>
<string name="3" value="c27_f4"/>
</imgdir>
</imgdir>
</imgdir>
<imgdir name="27">
<string name="command" value="c28"/>
<int name="inc" value="1"/>
<int name="prob" value="45"/>
<int name="l0" value="10"/>
<int name="l1" value="19"/>
<imgdir name="success">
<imgdir name="0">
<string name="act" value="sleep"/>
<string name="0" value="c28_s1"/>
<string name="1" value="c28_s2"/>
<string name="2" value="c28_s3"/>
</imgdir>
</imgdir>
<imgdir name="fail">
<imgdir name="0">
<string name="act" value="birdeye"/>
<string name="0" value="c28_f1"/>
<string name="1" value="c28_f2"/>
<string name="2" value="c28_f3"/>
</imgdir>
</imgdir>
</imgdir>
<imgdir name="28">
<string name="command" value="c29"/>
<int name="inc" value="1"/>
<int name="prob" value="60"/>
<int name="l0" value="20"/>
<int name="l1" value="29"/>
<imgdir name="success">
<imgdir name="0">
<string name="act" value="sleep"/>
<string name="0" value="c29_s1"/>
<string name="1" value="c29_s2"/>
<string name="2" value="c29_s3"/>
</imgdir>
</imgdir>
<imgdir name="fail">
<imgdir name="0">
<string name="act" value="birdeye"/>
<string name="0" value="c29_f1"/>
<string name="1" value="c29_f2"/>
<string name="2" value="c29_f3"/>
</imgdir>
</imgdir>
</imgdir>
<imgdir name="29">
<string name="command" value="c30"/>
<int name="inc" value="1"/>
<int name="prob" value="75"/>
<int name="l0" value="30"/>
<int name="l1" value="30"/>
<imgdir name="success">
<imgdir name="0">
<string name="act" value="sleep"/>
<string name="0" value="c30_s1"/>
<string name="1" value="c30_s2"/>
<string name="2" value="c30_s3"/>
</imgdir>
</imgdir>
<imgdir name="fail">
<imgdir name="0">
<string name="act" value="birdeye"/>
<string name="0" value="c30_f1"/>
<string name="1" value="c30_f2"/>
<string name="2" value="c30_f3"/>
</imgdir>
</imgdir>
</imgdir>
</imgdir>
<imgdir name="food">
<imgdir name="0">
<int name="l0" value="1"/>
<int name="l1" value="9"/>
<imgdir name="success">
<imgdir name="0">
<string name="act" value="goodboy"/>
<string name="0" value="f1_s"/>
</imgdir>
</imgdir>
<imgdir name="fail">
<imgdir name="0">
<string name="act" value="angry"/>
<string name="0" value="f1_f"/>
</imgdir>
</imgdir>
</imgdir>
<imgdir name="1">
<int name="l0" value="10"/>
<int name="l1" value="19"/>
<imgdir name="success">
<imgdir name="0">
<string name="act" value="goodboy"/>
<string name="0" value="f2_s"/>
</imgdir>
</imgdir>
<imgdir name="fail">
<imgdir name="0">
<string name="act" value="angry"/>
<string name="0" value="f2_f"/>
</imgdir>
</imgdir>
</imgdir>
<imgdir name="2">
<int name="l0" value="20"/>
<int name="l1" value="29"/>
<imgdir name="success">
<imgdir name="0">
<string name="act" value="goodboy"/>
<string name="0" value="f3_s"/>
</imgdir>
</imgdir>
<imgdir name="fail">
<imgdir name="0">
<string name="act" value="angry"/>
<string name="0" value="f3_f"/>
</imgdir>
</imgdir>
</imgdir>
<imgdir name="3">
<int name="l0" value="30"/>
<int name="l1" value="30"/>
<imgdir name="success">
<imgdir name="0">
<string name="act" value="goodboy"/>
<string name="0" value="f4_s"/>
</imgdir>
</imgdir>
<imgdir name="fail">
<imgdir name="0">
<string name="act" value="angry"/>
<string name="0" value="f4_f"/>
</imgdir>
</imgdir>
</imgdir>
</imgdir>
<imgdir name="slang">
<imgdir name="0">
<int name="l0" value="1"/>
<int name="l1" value="9"/>
<string name="act" value="rest0"/>
<string name="0" value="s1"/>
</imgdir>
<imgdir name="1">
<int name="l0" value="10"/>
<int name="l1" value="19"/>
<string name="act" value="rest0"/>
<string name="0" value="s2"/>
</imgdir>
<imgdir name="2">
<int name="l0" value="20"/>
<int name="l1" value="29"/>
<string name="act" value="rest0"/>
<string name="0" value="s3"/>
</imgdir>
<imgdir name="3">
<int name="l0" value="30"/>
<int name="l1" value="30"/>
<string name="act" value="rest0"/>
<string name="0" value="s4"/>
</imgdir>
</imgdir>
<imgdir name="stand0">
<canvas name="0" width="33" height="43">
<vector name="origin" x="16" y="43"/>
<vector name="lt" x="-16" y="-43"/>
<vector name="rb" x="17" y="0"/>
<int name="delay" value="840"/>
<string name="_hash" value="b483fe8930b639e0cdcae90f331831a3724abe274e982fc9106ea460660f15fb"/>
</canvas>
<canvas name="1" width="33" height="43">
<vector name="origin" x="16" y="43"/>
<vector name="lt" x="-16" y="-43"/>
<vector name="rb" x="17" y="0"/>
<int name="delay" value="120"/>
<string name="_hash" value="16f0fc15d7def091df61addcdac9af682197d2529f427ada8d1e656bf606369e"/>
</canvas>
<canvas name="2" width="33" height="43">
<vector name="origin" x="16" y="43"/>
<vector name="lt" x="-16" y="-43"/>
<vector name="rb" x="17" y="0"/>
<int name="delay" value="360"/>
<string name="_hash" value="81e9ed1b23f37ee02741d84be985acffe4f1277cdbd999b2bef965184c3bc17a"/>
</canvas>
<uol name="3" value="1"/>
</imgdir>
<imgdir name="stand1">
<canvas name="0" width="1" height="1">
<vector name="origin" x="16" y="43"/>
<vector name="lt" x="-16" y="-43"/>
<vector name="rb" x="17" y="0"/>
<int name="delay" value="120"/>
<string name="_inlink" value="stand0/0"/>
</canvas>
<canvas name="1" width="33" height="43">
<vector name="origin" x="16" y="43"/>
<vector name="lt" x="-16" y="-43"/>
<vector name="rb" x="17" y="0"/>
<int name="delay" value="120"/>
<string name="_hash" value="484bf5ae260be09214fb04df1dcd5960c5001ddcf12ac5df31fdea541244a1b8"/>
</canvas>
<canvas name="2" width="33" height="43">
<vector name="origin" x="16" y="43"/>
<vector name="lt" x="-16" y="-43"/>
<vector name="rb" x="17" y="0"/>
<int name="delay" value="180"/>
<string name="_hash" value="e31d1d073f7ae0dc176387b9a273f9cd32af5632894f5cdf29b12bbeeba48bde"/>
</canvas>
<canvas name="3" width="34" height="44">
<vector name="origin" x="17" y="44"/>
<vector name="lt" x="-16" y="-44"/>
<vector name="rb" x="18" y="0"/>
<int name="delay" value="180"/>
<string name="_hash" value="f772eb404d406beb7653d799a1c72207a855eeaa7be86a60d7556186ffae6109"/>
</canvas>
<canvas name="4" width="34" height="44">
<vector name="origin" x="17" y="44"/>
<vector name="lt" x="-16" y="-44"/>
<vector name="rb" x="18" y="0"/>
<int name="delay" value="180"/>
<string name="_hash" value="f18e190ff1e8fe900b20ad37a0341090eeb490f4ff0cc6f3e5a34c56705b4d74"/>
</canvas>
<canvas name="5" width="33" height="43">
<vector name="origin" x="16" y="43"/>
<vector name="lt" x="-16" y="-43"/>
<vector name="rb" x="17" y="0"/>
<int name="delay" value="180"/>
<string name="_hash" value="f12348cc97105b438982b772bcc2630d93f19e07f96061353ab1379486df5ac1"/>
</canvas>
</imgdir>
<imgdir name="rest0">
<canvas name="0" width="51" height="39">
<vector name="origin" x="26" y="37"/>
<vector name="lt" x="-26" y="-37"/>
<vector name="rb" x="16" y="2"/>
<int name="delay" value="1200"/>
<string name="_hash" value="bdde64279516a92215db5ae26b05694877f62c11c3c2797519500ecaacadf8b2"/>
</canvas>
<canvas name="1" width="54" height="37">
<vector name="origin" x="27" y="35"/>
<vector name="lt" x="-27" y="-35"/>
<vector name="rb" x="16" y="2"/>
<int name="delay" value="360"/>
<string name="_hash" value="d8474fbc1b6f95d0c7ec027a33bd64c9fc20287499ad696d96ed540668468826"/>
</canvas>
</imgdir>
<imgdir name="move">
<canvas name="0" width="37" height="44">
<vector name="origin" x="19" y="44"/>
<vector name="lt" x="-19" y="-44"/>
<vector name="rb" x="18" y="0"/>
<int name="delay" value="180"/>
<string name="_hash" value="88b1794ae860128c64758bdc482186c7317c397f3da3cfd9cbdc599684fa88ef"/>
</canvas>
<canvas name="1" width="35" height="45">
<vector name="origin" x="19" y="43"/>
<vector name="lt" x="-19" y="-43"/>
<vector name="rb" x="16" y="2"/>
<int name="delay" value="180"/>
<string name="_hash" value="d9d6bb9aece0b0629cbf55f270baa0ca3586af03a323a4c69cb1c593836e5ca8"/>
</canvas>
<canvas name="2" width="37" height="43">
<vector name="origin" x="19" y="43"/>
<vector name="lt" x="-19" y="-43"/>
<vector name="rb" x="18" y="0"/>
<int name="delay" value="180"/>
<string name="_hash" value="35a70607f1586741b7e88ba968a6308487349cd3ceff0d24201d7780d9f7a449"/>
</canvas>
<canvas name="3" width="35" height="44">
<vector name="origin" x="19" y="43"/>
<vector name="lt" x="-18" y="-42"/>
<vector name="rb" x="17" y="2"/>
<int name="delay" value="180"/>
<string name="_hash" value="b7f7b629dfb3a762f252eedd6173aba8fa56124a591261f83b1bca5b532b4e95"/>
</canvas>
</imgdir>
<imgdir name="jump">
<canvas name="0" width="38" height="45">
<vector name="origin" x="19" y="44"/>
<vector name="lt" x="-20" y="-44"/>
<vector name="rb" x="18" y="1"/>
<int name="delay" value="100"/>
<string name="_hash" value="64d9a9ad212484527396cb5658c8d6280dce2d5299b81b10d473b0ff29bc7ec3"/>
</canvas>
</imgdir>
<imgdir name="fly">
<canvas name="0" width="45" height="45">
<vector name="origin" x="25" y="44"/>
<vector name="lt" x="-25" y="-44"/>
<vector name="rb" x="20" y="1"/>
<int name="delay" value="240"/>
<string name="_hash" value="ecf90e9abdb4c331d42d223cbb7058786f9b3e04b12b8f655280e8b7c888f781"/>
</canvas>
<canvas name="1" width="45" height="49">
<vector name="origin" x="26" y="46"/>
<vector name="lt" x="-26" y="-46"/>
<vector name="rb" x="19" y="3"/>
<int name="delay" value="240"/>
<string name="_hash" value="df017c9f005cfda763be39f520806b7243fdfe2e195dc9c8dcfc953774381d72"/>
</canvas>
</imgdir>
<imgdir name="hungry">
<canvas name="0" width="43" height="37">
<vector name="origin" x="27" y="35"/>
<vector name="lt" x="-27" y="-35"/>
<vector name="rb" x="16" y="2"/>
<int name="delay" value="2000"/>
<string name="_hash" value="c7f16c03105d095837d88afa8a384ca407594afb5c38fed1c41b0df719813886"/>
</canvas>
</imgdir>
<imgdir name="angry">
<canvas name="0" width="43" height="46">
<vector name="origin" x="26" y="46"/>
<vector name="lt" x="-25" y="-46"/>
<vector name="rb" x="18" y="0"/>
<int name="delay" value="360"/>
<string name="_hash" value="3825fb2d85659de313bc22fa33f9baa25f9c86ff060ef3069ce2658c849f5c36"/>
</canvas>
<canvas name="1" width="45" height="46">
<vector name="origin" x="28" y="46"/>
<vector name="lt" x="-28" y="-46"/>
<vector name="rb" x="17" y="0"/>
<int name="delay" value="240"/>
<string name="_hash" value="b3c485636bb7515ad6e7483c5586b1c0505f3a128d9144cfff630dc294daf12d"/>
</canvas>
<uol name="2" value="0"/>
<uol name="3" value="1"/>
<uol name="4" value="0"/>
<uol name="5" value="1"/>
</imgdir>
<imgdir name="chat">
<canvas name="0" width="33" height="43">
<vector name="origin" x="16" y="43"/>
<vector name="lt" x="-16" y="-43"/>
<vector name="rb" x="17" y="0"/>
<int name="delay" value="2000"/>
<string name="_hash" value="db8003b9a0994a34c5c0c43e74b0dae7b1895aa986edc6ddeeb60f2fb3e0889e"/>
</canvas>
</imgdir>
<imgdir name="goodboy">
<canvas name="0" width="38" height="41">
<vector name="origin" x="20" y="41"/>
<vector name="lt" x="-20" y="-41"/>
<vector name="rb" x="18" y="0"/>
<int name="delay" value="150"/>
<string name="_hash" value="af3e3a463a136825141abff52a45c0193d779e108f6b0bbe0db45f56418eb49f"/>
</canvas>
<canvas name="1" width="37" height="42">
<vector name="origin" x="19" y="42"/>
<vector name="lt" x="-19" y="-42"/>
<vector name="rb" x="18" y="0"/>
<int name="delay" value="150"/>
<string name="_hash" value="211850986d4a3bc0f52f71566d092549b04a077e4f522b9d3981850f397b9141"/>
</canvas>
<uol name="2" value="0"/>
<uol name="3" value="1"/>
<uol name="4" value="0"/>
<uol name="5" value="1"/>
<uol name="6" value="0"/>
<uol name="7" value="1"/>
</imgdir>
<imgdir name="no">
<canvas name="0" width="46" height="42">
<vector name="origin" x="29" y="42"/>
<vector name="lt" x="-29" y="-42"/>
<vector name="rb" x="17" y="0"/>
<int name="delay" value="2000"/>
<string name="_hash" value="4e44834728bc2f1b7cd32849f6947feede2a21b106ed2398e68bd9fe057252bb"/>
</canvas>
</imgdir>
<imgdir name="hang">
<canvas name="0" width="24" height="43">
<vector name="origin" x="12" y="43"/>
<vector name="lt" x="-12" y="-43"/>
<vector name="rb" x="12" y="0"/>
<string name="_hash" value="f344904d944ddfc26e1c9b2410ffe44c62574577b022d986bcc34042d5a31dc1"/>
</canvas>
</imgdir>
<imgdir name="sit">
<canvas name="0" width="32" height="37">
<vector name="origin" x="17" y="37"/>
<vector name="lt" x="-17" y="-37"/>
<vector name="rb" x="15" y="0"/>
<int name="delay" value="4000"/>
<string name="_hash" value="af15d4b04fc2d55038ea97be7347a7503e7e1dfc4728b52f77f9639011607bd2"/>
</canvas>
</imgdir>
<imgdir name="cry">
<canvas name="0" width="43" height="36">
<vector name="origin" x="27" y="34"/>
<vector name="lt" x="-27" y="-34"/>
<vector name="rb" x="16" y="2"/>
<int name="delay" value="4000"/>
<string name="_hash" value="0e9966b2e18a3e5d8bd96df6f9b706017e801c7bf4b0a2d5aa4882300ca3d6b4"/>
</canvas>
</imgdir>
<imgdir name="love">
<canvas name="0" width="32" height="45">
<vector name="origin" x="15" y="45"/>
<vector name="lt" x="-15" y="-45"/>
<vector name="rb" x="17" y="0"/>
<int name="delay" value="500"/>
<string name="_hash" value="2ac616b823140e6850da249f5d090f76d4514dfb1addbb7ad21bdf42672c4842"/>
</canvas>
<canvas name="1" width="43" height="45">
<vector name="origin" x="26" y="45"/>
<vector name="lt" x="-26" y="-45"/>
<vector name="rb" x="17" y="0"/>
<int name="delay" value="500"/>
<string name="_hash" value="9d652a174c85934446b2880cbf67b9908a48c0949deba7c57675de4ccf4aa8b1"/>
</canvas>
<uol name="2" value="0"/>
<uol name="3" value="1"/>
</imgdir>
<imgdir name="birdeye">
<canvas name="0" width="38" height="42">
<vector name="origin" x="21" y="42"/>
<vector name="lt" x="-21" y="-42"/>
<vector name="rb" x="17" y="0"/>
<int name="delay" value="2000"/>
<string name="_hash" value="8183ed204ba2aa36112190fbfa5d248bc3c8f15646cbe981b8b26a25ebc21005"/>
</canvas>
</imgdir>
<imgdir name="sleep">
<canvas name="0" width="56" height="28">
<vector name="origin" x="34" y="26"/>
<vector name="lt" x="-34" y="-26"/>
<vector name="rb" x="22" y="2"/>
<int name="delay" value="300"/>
<string name="_hash" value="23998799c58fbdd7a58f83966834a3fcc6cec6461e5426e7aaccf2ad146e8d2a"/>
</canvas>
<canvas name="1" width="57" height="29">
<vector name="origin" x="35" y="27"/>
<vector name="lt" x="-35" y="-27"/>
<vector name="rb" x="22" y="1"/>
<int name="delay" value="300"/>
<string name="_hash" value="5d6a43742d891788039cbff72cd5af275ab450fb713e3bcecb335ad113414a93"/>
</canvas>
<uol name="2" value="0"/>
<uol name="3" value="1"/>
<uol name="4" value="0"/>
<uol name="5" value="1"/>
<uol name="6" value="0"/>
<uol name="7" value="1"/>
<uol name="8" value="0"/>
<uol name="9" value="1"/>
</imgdir>
<imgdir name="imhungry">
<canvas name="0" width="55" height="56">
<vector name="origin" x="39" y="56"/>
<vector name="lt" x="-20" y="-46"/>
<vector name="rb" x="16" y="0"/>
<int name="delay" value="2000"/>
<string name="_hash" value="874d89e65e817e7b4553dbd99fc2a0550aa74c9ce18e933d89561527547cf5bb"/>
</canvas>
</imgdir>
<imgdir name="jumpfly">
<canvas name="0" width="1" height="1">
<vector name="origin" x="16" y="43"/>
<vector name="lt" x="-16" y="-43"/>
<vector name="rb" x="17" y="0"/>
<int name="delay" value="240"/>
<string name="_inlink" value="stand0/0"/>
</canvas>
<canvas name="1" width="35" height="45">
<vector name="origin" x="16" y="43"/>
<vector name="lt" x="-19" y="-43"/>
<vector name="rb" x="16" y="2"/>
<int name="delay" value="120"/>
<string name="_hash" value="85452faf5c6d57d9252c51fb0f2c70550e52f05b74174a34916345f87b386c48"/>
</canvas>
<canvas name="2" width="34" height="46">
<vector name="origin" x="16" y="57"/>
<vector name="lt" x="-16" y="-57"/>
<vector name="rb" x="18" y="-11"/>
<int name="delay" value="120"/>
<string name="_hash" value="19652516215a82d1551b27b5e8c000a147b1fd9dc498e9e11545bf765656ac3e"/>
</canvas>
<canvas name="3" width="35" height="44">
<vector name="origin" x="16" y="57"/>
<vector name="lt" x="-16" y="-57"/>
<vector name="rb" x="19" y="-13"/>
<int name="delay" value="120"/>
<string name="_hash" value="6bd0bc6a36a03dea8206ddf5ca534a19dacf78c83b595fe66446d765924f0d4f"/>
</canvas>
<canvas name="4" width="1" height="1">
<vector name="origin" x="16" y="57"/>
<vector name="lt" x="-16" y="-57"/>
<vector name="rb" x="18" y="-11"/>
<int name="delay" value="120"/>
<string name="_inlink" value="jumpfly/2"/>
</canvas>
<canvas name="5" width="1" height="1">
<vector name="origin" x="16" y="57"/>
<vector name="lt" x="-16" y="-57"/>
<vector name="rb" x="19" y="-13"/>
<int name="delay" value="120"/>
<string name="_inlink" value="jumpfly/3"/>
</canvas>
<canvas name="6" width="1" height="1">
<vector name="origin" x="16" y="43"/>
<vector name="lt" x="-16" y="-43"/>
<vector name="rb" x="17" y="0"/>
<int name="delay" value="120"/>
<string name="_inlink" value="stand0/0"/>
</canvas>
<canvas name="7" width="1" height="1">
<vector name="origin" x="26" y="37"/>
<vector name="lt" x="-26" y="-37"/>
<vector name="rb" x="16" y="2"/>
<int name="delay" value="240"/>
<string name="_inlink" value="rest0/0"/>
</canvas>
<canvas name="8" width="1" height="1">
<vector name="origin" x="27" y="35"/>
<vector name="lt" x="-27" y="-35"/>
<vector name="rb" x="16" y="2"/>
<int name="delay" value="240"/>
<string name="_inlink" value="rest0/1"/>
</canvas>
<canvas name="9" width="1" height="1">
<vector name="origin" x="27" y="35"/>
<vector name="lt" x="-27" y="-35"/>
<vector name="rb" x="16" y="2"/>
<int name="delay" value="240"/>
<string name="_inlink" value="hungry/0"/>
</canvas>
</imgdir>
<imgdir name="mischief">
<canvas name="0" width="1" height="1">
<vector name="origin" x="16" y="43"/>
<vector name="lt" x="-16" y="-43"/>
<vector name="rb" x="17" y="0"/>
<int name="delay" value="120"/>
<string name="_inlink" value="stand0/0"/>
</canvas>
<canvas name="1" width="33" height="46">
<vector name="origin" x="16" y="46"/>
<vector name="lt" x="-16" y="-43"/>
<vector name="rb" x="17" y="0"/>
<int name="delay" value="120"/>
<string name="_hash" value="ebd147415dc73798ae60dc2aa84764960091f7cba03315806ff53684e1acef1a"/>
</canvas>
<canvas name="2" width="33" height="47">
<vector name="origin" x="16" y="49"/>
<vector name="lt" x="-16" y="-49"/>
<vector name="rb" x="17" y="-2"/>
<int name="delay" value="120"/>
<string name="_hash" value="aabc667d1400aeccabd8c72a2e3b41fc0f409d415dee2a1fe2e361a5bf61b80d"/>
</canvas>
<canvas name="3" width="33" height="45">
<vector name="origin" x="16" y="49"/>
<vector name="lt" x="-16" y="-49"/>
<vector name="rb" x="17" y="-4"/>
<int name="delay" value="120"/>
<string name="_hash" value="81273bb72d509ddf8a9918ff0ed13540ebc6709fb8c8dbbff8630c41cbcedc6f"/>
</canvas>
<canvas name="4" width="33" height="45">
<vector name="origin" x="16" y="52"/>
<vector name="lt" x="-16" y="-52"/>
<vector name="rb" x="17" y="-7"/>
<int name="delay" value="120"/>
<string name="_hash" value="9f885489a08c718d7498bec03c17e511c70e89f2e4e3548b565a69aaf8ed41a4"/>
</canvas>
<canvas name="5" width="33" height="45">
<vector name="origin" x="16" y="53"/>
<vector name="lt" x="-16" y="-53"/>
<vector name="rb" x="17" y="-8"/>
<int name="delay" value="120"/>
<string name="_hash" value="27050acb9c1153cc0fa1b298783055eec9187f47b53344aaa1b04645c840c30c"/>
</canvas>
<canvas name="6" width="33" height="45">
<vector name="origin" x="16" y="52"/>
<vector name="lt" x="-16" y="-52"/>
<vector name="rb" x="17" y="-7"/>
<int name="delay" value="120"/>
<string name="_hash" value="40d8a11c95eb6c0ae5bd52973dd8d41b2e5a392b4b65d4c6a53b37dd28d790af"/>
</canvas>
<uol name="7" value="5"/>
<uol name="8" value="6"/>
<uol name="9" value="5"/>
<uol name="10" value="6"/>
<uol name="11" value="5"/>
<uol name="12" value="6"/>
<uol name="13" value="5"/>
<canvas name="14" width="33" height="47">
<vector name="origin" x="16" y="49"/>
<vector name="lt" x="-16" y="-49"/>
<vector name="rb" x="17" y="-2"/>
<int name="delay" value="120"/>
<string name="_hash" value="b00b5aa131d9498fec2d2a25f285e5827b9f60b9babe124bfb84e691f31cfd4e"/>
</canvas>
<canvas name="15" width="33" height="46">
<vector name="origin" x="16" y="46"/>
<vector name="lt" x="-16" y="-43"/>
<vector name="rb" x="17" y="0"/>
<int name="delay" value="120"/>
<string name="_hash" value="ac1228abe8af117c97889d66084a2bdc3f397dec1d82c7171e8548d2b6c64eae"/>
</canvas>
<canvas name="16" width="33" height="43">
<vector name="origin" x="16" y="43"/>
<vector name="lt" x="-16" y="-43"/>
<vector name="rb" x="17" y="0"/>
<int name="delay" value="120"/>
<string name="_hash" value="8e192402453539f7b7302acbf3e38bdc810cc71abbaafc39e07d40ecfad27552"/>
</canvas>
</imgdir>
<imgdir name="thanksgiving">
<canvas name="0" width="37" height="45">
<vector name="origin" x="20" y="43"/>
<vector name="rb" x="17" y="2"/>
<vector name="lt" x="-20" y="-43"/>
<int name="delay" value="2000"/>
<string name="_hash" value="b40c7ad50db6daa0f00468cac8422349f0fa99f84f89bc6168b506742dc58915"/>
</canvas>
<canvas name="1" width="37" height="45">
<vector name="origin" x="20" y="43"/>
<vector name="lt" x="-20" y="-43"/>
<vector name="rb" x="17" y="0"/>
<int name="delay" value="500"/>
<string name="_hash" value="5fa6b18b8c785e3db9cfa8988b545c59fbfe3155ade6a857bfdae9b1205ee415"/>
</canvas>
</imgdir>
</imgdir>
