<?xml version="1.0" encoding="UTF-8" standalone="yes"?>
<imgdir name="5000921.img">
<imgdir name="info">
<canvas name="icon" width="32" height="20">
<vector name="origin" x="0" y="22"/>
<string name="_hash" value="0f9465e35685d628b216745896dfc37862f55d81456be117e393831991c3b892"/>
</canvas>
<canvas name="iconRaw" width="32" height="18">
<vector name="origin" x="0" y="22"/>
<string name="_hash" value="9db377c7e9130eaac50d95ce3a129df6a78d170a219c00ecbdb3e39f001bcec0"/>
</canvas>
<canvas name="iconD" width="30" height="25">
<vector name="origin" x="-1" y="25"/>
<string name="_hash" value="5b3a29149928a7afc175abe2f64be3671895966a59bf3b3d48c150978cd7390c"/>
</canvas>
<canvas name="iconRawD" width="30" height="22">
<vector name="origin" x="-1" y="25"/>
<string name="_hash" value="d2b0f4cb1bdf1614a2fd56d30d02d8469975d2956289b19bcb2ee1652273fb76"/>
</canvas>
<int name="hungry" value="2"/>
<int name="cash" value="1"/>
<int name="life" value="90"/>
<int name="chatBalloon" value="338"/>
<int name="nameTag" value="338"/>
<int name="pickupItem" value="1"/>
<int name="multiPet" value="1"/>
<int name="autoBuff" value="1"/>
<int name="sweepForDrop" value="1"/>
<int name="setItemID" value="717"/>
<int name="wonderGrade" value="2"/>
</imgdir>
<imgdir name="interact">
<imgdir name="0">
<string name="command" value="c1"/>
<int name="inc" value="1"/>
<int name="prob" value="45"/>
<int name="l0" value="1"/>
<int name="l1" value="9"/>
<imgdir name="success">
<imgdir name="0">
<string name="act" value="rest0"/>
<string name="0" value="c1_s1"/>
<string name="1" value="c1_s2"/>
</imgdir>
</imgdir>
<imgdir name="fail">
<imgdir name="0">
<string name="act" value="stand0"/>
<string name="0" value="c1_f1"/>
<string name="1" value="c1_f2"/>
</imgdir>
</imgdir>
</imgdir>
<imgdir name="1">
<string name="command" value="c2"/>
<int name="inc" value="1"/>
<int name="prob" value="60"/>
<int name="l0" value="10"/>
<int name="l1" value="19"/>
<imgdir name="success">
<imgdir name="0">
<string name="act" value="rest0"/>
<string name="0" value="c2_s1"/>
<string name="1" value="c2_s2"/>
<string name="2" value="c2_s3"/>
<string name="3" value="c2_s4"/>
</imgdir>
</imgdir>
<imgdir name="fail">
<imgdir name="0">
<string name="act" value="stand1"/>
<string name="0" value="c2_f1"/>
<string name="1" value="c2_f2"/>
<string name="2" value="c2_f3"/>
<string name="3" value="c2_f4"/>
</imgdir>
</imgdir>
</imgdir>
<imgdir name="2">
<string name="command" value="c3"/>
<int name="inc" value="1"/>
<int name="prob" value="75"/>
<int name="l0" value="20"/>
<int name="l1" value="29"/>
<imgdir name="success">
<imgdir name="0">
<string name="act" value="rest0"/>
<string name="0" value="c3_s1"/>
<string name="1" value="c3_s2"/>
<string name="2" value="c3_s3"/>
<string name="3" value="c3_s4"/>
</imgdir>
</imgdir>
<imgdir name="fail">
<imgdir name="0">
<string name="act" value="stand0"/>
<string name="0" value="c3_f1"/>
<string name="1" value="c3_f2"/>
<string name="2" value="c3_f3"/>
<string name="3" value="c3_f4"/>
</imgdir>
</imgdir>
</imgdir>
<imgdir name="3">
<string name="command" value="c4"/>
<int name="inc" value="1"/>
<int name="prob" value="45"/>
<int name="l0" value="30"/>
<int name="l1" value="30"/>
<imgdir name="success">
<imgdir name="0">
<string name="act" value="rest0"/>
<string name="0" value="c4_s1"/>
<string name="1" value="c4_s2"/>
<string name="2" value="c4_s3"/>
<string name="3" value="c4_s4"/>
</imgdir>
</imgdir>
<imgdir name="fail">
<imgdir name="0">
<string name="act" value="stand0"/>
<string name="0" value="c4_f1"/>
<string name="1" value="c4_f2"/>
<string name="2" value="c4_f3"/>
<string name="3" value="c4_f4"/>
</imgdir>
</imgdir>
</imgdir>
<imgdir name="4">
<string name="command" value="c5"/>
<int name="inc" value="1"/>
<int name="prob" value="60"/>
<int name="l0" value="1"/>
<int name="l1" value="9"/>
<imgdir name="success">
<imgdir name="0">
<string name="act" value="cry"/>
<string name="0" value="c5_s1"/>
<string name="1" value="c5_s2"/>
</imgdir>
</imgdir>
<imgdir name="fail">
<imgdir name="0">
<string name="act" value="stand1"/>
<string name="0" value="c5_f1"/>
<string name="1" value="c5_f2"/>
</imgdir>
</imgdir>
</imgdir>
<imgdir name="5">
<string name="command" value="c6"/>
<int name="inc" value="1"/>
<int name="prob" value="75"/>
<int name="l0" value="10"/>
<int name="l1" value="19"/>
<imgdir name="success">
<imgdir name="0">
<string name="act" value="cry"/>
<string name="0" value="c6_s1"/>
<string name="1" value="c6_s2"/>
<string name="2" value="c6_s3"/>
<string name="3" value="c6_s4"/>
</imgdir>
</imgdir>
<imgdir name="fail">
<imgdir name="0">
<string name="act" value="stand1"/>
<string name="0" value="c6_f1"/>
<string name="1" value="c6_f2"/>
<string name="2" value="c6_f3"/>
<string name="4" value="c4_f4"/>
</imgdir>
</imgdir>
</imgdir>
<imgdir name="6">
<string name="command" value="c7"/>
<int name="inc" value="1"/>
<int name="prob" value="45"/>
<int name="l0" value="20"/>
<int name="l1" value="29"/>
<imgdir name="success">
<imgdir name="0">
<string name="act" value="cry"/>
<string name="0" value="c7_s1"/>
<string name="1" value="c7_s2"/>
<string name="2" value="c7_s3"/>
<string name="3" value="c7_s4"/>
</imgdir>
</imgdir>
<imgdir name="fail">
<imgdir name="0">
<string name="act" value="stand1"/>
<string name="0" value="c7_f1"/>
<string name="1" value="c7_f2"/>
<string name="2" value="c7_f3"/>
<string name="3" value="c7_f4"/>
</imgdir>
</imgdir>
</imgdir>
<imgdir name="7">
<string name="command" value="c8"/>
<int name="inc" value="1"/>
<int name="prob" value="60"/>
<int name="l0" value="30"/>
<int name="l1" value="30"/>
<imgdir name="success">
<imgdir name="0">
<string name="act" value="cry"/>
<string name="0" value="c8_s1"/>
<string name="1" value="c8_s2"/>
<string name="2" value="c8_s3"/>
<string name="3" value="c8_s4"/>
</imgdir>
</imgdir>
<imgdir name="fail">
<imgdir name="0">
<string name="act" value="stand1"/>
<string name="0" value="c8_f1"/>
<string name="1" value="c8_f2"/>
<string name="2" value="c8_f3"/>
<string name="3" value="c8_f4"/>
</imgdir>
</imgdir>
</imgdir>
<imgdir name="8">
<string name="command" value="c9"/>
<int name="inc" value="1"/>
<int name="prob" value="75"/>
<int name="l0" value="1"/>
<int name="l1" value="9"/>
<imgdir name="success">
<imgdir name="0">
<string name="act" value="love"/>
<string name="0" value="c9_s1"/>
<string name="1" value="c9_s2"/>
</imgdir>
</imgdir>
<imgdir name="fail">
<imgdir name="0">
<string name="act" value="stand0"/>
<string name="0" value="c9_f1"/>
<string name="1" value="c9_f2"/>
</imgdir>
</imgdir>
</imgdir>
<imgdir name="9">
<string name="command" value="c10"/>
<int name="inc" value="1"/>
<int name="prob" value="45"/>
<int name="l0" value="10"/>
<int name="l1" value="19"/>
<imgdir name="success">
<imgdir name="0">
<string name="act" value="love"/>
<string name="0" value="c10_s1"/>
<string name="1" value="c10_s2"/>
<string name="2" value="c10_s3"/>
<string name="3" value="c10_s4"/>
</imgdir>
</imgdir>
<imgdir name="fail">
<imgdir name="0">
<string name="act" value="stand0"/>
<string name="0" value="c10_f1"/>
<string name="1" value="c10_f2"/>
<string name="2" value="c10_f3"/>
<string name="3" value="c10_f4"/>
</imgdir>
</imgdir>
</imgdir>
<imgdir name="10">
<string name="command" value="c11"/>
<int name="inc" value="1"/>
<int name="prob" value="60"/>
<int name="l0" value="20"/>
<int name="l1" value="29"/>
<imgdir name="success">
<imgdir name="0">
<string name="act" value="love"/>
<string name="0" value="c11_s1"/>
<string name="1" value="c11_s2"/>
<string name="2" value="c11_s3"/>
<string name="3" value="c11_s4"/>
</imgdir>
</imgdir>
<imgdir name="fail">
<imgdir name="0">
<string name="act" value="stand0"/>
<string name="0" value="c11_f1"/>
<string name="1" value="c11_f2"/>
<string name="2" value="c11_f3"/>
<string name="3" value="c11_f4"/>
</imgdir>
</imgdir>
</imgdir>
<imgdir name="11">
<string name="command" value="c12"/>
<int name="inc" value="1"/>
<int name="prob" value="75"/>
<int name="l0" value="30"/>
<int name="l1" value="30"/>
<imgdir name="success">
<imgdir name="0">
<string name="act" value="love"/>
<string name="0" value="c12_s1"/>
<string name="1" value="c12_s2"/>
<string name="2" value="c12_s3"/>
<string name="3" value="c12_s4"/>
</imgdir>
</imgdir>
<imgdir name="fail">
<imgdir name="0">
<string name="act" value="stand0"/>
<string name="0" value="c12_f1"/>
<string name="1" value="c12_f2"/>
<string name="2" value="c12_f3"/>
<string name="3" value="c12_f4"/>
</imgdir>
</imgdir>
</imgdir>
<imgdir name="12">
<string name="command" value="c13"/>
<int name="inc" value="1"/>
<int name="prob" value="45"/>
<int name="l0" value="10"/>
<int name="l1" value="19"/>
<imgdir name="success">
<imgdir name="0">
<string name="act" value="dung"/>
<string name="0" value="c13_s1"/>
<string name="1" value="c13_s2"/>
<string name="2" value="c13_s3"/>
<string name="3" value="c13_s4"/>
</imgdir>
</imgdir>
<imgdir name="fail">
<imgdir name="0">
<string name="act" value="stand0"/>
<string name="0" value="c13_f1"/>
<string name="1" value="c13_f2"/>
<string name="2" value="c13_f3"/>
<string name="3" value="c13_f4"/>
</imgdir>
</imgdir>
</imgdir>
<imgdir name="13">
<string name="command" value="c14"/>
<int name="inc" value="1"/>
<int name="prob" value="60"/>
<int name="l0" value="20"/>
<int name="l1" value="29"/>
<imgdir name="success">
<imgdir name="0">
<string name="act" value="dung"/>
<string name="0" value="c14_s1"/>
<string name="1" value="c14_s2"/>
<string name="2" value="c14_s3"/>
<string name="3" value="c14_s4"/>
</imgdir>
</imgdir>
<imgdir name="fail">
<imgdir name="0">
<string name="act" value="cry"/>
<string name="0" value="c14_f1"/>
<string name="1" value="c14_f2"/>
<string name="2" value="c14_f3"/>
<string name="3" value="c14_f4"/>
</imgdir>
</imgdir>
</imgdir>
<imgdir name="14">
<string name="command" value="c15"/>
<int name="inc" value="1"/>
<int name="prob" value="75"/>
<int name="l0" value="30"/>
<int name="l1" value="30"/>
<imgdir name="success">
<imgdir name="0">
<string name="act" value="dung"/>
<string name="0" value="c15_s1"/>
<string name="1" value="c15_s2"/>
<string name="2" value="c15_s3"/>
<string name="3" value="c15_s4"/>
</imgdir>
</imgdir>
<imgdir name="fail">
<imgdir name="0">
<string name="act" value="stand1"/>
<string name="0" value="c15_f1"/>
<string name="1" value="c15_f2"/>
<string name="2" value="c15_f3"/>
<string name="3" value="c15_f4"/>
</imgdir>
</imgdir>
</imgdir>
<imgdir name="15">
<string name="command" value="c16"/>
<int name="inc" value="1"/>
<int name="prob" value="80"/>
<int name="l0" value="10"/>
<int name="l1" value="19"/>
<imgdir name="success">
<imgdir name="0">
<string name="act" value="sleep"/>
<string name="0" value="c16_s2"/>
<string name="1" value="c16_s2"/>
<string name="2" value="c16_s3"/>
<string name="3" value="c16_s4"/>
</imgdir>
</imgdir>
<imgdir name="fail">
<imgdir name="0">
<string name="act" value="stand0"/>
<string name="0" value="c16_f1"/>
<string name="1" value="c16_f2"/>
<string name="2" value="c16_f3"/>
<string name="3" value="c16_f4"/>
</imgdir>
</imgdir>
</imgdir>
<imgdir name="16">
<string name="command" value="c17"/>
<int name="inc" value="2"/>
<int name="prob" value="50"/>
<int name="l0" value="20"/>
<int name="l1" value="29"/>
<imgdir name="success">
<imgdir name="0">
<string name="act" value="sleep"/>
<string name="0" value="c17_s1"/>
<string name="1" value="c17_s2"/>
<string name="2" value="c17_s3"/>
<string name="3" value="c17_s4"/>
</imgdir>
</imgdir>
<imgdir name="fail">
<imgdir name="0">
<string name="act" value="jump"/>
<string name="0" value="c17_f1"/>
<string name="1" value="c17_f4"/>
<string name="2" value="c17_f3"/>
<string name="3" value="c17_f4"/>
</imgdir>
</imgdir>
</imgdir>
<imgdir name="17">
<string name="command" value="c18"/>
<int name="inc" value="2"/>
<int name="prob" value="80"/>
<int name="l0" value="30"/>
<int name="l1" value="30"/>
<imgdir name="success">
<imgdir name="0">
<string name="act" value="sleep"/>
<string name="0" value="c18_s1"/>
<string name="1" value="c18_s2"/>
<string name="2" value="c18_s3"/>
<string name="3" value="c18_s4"/>
</imgdir>
</imgdir>
<imgdir name="fail">
<imgdir name="0">
<string name="act" value="move"/>
<string name="0" value="c18_f1"/>
<string name="1" value="c18_f2"/>
<string name="2" value="c18_f3"/>
<string name="3" value="c18_f4"/>
</imgdir>
</imgdir>
</imgdir>
<imgdir name="18">
<string name="command" value="c19"/>
<int name="inc" value="2"/>
<int name="prob" value="50"/>
<int name="l0" value="10"/>
<int name="l1" value="19"/>
<imgdir name="success">
<imgdir name="0">
<string name="act" value="chat"/>
<string name="0" value="c19_s1"/>
<string name="1" value="c19_s2"/>
<string name="2" value="c19_s3"/>
<string name="3" value="c19_s4"/>
</imgdir>
</imgdir>
<imgdir name="fail">
<imgdir name="0">
<string name="act" value="stand0"/>
<string name="0" value="c19_f1"/>
<string name="1" value="c19_f2"/>
<string name="2" value="c19_f3"/>
<string name="3" value="c19_f4"/>
</imgdir>
</imgdir>
</imgdir>
<imgdir name="19">
<string name="command" value="c20"/>
<int name="inc" value="2"/>
<int name="prob" value="65"/>
<int name="l0" value="20"/>
<int name="l1" value="29"/>
<imgdir name="success">
<imgdir name="0">
<string name="act" value="chat"/>
<string name="0" value="c20_s1"/>
<string name="1" value="c20_s2"/>
<string name="2" value="c20_s3"/>
<string name="3" value="c20_s4"/>
</imgdir>
</imgdir>
<imgdir name="fail">
<imgdir name="0">
<string name="act" value="stand0"/>
<string name="0" value="c20_f1"/>
<string name="1" value="c20_f2"/>
<string name="2" value="c20_f3"/>
<string name="3" value="c20_f4"/>
</imgdir>
</imgdir>
</imgdir>
<imgdir name="20">
<string name="command" value="c21"/>
<int name="inc" value="2"/>
<int name="prob" value="80"/>
<int name="l0" value="30"/>
<int name="l1" value="30"/>
<imgdir name="success">
<imgdir name="0">
<string name="act" value="chat"/>
<string name="0" value="c21_s1"/>
<string name="1" value="c21_s2"/>
<string name="2" value="c21_s3"/>
<string name="3" value="c21_s4"/>
</imgdir>
</imgdir>
<imgdir name="fail">
<imgdir name="0">
<string name="act" value="stand1"/>
<string name="0" value="c21_f1"/>
<string name="1" value="c21_f2"/>
<string name="2" value="c21_f3"/>
<string name="3" value="c21_f4"/>
</imgdir>
</imgdir>
</imgdir>
</imgdir>
<imgdir name="food">
<imgdir name="0">
<int name="l0" value="1"/>
<int name="l1" value="9"/>
<imgdir name="success">
<imgdir name="0">
<string name="act" value="eat"/>
<string name="0" value="f1_s"/>
</imgdir>
</imgdir>
<imgdir name="fail">
<imgdir name="0">
<string name="act" value="cry"/>
<string name="0" value="f1_f"/>
</imgdir>
</imgdir>
</imgdir>
<imgdir name="1">
<int name="l0" value="10"/>
<int name="l1" value="19"/>
<imgdir name="success">
<imgdir name="0">
<string name="act" value="eat"/>
<string name="0" value="f2_s"/>
</imgdir>
</imgdir>
<imgdir name="fail">
<imgdir name="0">
<string name="act" value="cry"/>
<string name="0" value="f2_f"/>
</imgdir>
</imgdir>
</imgdir>
<imgdir name="2">
<int name="l0" value="20"/>
<int name="l1" value="29"/>
<imgdir name="success">
<imgdir name="0">
<string name="act" value="eat"/>
<string name="0" value="f3_s"/>
</imgdir>
</imgdir>
<imgdir name="fail">
<imgdir name="0">
<string name="act" value="cry"/>
<string name="0" value="f3_f"/>
</imgdir>
</imgdir>
</imgdir>
<imgdir name="3">
<int name="l0" value="30"/>
<int name="l1" value="30"/>
<imgdir name="success">
<imgdir name="0">
<string name="act" value="eat"/>
<string name="0" value="f4_s"/>
</imgdir>
</imgdir>
<imgdir name="fail">
<imgdir name="0">
<string name="act" value="cry"/>
<string name="0" value="f4_f"/>
</imgdir>
</imgdir>
</imgdir>
</imgdir>
<imgdir name="slang">
<imgdir name="0">
<int name="l0" value="1"/>
<int name="l1" value="9"/>
<string name="act" value="cry"/>
<string name="0" value="s1"/>
</imgdir>
<imgdir name="1">
<int name="l0" value="10"/>
<int name="l1" value="19"/>
<string name="act" value="cry"/>
<string name="0" value="s2"/>
</imgdir>
<imgdir name="2">
<int name="l0" value="20"/>
<int name="l1" value="29"/>
<string name="act" value="what"/>
<string name="0" value="s3"/>
</imgdir>
<imgdir name="3">
<int name="l0" value="30"/>
<int name="l1" value="30"/>
<string name="act" value="what"/>
<string name="0" value="s4"/>
</imgdir>
</imgdir>
<imgdir name="stand0">
<canvas name="0" width="1" height="1">
<vector name="origin" x="14" y="22"/>
<int name="z" value="0"/>
<vector name="lt" x="-17" y="-29"/>
<vector name="rb" x="20" y="0"/>
<string name="_inlink" value="info/iconRawD"/>
</canvas>
<canvas name="1" width="1" height="1">
<vector name="origin" x="14" y="22"/>
<int name="z" value="0"/>
<vector name="lt" x="-17" y="-29"/>
<vector name="rb" x="20" y="0"/>
<string name="_inlink" value="info/iconRawD"/>
</canvas>
<canvas name="2" width="1" height="1">
<vector name="origin" x="14" y="22"/>
<int name="z" value="0"/>
<vector name="lt" x="-17" y="-29"/>
<vector name="rb" x="20" y="0"/>
<string name="_inlink" value="info/iconRawD"/>
</canvas>
<canvas name="3" width="1" height="1">
<vector name="origin" x="14" y="22"/>
<int name="z" value="0"/>
<vector name="lt" x="-17" y="-29"/>
<vector name="rb" x="20" y="0"/>
<string name="_inlink" value="info/iconRawD"/>
</canvas>
</imgdir>
<imgdir name="stand1">
<canvas name="0" width="1" height="1">
<vector name="origin" x="14" y="22"/>
<int name="z" value="0"/>
<vector name="lt" x="-17" y="-29"/>
<vector name="rb" x="20" y="0"/>
<string name="_inlink" value="info/iconRawD"/>
</canvas>
<canvas name="1" width="30" height="22">
<vector name="origin" x="14" y="22"/>
<int name="z" value="0"/>
<vector name="lt" x="-17" y="-29"/>
<vector name="rb" x="20" y="0"/>
<string name="_hash" value="323f403ffe18ff0f8a31f50daab0fe08c12814a9cb3092bfc2a015594748757e"/>
</canvas>
<canvas name="2" width="1" height="1">
<vector name="origin" x="14" y="22"/>
<int name="z" value="0"/>
<vector name="lt" x="-17" y="-29"/>
<vector name="rb" x="20" y="0"/>
<string name="_inlink" value="info/iconRawD"/>
</canvas>
<canvas name="3" width="1" height="1">
<vector name="origin" x="14" y="22"/>
<int name="z" value="0"/>
<vector name="lt" x="-17" y="-29"/>
<vector name="rb" x="20" y="0"/>
<string name="_inlink" value="info/iconRawD"/>
</canvas>
</imgdir>
<imgdir name="move">
<canvas name="0" width="57" height="24">
<vector name="origin" x="35" y="22"/>
<int name="z" value="0"/>
<vector name="lt" x="-17" y="-29"/>
<vector name="rb" x="20" y="0"/>
<string name="_hash" value="6b800110029479c90cbbd445b996eaa7f96473d778e1045d268462e27ff6e0ef"/>
</canvas>
<canvas name="1" width="61" height="25">
<vector name="origin" x="34" y="23"/>
<int name="z" value="0"/>
<vector name="lt" x="-17" y="-29"/>
<vector name="rb" x="20" y="0"/>
<string name="_hash" value="cf789140d06ca0678bd920a7a3aacd321bc75be1f3092a00d3d4c34ca553a9f8"/>
</canvas>
<canvas name="2" width="63" height="24">
<vector name="origin" x="35" y="22"/>
<int name="z" value="0"/>
<vector name="lt" x="-17" y="-29"/>
<vector name="rb" x="20" y="0"/>
<string name="_hash" value="fc6a6f16af204e8ebfe136e9c3c61f428c346478b2faf85fdb6c47f030487b99"/>
</canvas>
<canvas name="3" width="65" height="25">
<vector name="origin" x="34" y="23"/>
<int name="z" value="0"/>
<vector name="lt" x="-17" y="-29"/>
<vector name="rb" x="20" y="0"/>
<string name="_hash" value="26a56aee00efb8b5ed336cab3b385f8b27d275e72a5d1b1c39ae78d7ab268033"/>
</canvas>
</imgdir>
<imgdir name="jump">
<canvas name="01" width="55" height="32">
<vector name="origin" x="39" y="38"/>
<int name="z" value="0"/>
<vector name="lt" x="-17" y="-29"/>
<vector name="rb" x="20" y="0"/>
<string name="_hash" value="43a003c344129c4cda5601e1bb437691917bbf1be057c6f5f34ee20e6457ca7a"/>
</canvas>
</imgdir>
<imgdir name="sleep">
<canvas name="0" width="50" height="24">
<vector name="origin" x="25" y="24"/>
<int name="z" value="0"/>
<vector name="lt" x="-17" y="-29"/>
<vector name="rb" x="20" y="0"/>
<string name="_hash" value="9b5cbf18173548845392f5fc4f08fb97d88fe1cab8699076947b7f23f8d2e9b2"/>
</canvas>
<canvas name="1" width="50" height="24">
<vector name="origin" x="25" y="24"/>
<int name="z" value="0"/>
<vector name="lt" x="-17" y="-29"/>
<vector name="rb" x="20" y="0"/>
<string name="_hash" value="a160eddf86d1994f9234c9ec4d854038657bbcc9b4c908a5aa4e1a2b78d4423c"/>
</canvas>
<canvas name="2" width="48" height="24">
<vector name="origin" x="23" y="24"/>
<int name="z" value="0"/>
<vector name="lt" x="-17" y="-29"/>
<vector name="rb" x="20" y="0"/>
<string name="_hash" value="b208f0bd4ad3b6ba80b0cc4db1c99fe8a723ac7ff746256b30c1e2ba567741a5"/>
</canvas>
<canvas name="3" width="42" height="26">
<vector name="origin" x="17" y="26"/>
<int name="z" value="0"/>
<vector name="lt" x="-17" y="-29"/>
<vector name="rb" x="20" y="0"/>
<string name="_hash" value="c1324d6a1a5145add1ed21e9f4578190be2abe79213e5060127fb3e0df30def8"/>
</canvas>
<canvas name="4" width="41" height="26">
<vector name="origin" x="16" y="26"/>
<int name="z" value="0"/>
<vector name="lt" x="-17" y="-29"/>
<vector name="rb" x="20" y="0"/>
<string name="_hash" value="6952e0ea86ba35e2a387bd80283b9b1dd07d88d67fc6828a7987faf9427b28d6"/>
</canvas>
</imgdir>
<imgdir name="hungry">
<canvas name="0" width="30" height="22">
<vector name="origin" x="14" y="22"/>
<int name="z" value="0"/>
<vector name="lt" x="-17" y="-29"/>
<vector name="rb" x="20" y="0"/>
<string name="_hash" value="4667cc8b74d36cc7efae612a42fe9d81cbfde6a124677545e5d16cc0addfa35d"/>
</canvas>
<canvas name="1" width="33" height="25">
<vector name="origin" x="17" y="25"/>
<int name="z" value="0"/>
<vector name="lt" x="-17" y="-29"/>
<vector name="rb" x="20" y="0"/>
<string name="_hash" value="de8ed853bdac7be5049fd7f25133efc0b92244e2d2d085caeaddcc20fb21ccb5"/>
</canvas>
<canvas name="2" width="37" height="29">
<vector name="origin" x="21" y="29"/>
<int name="z" value="0"/>
<vector name="lt" x="-17" y="-29"/>
<vector name="rb" x="20" y="0"/>
<string name="_hash" value="bddd0cbeb48186a999bc57d98b5acad8944af2342087102c2c2e824b55b8d927"/>
</canvas>
<canvas name="3" width="41" height="33">
<vector name="origin" x="25" y="33"/>
<int name="z" value="0"/>
<vector name="lt" x="-17" y="-29"/>
<vector name="rb" x="20" y="0"/>
<string name="_hash" value="1f6b1f3cc5772dd59bd8e4a05ad72b6f50da97050f7e6bf6b2730bb6ea867517"/>
</canvas>
</imgdir>
<imgdir name="hang">
<canvas name="0" width="25" height="26">
<vector name="origin" x="11" y="49"/>
<int name="z" value="0"/>
<vector name="lt" x="-17" y="-29"/>
<vector name="rb" x="20" y="0"/>
<string name="_hash" value="c17366868c2a1916ae801a0a4ddb01a1af7cb1bc2fa973cdb6dce79ae4ce9b9a"/>
</canvas>
</imgdir>
<imgdir name="roll">
<canvas name="0" width="34" height="30">
<vector name="origin" x="16" y="33"/>
<int name="z" value="0"/>
<vector name="lt" x="-17" y="-29"/>
<vector name="rb" x="20" y="0"/>
<string name="_hash" value="25cde9cc5b957aa2749beee5aa7cbc0e3406bf47badd1e783fe9ccc554e75482"/>
</canvas>
<canvas name="1" width="34" height="30">
<vector name="origin" x="16" y="43"/>
<int name="z" value="0"/>
<vector name="lt" x="-17" y="-29"/>
<vector name="rb" x="20" y="0"/>
<string name="_hash" value="eb139085c9ce1d95b88c65ed3d93a861ba40a19580cf27b3d8985a0f87d3b18a"/>
</canvas>
</imgdir>
<imgdir name="eat">
<canvas name="0" width="1" height="1">
<vector name="origin" x="14" y="22"/>
<int name="z" value="0"/>
<vector name="lt" x="-17" y="-29"/>
<vector name="rb" x="20" y="0"/>
<string name="_inlink" value="info/iconRawD"/>
</canvas>
<canvas name="1" width="46" height="22">
<vector name="origin" x="14" y="22"/>
<int name="z" value="0"/>
<vector name="lt" x="-17" y="-29"/>
<vector name="rb" x="20" y="0"/>
<string name="_hash" value="6aa90ffcb87c3470eccf0c44d9812bcfd1696ae4e251f362ff5413e2c17ee4c6"/>
</canvas>
<canvas name="2" width="46" height="22">
<vector name="origin" x="14" y="22"/>
<int name="z" value="0"/>
<vector name="lt" x="-17" y="-29"/>
<vector name="rb" x="20" y="0"/>
<string name="_hash" value="c7289c248d690d85c6e7f54f93be3e3c2b375ada1619467b242b2f0704b53e49"/>
</canvas>
<canvas name="3" width="45" height="22">
<vector name="origin" x="14" y="22"/>
<int name="z" value="0"/>
<vector name="lt" x="-17" y="-29"/>
<vector name="rb" x="20" y="0"/>
<string name="_hash" value="ed43db872dd02c69165b260589da989ab179193dd72a98f37012073dd2809067"/>
</canvas>
<canvas name="4" width="45" height="23">
<vector name="origin" x="14" y="23"/>
<int name="z" value="0"/>
<vector name="lt" x="-17" y="-29"/>
<vector name="rb" x="20" y="0"/>
<string name="_hash" value="f3e6e6274704d006dff4bb2377a996936b670cb8f17cf249516e8e1108e80d1d"/>
</canvas>
<canvas name="5" width="45" height="22">
<vector name="origin" x="14" y="22"/>
<int name="z" value="0"/>
<vector name="lt" x="-17" y="-29"/>
<vector name="rb" x="20" y="0"/>
<string name="_hash" value="53360f1feb15d0050072bf6df990b54da097e7548a3927c582c6e5d834952f7f"/>
</canvas>
<canvas name="6" width="1" height="1">
<vector name="origin" x="14" y="23"/>
<int name="z" value="0"/>
<vector name="lt" x="-17" y="-29"/>
<vector name="rb" x="20" y="0"/>
<string name="_inlink" value="eat/4"/>
</canvas>
<canvas name="7" width="45" height="22">
<vector name="origin" x="14" y="22"/>
<int name="z" value="0"/>
<vector name="lt" x="-17" y="-29"/>
<vector name="rb" x="20" y="0"/>
<string name="_hash" value="46bbb4986b011783f5c23d7a568e051ae22a521dd628eed85ff05bd0515d8b91"/>
</canvas>
<canvas name="8" width="31" height="23">
<vector name="origin" x="14" y="23"/>
<int name="z" value="0"/>
<vector name="lt" x="-17" y="-29"/>
<vector name="rb" x="20" y="0"/>
<string name="_hash" value="6df7a750fa7af76811a6c74691cfe710d56317db9209ce60d7c3289eeed43fb8"/>
</canvas>
</imgdir>
<imgdir name="chat">
<canvas name="0" width="1" height="1">
<vector name="origin" x="14" y="22"/>
<int name="z" value="0"/>
<vector name="lt" x="-17" y="-29"/>
<vector name="rb" x="20" y="0"/>
<string name="_inlink" value="info/iconRawD"/>
</canvas>
<canvas name="1" width="30" height="22">
<vector name="origin" x="13" y="22"/>
<int name="z" value="0"/>
<vector name="lt" x="-17" y="-29"/>
<vector name="rb" x="20" y="0"/>
<string name="_hash" value="0832465d1717e54874f55d484d663fdf04c5f516e81bce4f7df2de12c0f222f4"/>
</canvas>
<canvas name="2" width="1" height="1">
<vector name="origin" x="14" y="22"/>
<int name="z" value="0"/>
<vector name="lt" x="-17" y="-29"/>
<vector name="rb" x="20" y="0"/>
<string name="_inlink" value="info/iconRawD"/>
</canvas>
<canvas name="3" width="30" height="22">
<vector name="origin" x="15" y="22"/>
<int name="z" value="0"/>
<vector name="lt" x="-17" y="-29"/>
<vector name="rb" x="20" y="0"/>
<string name="_hash" value="257dbc5f998df88300df3c067b8ce4f7be670ef0f01b3b99272a4ee6a76a25e5"/>
</canvas>
</imgdir>
<imgdir name="love">
<canvas name="0" width="1" height="1">
<vector name="origin" x="14" y="22"/>
<int name="z" value="0"/>
<vector name="lt" x="-17" y="-29"/>
<vector name="rb" x="20" y="0"/>
<string name="_inlink" value="info/iconRawD"/>
</canvas>
<canvas name="1" width="52" height="25">
<vector name="origin" x="36" y="31"/>
<int name="z" value="0"/>
<vector name="lt" x="-17" y="-29"/>
<vector name="rb" x="20" y="0"/>
<string name="_hash" value="f09f9d8631a9f03da9e3b06d0ebea70ba24f0ded2c74e62959093d73f7dce3a0"/>
</canvas>
<canvas name="2" width="54" height="25">
<vector name="origin" x="38" y="32"/>
<int name="z" value="0"/>
<vector name="lt" x="-17" y="-29"/>
<vector name="rb" x="20" y="0"/>
<string name="_hash" value="4b06b4731cc99fc23dcf42f4f3fe90ae6869c2058bacc314f9f3225218baa94e"/>
</canvas>
<canvas name="3" width="1" height="1">
<vector name="origin" x="14" y="22"/>
<int name="z" value="0"/>
<vector name="lt" x="-17" y="-29"/>
<vector name="rb" x="20" y="0"/>
<string name="_inlink" value="info/iconRawD"/>
</canvas>
<canvas name="4" width="1" height="1">
<vector name="origin" x="36" y="31"/>
<int name="z" value="0"/>
<vector name="lt" x="-17" y="-29"/>
<vector name="rb" x="20" y="0"/>
<string name="_inlink" value="love/1"/>
</canvas>
<canvas name="5" width="54" height="25">
<vector name="origin" x="38" y="32"/>
<int name="z" value="0"/>
<vector name="lt" x="-17" y="-29"/>
<vector name="rb" x="20" y="0"/>
<string name="_hash" value="54d1c79e0154776abda794a9dec8f5934a5c280872a3617c28d7a1da7ccc41cd"/>
</canvas>
<canvas name="6" width="1" height="1">
<vector name="origin" x="38" y="32"/>
<int name="z" value="0"/>
<vector name="lt" x="-17" y="-29"/>
<vector name="rb" x="20" y="0"/>
<string name="_inlink" value="love/2"/>
</canvas>
</imgdir>
<imgdir name="cry">
<canvas name="0" width="31" height="22">
<vector name="origin" x="15" y="22"/>
<int name="z" value="0"/>
<vector name="lt" x="-17" y="-29"/>
<vector name="rb" x="20" y="0"/>
<string name="_hash" value="44919c95d11f7abddd3846f6d254cf84dc430e09ab4c3d0045a58fe27025b4c1"/>
</canvas>
<canvas name="1" width="30" height="21">
<vector name="origin" x="14" y="21"/>
<int name="z" value="0"/>
<vector name="lt" x="-17" y="-29"/>
<vector name="rb" x="20" y="0"/>
<string name="_hash" value="38b2dfdacb5c4862b0037980b6d46258ba07915c793949851dd7fc473f0de3d8"/>
</canvas>
<canvas name="2" width="32" height="21">
<vector name="origin" x="16" y="21"/>
<int name="z" value="0"/>
<vector name="lt" x="-17" y="-29"/>
<vector name="rb" x="20" y="0"/>
<string name="_hash" value="14cd5f50ffbccada163ccb80e61171233be1757a7cf747f6037b47fcc2971293"/>
</canvas>
<canvas name="3" width="34" height="21">
<vector name="origin" x="18" y="21"/>
<int name="z" value="0"/>
<vector name="lt" x="-17" y="-29"/>
<vector name="rb" x="20" y="0"/>
<string name="_hash" value="d327d2078a66382074aa6726b10b507819c1cc3e6c05ce98588ce4e92701e801"/>
</canvas>
<canvas name="4" width="34" height="21">
<vector name="origin" x="18" y="21"/>
<int name="z" value="0"/>
<vector name="lt" x="-17" y="-29"/>
<vector name="rb" x="20" y="0"/>
<string name="_hash" value="11aff7574f1d5770e391ee663018c3a9b3db36e5fd59ea7d32e4e6f76f592e9c"/>
</canvas>
</imgdir>
<imgdir name="dung">
<canvas name="0" width="1" height="1">
<vector name="origin" x="14" y="22"/>
<int name="z" value="0"/>
<vector name="lt" x="-17" y="-29"/>
<vector name="rb" x="20" y="0"/>
<string name="_inlink" value="info/iconRawD"/>
</canvas>
<canvas name="1" width="30" height="22">
<vector name="origin" x="15" y="22"/>
<int name="z" value="0"/>
<vector name="lt" x="-17" y="-29"/>
<vector name="rb" x="20" y="0"/>
<string name="_hash" value="aa00a235c5459b808a5c5f835e126be9f2c21c1f22586486a3f5a3419501b8d5"/>
</canvas>
<canvas name="2" width="1" height="1">
<vector name="origin" x="15" y="22"/>
<int name="z" value="0"/>
<vector name="lt" x="-17" y="-29"/>
<vector name="rb" x="20" y="0"/>
<string name="_inlink" value="dung/1"/>
</canvas>
<canvas name="3" width="38" height="24">
<vector name="origin" x="13" y="22"/>
<int name="z" value="0"/>
<vector name="lt" x="-17" y="-29"/>
<vector name="rb" x="20" y="0"/>
<string name="_hash" value="25f74ad52027a490bb78d21b63bfe236afb1e6d6512624454dd04ad5bfafd9c4"/>
</canvas>
<canvas name="4" width="54" height="24">
<vector name="origin" x="14" y="22"/>
<int name="z" value="0"/>
<vector name="lt" x="-17" y="-29"/>
<vector name="rb" x="20" y="0"/>
<string name="_hash" value="0549aaaf92b1a8e70e01048664125cddbe6acdf6ed39dc7dbb800078a2a6eb9c"/>
</canvas>
<canvas name="5" width="53" height="24">
<vector name="origin" x="14" y="22"/>
<int name="z" value="0"/>
<vector name="lt" x="-17" y="-29"/>
<vector name="rb" x="20" y="0"/>
<string name="_hash" value="17b2f45ba9352c6dac256e6ce9824f248ad12a9f2b40f64fdc6ff4ddbce54363"/>
</canvas>
<canvas name="6" width="53" height="24">
<vector name="origin" x="14" y="22"/>
<int name="z" value="0"/>
<vector name="lt" x="-17" y="-29"/>
<vector name="rb" x="20" y="0"/>
<string name="_hash" value="362ab751934013254312e1fda679c16a3b9b76e682dd849e4485d0ad91f2990d"/>
</canvas>
</imgdir>
<imgdir name="rest0">
<canvas name="0" width="30" height="21">
<vector name="origin" x="14" y="21"/>
<int name="z" value="0"/>
<vector name="lt" x="-17" y="-29"/>
<vector name="rb" x="20" y="0"/>
<string name="_hash" value="c28825ccad3809571ac764fb6a40893b3043c6af0eeb3307d9b20f7ea0febd37"/>
</canvas>
<canvas name="1" width="30" height="21">
<vector name="origin" x="14" y="21"/>
<int name="z" value="0"/>
<vector name="lt" x="-17" y="-29"/>
<vector name="rb" x="20" y="0"/>
<string name="_hash" value="612870a00904fe5031965e5e4dba96e7dffa0846e68cf7c62eba87c0c2eedc6b"/>
</canvas>
<canvas name="2" width="30" height="21">
<vector name="origin" x="14" y="21"/>
<int name="z" value="0"/>
<vector name="lt" x="-17" y="-29"/>
<vector name="rb" x="20" y="0"/>
<string name="_hash" value="332c03186e3719aa426b4c61afeef899b74c91d81b19375ddee2913231814a7b"/>
</canvas>
<canvas name="3" width="1" height="1">
<vector name="origin" x="14" y="21"/>
<int name="z" value="0"/>
<vector name="lt" x="-17" y="-29"/>
<vector name="rb" x="20" y="0"/>
<string name="_inlink" value="rest0/1"/>
</canvas>
<canvas name="4" width="30" height="21">
<vector name="origin" x="14" y="21"/>
<int name="z" value="0"/>
<vector name="lt" x="-17" y="-29"/>
<vector name="rb" x="20" y="0"/>
<string name="_hash" value="bad302b790863fdb4806a049ea375299de49158d63b8706091b4b3e35b3f9d88"/>
</canvas>
</imgdir>
<uol name="sit" value="rest0"/>
<uol name="fly" value="jump"/>
<imgdir name="yes">
<canvas name="0" width="1" height="1">
<vector name="origin" x="14" y="22"/>
<int name="z" value="0"/>
<vector name="lt" x="-17" y="-29"/>
<vector name="rb" x="20" y="0"/>
<string name="_inlink" value="info/iconRawD"/>
</canvas>
<canvas name="1" width="30" height="22">
<vector name="origin" x="14" y="22"/>
<int name="z" value="0"/>
<vector name="lt" x="-17" y="-29"/>
<vector name="rb" x="20" y="0"/>
<string name="_hash" value="abe779c772be4cde2c2f93d8673359dad42cc60c0e28928a705efdecf6d13430"/>
</canvas>
<canvas name="2" width="1" height="1">
<vector name="origin" x="14" y="22"/>
<int name="z" value="0"/>
<vector name="lt" x="-17" y="-29"/>
<vector name="rb" x="20" y="0"/>
<string name="_inlink" value="info/iconRawD"/>
</canvas>
<canvas name="3" width="1" height="1">
<vector name="origin" x="14" y="22"/>
<int name="z" value="0"/>
<vector name="lt" x="-17" y="-29"/>
<vector name="rb" x="20" y="0"/>
<string name="_inlink" value="yes/1"/>
</canvas>
</imgdir>
<imgdir name="angry">
<canvas name="0" width="63" height="44">
<vector name="origin" x="41" y="42"/>
<int name="z" value="0"/>
<vector name="lt" x="-17" y="-29"/>
<vector name="rb" x="20" y="0"/>
<string name="_hash" value="d9b78c03ec944fed2e05805f9be941452e9bf3beaa31b0973b9cf8794de98816"/>
</canvas>
<canvas name="1" width="41" height="22">
<vector name="origin" x="14" y="22"/>
<int name="z" value="0"/>
<vector name="lt" x="-17" y="-29"/>
<vector name="rb" x="20" y="0"/>
<string name="_hash" value="574d397f3d0767bb8a48045a4e3fb00fe0c78a1d30727b4e912e697dce86b03f"/>
</canvas>
<canvas name="2" width="69" height="37">
<vector name="origin" x="41" y="35"/>
<int name="z" value="0"/>
<vector name="lt" x="-17" y="-29"/>
<vector name="rb" x="20" y="0"/>
<string name="_hash" value="4556c8c00a67e3dfec20b67774d914001c4c343803348dac4f1ec45d1482249e"/>
</canvas>
<canvas name="3" width="72" height="44">
<vector name="origin" x="41" y="42"/>
<int name="z" value="0"/>
<vector name="lt" x="-17" y="-29"/>
<vector name="rb" x="20" y="0"/>
<string name="_hash" value="13adb0405c1f15cc786df451a2a940c23b27e82a563150713c8cb6a6b35b12ff"/>
</canvas>
<canvas name="4" width="1" height="1">
<vector name="origin" x="14" y="22"/>
<int name="z" value="0"/>
<vector name="lt" x="-17" y="-29"/>
<vector name="rb" x="20" y="0"/>
<string name="_inlink" value="info/iconRawD"/>
</canvas>
<canvas name="5" width="57" height="37">
<vector name="origin" x="41" y="35"/>
<int name="z" value="0"/>
<vector name="lt" x="-17" y="-29"/>
<vector name="rb" x="20" y="0"/>
<string name="_hash" value="837e747f633b150f64907a2452bd0f457520858980a7bb8cf3c477f6cefdab80"/>
</canvas>
</imgdir>
</imgdir>
