<?xml version="1.0" encoding="UTF-8" standalone="yes"?>
<imgdir name="5000754.img">
<imgdir name="info">
<canvas name="icon" width="1" height="1">
<vector name="origin" x="1" y="29"/>
<string name="_hash" value="8ac67731bc4dc223a3b5447bf51f7de2ac0a8795e800d38ae8eb80840c639d2a"/>
<string name="_outlink" value="Item/Pet/5000484.img/info/icon"/>
</canvas>
<canvas name="iconRaw" width="1" height="1">
<vector name="origin" x="1" y="29"/>
<string name="_hash" value="cfe4b8076775c6a6a62245806a341bc6dae359a1636ea6e5b66705ddd96dc7ec"/>
<string name="_outlink" value="Item/Pet/5000484.img/info/iconRaw"/>
</canvas>
<canvas name="iconD" width="1" height="1">
<vector name="origin" x="-1" y="33"/>
<string name="_hash" value="98553a2a081e576d271b08bb436da9205aec5f477894cb1880020a7d9411e6bc"/>
<string name="_outlink" value="Item/Pet/5000484.img/info/iconD"/>
</canvas>
<canvas name="iconRawD" width="1" height="1">
<vector name="origin" x="-1" y="33"/>
<string name="_hash" value="5b7596ca4037c64a28736ab1d1ae8b8fd3f082000413aea57735d4aa874072c3"/>
<string name="_outlink" value="Item/Pet/5000484.img/info/iconRawD"/>
</canvas>
<int name="nameTag" value="231"/>
<int name="chatBalloon" value="231"/>
<int name="life" value="30"/>
<int name="hungry" value="2"/>
<int name="cash" value="1"/>
<int name="multiPet" value="1"/>
<int name="pickupItem" value="1"/>
<int name="autoBuff" value="1"/>
<int name="setItemID" value="676"/>
<int name="noRevive" value="1"/>
<int name="noMoveToLocker" value="1"/>
</imgdir>
<imgdir name="interact">
<imgdir name="0">
<string name="command" value="c1"/>
<int name="inc" value="1"/>
<int name="prob" value="30"/>
<int name="l0" value="1"/>
<int name="l1" value="9"/>
<imgdir name="success">
<imgdir name="0">
<string name="act" value="rest0"/>
<string name="0" value="c1_s1"/>
<string name="1" value="c1_s2"/>
</imgdir>
</imgdir>
<imgdir name="fail">
<imgdir name="0">
<string name="act" value="stand0"/>
<string name="0" value="c1_f1"/>
<string name="1" value="c1_f2"/>
</imgdir>
</imgdir>
</imgdir>
<imgdir name="1">
<string name="command" value="c2"/>
<int name="inc" value="2"/>
<int name="prob" value="45"/>
<int name="l0" value="10"/>
<int name="l1" value="19"/>
<imgdir name="success">
<imgdir name="0">
<string name="act" value="rest0"/>
<string name="0" value="c2_s1"/>
<string name="1" value="c2_s2"/>
<string name="2" value="c2_s3"/>
<string name="3" value="c2_s4"/>
</imgdir>
</imgdir>
<imgdir name="fail">
<imgdir name="0">
<string name="act" value="stand0"/>
<string name="0" value="c2_f1"/>
<string name="1" value="c2_f2"/>
<string name="2" value="c2_f3"/>
<string name="3" value="c2_f4"/>
</imgdir>
</imgdir>
</imgdir>
<imgdir name="2">
<string name="command" value="c3"/>
<int name="inc" value="3"/>
<int name="prob" value="60"/>
<int name="l0" value="20"/>
<int name="l1" value="29"/>
<imgdir name="success">
<imgdir name="0">
<string name="act" value="rest0"/>
<string name="0" value="c3_s1"/>
<string name="1" value="c3_s2"/>
<string name="2" value="c3_s3"/>
<string name="3" value="c3_s4"/>
</imgdir>
</imgdir>
<imgdir name="fail">
<imgdir name="0">
<string name="act" value="stand0"/>
<string name="0" value="c3_f1"/>
<string name="1" value="c3_f2"/>
<string name="2" value="c3_f3"/>
<string name="3" value="c3_f4"/>
</imgdir>
</imgdir>
</imgdir>
<imgdir name="3">
<string name="command" value="c4"/>
<int name="inc" value="2"/>
<int name="prob" value="70"/>
<int name="l0" value="30"/>
<int name="l1" value="30"/>
<imgdir name="success">
<imgdir name="0">
<string name="act" value="rest0"/>
<string name="0" value="c4_s1"/>
<string name="1" value="c4_s2"/>
<string name="2" value="c4_s3"/>
<string name="3" value="c4_s4"/>
</imgdir>
</imgdir>
<imgdir name="fail">
<imgdir name="0">
<string name="act" value="stand0"/>
<string name="0" value="c4_f1"/>
<string name="1" value="c4_f2"/>
<string name="2" value="c4_f3"/>
<string name="3" value="c4_f4"/>
</imgdir>
</imgdir>
</imgdir>
<imgdir name="4">
<string name="command" value="c5"/>
<int name="inc" value="1"/>
<int name="prob" value="30"/>
<int name="l0" value="1"/>
<int name="l1" value="9"/>
<imgdir name="success">
<imgdir name="0">
<string name="act" value="cry"/>
<string name="0" value="c5_s1"/>
<string name="1" value="c5_s2"/>
</imgdir>
</imgdir>
<imgdir name="fail">
<imgdir name="0">
<string name="act" value="stand0"/>
<string name="0" value="c5_f1"/>
<string name="1" value="c5_f2"/>
</imgdir>
</imgdir>
</imgdir>
<imgdir name="5">
<string name="command" value="c6"/>
<int name="inc" value="2"/>
<int name="prob" value="50"/>
<int name="l0" value="10"/>
<int name="l1" value="19"/>
<imgdir name="success">
<imgdir name="0">
<string name="act" value="cry"/>
<string name="0" value="c6_s1"/>
<string name="1" value="c6_s2"/>
<string name="2" value="c6_s3"/>
<string name="3" value="c6_s4"/>
</imgdir>
</imgdir>
<imgdir name="fail">
<imgdir name="0">
<string name="act" value="angry"/>
<string name="0" value="c6_f1"/>
<string name="1" value="c6_f2"/>
<string name="2" value="c6_f3"/>
<string name="3" value="c6_f4"/>
</imgdir>
</imgdir>
</imgdir>
<imgdir name="6">
<string name="command" value="c7"/>
<int name="inc" value="2"/>
<int name="prob" value="60"/>
<int name="l0" value="20"/>
<int name="l1" value="29"/>
<imgdir name="success">
<imgdir name="0">
<string name="act" value="cry"/>
<string name="0" value="c7_s1"/>
<string name="1" value="c7_s2"/>
<string name="2" value="c7_s3"/>
<string name="3" value="c7_s4"/>
</imgdir>
</imgdir>
<imgdir name="fail">
<imgdir name="0">
<string name="act" value="angry"/>
<string name="0" value="c7_f1"/>
<string name="1" value="c7_f2"/>
<string name="2" value="c7_f3"/>
<string name="3" value="c7_f4"/>
</imgdir>
</imgdir>
</imgdir>
<imgdir name="7">
<string name="command" value="c8"/>
<int name="inc" value="3"/>
<int name="prob" value="70"/>
<int name="l0" value="30"/>
<int name="l1" value="30"/>
<imgdir name="success">
<imgdir name="0">
<string name="act" value="cry"/>
<string name="0" value="c8_s1"/>
<string name="1" value="c8_s2"/>
<string name="2" value="c8_s3"/>
<string name="3" value="c8_s4"/>
</imgdir>
</imgdir>
<imgdir name="fail">
<imgdir name="0">
<string name="act" value="angry"/>
<string name="0" value="c8_f1"/>
<string name="1" value="c8_f2"/>
<string name="2" value="c8_f3"/>
<string name="3" value="c8_f4"/>
</imgdir>
</imgdir>
</imgdir>
<imgdir name="8">
<string name="command" value="c9"/>
<int name="inc" value="1"/>
<int name="prob" value="30"/>
<int name="l0" value="1"/>
<int name="l1" value="9"/>
<imgdir name="success">
<imgdir name="0">
<string name="act" value="love"/>
<string name="0" value="c9_s1"/>
<string name="1" value="c9_s2"/>
</imgdir>
</imgdir>
<imgdir name="fail">
<imgdir name="0">
<string name="act" value="no"/>
<string name="0" value="c9_f1"/>
<string name="1" value="c9_f2"/>
</imgdir>
</imgdir>
</imgdir>
<imgdir name="9">
<string name="command" value="c10"/>
<int name="inc" value="2"/>
<int name="prob" value="50"/>
<int name="l0" value="10"/>
<int name="l1" value="19"/>
<imgdir name="success">
<imgdir name="0">
<string name="act" value="love"/>
<string name="0" value="c10_s1"/>
<string name="1" value="c10_s2"/>
<string name="2" value="c10_s3"/>
<string name="3" value="c10_s4"/>
</imgdir>
</imgdir>
<imgdir name="fail">
<imgdir name="0">
<string name="act" value="no"/>
<string name="0" value="c10_f1"/>
<string name="1" value="c10_f2"/>
<string name="2" value="c10_f3"/>
<string name="3" value="c10_f4"/>
</imgdir>
</imgdir>
</imgdir>
<imgdir name="10">
<string name="command" value="c11"/>
<int name="inc" value="2"/>
<int name="prob" value="60"/>
<int name="l0" value="20"/>
<int name="l1" value="29"/>
<imgdir name="success">
<imgdir name="0">
<string name="act" value="love"/>
<string name="0" value="c11_s1"/>
<string name="1" value="c11_s2"/>
<string name="2" value="c11_s3"/>
<string name="3" value="c11_s4"/>
</imgdir>
</imgdir>
<imgdir name="fail">
<imgdir name="0">
<string name="act" value="no"/>
<string name="0" value="c11_f1"/>
<string name="1" value="c11_f2"/>
<string name="2" value="c11_f3"/>
<string name="4" value="c11_f4"/>
</imgdir>
</imgdir>
</imgdir>
<imgdir name="11">
<string name="command" value="c12"/>
<int name="inc" value="3"/>
<int name="prob" value="70"/>
<int name="l0" value="30"/>
<int name="l1" value="30"/>
<imgdir name="success">
<imgdir name="0">
<string name="act" value="love"/>
<string name="0" value="c12_s1"/>
<string name="1" value="c12_s2"/>
<string name="2" value="c12_s3"/>
<string name="3" value="c12_s4"/>
</imgdir>
</imgdir>
<imgdir name="fail">
<imgdir name="0">
<string name="act" value="no"/>
<string name="0" value="c12_f1"/>
<string name="1" value="c12_f2"/>
<string name="2" value="c12_f3"/>
<string name="3" value="c12_f4"/>
</imgdir>
</imgdir>
</imgdir>
<imgdir name="12">
<string name="command" value="c13"/>
<int name="inc" value="1"/>
<int name="prob" value="30"/>
<int name="l0" value="10"/>
<int name="l1" value="19"/>
<imgdir name="success">
<imgdir name="0">
<string name="act" value="dung"/>
<string name="0" value="c13_s1"/>
<string name="1" value="c13_s2"/>
<string name="2" value="c13_s3"/>
<string name="3" value="c13_s4"/>
</imgdir>
</imgdir>
<imgdir name="fail">
<imgdir name="0">
<string name="act" value="stand0"/>
<string name="0" value="c13_f1"/>
<string name="1" value="c13_f2"/>
<string name="2" value="c13_f3"/>
<string name="3" value="c13_f4"/>
</imgdir>
</imgdir>
</imgdir>
<imgdir name="13">
<string name="command" value="c14"/>
<int name="inc" value="2"/>
<int name="prob" value="50"/>
<int name="l0" value="20"/>
<int name="l1" value="29"/>
<imgdir name="success">
<imgdir name="0">
<string name="act" value="dung"/>
<string name="0" value="c14_s1"/>
<string name="1" value="c14_s2"/>
<string name="2" value="c14_s3"/>
<string name="3" value="c14_s4"/>
</imgdir>
</imgdir>
<imgdir name="fail">
<imgdir name="0">
<string name="act" value="stand0"/>
<string name="0" value="c14_f1"/>
<string name="1" value="c14_f2"/>
<string name="2" value="c14_f3"/>
<string name="3" value="c14_f4"/>
</imgdir>
</imgdir>
</imgdir>
<imgdir name="14">
<string name="command" value="c15"/>
<int name="inc" value="3"/>
<int name="prob" value="70"/>
<int name="l0" value="30"/>
<int name="l1" value="30"/>
<imgdir name="success">
<imgdir name="0">
<string name="act" value="dung"/>
<string name="0" value="c15_s1"/>
<string name="1" value="c15_s2"/>
<string name="2" value="c15_s3"/>
<string name="3" value="c15_s4"/>
</imgdir>
</imgdir>
<imgdir name="fail">
<imgdir name="0">
<string name="act" value="angry"/>
<string name="0" value="c15_f1"/>
<string name="1" value="c15_f2"/>
<string name="2" value="c15_f3"/>
<string name="3" value="c15_f4"/>
</imgdir>
</imgdir>
</imgdir>
<imgdir name="15">
<string name="command" value="c16"/>
<int name="inc" value="1"/>
<int name="prob" value="30"/>
<int name="l0" value="10"/>
<int name="l1" value="19"/>
<imgdir name="success">
<imgdir name="0">
<string name="act" value="sleep"/>
<string name="0" value="c16_s1"/>
<string name="1" value="c16_s2"/>
<string name="2" value="c16_s3"/>
<string name="3" value="c16_s4"/>
</imgdir>
</imgdir>
<imgdir name="fail">
<imgdir name="0">
<string name="act" value="angry"/>
<string name="0" value="c16_f1"/>
<string name="1" value="c16_f2"/>
<string name="2" value="c16_f3"/>
<string name="3" value="c16_f4"/>
</imgdir>
</imgdir>
</imgdir>
<imgdir name="16">
<string name="command" value="c17"/>
<int name="inc" value="2"/>
<int name="prob" value="45"/>
<int name="l0" value="20"/>
<int name="l1" value="29"/>
<imgdir name="success">
<imgdir name="0">
<string name="act" value="sleep"/>
<string name="0" value="c17_s1"/>
<string name="1" value="c17_s2"/>
<string name="2" value="c17_s3"/>
<string name="3" value="c17_s4"/>
</imgdir>
</imgdir>
<imgdir name="fail">
<imgdir name="0">
<string name="act" value="no"/>
<string name="0" value="c17_f1"/>
<string name="1" value="c17_f2"/>
<string name="2" value="c17_f3"/>
<string name="3" value="c17_f4"/>
</imgdir>
</imgdir>
</imgdir>
<imgdir name="17">
<string name="command" value="c18"/>
<int name="inc" value="3"/>
<int name="prob" value="60"/>
<int name="l0" value="30"/>
<int name="l1" value="30"/>
<imgdir name="success">
<imgdir name="0">
<string name="act" value="sleep"/>
<string name="0" value="c18_s1"/>
<string name="1" value="c18_s2"/>
<string name="2" value="c18_s3"/>
<string name="3" value="c18_s4"/>
</imgdir>
</imgdir>
<imgdir name="fail">
<imgdir name="0">
<string name="act" value="no"/>
<string name="0" value="c18_f1"/>
<string name="1" value="c18_f2"/>
<string name="2" value="c18_f3"/>
<string name="3" value="c18_f4"/>
</imgdir>
</imgdir>
</imgdir>
<imgdir name="18">
<string name="command" value="c19"/>
<int name="inc" value="1"/>
<int name="prob" value="30"/>
<int name="l0" value="10"/>
<int name="l1" value="19"/>
<imgdir name="success">
<imgdir name="0">
<string name="act" value="chat"/>
<string name="0" value="c19_s1"/>
<string name="1" value="c19_s2"/>
<string name="2" value="c19_s3"/>
<string name="3" value="c19_s4"/>
</imgdir>
</imgdir>
<imgdir name="fail">
<imgdir name="0">
<string name="act" value="no"/>
<string name="0" value="c19_f1"/>
<string name="1" value="c19_f2"/>
<string name="2" value="c19_f3"/>
<string name="3" value="c19_f4"/>
</imgdir>
</imgdir>
</imgdir>
<imgdir name="19">
<string name="command" value="c20"/>
<int name="inc" value="2"/>
<int name="prob" value="45"/>
<int name="l0" value="20"/>
<int name="l1" value="29"/>
<imgdir name="success">
<imgdir name="0">
<string name="act" value="chat"/>
<string name="0" value="c20_s1"/>
<string name="1" value="c20_s2"/>
<string name="2" value="c20_s3"/>
<string name="3" value="c20_s4"/>
</imgdir>
</imgdir>
<imgdir name="fail">
<imgdir name="0">
<string name="act" value="no"/>
<string name="0" value="c20_f1"/>
<string name="1" value="c20_f2"/>
<string name="2" value="c20_f3"/>
<string name="3" value="c20_f4"/>
</imgdir>
</imgdir>
</imgdir>
<imgdir name="20">
<string name="command" value="c21"/>
<int name="inc" value="3"/>
<int name="prob" value="60"/>
<int name="l0" value="30"/>
<int name="l1" value="30"/>
<imgdir name="success">
<imgdir name="0">
<string name="act" value="no"/>
<string name="0" value="c21_s1"/>
<string name="1" value="c21_s2"/>
<string name="2" value="c21_s3"/>
<string name="3" value="c21_s4"/>
</imgdir>
</imgdir>
<imgdir name="fail">
<imgdir name="0">
<string name="act" value="no"/>
<string name="0" value="c21_f1"/>
<string name="1" value="c21_f2"/>
<string name="2" value="c21_f3"/>
<string name="3" value="c21_f4"/>
</imgdir>
</imgdir>
</imgdir>
<imgdir name="21">
<string name="command" value="c22"/>
<int name="inc" value="2"/>
<int name="prob" value="50"/>
<int name="l0" value="20"/>
<int name="l1" value="29"/>
<imgdir name="success">
<imgdir name="0">
<string name="act" value="no"/>
<string name="0" value="c22_s1"/>
<string name="1" value="c22_s2"/>
<string name="2" value="c22_s3"/>
<string name="3" value="c22_s4"/>
</imgdir>
</imgdir>
<imgdir name="fail">
<imgdir name="0">
<string name="act" value="no"/>
<string name="0" value="c22_f1"/>
<string name="1" value="c22_f2"/>
<string name="2" value="c22_f3"/>
<string name="3" value="c22_f4"/>
</imgdir>
</imgdir>
</imgdir>
<imgdir name="22">
<string name="command" value="c23"/>
<int name="inc" value="3"/>
<int name="prob" value="60"/>
<int name="l0" value="30"/>
<int name="l1" value="30"/>
<imgdir name="success">
<imgdir name="0">
<string name="act" value="play"/>
<string name="0" value="c23_s1"/>
<string name="1" value="c23_s2"/>
<string name="2" value="c23_s3"/>
<string name="3" value="c23_s4"/>
</imgdir>
</imgdir>
<imgdir name="fail">
<imgdir name="0">
<string name="act" value="ignore"/>
<string name="0" value="c23_f1"/>
<string name="1" value="c23_f2"/>
<string name="2" value="c23_f3"/>
<string name="3" value="c23_f4"/>
</imgdir>
</imgdir>
</imgdir>
</imgdir>
<imgdir name="food">
<imgdir name="0">
<int name="l0" value="1"/>
<int name="l1" value="9"/>
<imgdir name="success">
<imgdir name="0">
<string name="act" value="eat"/>
<string name="0" value="f1_s"/>
</imgdir>
</imgdir>
<imgdir name="fail">
<imgdir name="0">
<string name="act" value="no"/>
<string name="0" value="f1_f"/>
</imgdir>
</imgdir>
</imgdir>
<imgdir name="1">
<int name="l0" value="10"/>
<int name="l1" value="19"/>
<imgdir name="success">
<imgdir name="0">
<string name="act" value="eat"/>
<string name="0" value="f2_s"/>
</imgdir>
</imgdir>
<imgdir name="fail">
<imgdir name="0">
<string name="act" value="no"/>
<string name="0" value="f2_f"/>
</imgdir>
</imgdir>
</imgdir>
<imgdir name="2">
<int name="l0" value="20"/>
<int name="l1" value="29"/>
<imgdir name="success">
<imgdir name="0">
<string name="act" value="eat"/>
<string name="0" value="f3_s"/>
</imgdir>
</imgdir>
<imgdir name="fail">
<imgdir name="0">
<string name="act" value="no"/>
<string name="0" value="f3_f"/>
</imgdir>
</imgdir>
</imgdir>
<imgdir name="3">
<int name="l0" value="30"/>
<int name="l1" value="30"/>
<imgdir name="success">
<imgdir name="0">
<string name="act" value="eat"/>
<string name="0" value="f4_s"/>
</imgdir>
</imgdir>
<imgdir name="fail">
<imgdir name="0">
<string name="act" value="no"/>
<string name="0" value="f4_f"/>
</imgdir>
</imgdir>
</imgdir>
</imgdir>
<imgdir name="slang">
<imgdir name="0">
<int name="l0" value="1"/>
<int name="l1" value="9"/>
<string name="act" value="ignore"/>
<string name="0" value="s1"/>
</imgdir>
<imgdir name="1">
<int name="l0" value="10"/>
<int name="l1" value="19"/>
<string name="act" value="ignore"/>
<string name="0" value="s2"/>
</imgdir>
<imgdir name="2">
<int name="l0" value="20"/>
<int name="l1" value="29"/>
<string name="act" value="angry"/>
<string name="0" value="s3"/>
</imgdir>
<imgdir name="3">
<int name="l0" value="30"/>
<int name="l1" value="30"/>
<string name="act" value="angry"/>
<string name="0" value="s4"/>
</imgdir>
</imgdir>
<imgdir name="stand0">
<canvas name="0" width="1" height="1">
<vector name="origin" x="18" y="48"/>
<int name="z" value="0"/>
<vector name="lt" x="-19" y="-49"/>
<vector name="rb" x="25" y="1"/>
<string name="_hash" value="cd829e14278993b933b3cb4b64800ce0a95d1e4218906d058a721483780a2d50"/>
<string name="_outlink" value="Item/Pet/5000484.img/stand0/0"/>
</canvas>
<canvas name="1" width="1" height="1">
<vector name="origin" x="18" y="47"/>
<int name="z" value="0"/>
<vector name="lt" x="-19" y="-49"/>
<vector name="rb" x="25" y="1"/>
<string name="_hash" value="2d99bf7de28590e42e30dd8929a61a1ba6708df78553f5f2ee9b3a0b984a3642"/>
<string name="_outlink" value="Item/Pet/5000484.img/stand0/1"/>
</canvas>
<canvas name="2" width="1" height="1">
<vector name="origin" x="18" y="47"/>
<int name="z" value="0"/>
<vector name="lt" x="-19" y="-49"/>
<vector name="rb" x="25" y="1"/>
<string name="_hash" value="a0fe1bc8cc70f0aa8e139ee9eebfb7351d13520b2cb51b14669ccec67cb43a22"/>
<string name="_outlink" value="Item/Pet/5000484.img/stand0/2"/>
</canvas>
<canvas name="3" width="1" height="1">
<vector name="origin" x="18" y="47"/>
<int name="z" value="0"/>
<vector name="lt" x="-19" y="-49"/>
<vector name="rb" x="25" y="1"/>
<string name="_outlink" value="Item/Pet/5000484.img/stand0/1"/>
</canvas>
</imgdir>
<imgdir name="stand1">
<canvas name="0" width="1" height="1">
<vector name="origin" x="18" y="48"/>
<int name="z" value="0"/>
<vector name="lt" x="-19" y="-49"/>
<vector name="rb" x="25" y="1"/>
<string name="_outlink" value="Item/Pet/5000484.img/stand0/0"/>
</canvas>
<canvas name="1" width="1" height="1">
<vector name="origin" x="18" y="47"/>
<int name="z" value="0"/>
<vector name="lt" x="-19" y="-49"/>
<vector name="rb" x="25" y="1"/>
<string name="_hash" value="fb5a8b089d275009ab22b49b00418a581d29e40b20f2dbfa71df04c2c11a6e67"/>
<string name="_outlink" value="Item/Pet/5000484.img/stand1/1"/>
</canvas>
<canvas name="2" width="1" height="1">
<vector name="origin" x="18" y="47"/>
<int name="z" value="0"/>
<vector name="lt" x="-19" y="-49"/>
<vector name="rb" x="25" y="1"/>
<string name="_outlink" value="Item/Pet/5000484.img/stand0/2"/>
</canvas>
<canvas name="3" width="1" height="1">
<vector name="origin" x="18" y="47"/>
<int name="z" value="0"/>
<vector name="lt" x="-19" y="-49"/>
<vector name="rb" x="25" y="1"/>
<string name="_outlink" value="Item/Pet/5000484.img/stand0/1"/>
</canvas>
</imgdir>
<imgdir name="rest0">
<canvas name="0" width="1" height="1">
<vector name="origin" x="18" y="41"/>
<int name="z" value="0"/>
<vector name="lt" x="-19" y="-49"/>
<vector name="rb" x="25" y="1"/>
<string name="_hash" value="2b71d1fcf0fcdd8aec8c1ed83b353eff89641a0c05cf14587661b7b75f6183f9"/>
<string name="_outlink" value="Item/Pet/5000484.img/rest0/0"/>
</canvas>
<canvas name="1" width="1" height="1">
<vector name="origin" x="18" y="41"/>
<int name="z" value="0"/>
<vector name="lt" x="-19" y="-49"/>
<vector name="rb" x="25" y="1"/>
<string name="_hash" value="5b7c6f8435e42776e57759065261cfd8842843f23b9117cfc61d1396a17caf71"/>
<string name="_outlink" value="Item/Pet/5000484.img/rest0/1"/>
</canvas>
<canvas name="2" width="1" height="1">
<vector name="origin" x="18" y="41"/>
<int name="z" value="0"/>
<vector name="lt" x="-19" y="-49"/>
<vector name="rb" x="25" y="1"/>
<string name="_outlink" value="Item/Pet/5000484.img/rest0/0"/>
</canvas>
<canvas name="3" width="1" height="1">
<vector name="origin" x="18" y="41"/>
<int name="z" value="0"/>
<vector name="lt" x="-19" y="-49"/>
<vector name="rb" x="25" y="1"/>
<string name="_outlink" value="Item/Pet/5000484.img/rest0/1"/>
</canvas>
<canvas name="4" width="1" height="1">
<vector name="origin" x="18" y="41"/>
<int name="z" value="0"/>
<vector name="lt" x="-19" y="-49"/>
<vector name="rb" x="25" y="1"/>
<string name="_outlink" value="Item/Pet/5000484.img/rest0/0"/>
</canvas>
<canvas name="5" width="1" height="1">
<vector name="origin" x="18" y="41"/>
<int name="z" value="0"/>
<vector name="lt" x="-19" y="-49"/>
<vector name="rb" x="25" y="1"/>
<string name="_outlink" value="Item/Pet/5000484.img/rest0/1"/>
</canvas>
<canvas name="6" width="1" height="1">
<vector name="origin" x="18" y="41"/>
<int name="z" value="0"/>
<vector name="lt" x="-19" y="-49"/>
<vector name="rb" x="25" y="1"/>
<string name="_outlink" value="Item/Pet/5000484.img/rest0/0"/>
</canvas>
<canvas name="7" width="1" height="1">
<vector name="origin" x="18" y="41"/>
<int name="z" value="0"/>
<vector name="lt" x="-19" y="-49"/>
<vector name="rb" x="25" y="1"/>
<string name="_outlink" value="Item/Pet/5000484.img/rest0/1"/>
</canvas>
</imgdir>
<imgdir name="move">
<canvas name="0" width="1" height="1">
<vector name="origin" x="18" y="48"/>
<int name="z" value="0"/>
<vector name="lt" x="-19" y="-49"/>
<vector name="rb" x="25" y="1"/>
<string name="_outlink" value="Item/Pet/5000484.img/stand0/0"/>
</canvas>
<canvas name="1" width="1" height="1">
<vector name="origin" x="18" y="47"/>
<int name="z" value="0"/>
<vector name="lt" x="-19" y="-49"/>
<vector name="rb" x="25" y="1"/>
<string name="_hash" value="7ee2bb01746a2e3b8bdb0307b609c918e42f386692c2fad494accf05ed439f75"/>
<string name="_outlink" value="Item/Pet/5000484.img/move/1"/>
</canvas>
<canvas name="2" width="1" height="1">
<vector name="origin" x="18" y="47"/>
<int name="z" value="0"/>
<vector name="lt" x="-19" y="-49"/>
<vector name="rb" x="25" y="1"/>
<string name="_hash" value="78b6bee043b8b2a6208e891cde4acddcc127a1ce0bbe2cf3ae39a1617d3f56f4"/>
<string name="_outlink" value="Item/Pet/5000484.img/move/2"/>
</canvas>
<canvas name="3" width="1" height="1">
<vector name="origin" x="18" y="47"/>
<int name="z" value="0"/>
<vector name="lt" x="-19" y="-49"/>
<vector name="rb" x="25" y="1"/>
<string name="_outlink" value="Item/Pet/5000484.img/move/1"/>
</canvas>
</imgdir>
<imgdir name="jump">
<canvas name="0" width="1" height="1">
<vector name="origin" x="18" y="55"/>
<int name="z" value="0"/>
<vector name="lt" x="-19" y="-49"/>
<vector name="rb" x="25" y="1"/>
<string name="_hash" value="c3cba4dff9c2fe738a03f067ac84adf655eff2594bcc9dcc4fb0bc32e3508bc7"/>
<string name="_outlink" value="Item/Pet/5000484.img/jump/0"/>
</canvas>
</imgdir>
<imgdir name="hang">
<canvas name="0" width="1" height="1">
<vector name="origin" x="19" y="50"/>
<int name="z" value="0"/>
<vector name="lt" x="-19" y="-49"/>
<vector name="rb" x="25" y="1"/>
<string name="_hash" value="0757cdef3cce786142361c36127b14b38a7e717aea62b807b2ecf7df0044793e"/>
<string name="_outlink" value="Item/Pet/5000484.img/hang/0"/>
</canvas>
</imgdir>
<imgdir name="hungry">
<canvas name="0" width="1" height="1">
<vector name="origin" x="23" y="48"/>
<int name="z" value="0"/>
<vector name="lt" x="-19" y="-49"/>
<vector name="rb" x="25" y="1"/>
<string name="_hash" value="ccec3f17bdf4e72e45a0364ff747ed078a02ff3a08d27362a4c69ff640e56dd4"/>
<string name="_outlink" value="Item/Pet/5000484.img/hungry/0"/>
</canvas>
<canvas name="1" width="1" height="1">
<vector name="origin" x="23" y="49"/>
<int name="z" value="0"/>
<vector name="lt" x="-19" y="-49"/>
<vector name="rb" x="25" y="1"/>
<string name="_hash" value="7da979f7e90dfef1822162e5b145e9cea8fc618cfaca924fd390806321206c17"/>
<string name="_outlink" value="Item/Pet/5000484.img/hungry/1"/>
</canvas>
<canvas name="2" width="1" height="1">
<vector name="origin" x="24" y="50"/>
<int name="z" value="0"/>
<vector name="lt" x="-19" y="-49"/>
<vector name="rb" x="25" y="1"/>
<string name="_hash" value="36536c19c93813b05f6c81351f5638e676bed68d83dc360363368869ee3947fa"/>
<string name="_outlink" value="Item/Pet/5000484.img/hungry/2"/>
</canvas>
<canvas name="3" width="1" height="1">
<vector name="origin" x="24" y="49"/>
<int name="z" value="0"/>
<vector name="lt" x="-19" y="-49"/>
<vector name="rb" x="25" y="1"/>
<string name="_hash" value="e6c72e9da3fda21a8713f3d226f92310e7ade3d1402b73830db74bbe4f278c91"/>
<string name="_outlink" value="Item/Pet/5000484.img/hungry/3"/>
</canvas>
</imgdir>
<imgdir name="angry">
<canvas name="0" width="1" height="1">
<vector name="origin" x="18" y="48"/>
<int name="z" value="0"/>
<vector name="lt" x="-19" y="-49"/>
<vector name="rb" x="25" y="1"/>
<string name="_hash" value="c917c1b3c05f58d4ef2ac865e9a1aaa5af48c1a23ac979453bad480a01f4157d"/>
<string name="_outlink" value="Item/Pet/5000484.img/angry/0"/>
</canvas>
<canvas name="1" width="1" height="1">
<vector name="origin" x="18" y="47"/>
<int name="z" value="0"/>
<vector name="lt" x="-19" y="-49"/>
<vector name="rb" x="25" y="1"/>
<string name="_hash" value="7757167f5529056d1fb5c78380170c2d627f09a13ad2c507ea5a905ac0399a83"/>
<string name="_outlink" value="Item/Pet/5000484.img/angry/1"/>
</canvas>
<canvas name="2" width="1" height="1">
<vector name="origin" x="30" y="50"/>
<int name="z" value="0"/>
<vector name="lt" x="-19" y="-49"/>
<vector name="rb" x="25" y="1"/>
<string name="_hash" value="933565fecb20c828b482be97487fc24a32b8ff86aac382f9aad3f7a8d694536a"/>
<string name="_outlink" value="Item/Pet/5000484.img/angry/2"/>
</canvas>
<canvas name="3" width="1" height="1">
<vector name="origin" x="28" y="52"/>
<int name="z" value="0"/>
<vector name="lt" x="-19" y="-49"/>
<vector name="rb" x="25" y="1"/>
<string name="_hash" value="b529a577d3c007675321562bb2728a5b2d062726cc285f0296c65d9f5cd06151"/>
<string name="_outlink" value="Item/Pet/5000484.img/angry/3"/>
</canvas>
<canvas name="4" width="1" height="1">
<vector name="origin" x="30" y="50"/>
<int name="z" value="0"/>
<vector name="lt" x="-19" y="-49"/>
<vector name="rb" x="25" y="1"/>
<string name="_hash" value="cd48667a4e57c84c1d699d13643b7201c4823581b68ba7c937ab03d897fa5481"/>
<string name="_outlink" value="Item/Pet/5000484.img/angry/4"/>
</canvas>
<canvas name="5" width="1" height="1">
<vector name="origin" x="28" y="52"/>
<int name="z" value="0"/>
<vector name="lt" x="-19" y="-49"/>
<vector name="rb" x="25" y="1"/>
<string name="_outlink" value="Item/Pet/5000484.img/angry/3"/>
</canvas>
<canvas name="6" width="1" height="1">
<vector name="origin" x="30" y="50"/>
<int name="z" value="0"/>
<vector name="lt" x="-19" y="-49"/>
<vector name="rb" x="25" y="1"/>
<string name="_outlink" value="Item/Pet/5000484.img/angry/2"/>
</canvas>
<canvas name="7" width="1" height="1">
<vector name="origin" x="28" y="52"/>
<int name="z" value="0"/>
<vector name="lt" x="-19" y="-49"/>
<vector name="rb" x="25" y="1"/>
<string name="_outlink" value="Item/Pet/5000484.img/angry/3"/>
</canvas>
</imgdir>
<imgdir name="chat">
<canvas name="0" width="1" height="1">
<vector name="origin" x="18" y="48"/>
<int name="z" value="0"/>
<vector name="lt" x="-19" y="-49"/>
<vector name="rb" x="25" y="1"/>
<string name="_outlink" value="Item/Pet/5000484.img/stand0/0"/>
</canvas>
<canvas name="1" width="1" height="1">
<vector name="origin" x="18" y="47"/>
<int name="z" value="0"/>
<vector name="lt" x="-19" y="-49"/>
<vector name="rb" x="25" y="1"/>
<string name="_hash" value="f5f700954aa4047f5c30882b19812a0f88859526e2556ba4a1e03ea8c1416966"/>
<string name="_outlink" value="Item/Pet/5000484.img/chat/1"/>
</canvas>
<canvas name="2" width="1" height="1">
<vector name="origin" x="18" y="47"/>
<int name="z" value="0"/>
<vector name="lt" x="-19" y="-49"/>
<vector name="rb" x="25" y="1"/>
<string name="_outlink" value="Item/Pet/5000484.img/stand0/2"/>
</canvas>
<canvas name="3" width="1" height="1">
<vector name="origin" x="18" y="47"/>
<int name="z" value="0"/>
<vector name="lt" x="-19" y="-49"/>
<vector name="rb" x="25" y="1"/>
<string name="_outlink" value="Item/Pet/5000484.img/chat/1"/>
</canvas>
</imgdir>
<imgdir name="love">
<canvas name="0" width="1" height="1">
<vector name="origin" x="18" y="48"/>
<int name="z" value="0"/>
<vector name="lt" x="-19" y="-49"/>
<vector name="rb" x="25" y="1"/>
<string name="_hash" value="7e9f0434fb041057631fe7700abb5dd7edf9dfaeacc74d0001af0d7ec0af8ddb"/>
<string name="_outlink" value="Item/Pet/5000484.img/love/0"/>
</canvas>
<canvas name="1" width="1" height="1">
<vector name="origin" x="18" y="47"/>
<int name="z" value="0"/>
<vector name="lt" x="-19" y="-49"/>
<vector name="rb" x="25" y="1"/>
<string name="_hash" value="16dc2caf60dc7ac3cfaffb4bcb8b5b9a732a41b5b509dad7ce6671d0a9def471"/>
<string name="_outlink" value="Item/Pet/5000484.img/love/1"/>
</canvas>
<canvas name="2" width="1" height="1">
<vector name="origin" x="18" y="47"/>
<int name="z" value="0"/>
<vector name="lt" x="-19" y="-49"/>
<vector name="rb" x="25" y="1"/>
<string name="_hash" value="d3710c154a13f0983f3919ed0ac7e1e2b0ce706d06f01f6a1128f140bb053986"/>
<string name="_outlink" value="Item/Pet/5000484.img/love/2"/>
</canvas>
<canvas name="3" width="1" height="1">
<vector name="origin" x="18" y="47"/>
<int name="z" value="0"/>
<vector name="lt" x="-19" y="-49"/>
<vector name="rb" x="25" y="1"/>
<string name="_outlink" value="Item/Pet/5000484.img/love/1"/>
</canvas>
</imgdir>
<imgdir name="eat">
<canvas name="0" width="1" height="1">
<vector name="origin" x="18" y="48"/>
<int name="z" value="0"/>
<vector name="lt" x="-19" y="-49"/>
<vector name="rb" x="25" y="1"/>
<string name="_hash" value="ff8e0f6d441870a424bf5f971ed24bb09076ed560c9d48b43a879872eb315d2a"/>
<string name="_outlink" value="Item/Pet/5000484.img/eat/0"/>
</canvas>
<canvas name="1" width="1" height="1">
<vector name="origin" x="18" y="47"/>
<int name="z" value="0"/>
<vector name="lt" x="-19" y="-49"/>
<vector name="rb" x="25" y="1"/>
<string name="_hash" value="f9dc7b1f507a0df5ef6e6ed33eeeed52ccb984f2b706e771df6885091a686bcc"/>
<string name="_outlink" value="Item/Pet/5000484.img/eat/1"/>
</canvas>
<canvas name="2" width="1" height="1">
<vector name="origin" x="18" y="47"/>
<int name="z" value="0"/>
<vector name="lt" x="-19" y="-49"/>
<vector name="rb" x="25" y="1"/>
<string name="_hash" value="c676d0a73a60be5f224cf88967033ecc7b78061433efa6e4fd0f11fb32a7c527"/>
<string name="_outlink" value="Item/Pet/5000484.img/eat/2"/>
</canvas>
<canvas name="3" width="1" height="1">
<vector name="origin" x="18" y="47"/>
<int name="z" value="0"/>
<vector name="lt" x="-19" y="-49"/>
<vector name="rb" x="25" y="1"/>
<string name="_outlink" value="Item/Pet/5000484.img/eat/1"/>
</canvas>
</imgdir>
<imgdir name="dung">
<canvas name="0" width="1" height="1">
<vector name="origin" x="17" y="50"/>
<int name="z" value="0"/>
<int name="delay" value="210"/>
<vector name="lt" x="-19" y="-49"/>
<vector name="rb" x="25" y="1"/>
<string name="_hash" value="8494d911ecd12bdc24b81806caf0314af0e27ed01742df2e40d5cba8393be74b"/>
<string name="_outlink" value="Item/Pet/5000484.img/dung/0"/>
</canvas>
<canvas name="1" width="1" height="1">
<vector name="origin" x="17" y="49"/>
<int name="z" value="0"/>
<int name="delay" value="150"/>
<vector name="lt" x="-19" y="-49"/>
<vector name="rb" x="25" y="1"/>
<string name="_hash" value="703921091dcd5066079484cfc8b5c24ea901c469115776ac4bbde9161d106c8d"/>
<string name="_outlink" value="Item/Pet/5000484.img/dung/1"/>
</canvas>
<canvas name="2" width="1" height="1">
<vector name="origin" x="18" y="49"/>
<int name="z" value="0"/>
<int name="delay" value="150"/>
<vector name="lt" x="-19" y="-49"/>
<vector name="rb" x="25" y="1"/>
<string name="_hash" value="0a93573bf91e8f4bdc44170141a3d4bb1df27ea3e07df3489ca1ef3a40ece78b"/>
<string name="_outlink" value="Item/Pet/5000484.img/dung/2"/>
</canvas>
<canvas name="3" width="1" height="1">
<vector name="origin" x="17" y="49"/>
<int name="z" value="0"/>
<int name="delay" value="150"/>
<vector name="lt" x="-19" y="-49"/>
<vector name="rb" x="25" y="1"/>
<string name="_hash" value="6faddd69ed0e4a9770e15c55d3da8fed30898f6c01e64bf0bfd19917a96646b2"/>
<string name="_outlink" value="Item/Pet/5000484.img/dung/3"/>
</canvas>
<canvas name="4" width="1" height="1">
<vector name="origin" x="18" y="49"/>
<int name="z" value="0"/>
<int name="delay" value="150"/>
<vector name="lt" x="-19" y="-49"/>
<vector name="rb" x="25" y="1"/>
<string name="_hash" value="37890ee6604c7c423f11c1653553035da615a17f7ca5b16d1623f558064bdf17"/>
<string name="_outlink" value="Item/Pet/5000484.img/dung/4"/>
</canvas>
<canvas name="5" width="1" height="1">
<vector name="origin" x="17" y="49"/>
<int name="z" value="0"/>
<int name="delay" value="150"/>
<vector name="lt" x="-19" y="-49"/>
<vector name="rb" x="25" y="1"/>
<string name="_outlink" value="Item/Pet/5000484.img/dung/3"/>
</canvas>
<canvas name="6" width="1" height="1">
<vector name="origin" x="18" y="49"/>
<int name="z" value="0"/>
<int name="delay" value="150"/>
<vector name="lt" x="-19" y="-49"/>
<vector name="rb" x="25" y="1"/>
<string name="_hash" value="cb644ee8f1d18a1a6aa84a73cb8210d1ef2a359118f3b42d02325fa1b409644a"/>
<string name="_outlink" value="Item/Pet/5000484.img/dung/6"/>
</canvas>
<canvas name="7" width="1" height="1">
<vector name="origin" x="17" y="50"/>
<int name="z" value="0"/>
<int name="delay" value="150"/>
<vector name="lt" x="-19" y="-49"/>
<vector name="rb" x="25" y="1"/>
<string name="_outlink" value="Item/Pet/5000484.img/dung/0"/>
</canvas>
</imgdir>
<imgdir name="sleep">
<canvas name="0" width="1" height="1">
<vector name="origin" x="19" y="40"/>
<int name="z" value="0"/>
<vector name="lt" x="-19" y="-49"/>
<vector name="rb" x="25" y="1"/>
<string name="_hash" value="79fc1817c38b51a4ca91d696746b498ad5f5235bd618acbc0258a10cf5c93a83"/>
<string name="_outlink" value="Item/Pet/5000484.img/sleep/0"/>
</canvas>
<canvas name="1" width="1" height="1">
<vector name="origin" x="19" y="41"/>
<int name="z" value="0"/>
<vector name="lt" x="-19" y="-49"/>
<vector name="rb" x="25" y="1"/>
<string name="_hash" value="07f74ef5bf04118d2b4fa0790ef2e7076837f44d3484026c5e9a1e60967408cb"/>
<string name="_outlink" value="Item/Pet/5000484.img/sleep/1"/>
</canvas>
<canvas name="2" width="1" height="1">
<vector name="origin" x="25" y="40"/>
<int name="z" value="0"/>
<vector name="lt" x="-19" y="-49"/>
<vector name="rb" x="25" y="1"/>
<string name="_hash" value="c9a586c818ef68df9e949d212078b8bf58f1e36598d8737dee575eb488d61ff8"/>
<string name="_outlink" value="Item/Pet/5000484.img/sleep/2"/>
</canvas>
<canvas name="3" width="1" height="1">
<vector name="origin" x="26" y="39"/>
<int name="z" value="0"/>
<vector name="lt" x="-19" y="-49"/>
<vector name="rb" x="25" y="1"/>
<string name="_hash" value="bc1270438063ebde361249c637af8b746146ffbb0c3bc0833f5a05e6455e1af1"/>
<string name="_outlink" value="Item/Pet/5000484.img/sleep/3"/>
</canvas>
<canvas name="4" width="1" height="1">
<vector name="origin" x="27" y="39"/>
<int name="z" value="0"/>
<vector name="lt" x="-19" y="-49"/>
<vector name="rb" x="25" y="1"/>
<string name="_hash" value="e14bbf42d09e5f87dc8c85df2faa40ce01fde0552a7c3e564619dc4a8d89f253"/>
<string name="_outlink" value="Item/Pet/5000484.img/sleep/4"/>
</canvas>
<canvas name="5" width="1" height="1">
<vector name="origin" x="27" y="39"/>
<int name="z" value="0"/>
<vector name="lt" x="-19" y="-49"/>
<vector name="rb" x="25" y="1"/>
<string name="_hash" value="2c77ffa849f246eb1507b342d552fd6808f382f4bdb9a889ac2813380eb57d5c"/>
<string name="_outlink" value="Item/Pet/5000484.img/sleep/5"/>
</canvas>
<canvas name="6" width="1" height="1">
<vector name="origin" x="27" y="39"/>
<int name="z" value="0"/>
<vector name="lt" x="-19" y="-49"/>
<vector name="rb" x="25" y="1"/>
<string name="_hash" value="fc6a902dc5f560564f313dbf8b120c506e9032a5170109d27efdab14389a8188"/>
<string name="_outlink" value="Item/Pet/5000484.img/sleep/6"/>
</canvas>
<canvas name="7" width="1" height="1">
<vector name="origin" x="26" y="39"/>
<int name="z" value="0"/>
<vector name="lt" x="-19" y="-49"/>
<vector name="rb" x="25" y="1"/>
<string name="_hash" value="465fa2ba1067aca94cf142196114e45550bbef8481f26fd1dfd6fc874f60f8e5"/>
<string name="_outlink" value="Item/Pet/5000484.img/sleep/7"/>
</canvas>
</imgdir>
<imgdir name="cry">
<canvas name="0" width="1" height="1">
<vector name="origin" x="19" y="47"/>
<int name="z" value="0"/>
<vector name="lt" x="-19" y="-49"/>
<vector name="rb" x="25" y="1"/>
<string name="_hash" value="a22d6644861923abf1ebd52d17c657763ab359e1a7da6d25d6a2dfdb7dc4b454"/>
<string name="_outlink" value="Item/Pet/5000484.img/cry/0"/>
</canvas>
<canvas name="1" width="1" height="1">
<vector name="origin" x="19" y="46"/>
<int name="z" value="0"/>
<vector name="lt" x="-19" y="-49"/>
<vector name="rb" x="25" y="1"/>
<string name="_hash" value="cb100f38f1b1c36382bcc932053c89bac9d264b899ec7368757952ba475431ff"/>
<string name="_outlink" value="Item/Pet/5000484.img/cry/1"/>
</canvas>
<canvas name="2" width="1" height="1">
<vector name="origin" x="19" y="45"/>
<int name="z" value="0"/>
<vector name="lt" x="-19" y="-49"/>
<vector name="rb" x="25" y="1"/>
<string name="_hash" value="adb8b9d398f060361777629575e4e4bdfea38c2de75bd43078df59ad4d83f4dd"/>
<string name="_outlink" value="Item/Pet/5000484.img/cry/2"/>
</canvas>
<canvas name="3" width="1" height="1">
<vector name="origin" x="19" y="46"/>
<int name="z" value="0"/>
<vector name="lt" x="-19" y="-49"/>
<vector name="rb" x="25" y="1"/>
<string name="_outlink" value="Item/Pet/5000484.img/cry/1"/>
</canvas>
</imgdir>
<imgdir name="sit">
<canvas name="0" width="1" height="1">
<vector name="origin" x="18" y="41"/>
<int name="z" value="0"/>
<vector name="lt" x="-19" y="-49"/>
<vector name="rb" x="25" y="1"/>
<string name="_outlink" value="Item/Pet/5000484.img/rest0/0"/>
</canvas>
<canvas name="1" width="1" height="1">
<vector name="origin" x="18" y="41"/>
<int name="z" value="0"/>
<vector name="lt" x="-19" y="-49"/>
<vector name="rb" x="25" y="1"/>
<string name="_outlink" value="Item/Pet/5000484.img/rest0/1"/>
</canvas>
<canvas name="2" width="1" height="1">
<vector name="origin" x="18" y="41"/>
<int name="z" value="0"/>
<vector name="lt" x="-19" y="-49"/>
<vector name="rb" x="25" y="1"/>
<string name="_outlink" value="Item/Pet/5000484.img/rest0/0"/>
</canvas>
<canvas name="3" width="1" height="1">
<vector name="origin" x="18" y="41"/>
<int name="z" value="0"/>
<vector name="lt" x="-19" y="-49"/>
<vector name="rb" x="25" y="1"/>
<string name="_outlink" value="Item/Pet/5000484.img/rest0/1"/>
</canvas>
<canvas name="4" width="1" height="1">
<vector name="origin" x="18" y="41"/>
<int name="z" value="0"/>
<vector name="lt" x="-19" y="-49"/>
<vector name="rb" x="25" y="1"/>
<string name="_outlink" value="Item/Pet/5000484.img/rest0/0"/>
</canvas>
<canvas name="5" width="1" height="1">
<vector name="origin" x="18" y="41"/>
<int name="z" value="0"/>
<vector name="lt" x="-19" y="-49"/>
<vector name="rb" x="25" y="1"/>
<string name="_outlink" value="Item/Pet/5000484.img/rest0/1"/>
</canvas>
<canvas name="6" width="1" height="1">
<vector name="origin" x="18" y="41"/>
<int name="z" value="0"/>
<vector name="lt" x="-19" y="-49"/>
<vector name="rb" x="25" y="1"/>
<string name="_outlink" value="Item/Pet/5000484.img/rest0/0"/>
</canvas>
<canvas name="7" width="1" height="1">
<vector name="origin" x="18" y="41"/>
<int name="z" value="0"/>
<vector name="lt" x="-19" y="-49"/>
<vector name="rb" x="25" y="1"/>
<string name="_outlink" value="Item/Pet/5000484.img/rest0/1"/>
</canvas>
</imgdir>
<imgdir name="fly">
<canvas name="0" width="1" height="1">
<vector name="origin" x="18" y="48"/>
<int name="z" value="0"/>
<vector name="lt" x="-19" y="-49"/>
<vector name="rb" x="25" y="1"/>
<string name="_outlink" value="Item/Pet/5000484.img/stand0/0"/>
</canvas>
<canvas name="1" width="1" height="1">
<vector name="origin" x="18" y="47"/>
<int name="z" value="0"/>
<vector name="lt" x="-19" y="-49"/>
<vector name="rb" x="25" y="1"/>
<string name="_outlink" value="Item/Pet/5000484.img/move/1"/>
</canvas>
<canvas name="2" width="1" height="1">
<vector name="origin" x="18" y="47"/>
<int name="z" value="0"/>
<vector name="lt" x="-19" y="-49"/>
<vector name="rb" x="25" y="1"/>
<string name="_outlink" value="Item/Pet/5000484.img/move/2"/>
</canvas>
<canvas name="3" width="1" height="1">
<vector name="origin" x="18" y="47"/>
<int name="z" value="0"/>
<vector name="lt" x="-19" y="-49"/>
<vector name="rb" x="25" y="1"/>
<string name="_outlink" value="Item/Pet/5000484.img/move/1"/>
</canvas>
</imgdir>
<imgdir name="no">
<canvas name="0" width="1" height="1">
<vector name="origin" x="19" y="47"/>
<int name="z" value="0"/>
<vector name="lt" x="-19" y="-49"/>
<vector name="rb" x="25" y="1"/>
<string name="_hash" value="ea7230d7dff6fbe0cb920d78309f1b2e94f4aba05a93ebdfcd241f4380d1e597"/>
<string name="_outlink" value="Item/Pet/5000484.img/no/0"/>
</canvas>
<canvas name="1" width="1" height="1">
<vector name="origin" x="19" y="46"/>
<int name="z" value="0"/>
<vector name="lt" x="-19" y="-49"/>
<vector name="rb" x="25" y="1"/>
<string name="_hash" value="c7b9218d13840afe7d349cf567400e1095164239da53fe9538b165c23ac68e11"/>
<string name="_outlink" value="Item/Pet/5000484.img/no/1"/>
</canvas>
<canvas name="2" width="1" height="1">
<vector name="origin" x="25" y="45"/>
<int name="z" value="0"/>
<vector name="lt" x="-19" y="-49"/>
<vector name="rb" x="25" y="1"/>
<string name="_hash" value="838c49e66be041ffea671e3ed9e3e35b6f899bd3d16e062a8e8124ed0fa622c3"/>
<string name="_outlink" value="Item/Pet/5000484.img/no/2"/>
</canvas>
<canvas name="3" width="1" height="1">
<vector name="origin" x="25" y="53"/>
<int name="z" value="0"/>
<vector name="lt" x="-19" y="-49"/>
<vector name="rb" x="25" y="1"/>
<string name="_hash" value="2011c302f732c19c5447983951076e8f19db12b93b6f772b03e3308366a7c442"/>
<string name="_outlink" value="Item/Pet/5000484.img/no/3"/>
</canvas>
<canvas name="4" width="1" height="1">
<vector name="origin" x="25" y="53"/>
<int name="z" value="0"/>
<vector name="lt" x="-19" y="-49"/>
<vector name="rb" x="25" y="1"/>
<string name="_hash" value="42bc1eec97b1c5e330454c1a7febf74aa9f36de4dd2a958f35310cd733f2c37d"/>
<string name="_outlink" value="Item/Pet/5000484.img/no/4"/>
</canvas>
<canvas name="5" width="1" height="1">
<vector name="origin" x="25" y="53"/>
<int name="z" value="0"/>
<vector name="lt" x="-19" y="-49"/>
<vector name="rb" x="25" y="1"/>
<string name="_hash" value="8361d391a89119066686160a67f88be2322322913843e7ff50750e531c23cc29"/>
<string name="_outlink" value="Item/Pet/5000484.img/no/5"/>
</canvas>
<canvas name="6" width="1" height="1">
<vector name="origin" x="25" y="53"/>
<int name="z" value="0"/>
<vector name="lt" x="-19" y="-49"/>
<vector name="rb" x="25" y="1"/>
<string name="_hash" value="efa941c1b16fa7443c8d0333156e8c114f8306d012235e4529adf4c64bba8c4d"/>
<string name="_outlink" value="Item/Pet/5000484.img/no/6"/>
</canvas>
<canvas name="7" width="1" height="1">
<vector name="origin" x="20" y="53"/>
<int name="z" value="0"/>
<vector name="lt" x="-19" y="-49"/>
<vector name="rb" x="25" y="1"/>
<string name="_hash" value="e76ebea5bd15603632429ba03be048f26462f1ae03f902bb4d37ae0728079a39"/>
<string name="_outlink" value="Item/Pet/5000484.img/no/7"/>
</canvas>
</imgdir>
</imgdir>
