<?xml version="1.0" encoding="UTF-8" standalone="yes"?>
<imgdir name="5000321.img">
<imgdir name="info">
<canvas name="icon" width="34" height="27">
<vector name="origin" x="1" y="27"/>
<string name="_hash" value="6cd60cdc93822b2cc5c3f32bd0c1ffa6ac1d5d27b9fba6796b913d3f092140b2"/>
</canvas>
<canvas name="iconRaw" width="34" height="24">
<vector name="origin" x="1" y="27"/>
<string name="_hash" value="de9e06f1518789dc2d828a5dc020445e1726c1d1703423f35ebfdb50b431cf29"/>
</canvas>
<canvas name="iconD" width="31" height="30">
<vector name="origin" x="0" y="30"/>
<string name="_hash" value="35101486837ca4bc97549905750f95d5af2f40536a95758b72461b0df9b3a2ab"/>
</canvas>
<canvas name="iconRawD" width="31" height="28">
<vector name="origin" x="0" y="30"/>
<string name="_hash" value="b7e247d90ad7c5b7c6772d61f47056b739d4e91506f1a810343e9b1db3ce878b"/>
</canvas>
<int name="hungry" value="2"/>
<int name="cash" value="1"/>
<int name="nameTag" value="130"/>
<int name="chatBalloon" value="130"/>
<int name="multiPet" value="1"/>
<int name="life" value="90"/>
<int name="pickupItem" value="1"/>
<int name="autoBuff" value="1"/>
<int name="setItemID" value="300"/>
</imgdir>
<imgdir name="interact">
<imgdir name="0">
<string name="command" value="c1"/>
<int name="inc" value="1"/>
<int name="prob" value="30"/>
<int name="l0" value="1"/>
<int name="l1" value="9"/>
<imgdir name="success">
<imgdir name="0">
<string name="act" value="rest0"/>
<string name="0" value="c1_s1"/>
<string name="1" value="c1_s2"/>
</imgdir>
</imgdir>
<imgdir name="fail">
<imgdir name="0">
<string name="act" value="chat"/>
<string name="0" value="c1_f1"/>
<string name="1" value="c1_f2"/>
</imgdir>
</imgdir>
</imgdir>
<imgdir name="1">
<string name="command" value="c2"/>
<int name="inc" value="2"/>
<int name="prob" value="45"/>
<int name="l0" value="10"/>
<int name="l1" value="19"/>
<imgdir name="success">
<imgdir name="0">
<string name="act" value="rest0"/>
<string name="0" value="c2_s1"/>
<string name="1" value="c2_s2"/>
<string name="2" value="c2_s3"/>
<string name="3" value="c2_s4"/>
</imgdir>
</imgdir>
<imgdir name="fail">
<imgdir name="0">
<string name="act" value="chat"/>
<string name="0" value="c2_f1"/>
<string name="1" value="c2_f2"/>
<string name="2" value="c2_f3"/>
<string name="3" value="c2_f4"/>
</imgdir>
</imgdir>
</imgdir>
<imgdir name="2">
<string name="command" value="c3"/>
<int name="inc" value="3"/>
<int name="prob" value="60"/>
<int name="l0" value="20"/>
<int name="l1" value="29"/>
<imgdir name="success">
<imgdir name="0">
<string name="act" value="rest0"/>
<string name="0" value="c3_s1"/>
<string name="1" value="c3_s2"/>
<string name="2" value="c3_s3"/>
<string name="3" value="c3_s4"/>
</imgdir>
</imgdir>
<imgdir name="fail">
<imgdir name="0">
<string name="act" value="cry"/>
<string name="0" value="c3_f1"/>
<string name="1" value="c3_f2"/>
<string name="2" value="c3_f3"/>
<string name="3" value="c3_f4"/>
</imgdir>
</imgdir>
</imgdir>
<imgdir name="3">
<string name="command" value="c4"/>
<int name="inc" value="2"/>
<int name="prob" value="70"/>
<int name="l0" value="30"/>
<int name="l1" value="30"/>
<imgdir name="success">
<imgdir name="0">
<string name="act" value="rest0"/>
<string name="0" value="c4_s1"/>
<string name="1" value="c4_s2"/>
<string name="2" value="c4_s3"/>
<string name="3" value="c4_s4"/>
</imgdir>
</imgdir>
<imgdir name="fail">
<imgdir name="0">
<string name="act" value="angry"/>
<string name="0" value="c4_f1"/>
<string name="1" value="c4_f2"/>
<string name="2" value="c4_f3"/>
<string name="3" value="c4_f4"/>
</imgdir>
</imgdir>
</imgdir>
<imgdir name="4">
<string name="command" value="c5"/>
<int name="inc" value="1"/>
<int name="prob" value="30"/>
<int name="l0" value="1"/>
<int name="l1" value="9"/>
<imgdir name="success">
<imgdir name="0">
<string name="act" value="cry"/>
<string name="0" value="c5_s1"/>
<string name="1" value="c5_s2"/>
</imgdir>
</imgdir>
<imgdir name="fail">
<imgdir name="0">
<string name="act" value="chat"/>
<string name="0" value="c5_f1"/>
<string name="1" value="c5_f2"/>
</imgdir>
</imgdir>
</imgdir>
<imgdir name="5">
<string name="command" value="c6"/>
<int name="inc" value="2"/>
<int name="prob" value="50"/>
<int name="l0" value="10"/>
<int name="l1" value="19"/>
<imgdir name="success">
<imgdir name="0">
<string name="act" value="cry"/>
<string name="0" value="c6_s1"/>
<string name="1" value="c6_s2"/>
<string name="2" value="c6_s3"/>
<string name="3" value="c6_s4"/>
</imgdir>
</imgdir>
<imgdir name="fail">
<imgdir name="0">
<string name="act" value="chat"/>
<string name="0" value="c6_f1"/>
<string name="1" value="c6_f2"/>
<string name="2" value="c6_f3"/>
<string name="3" value="c6_f4"/>
</imgdir>
</imgdir>
</imgdir>
<imgdir name="6">
<string name="command" value="c7"/>
<int name="inc" value="2"/>
<int name="prob" value="60"/>
<int name="l0" value="20"/>
<int name="l1" value="29"/>
<imgdir name="success">
<imgdir name="0">
<string name="act" value="cry"/>
<string name="0" value="c7_s1"/>
<string name="1" value="c7_s2"/>
<string name="2" value="c7_s3"/>
<string name="3" value="c7_s4"/>
</imgdir>
</imgdir>
<imgdir name="fail">
<imgdir name="0">
<string name="act" value="angry"/>
<string name="0" value="c7_f1"/>
<string name="1" value="c7_f2"/>
<string name="2" value="c7_f3"/>
<string name="3" value="c7_f4"/>
</imgdir>
</imgdir>
</imgdir>
<imgdir name="7">
<string name="command" value="c8"/>
<int name="inc" value="3"/>
<int name="prob" value="70"/>
<int name="l0" value="30"/>
<int name="l1" value="30"/>
<imgdir name="success">
<imgdir name="0">
<string name="act" value="cry"/>
<string name="0" value="c8_s1"/>
<string name="1" value="c8_s2"/>
<string name="2" value="c8_s3"/>
<string name="3" value="c8_s4"/>
</imgdir>
</imgdir>
<imgdir name="fail">
<imgdir name="0">
<string name="act" value="chat"/>
<string name="0" value="c8_f1"/>
<string name="1" value="c8_f2"/>
<string name="2" value="c8_f3"/>
<string name="3" value="c8_f4"/>
</imgdir>
</imgdir>
</imgdir>
<imgdir name="8">
<string name="command" value="c9"/>
<int name="inc" value="1"/>
<int name="prob" value="30"/>
<int name="l0" value="1"/>
<int name="l1" value="9"/>
<imgdir name="success">
<imgdir name="0">
<string name="act" value="love"/>
<string name="0" value="c9_s1"/>
<string name="1" value="c9_s2"/>
</imgdir>
</imgdir>
<imgdir name="fail">
<imgdir name="0">
<string name="act" value="cry"/>
<string name="0" value="c9_f1"/>
<string name="1" value="c9_f2"/>
</imgdir>
</imgdir>
</imgdir>
<imgdir name="9">
<string name="command" value="c10"/>
<int name="inc" value="2"/>
<int name="prob" value="50"/>
<int name="l0" value="10"/>
<int name="l1" value="19"/>
<imgdir name="success">
<imgdir name="0">
<string name="act" value="love"/>
<string name="0" value="c10_s1"/>
<string name="1" value="c10_s2"/>
<string name="2" value="c10_s3"/>
<string name="3" value="c10_s4"/>
</imgdir>
</imgdir>
<imgdir name="fail">
<imgdir name="0">
<string name="act" value="chat"/>
<string name="0" value="c10_f1"/>
<string name="1" value="c10_f2"/>
<string name="2" value="c10_f3"/>
<string name="3" value="c10_f4"/>
</imgdir>
</imgdir>
</imgdir>
<imgdir name="10">
<string name="command" value="c11"/>
<int name="inc" value="2"/>
<int name="prob" value="60"/>
<int name="l0" value="20"/>
<int name="l1" value="29"/>
<imgdir name="success">
<imgdir name="0">
<string name="act" value="love"/>
<string name="0" value="c11_s1"/>
<string name="1" value="c11_s2"/>
<string name="2" value="c11_s3"/>
<string name="3" value="c11_s4"/>
</imgdir>
</imgdir>
<imgdir name="fail">
<imgdir name="0">
<string name="act" value="angry"/>
<string name="0" value="c11_f1"/>
<string name="1" value="c11_f2"/>
<string name="2" value="c11_f3"/>
<string name="4" value="c11_f4"/>
</imgdir>
</imgdir>
</imgdir>
<imgdir name="11">
<string name="command" value="c12"/>
<int name="inc" value="3"/>
<int name="prob" value="70"/>
<int name="l0" value="30"/>
<int name="l1" value="30"/>
<imgdir name="success">
<imgdir name="0">
<string name="act" value="roll"/>
<string name="0" value="c12_s1"/>
<string name="1" value="c12_s2"/>
<string name="2" value="c12_s3"/>
<string name="3" value="c12_s4"/>
</imgdir>
</imgdir>
<imgdir name="fail">
<imgdir name="0">
<string name="act" value="chat"/>
<string name="0" value="c12_f1"/>
<string name="1" value="c12_f2"/>
<string name="2" value="c12_f3"/>
<string name="3" value="c12_f4"/>
</imgdir>
</imgdir>
</imgdir>
<imgdir name="12">
<string name="command" value="c13"/>
<int name="inc" value="1"/>
<int name="prob" value="30"/>
<int name="l0" value="10"/>
<int name="l1" value="19"/>
<imgdir name="success">
<imgdir name="0">
<string name="act" value="dung"/>
<string name="0" value="c13_s1"/>
<string name="1" value="c13_s2"/>
<string name="2" value="c13_s3"/>
<string name="3" value="c13_s4"/>
</imgdir>
</imgdir>
<imgdir name="fail">
<imgdir name="0">
<string name="act" value="cry"/>
<string name="0" value="c13_f1"/>
<string name="1" value="c13_f2"/>
<string name="2" value="c13_f3"/>
<string name="3" value="c13_f4"/>
</imgdir>
</imgdir>
</imgdir>
<imgdir name="13">
<string name="command" value="c14"/>
<int name="inc" value="2"/>
<int name="prob" value="50"/>
<int name="l0" value="20"/>
<int name="l1" value="29"/>
<imgdir name="success">
<imgdir name="0">
<string name="act" value="dung"/>
<string name="0" value="c14_s1"/>
<string name="1" value="c14_s2"/>
<string name="2" value="c14_s3"/>
<string name="3" value="c14_s4"/>
</imgdir>
</imgdir>
<imgdir name="fail">
<imgdir name="0">
<string name="act" value="cry"/>
<string name="0" value="c14_f1"/>
<string name="1" value="c14_f2"/>
<string name="2" value="c14_f3"/>
<string name="3" value="c14_f4"/>
</imgdir>
</imgdir>
</imgdir>
<imgdir name="14">
<string name="command" value="c15"/>
<int name="inc" value="3"/>
<int name="prob" value="70"/>
<int name="l0" value="30"/>
<int name="l1" value="30"/>
<imgdir name="success">
<imgdir name="0">
<string name="act" value="dung"/>
<string name="0" value="c15_s1"/>
<string name="1" value="c15_s2"/>
<string name="2" value="c15_s3"/>
<string name="3" value="c15_s4"/>
</imgdir>
</imgdir>
<imgdir name="fail">
<imgdir name="0">
<string name="act" value="angry"/>
<string name="0" value="c15_f1"/>
<string name="1" value="c15_f2"/>
<string name="2" value="c15_f3"/>
<string name="3" value="c15_f4"/>
</imgdir>
</imgdir>
</imgdir>
<imgdir name="15">
<string name="command" value="c16"/>
<int name="inc" value="1"/>
<int name="prob" value="30"/>
<int name="l0" value="10"/>
<int name="l1" value="19"/>
<imgdir name="success">
<imgdir name="0">
<string name="act" value="sleep"/>
<string name="0" value="c16_s1"/>
<string name="1" value="c16_s2"/>
<string name="2" value="c16_s3"/>
<string name="3" value="c16_s4"/>
</imgdir>
</imgdir>
<imgdir name="fail">
<imgdir name="0">
<string name="act" value="chat"/>
<string name="0" value="c16_f1"/>
<string name="1" value="c16_f2"/>
<string name="2" value="c16_f3"/>
<string name="3" value="c16_f4"/>
</imgdir>
</imgdir>
</imgdir>
<imgdir name="16">
<string name="command" value="c17"/>
<int name="inc" value="2"/>
<int name="prob" value="45"/>
<int name="l0" value="20"/>
<int name="l1" value="29"/>
<imgdir name="success">
<imgdir name="0">
<string name="act" value="sleep"/>
<string name="0" value="c17_s1"/>
<string name="1" value="c17_s2"/>
<string name="2" value="c17_s3"/>
<string name="3" value="c17_s4"/>
</imgdir>
</imgdir>
<imgdir name="fail">
<imgdir name="0">
<string name="act" value="cry"/>
<string name="0" value="c17_f1"/>
<string name="1" value="c17_f2"/>
<string name="2" value="c17_f3"/>
<string name="3" value="c17_f4"/>
</imgdir>
</imgdir>
</imgdir>
<imgdir name="17">
<string name="command" value="c18"/>
<int name="inc" value="3"/>
<int name="prob" value="60"/>
<int name="l0" value="30"/>
<int name="l1" value="30"/>
<imgdir name="success">
<imgdir name="0">
<string name="act" value="sleep"/>
<string name="0" value="c18_s1"/>
<string name="1" value="c18_s2"/>
<string name="2" value="c18_s3"/>
<string name="3" value="c18_s4"/>
</imgdir>
</imgdir>
<imgdir name="fail">
<imgdir name="0">
<string name="act" value="roll"/>
<string name="0" value="c18_f1"/>
<string name="1" value="c18_f2"/>
<string name="2" value="c18_f3"/>
<string name="3" value="c18_f4"/>
</imgdir>
</imgdir>
</imgdir>
<imgdir name="18">
<string name="command" value="c19"/>
<int name="inc" value="1"/>
<int name="prob" value="30"/>
<int name="l0" value="10"/>
<int name="l1" value="19"/>
<imgdir name="success">
<imgdir name="0">
<string name="act" value="love"/>
<string name="0" value="c19_s1"/>
<string name="1" value="c19_s2"/>
<string name="2" value="c19_s3"/>
<string name="3" value="c19_s4"/>
</imgdir>
</imgdir>
<imgdir name="fail">
<imgdir name="0">
<string name="act" value="chat"/>
<string name="0" value="c19_f1"/>
<string name="1" value="c19_f2"/>
<string name="2" value="c19_f3"/>
<string name="3" value="c19_f4"/>
</imgdir>
</imgdir>
</imgdir>
<imgdir name="19">
<string name="command" value="c20"/>
<int name="inc" value="2"/>
<int name="prob" value="45"/>
<int name="l0" value="20"/>
<int name="l1" value="29"/>
<imgdir name="success">
<imgdir name="0">
<string name="act" value="chat"/>
<string name="0" value="c20_s1"/>
<string name="1" value="c20_s2"/>
<string name="2" value="c20_s3"/>
<string name="3" value="c20_s4"/>
</imgdir>
</imgdir>
<imgdir name="fail">
<imgdir name="0">
<string name="act" value="cry"/>
<string name="0" value="c20_f1"/>
<string name="1" value="c20_f2"/>
<string name="2" value="c20_f3"/>
<string name="3" value="c20_f4"/>
</imgdir>
</imgdir>
</imgdir>
<imgdir name="20">
<string name="command" value="c21"/>
<int name="inc" value="3"/>
<int name="prob" value="60"/>
<int name="l0" value="30"/>
<int name="l1" value="30"/>
<imgdir name="success">
<imgdir name="0">
<string name="act" value="chat"/>
<string name="0" value="c21_s1"/>
<string name="1" value="c21_s2"/>
<string name="2" value="c21_s3"/>
<string name="3" value="c21_s4"/>
</imgdir>
</imgdir>
<imgdir name="fail">
<imgdir name="0">
<string name="act" value="angry"/>
<string name="0" value="c21_f1"/>
<string name="1" value="c21_f2"/>
<string name="2" value="c21_f3"/>
<string name="3" value="c21_f4"/>
</imgdir>
</imgdir>
</imgdir>
</imgdir>
<imgdir name="food">
<imgdir name="0">
<int name="l0" value="1"/>
<int name="l1" value="9"/>
<imgdir name="success">
<imgdir name="0">
<string name="act" value="eat"/>
<string name="0" value="f1_s"/>
</imgdir>
</imgdir>
<imgdir name="fail">
<imgdir name="0">
<string name="act" value="cry"/>
<string name="0" value="f1_f"/>
</imgdir>
</imgdir>
</imgdir>
<imgdir name="1">
<int name="l0" value="10"/>
<int name="l1" value="19"/>
<imgdir name="success">
<imgdir name="0">
<string name="act" value="eat"/>
<string name="0" value="f2_s"/>
</imgdir>
</imgdir>
<imgdir name="fail">
<imgdir name="0">
<string name="act" value="cry"/>
<string name="0" value="f2_f"/>
</imgdir>
</imgdir>
</imgdir>
<imgdir name="2">
<int name="l0" value="20"/>
<int name="l1" value="29"/>
<imgdir name="success">
<imgdir name="0">
<string name="act" value="eat"/>
<string name="0" value="f3_s"/>
</imgdir>
</imgdir>
<imgdir name="fail">
<imgdir name="0">
<string name="act" value="angry"/>
<string name="0" value="f3_f"/>
</imgdir>
</imgdir>
</imgdir>
<imgdir name="3">
<int name="l0" value="30"/>
<int name="l1" value="30"/>
<imgdir name="success">
<imgdir name="0">
<string name="act" value="eat"/>
<string name="0" value="f4_s"/>
</imgdir>
</imgdir>
<imgdir name="fail">
<imgdir name="0">
<string name="act" value="angry"/>
<string name="0" value="f4_f"/>
</imgdir>
</imgdir>
</imgdir>
</imgdir>
<imgdir name="slang">
<imgdir name="0">
<int name="l0" value="1"/>
<int name="l1" value="9"/>
<string name="act" value="cry"/>
<string name="0" value="s1"/>
</imgdir>
<imgdir name="1">
<int name="l0" value="10"/>
<int name="l1" value="19"/>
<string name="act" value="cry"/>
<string name="0" value="s2"/>
</imgdir>
<imgdir name="2">
<int name="l0" value="20"/>
<int name="l1" value="29"/>
<string name="act" value="angry"/>
<string name="0" value="s3"/>
</imgdir>
<imgdir name="3">
<int name="l0" value="30"/>
<int name="l1" value="30"/>
<string name="act" value="angry"/>
<string name="0" value="s4"/>
</imgdir>
</imgdir>
<imgdir name="stand0">
<canvas name="0" width="46" height="29">
<vector name="origin" x="25" y="29"/>
<int name="z" value="0"/>
<vector name="lt" x="-25" y="-29"/>
<vector name="rb" x="21" y="0"/>
<string name="_hash" value="5f0bb58b0835246424b9139a49c0d584457b10abb0fb2c91b12cfbba5f8456a0"/>
</canvas>
<canvas name="1" width="47" height="29">
<vector name="origin" x="25" y="29"/>
<int name="z" value="0"/>
<vector name="lt" x="-25" y="-29"/>
<vector name="rb" x="21" y="0"/>
<string name="_hash" value="e325e07bd3ea56812eab7942c25f4f86c5ca86e1e1d4d4ca2b5a3599a077d6a8"/>
</canvas>
<canvas name="2" width="1" height="1">
<vector name="origin" x="25" y="29"/>
<int name="z" value="0"/>
<vector name="lt" x="-25" y="-29"/>
<vector name="rb" x="21" y="0"/>
<string name="_inlink" value="stand0/0"/>
</canvas>
<canvas name="3" width="1" height="1">
<vector name="origin" x="25" y="29"/>
<int name="z" value="0"/>
<vector name="lt" x="-25" y="-29"/>
<vector name="rb" x="21" y="0"/>
<string name="_inlink" value="stand0/1"/>
</canvas>
</imgdir>
<imgdir name="stand1">
<canvas name="0" width="1" height="1">
<vector name="origin" x="25" y="29"/>
<int name="z" value="0"/>
<vector name="lt" x="-25" y="-29"/>
<vector name="rb" x="21" y="0"/>
<string name="_inlink" value="stand0/0"/>
</canvas>
<canvas name="1" width="47" height="30">
<vector name="origin" x="25" y="30"/>
<int name="z" value="0"/>
<vector name="lt" x="-25" y="-29"/>
<vector name="rb" x="21" y="0"/>
<string name="_hash" value="fe43ab10a8e85a54ede2115314a7589ee0e5b85d50b9e21f97ed93a808ffb2c0"/>
</canvas>
<canvas name="2" width="1" height="1">
<vector name="origin" x="25" y="29"/>
<int name="z" value="0"/>
<vector name="lt" x="-25" y="-29"/>
<vector name="rb" x="21" y="0"/>
<string name="_inlink" value="stand0/1"/>
</canvas>
<canvas name="3" width="1" height="1">
<vector name="origin" x="25" y="29"/>
<int name="z" value="0"/>
<vector name="lt" x="-25" y="-29"/>
<vector name="rb" x="21" y="0"/>
<string name="_inlink" value="stand0/0"/>
</canvas>
</imgdir>
<imgdir name="rest0">
<canvas name="0" width="39" height="34">
<vector name="origin" x="14" y="34"/>
<int name="z" value="0"/>
<vector name="lt" x="-25" y="-29"/>
<vector name="rb" x="21" y="0"/>
<string name="_hash" value="401cef1979c19e667218661386665fc62039b0e34722a1c5ac7057479d92c2e6"/>
</canvas>
<canvas name="1" width="39" height="34">
<vector name="origin" x="14" y="34"/>
<int name="z" value="0"/>
<vector name="lt" x="-25" y="-29"/>
<vector name="rb" x="21" y="0"/>
<string name="_hash" value="e342db4539bc470ecdddf4de65c1cf297dfa33fb39a72ebf8b7d15e6cbf009ca"/>
</canvas>
<canvas name="2" width="39" height="34">
<vector name="origin" x="14" y="34"/>
<int name="z" value="0"/>
<vector name="lt" x="-25" y="-29"/>
<vector name="rb" x="21" y="0"/>
<string name="_hash" value="b55428c6008809edc50e846938d0c8a4374f002f05cbe68caa272df8926cb692"/>
</canvas>
<canvas name="3" width="39" height="34">
<vector name="origin" x="14" y="34"/>
<int name="z" value="0"/>
<vector name="lt" x="-25" y="-29"/>
<vector name="rb" x="21" y="0"/>
<string name="_hash" value="a55bcd0dfd5b1cfeefbe822404b8b2f2ae747ba590ac51430ef187fe70c0c307"/>
</canvas>
</imgdir>
<imgdir name="move">
<canvas name="0" width="47" height="30">
<vector name="origin" x="24" y="30"/>
<int name="z" value="0"/>
<vector name="lt" x="-25" y="-29"/>
<vector name="rb" x="21" y="0"/>
<string name="_hash" value="0603ae6103952b292e45bec89f9f7e50380e3c6aab30af997f7e49d20779cfc6"/>
</canvas>
<canvas name="1" width="46" height="29">
<vector name="origin" x="25" y="30"/>
<int name="z" value="0"/>
<vector name="lt" x="-25" y="-29"/>
<vector name="rb" x="21" y="0"/>
<string name="_hash" value="f26b3cb280a0ec11106fe0ba23630ce5dea9fe27543c06d39fc77e7afccb4a6e"/>
</canvas>
<canvas name="2" width="47" height="30">
<vector name="origin" x="25" y="30"/>
<int name="z" value="0"/>
<vector name="lt" x="-25" y="-29"/>
<vector name="rb" x="21" y="0"/>
<string name="_hash" value="f06fb877e402b8e1d498025091b246ea8d3e98b3979229822d074f283ab57ebd"/>
</canvas>
</imgdir>
<imgdir name="jump">
<canvas name="0" width="47" height="29">
<vector name="origin" x="25" y="33"/>
<int name="z" value="0"/>
<vector name="lt" x="-25" y="-29"/>
<vector name="rb" x="21" y="0"/>
<string name="_hash" value="913caac606f367c73bd816a1b73a3377bc0243997e316d5b8302fb3e601b4ec2"/>
</canvas>
</imgdir>
<imgdir name="hungry">
<canvas name="0" width="46" height="29">
<vector name="origin" x="25" y="29"/>
<int name="z" value="0"/>
<vector name="lt" x="-25" y="-29"/>
<vector name="rb" x="21" y="0"/>
<string name="_hash" value="45d923a15803e1d0c089c0072a9894085d6c9f2ab5fa2cc499a49e9be8915e38"/>
</canvas>
<canvas name="1" width="47" height="29">
<vector name="origin" x="26" y="29"/>
<int name="z" value="0"/>
<vector name="lt" x="-25" y="-29"/>
<vector name="rb" x="21" y="0"/>
<string name="_hash" value="ebfc44f582e91d7fb8b65841dfee72388c8e20d1aacbf2d2d94014fe1b8c7d79"/>
</canvas>
<canvas name="2" width="1" height="1">
<vector name="origin" x="25" y="29"/>
<int name="z" value="0"/>
<vector name="lt" x="-25" y="-29"/>
<vector name="rb" x="21" y="0"/>
<string name="_inlink" value="hungry/0"/>
</canvas>
<canvas name="3" width="47" height="29">
<vector name="origin" x="24" y="29"/>
<int name="z" value="0"/>
<vector name="lt" x="-25" y="-29"/>
<vector name="rb" x="21" y="0"/>
<string name="_hash" value="6203cfde0aca21c85522d654a9b61b711a8280f5cdc21f25fcbb72bc6dc65715"/>
</canvas>
</imgdir>
<imgdir name="angry">
<canvas name="0" width="46" height="41">
<vector name="origin" x="25" y="41"/>
<int name="z" value="0"/>
<vector name="lt" x="-25" y="-29"/>
<vector name="rb" x="21" y="0"/>
<string name="_hash" value="cbfd2311a5a89e7832cca85a7d180fa19fe3f1c6c7d79484fccf238c92272369"/>
</canvas>
<canvas name="1" width="47" height="40">
<vector name="origin" x="25" y="40"/>
<int name="z" value="0"/>
<vector name="lt" x="-25" y="-29"/>
<vector name="rb" x="21" y="0"/>
<string name="_hash" value="75fc2aa29c7763e3b4b2b49d98172db8a542a6dc8d9f559f60186ad67c110e25"/>
</canvas>
<canvas name="2" width="1" height="1">
<vector name="origin" x="25" y="41"/>
<int name="z" value="0"/>
<vector name="lt" x="-25" y="-29"/>
<vector name="rb" x="21" y="0"/>
<string name="_inlink" value="angry/0"/>
</canvas>
<canvas name="3" width="1" height="1">
<vector name="origin" x="25" y="40"/>
<int name="z" value="0"/>
<vector name="lt" x="-25" y="-29"/>
<vector name="rb" x="21" y="0"/>
<string name="_inlink" value="angry/1"/>
</canvas>
</imgdir>
<imgdir name="chat">
<canvas name="0" width="39" height="34">
<vector name="origin" x="14" y="34"/>
<int name="z" value="0"/>
<vector name="lt" x="-25" y="-29"/>
<vector name="rb" x="21" y="0"/>
<string name="_hash" value="620edb835ab9cc313831ad7e016bf0d956f41d09df7617c038951a36a66e67d4"/>
</canvas>
<canvas name="1" width="39" height="35">
<vector name="origin" x="14" y="35"/>
<int name="z" value="0"/>
<vector name="lt" x="-25" y="-29"/>
<vector name="rb" x="21" y="0"/>
<string name="_hash" value="e30668e773f30bd7af4ddb8204a8b0451f78464c96145d07a6bb4eb8cc66a7d9"/>
</canvas>
<canvas name="2" width="39" height="34">
<vector name="origin" x="14" y="34"/>
<int name="z" value="0"/>
<vector name="lt" x="-25" y="-29"/>
<vector name="rb" x="21" y="0"/>
<string name="_hash" value="01b4b58a29159ce1924a17b0ccdd640ad9574aef5e99db28115241a7844ea09e"/>
</canvas>
<canvas name="3" width="1" height="1">
<vector name="origin" x="14" y="35"/>
<int name="z" value="0"/>
<vector name="lt" x="-25" y="-29"/>
<vector name="rb" x="21" y="0"/>
<string name="_inlink" value="chat/1"/>
</canvas>
</imgdir>
<imgdir name="hang">
<canvas name="0" width="33" height="40">
<vector name="origin" x="15" y="50"/>
<int name="z" value="0"/>
<vector name="lt" x="-25" y="-29"/>
<vector name="rb" x="21" y="0"/>
<string name="_hash" value="aa611264ba61ea122607a2dd2e18df3a3487a116efa3dcc7558cb7e9922cc56b"/>
</canvas>
</imgdir>
<imgdir name="cry">
<canvas name="0" width="40" height="34">
<vector name="origin" x="15" y="34"/>
<int name="z" value="0"/>
<vector name="lt" x="-25" y="-29"/>
<vector name="rb" x="21" y="0"/>
<string name="_hash" value="5351579c359fddffe2597375c04462dc0a421758dc7cb47edfe7e1abf7d820dc"/>
</canvas>
<canvas name="1" width="42" height="33">
<vector name="origin" x="17" y="33"/>
<int name="z" value="0"/>
<vector name="lt" x="-25" y="-29"/>
<vector name="rb" x="21" y="0"/>
<string name="_hash" value="791a2721e47b823800b96c071965c1457d8cef6add173c4908d59c967b03e877"/>
</canvas>
<canvas name="2" width="43" height="33">
<vector name="origin" x="18" y="33"/>
<int name="z" value="0"/>
<vector name="lt" x="-25" y="-29"/>
<vector name="rb" x="21" y="0"/>
<string name="_hash" value="710d5a767eea2bea964d7dc54c759c99405b557eb4b3a3664451ef17e6549060"/>
</canvas>
<canvas name="3" width="41" height="34">
<vector name="origin" x="16" y="34"/>
<int name="z" value="0"/>
<vector name="lt" x="-25" y="-29"/>
<vector name="rb" x="21" y="0"/>
<string name="_hash" value="85e473147a3894beaa4dd976e3449311419326cbf7a8f4bf718bf37c4b93be46"/>
</canvas>
<canvas name="4" width="39" height="34">
<vector name="origin" x="14" y="34"/>
<int name="z" value="0"/>
<vector name="lt" x="-25" y="-29"/>
<vector name="rb" x="21" y="0"/>
<string name="_hash" value="0cb3a13dbcbbc3f7c8cf15af7df37ac9c6979efd91ee8749174e195f1f95f315"/>
</canvas>
</imgdir>
<imgdir name="sleep">
<canvas name="0" width="58" height="36">
<vector name="origin" x="35" y="36"/>
<int name="z" value="0"/>
<vector name="lt" x="-25" y="-29"/>
<vector name="rb" x="21" y="0"/>
<string name="_hash" value="0a7294bf9d96d72b80898722f9f90c75010e5ebee82280b30ae7bb581ae79192"/>
</canvas>
<canvas name="1" width="56" height="36">
<vector name="origin" x="35" y="36"/>
<int name="z" value="0"/>
<vector name="lt" x="-25" y="-29"/>
<vector name="rb" x="21" y="0"/>
<string name="_hash" value="9d450f4dd5252b786451fc9ca979beab1bd109c169af44903008c76bb646fe5b"/>
</canvas>
<canvas name="2" width="58" height="36">
<vector name="origin" x="35" y="36"/>
<int name="z" value="0"/>
<vector name="lt" x="-25" y="-29"/>
<vector name="rb" x="21" y="0"/>
<string name="_hash" value="7596e4160326f72914a21dbd2bb41d1fc69346108b3f2ae32a877543eeeabe46"/>
</canvas>
<canvas name="3" width="56" height="36">
<vector name="origin" x="35" y="36"/>
<int name="z" value="0"/>
<vector name="lt" x="-25" y="-29"/>
<vector name="rb" x="21" y="0"/>
<string name="_hash" value="21eb3e235dd0da4dff14939d4a391d325ea9ee48818efa6cf5b85db59a2a9e91"/>
</canvas>
</imgdir>
<imgdir name="love">
<canvas name="0" width="39" height="34">
<vector name="origin" x="14" y="34"/>
<int name="z" value="0"/>
<vector name="lt" x="-25" y="-29"/>
<vector name="rb" x="21" y="0"/>
<string name="_hash" value="f4c38878a1bca9d077d4955437fcb72f6a52c94291754741069adf73d5f465fa"/>
</canvas>
<canvas name="1" width="39" height="52">
<vector name="origin" x="14" y="52"/>
<int name="z" value="0"/>
<vector name="lt" x="-25" y="-29"/>
<vector name="rb" x="21" y="0"/>
<string name="_hash" value="95c8748b6a336f22fc79d271869face3dd4b6ee7c001f39b2db41684bce21ae9"/>
</canvas>
<canvas name="2" width="48" height="63">
<vector name="origin" x="23" y="63"/>
<int name="z" value="0"/>
<vector name="lt" x="-25" y="-29"/>
<vector name="rb" x="21" y="0"/>
<string name="_hash" value="445fa4ac68e2d8a5a4da114f9267989c8c08bd1c44891412a37ca458f2394baf"/>
</canvas>
<canvas name="3" width="55" height="64">
<vector name="origin" x="23" y="64"/>
<int name="z" value="0"/>
<vector name="lt" x="-25" y="-29"/>
<vector name="rb" x="21" y="0"/>
<string name="_hash" value="9478ddcbe1846b274cce9b848b584c3d351b89d47dc21a5827e38236708e245d"/>
</canvas>
<canvas name="4" width="52" height="63">
<vector name="origin" x="21" y="63"/>
<int name="z" value="0"/>
<vector name="lt" x="-25" y="-29"/>
<vector name="rb" x="21" y="0"/>
<string name="_hash" value="dc45daee25951ab99f66d3d16c8fdc635058674243eea2fcfbcceac0aa890593"/>
</canvas>
<canvas name="5" width="48" height="62">
<vector name="origin" x="19" y="62"/>
<int name="z" value="0"/>
<vector name="lt" x="-25" y="-29"/>
<vector name="rb" x="21" y="0"/>
<string name="_hash" value="c0fd5a8e8706fe05eceb8d4aa4de3d84e3dcd03f2f525dd388fbf48cdba0822b"/>
</canvas>
<canvas name="6" width="48" height="58">
<vector name="origin" x="20" y="58"/>
<int name="z" value="0"/>
<vector name="lt" x="-25" y="-29"/>
<vector name="rb" x="21" y="0"/>
<string name="_hash" value="37bd1668b289f6be92583f805b4a96da67115f013d75580207cde27bf82076a1"/>
</canvas>
<canvas name="7" width="51" height="50">
<vector name="origin" x="22" y="50"/>
<int name="z" value="0"/>
<vector name="lt" x="-25" y="-29"/>
<vector name="rb" x="21" y="0"/>
<string name="_hash" value="9f41fdb05f41eb9ab111ad83dc203c0fb97addd3f7bed1803c4c875df733cee5"/>
</canvas>
<canvas name="8" width="51" height="40">
<vector name="origin" x="21" y="40"/>
<int name="z" value="0"/>
<vector name="lt" x="-25" y="-29"/>
<vector name="rb" x="21" y="0"/>
<string name="_hash" value="d5770ec9ce5687a43835d2b2b395ef918a254a64fd9cc571b80c671eeeb80673"/>
</canvas>
</imgdir>
<imgdir name="roll">
<canvas name="0" width="32" height="34">
<vector name="origin" x="15" y="33"/>
<int name="z" value="0"/>
<vector name="lt" x="-25" y="-29"/>
<vector name="rb" x="21" y="0"/>
<string name="_hash" value="a94160628324c34f8e8b417aa6ce419faf937d67504cedcf0585f61efd5d7da8"/>
</canvas>
<canvas name="1" width="32" height="34">
<vector name="origin" x="14" y="36"/>
<int name="z" value="0"/>
<vector name="lt" x="-25" y="-29"/>
<vector name="rb" x="21" y="0"/>
<string name="_hash" value="7df483658ecfdd08f3298e2f8c586185d5e40b6de4589a5b95d27bd4be3049cf"/>
</canvas>
<canvas name="2" width="35" height="31">
<vector name="origin" x="16" y="33"/>
<int name="z" value="0"/>
<vector name="lt" x="-25" y="-29"/>
<vector name="rb" x="21" y="0"/>
<string name="_hash" value="8a6d5ffb9291c6c81d700108c6a5dd860caff50ea7081afaeacfd33702e8cef6"/>
</canvas>
</imgdir>
<imgdir name="eat">
<canvas name="0" width="39" height="36">
<vector name="origin" x="16" y="35"/>
<int name="z" value="0"/>
<vector name="lt" x="-25" y="-29"/>
<vector name="rb" x="21" y="0"/>
<string name="_hash" value="73820c31ab512fd2e57e7ab9f47dccb4d3e1cf5147f516a8d7bbbda1ff91d476"/>
</canvas>
<canvas name="1" width="39" height="37">
<vector name="origin" x="16" y="36"/>
<int name="z" value="0"/>
<vector name="lt" x="-25" y="-29"/>
<vector name="rb" x="21" y="0"/>
<string name="_hash" value="6bdf4e395ddf5627c7b0897c7ec7ce67cf96ff50bcfbb9f4edf44b9d4ca816b6"/>
</canvas>
<canvas name="2" width="42" height="36">
<vector name="origin" x="19" y="35"/>
<int name="z" value="0"/>
<vector name="lt" x="-25" y="-29"/>
<vector name="rb" x="21" y="0"/>
<string name="_hash" value="6f2ce09a9f5bc252e1226def7ba1fe0cbd7a1972c16e75d3313d8dd92fc79886"/>
</canvas>
<canvas name="3" width="44" height="37">
<vector name="origin" x="21" y="36"/>
<int name="z" value="0"/>
<vector name="lt" x="-25" y="-29"/>
<vector name="rb" x="21" y="0"/>
<string name="_hash" value="4a6b4ebfb8b6b9be1bb158f26899bab7c563ea3bb3138f57b11194110b31aeca"/>
</canvas>
<canvas name="4" width="1" height="1">
<vector name="origin" x="16" y="35"/>
<int name="z" value="0"/>
<vector name="lt" x="-25" y="-29"/>
<vector name="rb" x="21" y="0"/>
<string name="_inlink" value="eat/0"/>
</canvas>
</imgdir>
<imgdir name="dung">
<canvas name="0" width="46" height="29">
<vector name="origin" x="25" y="29"/>
<int name="z" value="0"/>
<vector name="lt" x="-25" y="-29"/>
<vector name="rb" x="21" y="0"/>
<string name="_hash" value="18dcb2fc2553a3db068100efe0cf2a0ebafbe509df1a656b472f25d5aa26acbb"/>
</canvas>
<canvas name="1" width="47" height="30">
<vector name="origin" x="24" y="30"/>
<int name="z" value="0"/>
<vector name="lt" x="-25" y="-29"/>
<vector name="rb" x="21" y="0"/>
<string name="_hash" value="50fe8d3b8554332e2ab2ed55949af28d2722ff450ca808e29d2524865ce510dc"/>
</canvas>
<canvas name="2" width="47" height="38">
<vector name="origin" x="24" y="38"/>
<int name="z" value="0"/>
<vector name="lt" x="-25" y="-29"/>
<vector name="rb" x="21" y="0"/>
<string name="_hash" value="8e92981b2db86e2c3c3a41f36213770df481c2578632cf3a2ee77f5582506457"/>
</canvas>
<canvas name="3" width="53" height="45">
<vector name="origin" x="25" y="45"/>
<int name="z" value="0"/>
<vector name="lt" x="-25" y="-29"/>
<vector name="rb" x="21" y="0"/>
<string name="_hash" value="3953e8c91b2d4ba237febc7030ee9313dca2a6b689b700ebcf0c6d7f75c7c6b1"/>
</canvas>
<canvas name="4" width="56" height="47">
<vector name="origin" x="26" y="47"/>
<int name="z" value="0"/>
<vector name="lt" x="-25" y="-29"/>
<vector name="rb" x="21" y="0"/>
<string name="_hash" value="59f925ac934a714c2453fcde8dabafe2395a07e5356df3cd72cc3cd0ca8df298"/>
</canvas>
<canvas name="5" width="56" height="48">
<vector name="origin" x="25" y="48"/>
<int name="z" value="0"/>
<vector name="lt" x="-25" y="-29"/>
<vector name="rb" x="21" y="0"/>
<string name="_hash" value="8200285c6d428e847ee9dd2f266e7498621ac11b8ccfa3b5280f13654875479a"/>
</canvas>
</imgdir>
<imgdir name="fly">
<canvas name="0" width="1" height="1">
<vector name="origin" x="25" y="29"/>
<int name="z" value="0"/>
<vector name="lt" x="-25" y="-29"/>
<vector name="rb" x="21" y="0"/>
<string name="_inlink" value="stand0/0"/>
</canvas>
<canvas name="1" width="46" height="32">
<vector name="origin" x="24" y="30"/>
<int name="z" value="0"/>
<vector name="lt" x="-25" y="-29"/>
<vector name="rb" x="21" y="0"/>
<string name="_hash" value="b4fdd1dc0becb4c7d50ff0d60d888bb282a1c9669f7002c2bbb8ddb7b8e85794"/>
</canvas>
<canvas name="2" width="30" height="31">
<vector name="origin" x="14" y="29"/>
<int name="z" value="0"/>
<vector name="lt" x="-25" y="-29"/>
<vector name="rb" x="21" y="0"/>
<string name="_hash" value="15c7b18014e1baef46d4efd91fac6a98abfacb4bcf4923f56ae5815bdca232b1"/>
</canvas>
<canvas name="3" width="32" height="29">
<vector name="origin" x="16" y="29"/>
<int name="z" value="0"/>
<vector name="lt" x="-25" y="-29"/>
<vector name="rb" x="21" y="0"/>
<string name="_hash" value="f792e829b2d9684eb071238cb59970187100783ea4154f791ebbcf8f6631754c"/>
</canvas>
<canvas name="4" width="1" height="1">
<vector name="origin" x="14" y="29"/>
<int name="z" value="0"/>
<vector name="lt" x="-25" y="-29"/>
<vector name="rb" x="21" y="0"/>
<string name="_inlink" value="fly/2"/>
</canvas>
<canvas name="5" width="32" height="29">
<vector name="origin" x="14" y="29"/>
<int name="z" value="0"/>
<vector name="lt" x="-25" y="-29"/>
<vector name="rb" x="21" y="0"/>
<string name="_hash" value="662dc641ceb3b2a6db183b41ca7e034f91bfda74be23ef19672634e52c5d5716"/>
</canvas>
<canvas name="6" width="30" height="31">
<vector name="origin" x="11" y="31"/>
<int name="z" value="0"/>
<vector name="lt" x="-25" y="-29"/>
<vector name="rb" x="21" y="0"/>
<string name="_hash" value="4114cdec2f85c40b011ea5b96be6b44b11f7ef92ffd954a02c035d4d8f8f1a67"/>
</canvas>
<canvas name="7" width="1" height="1">
<vector name="origin" x="14" y="29"/>
<int name="z" value="0"/>
<vector name="lt" x="-25" y="-29"/>
<vector name="rb" x="21" y="0"/>
<string name="_inlink" value="fly/5"/>
</canvas>
<canvas name="8" width="1" height="1">
<vector name="origin" x="14" y="29"/>
<int name="z" value="0"/>
<vector name="lt" x="-25" y="-29"/>
<vector name="rb" x="21" y="0"/>
<string name="_inlink" value="fly/2"/>
</canvas>
</imgdir>
</imgdir>
