<?xml version="1.0" encoding="UTF-8" standalone="yes"?>
<imgdir name="5000952.img">
<imgdir name="info">
<canvas name="icon" width="1" height="1">
<vector name="origin" x="1" y="29"/>
<string name="_hash" value="5ffbf4c0924b8137c9ea116d026c947df86a538814d23562c8a795852dd3ab08"/>
<string name="_outlink" value="Item/Pet/5000486.img/info/icon"/>
</canvas>
<canvas name="iconRaw" width="1" height="1">
<vector name="origin" x="1" y="29"/>
<string name="_hash" value="5ba203f545238d73fb129667f56067387751a8e484b92c5757ca41684ca01777"/>
<string name="_outlink" value="Item/Pet/5000486.img/info/iconRaw"/>
</canvas>
<canvas name="iconD" width="1" height="1">
<vector name="origin" x="-1" y="33"/>
<string name="_hash" value="b3f4282f0e317634e0e17779ea27a4bc46fee364e528395f2ffdd3878b995f52"/>
<string name="_outlink" value="Item/Pet/5000486.img/info/iconD"/>
</canvas>
<canvas name="iconRawD" width="1" height="1">
<vector name="origin" x="-1" y="33"/>
<string name="_hash" value="dc3357fc0a16b3b0b56f7136092b57f989c8d1f435edaad346867829b1cbab9a"/>
<string name="_outlink" value="Item/Pet/5000486.img/info/iconRawD"/>
</canvas>
<int name="nameTag" value="233"/>
<int name="chatBalloon" value="233"/>
<int name="life" value="30"/>
<int name="hungry" value="2"/>
<int name="cash" value="1"/>
<int name="multiPet" value="1"/>
<int name="pickupItem" value="1"/>
<int name="autoBuff" value="1"/>
<int name="setItemID" value="727"/>
</imgdir>
<imgdir name="interact">
<imgdir name="0">
<string name="command" value="c1"/>
<int name="inc" value="1"/>
<int name="prob" value="30"/>
<int name="l0" value="1"/>
<int name="l1" value="9"/>
<imgdir name="success">
<imgdir name="0">
<string name="act" value="rest0"/>
<string name="0" value="c1_s1"/>
<string name="1" value="c1_s2"/>
</imgdir>
</imgdir>
<imgdir name="fail">
<imgdir name="0">
<string name="act" value="stand0"/>
<string name="0" value="c1_f1"/>
<string name="1" value="c1_f2"/>
</imgdir>
</imgdir>
</imgdir>
<imgdir name="1">
<string name="command" value="c2"/>
<int name="inc" value="2"/>
<int name="prob" value="45"/>
<int name="l0" value="10"/>
<int name="l1" value="19"/>
<imgdir name="success">
<imgdir name="0">
<string name="act" value="rest0"/>
<string name="0" value="c2_s1"/>
<string name="1" value="c2_s2"/>
<string name="2" value="c2_s3"/>
<string name="3" value="c2_s4"/>
</imgdir>
</imgdir>
<imgdir name="fail">
<imgdir name="0">
<string name="act" value="stand0"/>
<string name="0" value="c2_f1"/>
<string name="1" value="c2_f2"/>
<string name="2" value="c2_f3"/>
<string name="3" value="c2_f4"/>
</imgdir>
</imgdir>
</imgdir>
<imgdir name="2">
<string name="command" value="c3"/>
<int name="inc" value="3"/>
<int name="prob" value="60"/>
<int name="l0" value="20"/>
<int name="l1" value="29"/>
<imgdir name="success">
<imgdir name="0">
<string name="act" value="rest0"/>
<string name="0" value="c3_s1"/>
<string name="1" value="c3_s2"/>
<string name="2" value="c3_s3"/>
<string name="3" value="c3_s4"/>
</imgdir>
</imgdir>
<imgdir name="fail">
<imgdir name="0">
<string name="act" value="stand0"/>
<string name="0" value="c3_f1"/>
<string name="1" value="c3_f2"/>
<string name="2" value="c3_f3"/>
<string name="3" value="c3_f4"/>
</imgdir>
</imgdir>
</imgdir>
<imgdir name="3">
<string name="command" value="c4"/>
<int name="inc" value="2"/>
<int name="prob" value="70"/>
<int name="l0" value="30"/>
<int name="l1" value="30"/>
<imgdir name="success">
<imgdir name="0">
<string name="act" value="rest0"/>
<string name="0" value="c4_s1"/>
<string name="1" value="c4_s2"/>
<string name="2" value="c4_s3"/>
<string name="3" value="c4_s4"/>
</imgdir>
</imgdir>
<imgdir name="fail">
<imgdir name="0">
<string name="act" value="stand0"/>
<string name="0" value="c4_f1"/>
<string name="1" value="c4_f2"/>
<string name="2" value="c4_f3"/>
<string name="3" value="c4_f4"/>
</imgdir>
</imgdir>
</imgdir>
<imgdir name="4">
<string name="command" value="c5"/>
<int name="inc" value="1"/>
<int name="prob" value="30"/>
<int name="l0" value="1"/>
<int name="l1" value="9"/>
<imgdir name="success">
<imgdir name="0">
<string name="act" value="cry"/>
<string name="0" value="c5_s1"/>
<string name="1" value="c5_s2"/>
</imgdir>
</imgdir>
<imgdir name="fail">
<imgdir name="0">
<string name="act" value="stand0"/>
<string name="0" value="c5_f1"/>
<string name="1" value="c5_f2"/>
</imgdir>
</imgdir>
</imgdir>
<imgdir name="5">
<string name="command" value="c6"/>
<int name="inc" value="2"/>
<int name="prob" value="50"/>
<int name="l0" value="10"/>
<int name="l1" value="19"/>
<imgdir name="success">
<imgdir name="0">
<string name="act" value="cry"/>
<string name="0" value="c6_s1"/>
<string name="1" value="c6_s2"/>
<string name="2" value="c6_s3"/>
<string name="3" value="c6_s4"/>
</imgdir>
</imgdir>
<imgdir name="fail">
<imgdir name="0">
<string name="act" value="angry"/>
<string name="0" value="c6_f1"/>
<string name="1" value="c6_f2"/>
<string name="2" value="c6_f3"/>
<string name="3" value="c6_f4"/>
</imgdir>
</imgdir>
</imgdir>
<imgdir name="6">
<string name="command" value="c7"/>
<int name="inc" value="2"/>
<int name="prob" value="60"/>
<int name="l0" value="20"/>
<int name="l1" value="29"/>
<imgdir name="success">
<imgdir name="0">
<string name="act" value="cry"/>
<string name="0" value="c7_s1"/>
<string name="1" value="c7_s2"/>
<string name="2" value="c7_s3"/>
<string name="3" value="c7_s4"/>
</imgdir>
</imgdir>
<imgdir name="fail">
<imgdir name="0">
<string name="act" value="angry"/>
<string name="0" value="c7_f1"/>
<string name="1" value="c7_f2"/>
<string name="2" value="c7_f3"/>
<string name="3" value="c7_f4"/>
</imgdir>
</imgdir>
</imgdir>
<imgdir name="7">
<string name="command" value="c8"/>
<int name="inc" value="3"/>
<int name="prob" value="70"/>
<int name="l0" value="30"/>
<int name="l1" value="30"/>
<imgdir name="success">
<imgdir name="0">
<string name="act" value="cry"/>
<string name="0" value="c8_s1"/>
<string name="1" value="c8_s2"/>
<string name="2" value="c8_s3"/>
<string name="3" value="c8_s4"/>
</imgdir>
</imgdir>
<imgdir name="fail">
<imgdir name="0">
<string name="act" value="angry"/>
<string name="0" value="c8_f1"/>
<string name="1" value="c8_f2"/>
<string name="2" value="c8_f3"/>
<string name="3" value="c8_f4"/>
</imgdir>
</imgdir>
</imgdir>
<imgdir name="8">
<string name="command" value="c9"/>
<int name="inc" value="1"/>
<int name="prob" value="30"/>
<int name="l0" value="1"/>
<int name="l1" value="9"/>
<imgdir name="success">
<imgdir name="0">
<string name="act" value="love"/>
<string name="0" value="c9_s1"/>
<string name="1" value="c9_s2"/>
</imgdir>
</imgdir>
<imgdir name="fail">
<imgdir name="0">
<string name="act" value="no"/>
<string name="0" value="c9_f1"/>
<string name="1" value="c9_f2"/>
</imgdir>
</imgdir>
</imgdir>
<imgdir name="9">
<string name="command" value="c10"/>
<int name="inc" value="2"/>
<int name="prob" value="50"/>
<int name="l0" value="10"/>
<int name="l1" value="19"/>
<imgdir name="success">
<imgdir name="0">
<string name="act" value="love"/>
<string name="0" value="c10_s1"/>
<string name="1" value="c10_s2"/>
<string name="2" value="c10_s3"/>
<string name="3" value="c10_s4"/>
</imgdir>
</imgdir>
<imgdir name="fail">
<imgdir name="0">
<string name="act" value="no"/>
<string name="0" value="c10_f1"/>
<string name="1" value="c10_f2"/>
<string name="2" value="c10_f3"/>
<string name="3" value="c10_f4"/>
</imgdir>
</imgdir>
</imgdir>
<imgdir name="10">
<string name="command" value="c11"/>
<int name="inc" value="2"/>
<int name="prob" value="60"/>
<int name="l0" value="20"/>
<int name="l1" value="29"/>
<imgdir name="success">
<imgdir name="0">
<string name="act" value="love"/>
<string name="0" value="c11_s1"/>
<string name="1" value="c11_s2"/>
<string name="2" value="c11_s3"/>
<string name="3" value="c11_s4"/>
</imgdir>
</imgdir>
<imgdir name="fail">
<imgdir name="0">
<string name="act" value="no"/>
<string name="0" value="c11_f1"/>
<string name="1" value="c11_f2"/>
<string name="2" value="c11_f3"/>
<string name="4" value="c11_f4"/>
</imgdir>
</imgdir>
</imgdir>
<imgdir name="11">
<string name="command" value="c12"/>
<int name="inc" value="3"/>
<int name="prob" value="70"/>
<int name="l0" value="30"/>
<int name="l1" value="30"/>
<imgdir name="success">
<imgdir name="0">
<string name="act" value="love"/>
<string name="0" value="c12_s1"/>
<string name="1" value="c12_s2"/>
<string name="2" value="c12_s3"/>
<string name="3" value="c12_s4"/>
</imgdir>
</imgdir>
<imgdir name="fail">
<imgdir name="0">
<string name="act" value="no"/>
<string name="0" value="c12_f1"/>
<string name="1" value="c12_f2"/>
<string name="2" value="c12_f3"/>
<string name="3" value="c12_f4"/>
</imgdir>
</imgdir>
</imgdir>
<imgdir name="12">
<string name="command" value="c13"/>
<int name="inc" value="1"/>
<int name="prob" value="30"/>
<int name="l0" value="10"/>
<int name="l1" value="19"/>
<imgdir name="success">
<imgdir name="0">
<string name="act" value="dung"/>
<string name="0" value="c13_s1"/>
<string name="1" value="c13_s2"/>
<string name="2" value="c13_s3"/>
<string name="3" value="c13_s4"/>
</imgdir>
</imgdir>
<imgdir name="fail">
<imgdir name="0">
<string name="act" value="stand0"/>
<string name="0" value="c13_f1"/>
<string name="1" value="c13_f2"/>
<string name="2" value="c13_f3"/>
<string name="3" value="c13_f4"/>
</imgdir>
</imgdir>
</imgdir>
<imgdir name="13">
<string name="command" value="c14"/>
<int name="inc" value="2"/>
<int name="prob" value="50"/>
<int name="l0" value="20"/>
<int name="l1" value="29"/>
<imgdir name="success">
<imgdir name="0">
<string name="act" value="dung"/>
<string name="0" value="c14_s1"/>
<string name="1" value="c14_s2"/>
<string name="2" value="c14_s3"/>
<string name="3" value="c14_s4"/>
</imgdir>
</imgdir>
<imgdir name="fail">
<imgdir name="0">
<string name="act" value="stand0"/>
<string name="0" value="c14_f1"/>
<string name="1" value="c14_f2"/>
<string name="2" value="c14_f3"/>
<string name="3" value="c14_f4"/>
</imgdir>
</imgdir>
</imgdir>
<imgdir name="14">
<string name="command" value="c15"/>
<int name="inc" value="3"/>
<int name="prob" value="70"/>
<int name="l0" value="30"/>
<int name="l1" value="30"/>
<imgdir name="success">
<imgdir name="0">
<string name="act" value="dung"/>
<string name="0" value="c15_s1"/>
<string name="1" value="c15_s2"/>
<string name="2" value="c15_s3"/>
<string name="3" value="c15_s4"/>
</imgdir>
</imgdir>
<imgdir name="fail">
<imgdir name="0">
<string name="act" value="angry"/>
<string name="0" value="c15_f1"/>
<string name="1" value="c15_f2"/>
<string name="2" value="c15_f3"/>
<string name="3" value="c15_f4"/>
</imgdir>
</imgdir>
</imgdir>
<imgdir name="15">
<string name="command" value="c16"/>
<int name="inc" value="1"/>
<int name="prob" value="30"/>
<int name="l0" value="10"/>
<int name="l1" value="19"/>
<imgdir name="success">
<imgdir name="0">
<string name="act" value="sleep"/>
<string name="0" value="c16_s1"/>
<string name="1" value="c16_s2"/>
<string name="2" value="c16_s3"/>
<string name="3" value="c16_s4"/>
</imgdir>
</imgdir>
<imgdir name="fail">
<imgdir name="0">
<string name="act" value="angry"/>
<string name="0" value="c16_f1"/>
<string name="1" value="c16_f2"/>
<string name="2" value="c16_f3"/>
<string name="3" value="c16_f4"/>
</imgdir>
</imgdir>
</imgdir>
<imgdir name="16">
<string name="command" value="c17"/>
<int name="inc" value="2"/>
<int name="prob" value="45"/>
<int name="l0" value="20"/>
<int name="l1" value="29"/>
<imgdir name="success">
<imgdir name="0">
<string name="act" value="sleep"/>
<string name="0" value="c17_s1"/>
<string name="1" value="c17_s2"/>
<string name="2" value="c17_s3"/>
<string name="3" value="c17_s4"/>
</imgdir>
</imgdir>
<imgdir name="fail">
<imgdir name="0">
<string name="act" value="no"/>
<string name="0" value="c17_f1"/>
<string name="1" value="c17_f2"/>
<string name="2" value="c17_f3"/>
<string name="3" value="c17_f4"/>
</imgdir>
</imgdir>
</imgdir>
<imgdir name="17">
<string name="command" value="c18"/>
<int name="inc" value="3"/>
<int name="prob" value="60"/>
<int name="l0" value="30"/>
<int name="l1" value="30"/>
<imgdir name="success">
<imgdir name="0">
<string name="act" value="sleep"/>
<string name="0" value="c18_s1"/>
<string name="1" value="c18_s2"/>
<string name="2" value="c18_s3"/>
<string name="3" value="c18_s4"/>
</imgdir>
</imgdir>
<imgdir name="fail">
<imgdir name="0">
<string name="act" value="no"/>
<string name="0" value="c18_f1"/>
<string name="1" value="c18_f2"/>
<string name="2" value="c18_f3"/>
<string name="3" value="c18_f4"/>
</imgdir>
</imgdir>
</imgdir>
<imgdir name="18">
<string name="command" value="c19"/>
<int name="inc" value="1"/>
<int name="prob" value="30"/>
<int name="l0" value="10"/>
<int name="l1" value="19"/>
<imgdir name="success">
<imgdir name="0">
<string name="act" value="chat"/>
<string name="0" value="c19_s1"/>
<string name="1" value="c19_s2"/>
<string name="2" value="c19_s3"/>
<string name="3" value="c19_s4"/>
</imgdir>
</imgdir>
<imgdir name="fail">
<imgdir name="0">
<string name="act" value="no"/>
<string name="0" value="c19_f1"/>
<string name="1" value="c19_f2"/>
<string name="2" value="c19_f3"/>
<string name="3" value="c19_f4"/>
</imgdir>
</imgdir>
</imgdir>
<imgdir name="19">
<string name="command" value="c20"/>
<int name="inc" value="2"/>
<int name="prob" value="45"/>
<int name="l0" value="20"/>
<int name="l1" value="29"/>
<imgdir name="success">
<imgdir name="0">
<string name="act" value="chat"/>
<string name="0" value="c20_s1"/>
<string name="1" value="c20_s2"/>
<string name="2" value="c20_s3"/>
<string name="3" value="c20_s4"/>
</imgdir>
</imgdir>
<imgdir name="fail">
<imgdir name="0">
<string name="act" value="no"/>
<string name="0" value="c20_f1"/>
<string name="1" value="c20_f2"/>
<string name="2" value="c20_f3"/>
<string name="3" value="c20_f4"/>
</imgdir>
</imgdir>
</imgdir>
<imgdir name="20">
<string name="command" value="c21"/>
<int name="inc" value="3"/>
<int name="prob" value="60"/>
<int name="l0" value="30"/>
<int name="l1" value="30"/>
<imgdir name="success">
<imgdir name="0">
<string name="act" value="no"/>
<string name="0" value="c21_s1"/>
<string name="1" value="c21_s2"/>
<string name="2" value="c21_s3"/>
<string name="3" value="c21_s4"/>
</imgdir>
</imgdir>
<imgdir name="fail">
<imgdir name="0">
<string name="act" value="no"/>
<string name="0" value="c21_f1"/>
<string name="1" value="c21_f2"/>
<string name="2" value="c21_f3"/>
<string name="3" value="c21_f4"/>
</imgdir>
</imgdir>
</imgdir>
<imgdir name="21">
<string name="command" value="c22"/>
<int name="inc" value="2"/>
<int name="prob" value="50"/>
<int name="l0" value="20"/>
<int name="l1" value="29"/>
<imgdir name="success">
<imgdir name="0">
<string name="act" value="no"/>
<string name="0" value="c22_s1"/>
<string name="1" value="c22_s2"/>
<string name="2" value="c22_s3"/>
<string name="3" value="c22_s4"/>
</imgdir>
</imgdir>
<imgdir name="fail">
<imgdir name="0">
<string name="act" value="no"/>
<string name="0" value="c22_f1"/>
<string name="1" value="c22_f2"/>
<string name="2" value="c22_f3"/>
<string name="3" value="c22_f4"/>
</imgdir>
</imgdir>
</imgdir>
<imgdir name="22">
<string name="command" value="c23"/>
<int name="inc" value="3"/>
<int name="prob" value="60"/>
<int name="l0" value="30"/>
<int name="l1" value="30"/>
<imgdir name="success">
<imgdir name="0">
<string name="act" value="play"/>
<string name="0" value="c23_s1"/>
<string name="1" value="c23_s2"/>
<string name="2" value="c23_s3"/>
<string name="3" value="c23_s4"/>
</imgdir>
</imgdir>
<imgdir name="fail">
<imgdir name="0">
<string name="act" value="ignore"/>
<string name="0" value="c23_f1"/>
<string name="1" value="c23_f2"/>
<string name="2" value="c23_f3"/>
<string name="3" value="c23_f4"/>
</imgdir>
</imgdir>
</imgdir>
</imgdir>
<imgdir name="food">
<imgdir name="0">
<int name="l0" value="1"/>
<int name="l1" value="9"/>
<imgdir name="success">
<imgdir name="0">
<string name="act" value="eat"/>
<string name="0" value="f1_s"/>
</imgdir>
</imgdir>
<imgdir name="fail">
<imgdir name="0">
<string name="act" value="no"/>
<string name="0" value="f1_f"/>
</imgdir>
</imgdir>
</imgdir>
<imgdir name="1">
<int name="l0" value="10"/>
<int name="l1" value="19"/>
<imgdir name="success">
<imgdir name="0">
<string name="act" value="eat"/>
<string name="0" value="f2_s"/>
</imgdir>
</imgdir>
<imgdir name="fail">
<imgdir name="0">
<string name="act" value="no"/>
<string name="0" value="f2_f"/>
</imgdir>
</imgdir>
</imgdir>
<imgdir name="2">
<int name="l0" value="20"/>
<int name="l1" value="29"/>
<imgdir name="success">
<imgdir name="0">
<string name="act" value="eat"/>
<string name="0" value="f3_s"/>
</imgdir>
</imgdir>
<imgdir name="fail">
<imgdir name="0">
<string name="act" value="no"/>
<string name="0" value="f3_f"/>
</imgdir>
</imgdir>
</imgdir>
<imgdir name="3">
<int name="l0" value="30"/>
<int name="l1" value="30"/>
<imgdir name="success">
<imgdir name="0">
<string name="act" value="eat"/>
<string name="0" value="f4_s"/>
</imgdir>
</imgdir>
<imgdir name="fail">
<imgdir name="0">
<string name="act" value="no"/>
<string name="0" value="f4_f"/>
</imgdir>
</imgdir>
</imgdir>
</imgdir>
<imgdir name="slang">
<imgdir name="0">
<int name="l0" value="1"/>
<int name="l1" value="9"/>
<string name="act" value="ignore"/>
<string name="0" value="s1"/>
</imgdir>
<imgdir name="1">
<int name="l0" value="10"/>
<int name="l1" value="19"/>
<string name="act" value="ignore"/>
<string name="0" value="s2"/>
</imgdir>
<imgdir name="2">
<int name="l0" value="20"/>
<int name="l1" value="29"/>
<string name="act" value="angry"/>
<string name="0" value="s3"/>
</imgdir>
<imgdir name="3">
<int name="l0" value="30"/>
<int name="l1" value="30"/>
<string name="act" value="angry"/>
<string name="0" value="s4"/>
</imgdir>
</imgdir>
<imgdir name="stand0">
<canvas name="0" width="1" height="1">
<vector name="origin" x="19" y="49"/>
<int name="z" value="0"/>
<vector name="lt" x="-21" y="-51"/>
<vector name="rb" x="25" y="1"/>
<string name="_hash" value="0e0273b28d3caa76fa9ae14b6b8cfd6fd4c86ee9f7a5f9ac32b9902e988e2c6a"/>
<string name="_outlink" value="Item/Pet/5000486.img/stand0/0"/>
</canvas>
<canvas name="1" width="1" height="1">
<vector name="origin" x="19" y="48"/>
<int name="z" value="0"/>
<vector name="lt" x="-21" y="-51"/>
<vector name="rb" x="25" y="1"/>
<string name="_hash" value="a42ead6f5da684a5a26dd5ae64b34c4ddbc97fd4cb0088907652e781a5ab2c90"/>
<string name="_outlink" value="Item/Pet/5000486.img/stand0/1"/>
</canvas>
<canvas name="2" width="1" height="1">
<vector name="origin" x="19" y="47"/>
<int name="z" value="0"/>
<vector name="lt" x="-21" y="-51"/>
<vector name="rb" x="25" y="1"/>
<string name="_hash" value="157e59704d8bd7344359ef65057aac7c6bdb593544d51960b8b8423a0ba95154"/>
<string name="_outlink" value="Item/Pet/5000486.img/stand0/2"/>
</canvas>
<canvas name="3" width="1" height="1">
<vector name="origin" x="19" y="48"/>
<int name="z" value="0"/>
<vector name="lt" x="-21" y="-51"/>
<vector name="rb" x="25" y="1"/>
<string name="_hash" value="f922d2a2ef5a53ca685817a7b039e043399b90aeb91883c5c7d7fa4c3f0e9211"/>
<string name="_outlink" value="Item/Pet/5000486.img/stand0/3"/>
</canvas>
</imgdir>
<imgdir name="stand1">
<canvas name="0" width="1" height="1">
<vector name="origin" x="19" y="49"/>
<int name="z" value="0"/>
<vector name="lt" x="-21" y="-51"/>
<vector name="rb" x="25" y="1"/>
<string name="_outlink" value="Item/Pet/5000486.img/stand0/0"/>
</canvas>
<canvas name="1" width="1" height="1">
<vector name="origin" x="19" y="48"/>
<int name="z" value="0"/>
<vector name="lt" x="-21" y="-51"/>
<vector name="rb" x="25" y="1"/>
<string name="_hash" value="61a583144c538d7ddca8fbed2e9512d2c4715e440b22a2b520913aaf0ac3b71f"/>
<string name="_outlink" value="Item/Pet/5000486.img/stand1/1"/>
</canvas>
<canvas name="2" width="1" height="1">
<vector name="origin" x="19" y="47"/>
<int name="z" value="0"/>
<vector name="lt" x="-21" y="-51"/>
<vector name="rb" x="25" y="1"/>
<string name="_outlink" value="Item/Pet/5000486.img/stand0/2"/>
</canvas>
<canvas name="3" width="1" height="1">
<vector name="origin" x="19" y="48"/>
<int name="z" value="0"/>
<vector name="lt" x="-21" y="-51"/>
<vector name="rb" x="25" y="1"/>
<string name="_outlink" value="Item/Pet/5000486.img/stand0/3"/>
</canvas>
</imgdir>
<imgdir name="rest0">
<canvas name="0" width="1" height="1">
<vector name="origin" x="19" y="42"/>
<int name="z" value="0"/>
<vector name="lt" x="-21" y="-51"/>
<vector name="rb" x="25" y="1"/>
<string name="_hash" value="ae0e7fa64ec09cd3629731eade23e379f45e4a1933a9239001498563406b9a65"/>
<string name="_outlink" value="Item/Pet/5000486.img/rest0/0"/>
</canvas>
<canvas name="1" width="1" height="1">
<vector name="origin" x="19" y="42"/>
<int name="z" value="0"/>
<vector name="lt" x="-21" y="-51"/>
<vector name="rb" x="25" y="1"/>
<string name="_hash" value="ca65b20db75e235139d1c18955bd0edfd2eb092be984902f21262ebaa308b0a3"/>
<string name="_outlink" value="Item/Pet/5000486.img/rest0/1"/>
</canvas>
<canvas name="2" width="1" height="1">
<vector name="origin" x="19" y="42"/>
<int name="z" value="0"/>
<vector name="lt" x="-21" y="-51"/>
<vector name="rb" x="25" y="1"/>
<string name="_hash" value="9615cc366958bc9c92c3f06a53ffee7ae254c5b0ff766b5027a35db3a359fa37"/>
<string name="_outlink" value="Item/Pet/5000486.img/rest0/2"/>
</canvas>
<canvas name="3" width="1" height="1">
<vector name="origin" x="19" y="42"/>
<int name="z" value="0"/>
<vector name="lt" x="-21" y="-51"/>
<vector name="rb" x="25" y="1"/>
<string name="_hash" value="c5a7fa12aa83581b2af945cd902e361429f8b0d8f805467de99ebe98c3744580"/>
<string name="_outlink" value="Item/Pet/5000486.img/rest0/3"/>
</canvas>
<canvas name="4" width="1" height="1">
<vector name="origin" x="19" y="42"/>
<int name="z" value="0"/>
<vector name="lt" x="-21" y="-51"/>
<vector name="rb" x="25" y="1"/>
<string name="_outlink" value="Item/Pet/5000486.img/rest0/2"/>
</canvas>
<canvas name="5" width="1" height="1">
<vector name="origin" x="19" y="42"/>
<int name="z" value="0"/>
<vector name="lt" x="-21" y="-51"/>
<vector name="rb" x="25" y="1"/>
<string name="_outlink" value="Item/Pet/5000486.img/rest0/2"/>
</canvas>
<canvas name="6" width="1" height="1">
<vector name="origin" x="19" y="42"/>
<int name="z" value="0"/>
<vector name="lt" x="-21" y="-51"/>
<vector name="rb" x="25" y="1"/>
<string name="_outlink" value="Item/Pet/5000486.img/rest0/0"/>
</canvas>
<canvas name="7" width="1" height="1">
<vector name="origin" x="19" y="42"/>
<int name="z" value="0"/>
<vector name="lt" x="-21" y="-51"/>
<vector name="rb" x="25" y="1"/>
<string name="_outlink" value="Item/Pet/5000486.img/rest0/0"/>
</canvas>
</imgdir>
<imgdir name="move">
<canvas name="0" width="1" height="1">
<vector name="origin" x="19" y="49"/>
<int name="z" value="0"/>
<vector name="lt" x="-21" y="-51"/>
<vector name="rb" x="25" y="1"/>
<string name="_hash" value="12f745d2b3c3fc20de504ce74813891bbee5bcdaf774b330eed80ecfceef8fb6"/>
<string name="_outlink" value="Item/Pet/5000486.img/move/0"/>
</canvas>
<canvas name="1" width="1" height="1">
<vector name="origin" x="19" y="48"/>
<int name="z" value="0"/>
<vector name="lt" x="-21" y="-51"/>
<vector name="rb" x="25" y="1"/>
<string name="_hash" value="75e8fd34636b6bbc015d702f20b5a2100939d5138c4330ca7436cdf5d7d246dc"/>
<string name="_outlink" value="Item/Pet/5000486.img/move/1"/>
</canvas>
<canvas name="2" width="1" height="1">
<vector name="origin" x="19" y="47"/>
<int name="z" value="0"/>
<vector name="lt" x="-21" y="-51"/>
<vector name="rb" x="25" y="1"/>
<string name="_hash" value="43f205a832365e621a18d079fb0df31db3ae31271b5728bd1504fe2dd3d6f293"/>
<string name="_outlink" value="Item/Pet/5000486.img/move/2"/>
</canvas>
<canvas name="3" width="1" height="1">
<vector name="origin" x="19" y="48"/>
<int name="z" value="0"/>
<vector name="lt" x="-21" y="-51"/>
<vector name="rb" x="25" y="1"/>
<string name="_hash" value="eb36b97966e79009a3f9b38e04cb6c7f65fb06be23997d7fdba78bedc24a1724"/>
<string name="_outlink" value="Item/Pet/5000486.img/move/3"/>
</canvas>
</imgdir>
<imgdir name="jump">
<canvas name="0" width="1" height="1">
<vector name="origin" x="19" y="56"/>
<int name="z" value="0"/>
<vector name="lt" x="-21" y="-51"/>
<vector name="rb" x="25" y="1"/>
<string name="_hash" value="a616005e99e0e9f078099f2d8323accc2344d7a29e08600003c3d514a1af8660"/>
<string name="_outlink" value="Item/Pet/5000486.img/jump/0"/>
</canvas>
</imgdir>
<imgdir name="hang">
<canvas name="0" width="1" height="1">
<vector name="origin" x="20" y="51"/>
<int name="z" value="0"/>
<vector name="lt" x="-21" y="-51"/>
<vector name="rb" x="25" y="1"/>
<string name="_hash" value="0e9322abb328bc9b9471dd4b09965613e2544e0602e862f8ee08ef21283612a3"/>
<string name="_outlink" value="Item/Pet/5000486.img/hang/0"/>
</canvas>
</imgdir>
<imgdir name="hungry">
<canvas name="0" width="1" height="1">
<vector name="origin" x="21" y="46"/>
<int name="z" value="0"/>
<vector name="lt" x="-21" y="-51"/>
<vector name="rb" x="25" y="1"/>
<string name="_hash" value="6d2418f74d63bda0e7e8970eac1c412fd924f52d6a97199d2559ae97932b3559"/>
<string name="_outlink" value="Item/Pet/5000486.img/hungry/0"/>
</canvas>
<canvas name="1" width="1" height="1">
<vector name="origin" x="21" y="47"/>
<int name="z" value="0"/>
<vector name="lt" x="-21" y="-51"/>
<vector name="rb" x="25" y="1"/>
<string name="_hash" value="349683e315c2b6cc07f8260899ee9200ee623d5a17f2c8e70d3d7d35ccd8726f"/>
<string name="_outlink" value="Item/Pet/5000486.img/hungry/1"/>
</canvas>
<canvas name="2" width="1" height="1">
<vector name="origin" x="22" y="46"/>
<int name="z" value="0"/>
<vector name="lt" x="-21" y="-51"/>
<vector name="rb" x="25" y="1"/>
<string name="_hash" value="99b9842299c7c5358c535fbe95887bcbc9415387dc219495bcb5820fb4793b46"/>
<string name="_outlink" value="Item/Pet/5000486.img/hungry/2"/>
</canvas>
<canvas name="3" width="1" height="1">
<vector name="origin" x="22" y="45"/>
<int name="z" value="0"/>
<vector name="lt" x="-21" y="-51"/>
<vector name="rb" x="25" y="1"/>
<string name="_hash" value="47e76673132366c00373fcb75b204b0a287dcc3dd31d5009be7660ce1421c333"/>
<string name="_outlink" value="Item/Pet/5000486.img/hungry/3"/>
</canvas>
<canvas name="4" width="1" height="1">
<vector name="origin" x="21" y="46"/>
<int name="z" value="0"/>
<vector name="lt" x="-21" y="-51"/>
<vector name="rb" x="25" y="1"/>
<string name="_outlink" value="Item/Pet/5000486.img/hungry/0"/>
</canvas>
<canvas name="5" width="1" height="1">
<vector name="origin" x="21" y="47"/>
<int name="z" value="0"/>
<vector name="lt" x="-21" y="-51"/>
<vector name="rb" x="25" y="1"/>
<string name="_outlink" value="Item/Pet/5000486.img/hungry/1"/>
</canvas>
<canvas name="6" width="1" height="1">
<vector name="origin" x="22" y="46"/>
<int name="z" value="0"/>
<vector name="lt" x="-21" y="-51"/>
<vector name="rb" x="25" y="1"/>
<string name="_outlink" value="Item/Pet/5000486.img/hungry/2"/>
</canvas>
<canvas name="7" width="1" height="1">
<vector name="origin" x="22" y="45"/>
<int name="z" value="0"/>
<vector name="lt" x="-21" y="-51"/>
<vector name="rb" x="25" y="1"/>
<string name="_outlink" value="Item/Pet/5000486.img/hungry/3"/>
</canvas>
</imgdir>
<imgdir name="angry">
<canvas name="0" width="1" height="1">
<vector name="origin" x="32" y="68"/>
<int name="z" value="0"/>
<vector name="lt" x="-21" y="-51"/>
<vector name="rb" x="25" y="1"/>
<string name="_hash" value="ba7d56a54567c149219b08137cd3dc6098aaa7be479dfc4d01329686b955b4c5"/>
<string name="_outlink" value="Item/Pet/5000486.img/angry/0"/>
</canvas>
<canvas name="1" width="1" height="1">
<vector name="origin" x="32" y="64"/>
<int name="z" value="0"/>
<vector name="lt" x="-21" y="-51"/>
<vector name="rb" x="25" y="1"/>
<string name="_hash" value="0a4dc6e5bea325b2410bcc94801ade2bd4b32873be1650e6e3638774031084bc"/>
<string name="_outlink" value="Item/Pet/5000486.img/angry/1"/>
</canvas>
<canvas name="2" width="1" height="1">
<vector name="origin" x="32" y="66"/>
<int name="z" value="0"/>
<vector name="lt" x="-21" y="-51"/>
<vector name="rb" x="25" y="1"/>
<string name="_hash" value="8677a4c09fbd1b27d1a765f346b2058ccf85e147e9e94d829101ad323ad3e1ab"/>
<string name="_outlink" value="Item/Pet/5000486.img/angry/2"/>
</canvas>
<canvas name="3" width="1" height="1">
<vector name="origin" x="32" y="67"/>
<int name="z" value="0"/>
<vector name="lt" x="-21" y="-51"/>
<vector name="rb" x="25" y="1"/>
<string name="_hash" value="51bd026894a2f54e4c9496ffc212637d96d8256998ed97f337f24f24741c7005"/>
<string name="_outlink" value="Item/Pet/5000486.img/angry/3"/>
</canvas>
</imgdir>
<imgdir name="chat">
<canvas name="0" width="1" height="1">
<vector name="origin" x="19" y="49"/>
<int name="z" value="0"/>
<vector name="lt" x="-21" y="-51"/>
<vector name="rb" x="25" y="1"/>
<string name="_outlink" value="Item/Pet/5000486.img/stand0/0"/>
</canvas>
<canvas name="1" width="1" height="1">
<vector name="origin" x="19" y="48"/>
<int name="z" value="0"/>
<vector name="lt" x="-21" y="-51"/>
<vector name="rb" x="25" y="1"/>
<string name="_hash" value="e14e83d32f39a0f0eee3a2ec0c6d2cc0c13ca2a3a085cee5e4fe0669dfb4471f"/>
<string name="_outlink" value="Item/Pet/5000486.img/chat/1"/>
</canvas>
<canvas name="2" width="1" height="1">
<vector name="origin" x="19" y="47"/>
<int name="z" value="0"/>
<vector name="lt" x="-21" y="-51"/>
<vector name="rb" x="25" y="1"/>
<string name="_outlink" value="Item/Pet/5000486.img/stand0/2"/>
</canvas>
<canvas name="3" width="1" height="1">
<vector name="origin" x="19" y="48"/>
<int name="z" value="0"/>
<vector name="lt" x="-21" y="-51"/>
<vector name="rb" x="25" y="1"/>
<string name="_hash" value="12e6596862cb50570f98a9c0ddeb1e6053674b7c874d1bf5599e880165f4c558"/>
<string name="_outlink" value="Item/Pet/5000486.img/chat/3"/>
</canvas>
</imgdir>
<imgdir name="love">
<canvas name="0" width="1" height="1">
<vector name="origin" x="31" y="49"/>
<int name="z" value="0"/>
<vector name="lt" x="-21" y="-51"/>
<vector name="rb" x="25" y="1"/>
<string name="_hash" value="5fc0c32df33c9d2c5a81cd0c2cb2c446d620eb7c745c723dba18cd6af80a1c36"/>
<string name="_outlink" value="Item/Pet/5000486.img/love/0"/>
</canvas>
<canvas name="1" width="1" height="1">
<vector name="origin" x="34" y="66"/>
<int name="z" value="0"/>
<vector name="lt" x="-21" y="-51"/>
<vector name="rb" x="25" y="1"/>
<string name="_hash" value="8a2bed15e8a4c5fd3d1aea45c31f555a610325a789ec95ec9fa9884a48941e89"/>
<string name="_outlink" value="Item/Pet/5000486.img/love/1"/>
</canvas>
<canvas name="2" width="1" height="1">
<vector name="origin" x="34" y="73"/>
<int name="z" value="0"/>
<vector name="lt" x="-21" y="-51"/>
<vector name="rb" x="25" y="1"/>
<string name="_hash" value="25731487a0f691720581163884380e6227b10d448a67f0b19bf2b62368aeff54"/>
<string name="_outlink" value="Item/Pet/5000486.img/love/2"/>
</canvas>
<canvas name="3" width="1" height="1">
<vector name="origin" x="34" y="73"/>
<int name="z" value="0"/>
<vector name="lt" x="-21" y="-51"/>
<vector name="rb" x="25" y="1"/>
<string name="_hash" value="8e4aad43f611aae350f175fa4180fe3db8461185370b5bd3c630e43136869ed4"/>
<string name="_outlink" value="Item/Pet/5000486.img/love/3"/>
</canvas>
<canvas name="4" width="1" height="1">
<vector name="origin" x="36" y="75"/>
<int name="z" value="0"/>
<vector name="lt" x="-21" y="-51"/>
<vector name="rb" x="25" y="1"/>
<string name="_hash" value="ba4b063980011305cd46a15c6fc4128f5ea5ec305def8752657001a611434fd9"/>
<string name="_outlink" value="Item/Pet/5000486.img/love/4"/>
</canvas>
<canvas name="5" width="1" height="1">
<vector name="origin" x="37" y="75"/>
<int name="z" value="0"/>
<vector name="lt" x="-21" y="-51"/>
<vector name="rb" x="25" y="1"/>
<string name="_hash" value="096cb405c5e885a151074dab9ba77e0ae0dfb5e35dd0e360bac700c39fbd38e6"/>
<string name="_outlink" value="Item/Pet/5000486.img/love/5"/>
</canvas>
<canvas name="6" width="1" height="1">
<vector name="origin" x="39" y="75"/>
<int name="z" value="0"/>
<vector name="lt" x="-21" y="-51"/>
<vector name="rb" x="25" y="1"/>
<string name="_hash" value="d1af4f5293372568fe1fe475abd0a58ae19b77b9cd34ba3817028120db6898dc"/>
<string name="_outlink" value="Item/Pet/5000486.img/love/6"/>
</canvas>
<canvas name="7" width="1" height="1">
<vector name="origin" x="19" y="48"/>
<int name="z" value="0"/>
<vector name="lt" x="-21" y="-51"/>
<vector name="rb" x="25" y="1"/>
<string name="_hash" value="1ad1fec4f8dabb464db003637364959e4a6967246b2fb1202809159d57655e22"/>
<string name="_outlink" value="Item/Pet/5000486.img/love/7"/>
</canvas>
</imgdir>
<imgdir name="eat">
<canvas name="0" width="1" height="1">
<vector name="origin" x="19" y="49"/>
<int name="z" value="0"/>
<vector name="lt" x="-21" y="-51"/>
<vector name="rb" x="25" y="1"/>
<string name="_hash" value="d7174f8e7cf19efb27b2f952b01e1ad92741cbc9f9740d8dbee1074e1a2d2ab3"/>
<string name="_outlink" value="Item/Pet/5000486.img/eat/0"/>
</canvas>
<canvas name="1" width="1" height="1">
<vector name="origin" x="19" y="48"/>
<int name="z" value="0"/>
<vector name="lt" x="-21" y="-51"/>
<vector name="rb" x="25" y="1"/>
<string name="_hash" value="05126c3e6c89102687edd63c23cf126e1b889c94f762ebbe746bd6a4ac7cffa7"/>
<string name="_outlink" value="Item/Pet/5000486.img/eat/1"/>
</canvas>
<canvas name="2" width="1" height="1">
<vector name="origin" x="19" y="47"/>
<int name="z" value="0"/>
<vector name="lt" x="-21" y="-51"/>
<vector name="rb" x="25" y="1"/>
<string name="_hash" value="6f1ee55710b9fd3abe01798ee5cedcc2f7bddba8d1d2dc19c29c5fbdd0561aef"/>
<string name="_outlink" value="Item/Pet/5000486.img/eat/2"/>
</canvas>
<canvas name="3" width="1" height="1">
<vector name="origin" x="19" y="48"/>
<int name="z" value="0"/>
<vector name="lt" x="-21" y="-51"/>
<vector name="rb" x="25" y="1"/>
<string name="_hash" value="885d4cb867bd06f9244549cfb8e7f32ad4eb3de03934c177a15e01122a901ad6"/>
<string name="_outlink" value="Item/Pet/5000486.img/eat/3"/>
</canvas>
<canvas name="4" width="1" height="1">
<vector name="origin" x="19" y="49"/>
<int name="z" value="0"/>
<vector name="lt" x="-21" y="-51"/>
<vector name="rb" x="25" y="1"/>
<string name="_hash" value="1488ccb23a9b90588d8ee4f95cebccc46377a57458bbaab1dc6cbbdc56e9e213"/>
<string name="_outlink" value="Item/Pet/5000486.img/eat/4"/>
</canvas>
<canvas name="5" width="1" height="1">
<vector name="origin" x="19" y="48"/>
<int name="z" value="0"/>
<vector name="lt" x="-21" y="-51"/>
<vector name="rb" x="25" y="1"/>
<string name="_outlink" value="Item/Pet/5000486.img/eat/1"/>
</canvas>
<canvas name="6" width="1" height="1">
<vector name="origin" x="19" y="47"/>
<int name="z" value="0"/>
<vector name="lt" x="-21" y="-51"/>
<vector name="rb" x="25" y="1"/>
<string name="_hash" value="91a5018c196b13a1c35bb1fc036b3ffaf9b34823dc667683e5ecdfb38d8043db"/>
<string name="_outlink" value="Item/Pet/5000486.img/eat/6"/>
</canvas>
<canvas name="7" width="1" height="1">
<vector name="origin" x="19" y="48"/>
<int name="z" value="0"/>
<vector name="lt" x="-21" y="-51"/>
<vector name="rb" x="25" y="1"/>
<string name="_outlink" value="Item/Pet/5000486.img/eat/3"/>
</canvas>
</imgdir>
<imgdir name="dung">
<canvas name="0" width="1" height="1">
<vector name="origin" x="18" y="51"/>
<int name="z" value="0"/>
<vector name="lt" x="-21" y="-51"/>
<vector name="rb" x="25" y="1"/>
<string name="_hash" value="2ef0e0e6bb12e2354bec47a13a05d4b26e782dc78eb4dd9d4d328b8cef6747c8"/>
<string name="_outlink" value="Item/Pet/5000486.img/dung/0"/>
</canvas>
<canvas name="1" width="1" height="1">
<vector name="origin" x="18" y="50"/>
<int name="z" value="0"/>
<vector name="lt" x="-21" y="-51"/>
<vector name="rb" x="25" y="1"/>
<string name="_hash" value="4807870ebafc1e546d0ec24f64785023662c5afa1ea457e8b07530ab9e16b5f3"/>
<string name="_outlink" value="Item/Pet/5000486.img/dung/1"/>
</canvas>
<canvas name="2" width="1" height="1">
<vector name="origin" x="18" y="50"/>
<int name="z" value="0"/>
<vector name="lt" x="-21" y="-51"/>
<vector name="rb" x="25" y="1"/>
<string name="_hash" value="e6fd63b7599c859d9f8c77515deba474f6e28d794e31bb65fa436fe71b8be020"/>
<string name="_outlink" value="Item/Pet/5000486.img/dung/2"/>
</canvas>
<canvas name="3" width="1" height="1">
<vector name="origin" x="18" y="50"/>
<int name="z" value="0"/>
<vector name="lt" x="-21" y="-51"/>
<vector name="rb" x="25" y="1"/>
<string name="_outlink" value="Item/Pet/5000486.img/dung/1"/>
</canvas>
</imgdir>
<imgdir name="sleep">
<canvas name="0" width="1" height="1">
<vector name="origin" x="20" y="41"/>
<int name="z" value="0"/>
<vector name="lt" x="-21" y="-51"/>
<vector name="rb" x="25" y="1"/>
<string name="_hash" value="eed2abae09da6863ac0a7f1284081a7d5cf3e8cbc57850e36175b9adf4d9f7f9"/>
<string name="_outlink" value="Item/Pet/5000486.img/sleep/0"/>
</canvas>
<canvas name="1" width="1" height="1">
<vector name="origin" x="20" y="41"/>
<int name="z" value="0"/>
<vector name="lt" x="-21" y="-51"/>
<vector name="rb" x="25" y="1"/>
<string name="_hash" value="441aaa0d883ae25bbb07fe8eacf0a745afb119f4fcf4604821c5eb4bf40b6d1c"/>
<string name="_outlink" value="Item/Pet/5000486.img/sleep/1"/>
</canvas>
<canvas name="2" width="1" height="1">
<vector name="origin" x="25" y="41"/>
<int name="z" value="0"/>
<vector name="lt" x="-21" y="-51"/>
<vector name="rb" x="25" y="1"/>
<string name="_hash" value="6bfc283ee4036f273cbe698e6e0217ce966710eb21b438b2af1b8d1b7461527b"/>
<string name="_outlink" value="Item/Pet/5000486.img/sleep/2"/>
</canvas>
<canvas name="3" width="1" height="1">
<vector name="origin" x="26" y="40"/>
<int name="z" value="0"/>
<vector name="lt" x="-21" y="-51"/>
<vector name="rb" x="25" y="1"/>
<string name="_hash" value="b7d487bb765a77f345471236f151a8f59b180ae02593504447918e822c6bc273"/>
<string name="_outlink" value="Item/Pet/5000486.img/sleep/3"/>
</canvas>
<canvas name="4" width="1" height="1">
<vector name="origin" x="27" y="40"/>
<int name="z" value="0"/>
<vector name="lt" x="-21" y="-51"/>
<vector name="rb" x="25" y="1"/>
<string name="_hash" value="710d0c31016ebe27cf17cd81b42f1a5ecefe580293102e3b64543321436995ed"/>
<string name="_outlink" value="Item/Pet/5000486.img/sleep/4"/>
</canvas>
<canvas name="5" width="1" height="1">
<vector name="origin" x="27" y="40"/>
<int name="z" value="0"/>
<vector name="lt" x="-21" y="-51"/>
<vector name="rb" x="25" y="1"/>
<string name="_hash" value="311d4030cd5168b74fbee08ab825c6c89d409675995b8dc88309cb1b164e70a4"/>
<string name="_outlink" value="Item/Pet/5000486.img/sleep/5"/>
</canvas>
<canvas name="6" width="1" height="1">
<vector name="origin" x="27" y="40"/>
<int name="z" value="0"/>
<vector name="lt" x="-21" y="-51"/>
<vector name="rb" x="25" y="1"/>
<string name="_hash" value="875b30b19d0c0225b8f94228d67bbbbc74ecad1a10f444356926c65a936ca89c"/>
<string name="_outlink" value="Item/Pet/5000486.img/sleep/6"/>
</canvas>
<canvas name="7" width="1" height="1">
<vector name="origin" x="26" y="41"/>
<int name="z" value="0"/>
<vector name="lt" x="-21" y="-51"/>
<vector name="rb" x="25" y="1"/>
<string name="_hash" value="57d9c28251e9489e4b8ab8b39e19154fab7e5ef4c8f634e6ef6d633c7a15988a"/>
<string name="_outlink" value="Item/Pet/5000486.img/sleep/7"/>
</canvas>
</imgdir>
<imgdir name="cry">
<canvas name="0" width="1" height="1">
<vector name="origin" x="19" y="49"/>
<int name="z" value="0"/>
<vector name="lt" x="-21" y="-51"/>
<vector name="rb" x="25" y="1"/>
<string name="_hash" value="f922fb21109a631523a0a1a868059ccb594e36fabacfe035015d974b345c50c8"/>
<string name="_outlink" value="Item/Pet/5000486.img/cry/0"/>
</canvas>
<canvas name="1" width="1" height="1">
<vector name="origin" x="19" y="48"/>
<int name="z" value="0"/>
<vector name="lt" x="-21" y="-51"/>
<vector name="rb" x="25" y="1"/>
<string name="_hash" value="6aa9fd306e737d2fc7f3b880d6aa465be940242634463f36cd865756b982b3ea"/>
<string name="_outlink" value="Item/Pet/5000486.img/cry/1"/>
</canvas>
<canvas name="2" width="1" height="1">
<vector name="origin" x="19" y="47"/>
<int name="z" value="0"/>
<vector name="lt" x="-21" y="-51"/>
<vector name="rb" x="25" y="1"/>
<string name="_hash" value="e74d5bc4140a343fd01499543482d61ac064d6fb7fc0dc9420d42e52b595c63c"/>
<string name="_outlink" value="Item/Pet/5000486.img/cry/2"/>
</canvas>
<canvas name="3" width="1" height="1">
<vector name="origin" x="21" y="48"/>
<int name="z" value="0"/>
<vector name="lt" x="-21" y="-51"/>
<vector name="rb" x="25" y="1"/>
<string name="_hash" value="1383d3e457a7462e32c3c7e77e29c5b6e9286f2a8c3ea53af7d0db2ff1e8636f"/>
<string name="_outlink" value="Item/Pet/5000486.img/cry/3"/>
</canvas>
<canvas name="4" width="1" height="1">
<vector name="origin" x="19" y="49"/>
<int name="z" value="0"/>
<vector name="lt" x="-21" y="-51"/>
<vector name="rb" x="25" y="1"/>
<string name="_hash" value="94209e96c813be6caef709f44b6ca8d4748f8469b37ce17ff83c2c78dd96a601"/>
<string name="_outlink" value="Item/Pet/5000486.img/cry/4"/>
</canvas>
<canvas name="5" width="1" height="1">
<vector name="origin" x="21" y="48"/>
<int name="z" value="0"/>
<vector name="lt" x="-21" y="-51"/>
<vector name="rb" x="25" y="1"/>
<string name="_hash" value="5ef2fe8982bb3cf37f2bdfd886d974e590780e1056dda6d68973d018e24d4873"/>
<string name="_outlink" value="Item/Pet/5000486.img/cry/5"/>
</canvas>
<canvas name="6" width="1" height="1">
<vector name="origin" x="19" y="47"/>
<int name="z" value="0"/>
<vector name="lt" x="-21" y="-51"/>
<vector name="rb" x="25" y="1"/>
<string name="_outlink" value="Item/Pet/5000486.img/cry/2"/>
</canvas>
<canvas name="7" width="1" height="1">
<vector name="origin" x="19" y="48"/>
<int name="z" value="0"/>
<vector name="lt" x="-21" y="-51"/>
<vector name="rb" x="25" y="1"/>
<string name="_hash" value="4f9f565c521dd2349b1edff55383eea9155101a863a21dbd38f4ff35ee007b50"/>
<string name="_outlink" value="Item/Pet/5000486.img/cry/7"/>
</canvas>
</imgdir>
<imgdir name="sit">
<canvas name="0" width="1" height="1">
<vector name="origin" x="19" y="42"/>
<int name="z" value="0"/>
<vector name="lt" x="-21" y="-51"/>
<vector name="rb" x="25" y="1"/>
<string name="_outlink" value="Item/Pet/5000486.img/rest0/0"/>
</canvas>
<canvas name="1" width="1" height="1">
<vector name="origin" x="19" y="42"/>
<int name="z" value="0"/>
<vector name="lt" x="-21" y="-51"/>
<vector name="rb" x="25" y="1"/>
<string name="_outlink" value="Item/Pet/5000486.img/rest0/1"/>
</canvas>
<canvas name="2" width="1" height="1">
<vector name="origin" x="19" y="42"/>
<int name="z" value="0"/>
<vector name="lt" x="-21" y="-51"/>
<vector name="rb" x="25" y="1"/>
<string name="_outlink" value="Item/Pet/5000486.img/rest0/2"/>
</canvas>
<canvas name="3" width="1" height="1">
<vector name="origin" x="19" y="42"/>
<int name="z" value="0"/>
<vector name="lt" x="-21" y="-51"/>
<vector name="rb" x="25" y="1"/>
<string name="_outlink" value="Item/Pet/5000486.img/rest0/3"/>
</canvas>
<canvas name="4" width="1" height="1">
<vector name="origin" x="19" y="42"/>
<int name="z" value="0"/>
<vector name="lt" x="-21" y="-51"/>
<vector name="rb" x="25" y="1"/>
<string name="_outlink" value="Item/Pet/5000486.img/rest0/2"/>
</canvas>
<canvas name="5" width="1" height="1">
<vector name="origin" x="19" y="42"/>
<int name="z" value="0"/>
<vector name="lt" x="-21" y="-51"/>
<vector name="rb" x="25" y="1"/>
<string name="_outlink" value="Item/Pet/5000486.img/rest0/2"/>
</canvas>
<canvas name="6" width="1" height="1">
<vector name="origin" x="19" y="42"/>
<int name="z" value="0"/>
<vector name="lt" x="-21" y="-51"/>
<vector name="rb" x="25" y="1"/>
<string name="_outlink" value="Item/Pet/5000486.img/rest0/0"/>
</canvas>
<canvas name="7" width="1" height="1">
<vector name="origin" x="19" y="42"/>
<int name="z" value="0"/>
<vector name="lt" x="-21" y="-51"/>
<vector name="rb" x="25" y="1"/>
<string name="_outlink" value="Item/Pet/5000486.img/rest0/0"/>
</canvas>
</imgdir>
<imgdir name="fly">
<canvas name="0" width="1" height="1">
<vector name="origin" x="19" y="49"/>
<int name="z" value="0"/>
<vector name="lt" x="-21" y="-51"/>
<vector name="rb" x="25" y="1"/>
<string name="_outlink" value="Item/Pet/5000486.img/move/0"/>
</canvas>
<canvas name="1" width="1" height="1">
<vector name="origin" x="19" y="48"/>
<int name="z" value="0"/>
<vector name="lt" x="-21" y="-51"/>
<vector name="rb" x="25" y="1"/>
<string name="_outlink" value="Item/Pet/5000486.img/move/1"/>
</canvas>
<canvas name="2" width="1" height="1">
<vector name="origin" x="19" y="47"/>
<int name="z" value="0"/>
<vector name="lt" x="-21" y="-51"/>
<vector name="rb" x="25" y="1"/>
<string name="_outlink" value="Item/Pet/5000486.img/move/2"/>
</canvas>
<canvas name="3" width="1" height="1">
<vector name="origin" x="19" y="48"/>
<int name="z" value="0"/>
<vector name="lt" x="-21" y="-51"/>
<vector name="rb" x="25" y="1"/>
<string name="_outlink" value="Item/Pet/5000486.img/move/3"/>
</canvas>
</imgdir>
<imgdir name="no">
<canvas name="0" width="1" height="1">
<vector name="origin" x="20" y="48"/>
<int name="z" value="0"/>
<vector name="lt" x="-21" y="-51"/>
<vector name="rb" x="25" y="1"/>
<string name="_hash" value="af5fe62b00d05272d1a3be8bf20bc93d3f8490906f9c9f0838e6ef665b83ae61"/>
<string name="_outlink" value="Item/Pet/5000486.img/no/0"/>
</canvas>
<canvas name="1" width="1" height="1">
<vector name="origin" x="20" y="47"/>
<int name="z" value="0"/>
<vector name="lt" x="-21" y="-51"/>
<vector name="rb" x="25" y="1"/>
<string name="_hash" value="e93b42ae416ddbdfefaf3e6f920cd517d8f954062b3e570d757e6c6a099ec085"/>
<string name="_outlink" value="Item/Pet/5000486.img/no/1"/>
</canvas>
<canvas name="2" width="1" height="1">
<vector name="origin" x="20" y="46"/>
<int name="z" value="0"/>
<vector name="lt" x="-21" y="-51"/>
<vector name="rb" x="25" y="1"/>
<string name="_hash" value="4f6bec14cae7b37ef5d93eb6b77e9e4460dfee9059676aaa78bfad7965543514"/>
<string name="_outlink" value="Item/Pet/5000486.img/no/2"/>
</canvas>
<canvas name="3" width="1" height="1">
<vector name="origin" x="19" y="56"/>
<int name="z" value="0"/>
<vector name="lt" x="-21" y="-51"/>
<vector name="rb" x="25" y="1"/>
<string name="_hash" value="29ef2b102f39b44ad1b92c9e40f966f93267f15cefb40fec366a203170da1a5a"/>
<string name="_outlink" value="Item/Pet/5000486.img/no/3"/>
</canvas>
<canvas name="4" width="1" height="1">
<vector name="origin" x="19" y="57"/>
<int name="z" value="0"/>
<vector name="lt" x="-21" y="-51"/>
<vector name="rb" x="25" y="1"/>
<string name="_hash" value="7c68980351dcba1ef9984327beb805c0c0983c6341276ae7382d2338009b7fb1"/>
<string name="_outlink" value="Item/Pet/5000486.img/no/4"/>
</canvas>
<canvas name="5" width="1" height="1">
<vector name="origin" x="19" y="58"/>
<int name="z" value="0"/>
<vector name="lt" x="-21" y="-51"/>
<vector name="rb" x="25" y="1"/>
<string name="_hash" value="e642c781adae120c43e4f2858813f1b0c04389b283159b4d765bca8bca55c1be"/>
<string name="_outlink" value="Item/Pet/5000486.img/no/5"/>
</canvas>
<canvas name="6" width="1" height="1">
<vector name="origin" x="19" y="55"/>
<int name="z" value="0"/>
<vector name="lt" x="-21" y="-51"/>
<vector name="rb" x="25" y="1"/>
<string name="_hash" value="c9e4a73cf5a1b74da6a6c7a7e0498f32e125aba25fe161ed1d9c07c6d50e9c76"/>
<string name="_outlink" value="Item/Pet/5000486.img/no/6"/>
</canvas>
<canvas name="7" width="1" height="1">
<vector name="origin" x="19" y="56"/>
<int name="z" value="0"/>
<vector name="lt" x="-21" y="-51"/>
<vector name="rb" x="25" y="1"/>
<string name="_hash" value="8a242ebdd1d463834984dbd6603df497078e3f20cfa94531b5feae8a0627c713"/>
<string name="_outlink" value="Item/Pet/5000486.img/no/7"/>
</canvas>
</imgdir>
</imgdir>
