<?xml version="1.0" encoding="UTF-8" standalone="yes"?><imgdir name="5002559.img"><imgdir name="info"><canvas name="icon" width="33" height="25"><vector name="origin" x="0" y="25"/><string name="_hash" value="6fd56fb0bdcd0299be8072468302bebc5cb4c7fc0e9ffbd31f2a75f633462ba2"/></canvas><canvas name="iconRaw" width="33" height="22"><vector name="origin" x="0" y="25"/><string name="_hash" value="2c5c505919c36b8905bad3097c1bb155751587a17c626396ccb81a3161445296"/></canvas><canvas name="iconD" width="31" height="25"><vector name="origin" x="-1" y="25"/><string name="_hash" value="157a74e9c585e4c8d52c62ef574f0219a3f917e32e685e7dbd0629f69b5b2d29"/></canvas><canvas name="iconRawD" width="30" height="22"><vector name="origin" x="-1" y="25"/><string name="_hash" value="ee00123483f2177a545aa4fa1be5d386b07ea67aadd93348df7574b857da7de5"/></canvas><int name="hungry" value="2"/><int name="cash" value="1"/><int name="life" value="90"/><int name="chatBalloon" value="683"/><int name="nameTag" value="683"/><int name="pickupItem" value="1"/><int name="multiPet" value="1"/><int name="autoBuff" value="1"/><int name="sweepForDrop" value="1"/><int name="wonderGrade" value="2"/></imgdir><imgdir name="interact"><imgdir name="0"><string name="command" value="c1"/><int name="inc" value="1"/><int name="prob" value="45"/><int name="l0" value="1"/><int name="l1" value="9"/><imgdir name="success"><imgdir name="0"><string name="act" value="rest0"/><string name="0" value="c1_s1"/><string name="1" value="c1_s2"/></imgdir></imgdir><imgdir name="fail"><imgdir name="0"><string name="act" value="stand0"/><string name="0" value="c1_f1"/><string name="1" value="c1_f2"/></imgdir></imgdir></imgdir><imgdir name="1"><string name="command" value="c2"/><int name="inc" value="1"/><int name="prob" value="60"/><int name="l0" value="10"/><int name="l1" value="19"/><imgdir name="success"><imgdir name="0"><string name="act" value="rest0"/><string name="0" value="c2_s1"/><string name="1" value="c2_s2"/><string name="2" value="c2_s3"/><string name="3" value="c2_s4"/></imgdir></imgdir><imgdir name="fail"><imgdir name="0"><string name="act" value="stand1"/><string name="0" value="c2_f1"/><string name="1" value="c2_f2"/><string name="2" value="c2_f3"/><string name="3" value="c2_f4"/></imgdir></imgdir></imgdir><imgdir name="2"><string name="command" value="c3"/><int name="inc" value="1"/><int name="prob" value="75"/><int name="l0" value="20"/><int name="l1" value="29"/><imgdir name="success"><imgdir name="0"><string name="act" value="rest0"/><string name="0" value="c3_s1"/><string name="1" value="c3_s2"/><string name="2" value="c3_s3"/><string name="3" value="c3_s4"/></imgdir></imgdir><imgdir name="fail"><imgdir name="0"><string name="act" value="stand1"/><string name="0" value="c3_f1"/><string name="1" value="c3_f2"/><string name="2" value="c3_f3"/><string name="3" value="c3_f4"/></imgdir></imgdir></imgdir><imgdir name="3"><string name="command" value="c4"/><int name="inc" value="1"/><int name="prob" value="90"/><int name="l0" value="30"/><int name="l1" value="30"/><imgdir name="success"><imgdir name="0"><string name="act" value="rest0"/><string name="0" value="c4_s1"/><string name="1" value="c4_s2"/><string name="2" value="c4_s3"/><string name="3" value="c4_s4"/></imgdir></imgdir><imgdir name="fail"><imgdir name="0"><string name="act" value="what"/><string name="0" value="c4_f1"/><string name="1" value="c4_f2"/><string name="2" value="c4_f3"/><string name="3" value="c4_f4"/></imgdir></imgdir></imgdir><imgdir name="4"><string name="command" value="c5"/><int name="inc" value="1"/><int name="prob" value="60"/><int name="l0" value="1"/><int name="l1" value="9"/><imgdir name="success"><imgdir name="0"><string name="act" value="cry"/><string name="0" value="c5_s1"/><string name="1" value="c5_s2"/></imgdir></imgdir><imgdir name="fail"><imgdir name="0"><string name="act" value="stand1"/><string name="0" value="c5_f1"/><string name="1" value="c5_f2"/></imgdir></imgdir></imgdir><imgdir name="5"><string name="command" value="c6"/><int name="inc" value="1"/><int name="prob" value="75"/><int name="l0" value="10"/><int name="l1" value="19"/><imgdir name="success"><imgdir name="0"><string name="act" value="cry"/><string name="0" value="c6_s1"/><string name="1" value="c6_s2"/><string name="2" value="c6_s3"/><string name="3" value="c6_s4"/></imgdir></imgdir><imgdir name="fail"><imgdir name="0"><string name="act" value="stand1"/><string name="0" value="c6_f1"/><string name="1" value="c6_f2"/><string name="2" value="c6_f3"/><string name="3" value="c6_f4"/></imgdir></imgdir></imgdir><imgdir name="6"><string name="command" value="c7"/><int name="inc" value="1"/><int name="prob" value="45"/><int name="l0" value="20"/><int name="l1" value="29"/><imgdir name="success"><imgdir name="0"><string name="act" value="cry"/><string name="0" value="c7_s1"/><string name="1" value="c7_s2"/><string name="2" value="c7_s3"/><string name="3" value="c7_s4"/></imgdir></imgdir><imgdir name="fail"><imgdir name="0"><string name="act" value="stand1"/><string name="0" value="c7_f1"/><string name="1" value="c7_f2"/><string name="2" value="c7_f3"/><string name="3" value="c7_f4"/></imgdir></imgdir></imgdir><imgdir name="7"><string name="command" value="c8"/><int name="inc" value="1"/><int name="prob" value="60"/><int name="l0" value="30"/><int name="l1" value="30"/><imgdir name="success"><imgdir name="0"><string name="act" value="cry"/><string name="0" value="c8_s1"/><string name="1" value="c8_s2"/><string name="2" value="c8_s3"/><string name="3" value="c8_s4"/></imgdir></imgdir><imgdir name="fail"><imgdir name="0"><string name="act" value="stand1"/><string name="0" value="c8_f1"/><string name="1" value="c8_f2"/><string name="2" value="c8_f3"/><string name="3" value="c8_f4"/></imgdir></imgdir></imgdir><imgdir name="8"><string name="command" value="c9"/><int name="inc" value="1"/><int name="prob" value="75"/><int name="l0" value="1"/><int name="l1" value="9"/><imgdir name="success"><imgdir name="0"><string name="act" value="love"/><string name="0" value="c9_s1"/><string name="1" value="c9_s2"/></imgdir></imgdir><imgdir name="fail"><imgdir name="0"><string name="act" value="stand0"/><string name="0" value="c9_f1"/><string name="1" value="c9_f2"/></imgdir></imgdir></imgdir><imgdir name="9"><string name="command" value="c10"/><int name="inc" value="1"/><int name="prob" value="55"/><int name="l0" value="10"/><int name="l1" value="19"/><imgdir name="success"><imgdir name="0"><string name="act" value="love"/><string name="0" value="c10_s1"/><string name="1" value="c10_s2"/><string name="2" value="c10_s3"/><string name="3" value="c10_s4"/></imgdir></imgdir><imgdir name="fail"><imgdir name="0"><string name="act" value="stand0"/><string name="0" value="c10_f1"/><string name="1" value="c10_f2"/><string name="2" value="c10_f3"/><string name="3" value="c10_f4"/></imgdir></imgdir></imgdir><imgdir name="10"><string name="command" value="c11"/><int name="inc" value="1"/><int name="prob" value="60"/><int name="l0" value="20"/><int name="l1" value="29"/><imgdir name="success"><imgdir name="0"><string name="act" value="love"/><string name="0" value="c11_s1"/><string name="1" value="c11_s2"/><string name="2" value="c11_s3"/><string name="3" value="c11_s4"/></imgdir></imgdir><imgdir name="fail"><imgdir name="0"><string name="act" value="what"/><string name="0" value="c11_f1"/><string name="1" value="c11_f2"/><string name="2" value="c11_f3"/><string name="3" value="c11_f4"/></imgdir></imgdir></imgdir><imgdir name="11"><string name="command" value="c12"/><int name="inc" value="1"/><int name="prob" value="75"/><int name="l0" value="30"/><int name="l1" value="30"/><imgdir name="success"><imgdir name="0"><string name="act" value="love"/><string name="0" value="c12_s1"/><string name="1" value="c12_s2"/><string name="2" value="c12_s3"/><string name="3" value="c12_s4"/></imgdir></imgdir><imgdir name="fail"><imgdir name="0"><string name="act" value="stand0"/><string name="0" value="c12_f1"/><string name="1" value="c12_f2"/><string name="2" value="c12_f3"/><string name="3" value="c12_f4"/></imgdir></imgdir></imgdir><imgdir name="12"><string name="command" value="c13"/><int name="inc" value="1"/><int name="prob" value="45"/><int name="l0" value="10"/><int name="l1" value="19"/><imgdir name="success"><imgdir name="0"><string name="act" value="dung"/><string name="0" value="c13_s1"/><string name="1" value="c13_s2"/><string name="2" value="c13_s3"/><string name="3" value="c13_s4"/></imgdir></imgdir><imgdir name="fail"><imgdir name="0"><string name="act" value="what"/><string name="0" value="c13_f1"/><string name="1" value="c13_f2"/><string name="2" value="c13_f3"/><string name="3" value="c13_f4"/></imgdir></imgdir></imgdir><imgdir name="13"><string name="command" value="c14"/><int name="inc" value="1"/><int name="prob" value="60"/><int name="l0" value="20"/><int name="l1" value="29"/><imgdir name="success"><imgdir name="0"><string name="act" value="dung"/><string name="0" value="c14_s1"/><string name="1" value="c14_s2"/><string name="2" value="c14_s3"/><string name="3" value="c14_s4"/></imgdir></imgdir><imgdir name="fail"><imgdir name="0"><string name="act" value="cry"/><string name="0" value="c14_f1"/><string name="1" value="c14_f2"/><string name="2" value="c14_f3"/><string name="3" value="c14_f4"/></imgdir></imgdir></imgdir><imgdir name="14"><string name="command" value="c15"/><int name="inc" value="1"/><int name="prob" value="75"/><int name="l0" value="30"/><int name="l1" value="30"/><imgdir name="success"><imgdir name="0"><string name="act" value="dung"/><string name="0" value="c15_s1"/><string name="1" value="c15_s2"/><string name="2" value="c15_s3"/><string name="3" value="c15_s4"/></imgdir></imgdir><imgdir name="fail"><imgdir name="0"><string name="act" value="chat"/><string name="0" value="c15_f1"/><string name="1" value="c15_f2"/><string name="2" value="c15_f3"/><string name="3" value="c15_f4"/></imgdir></imgdir></imgdir><imgdir name="15"><string name="command" value="c16"/><int name="inc" value="1"/><int name="prob" value="80"/><int name="l0" value="10"/><int name="l1" value="19"/><imgdir name="success"><imgdir name="0"><string name="act" value="sleep"/><string name="0" value="c16_s1"/><string name="1" value="c16_s2"/><string name="2" value="c16_s3"/><string name="3" value="c16_s4"/></imgdir></imgdir><imgdir name="fail"><imgdir name="0"><string name="act" value="hungry"/><string name="0" value="c16_f1"/><string name="1" value="c16_f2"/><string name="2" value="c16_f3"/><string name="3" value="c16_f4"/></imgdir></imgdir></imgdir><imgdir name="16"><string name="command" value="c17"/><int name="inc" value="2"/><int name="prob" value="80"/><int name="l0" value="20"/><int name="l1" value="29"/><imgdir name="success"><imgdir name="0"><string name="act" value="sleep"/><string name="0" value="c17_s1"/><string name="1" value="c17_s2"/><string name="2" value="c17_s3"/><string name="3" value="c17_s4"/></imgdir></imgdir><imgdir name="fail"><imgdir name="0"><string name="act" value="jump"/><string name="0" value="c17_f1"/><string name="1" value="c17_f2"/><string name="2" value="c17_f3"/><string name="3" value="c17_f4"/></imgdir></imgdir></imgdir><imgdir name="17"><string name="command" value="c18"/><int name="inc" value="2"/><int name="prob" value="80"/><int name="l0" value="30"/><int name="l1" value="30"/><imgdir name="success"><imgdir name="0"><string name="act" value="chat"/><string name="0" value="c18_s1"/><string name="1" value="c18_s2"/><string name="2" value="c18_s3"/><string name="3" value="c18_s4"/></imgdir></imgdir><imgdir name="fail"><imgdir name="0"><string name="act" value="move"/><string name="0" value="c18_f1"/><string name="1" value="c18_f2"/><string name="2" value="c18_f3"/><string name="3" value="c18_f4"/></imgdir></imgdir></imgdir><imgdir name="18"><string name="command" value="c19"/><int name="inc" value="2"/><int name="prob" value="50"/><int name="l0" value="10"/><int name="l1" value="19"/><imgdir name="success"><imgdir name="0"><string name="act" value="chat"/><string name="0" value="c19_s1"/><string name="1" value="c19_s2"/><string name="2" value="c19_s3"/><string name="3" value="c19_s4"/></imgdir></imgdir><imgdir name="fail"><imgdir name="0"><string name="act" value="what"/><string name="0" value="c19_f1"/><string name="1" value="c19_f2"/><string name="2" value="c19_f3"/><string name="3" value="c19_f4"/></imgdir></imgdir></imgdir><imgdir name="19"><string name="command" value="c20"/><int name="inc" value="2"/><int name="prob" value="65"/><int name="l0" value="20"/><int name="l1" value="29"/><imgdir name="success"><imgdir name="0"><string name="act" value="chat"/><string name="0" value="c20_s1"/><string name="1" value="c20_s2"/><string name="2" value="c20_s3"/><string name="3" value="c20_s4"/></imgdir></imgdir><imgdir name="fail"><imgdir name="0"><string name="act" value="what"/><string name="0" value="c20_f1"/><string name="1" value="c20_f2"/><string name="2" value="c20_f3"/><string name="3" value="c20_f4"/></imgdir></imgdir></imgdir><imgdir name="20"><string name="command" value="c21"/><int name="inc" value="2"/><int name="prob" value="80"/><int name="l0" value="30"/><int name="l1" value="30"/><imgdir name="success"><imgdir name="0"><string name="act" value="chat"/><string name="0" value="c21_s1"/><string name="1" value="c21_s2"/><string name="2" value="c21_s3"/><string name="3" value="c21_s4"/></imgdir></imgdir><imgdir name="fail"><imgdir name="0"><string name="act" value="what"/><string name="0" value="c21_f1"/><string name="1" value="c21_f2"/><string name="2" value="c21_f3"/><string name="3" value="c21_f4"/></imgdir></imgdir></imgdir></imgdir><imgdir name="food"><imgdir name="0"><int name="l0" value="1"/><int name="l1" value="9"/><imgdir name="success"><imgdir name="0"><string name="act" value="eat"/><string name="0" value="f1_s"/></imgdir></imgdir><imgdir name="fail"><imgdir name="0"><string name="act" value="cry"/><string name="0" value="f1_f"/></imgdir></imgdir></imgdir><imgdir name="1"><int name="l0" value="10"/><int name="l1" value="19"/><imgdir name="success"><imgdir name="0"><string name="act" value="eat"/><string name="0" value="f2_s"/></imgdir></imgdir><imgdir name="fail"><imgdir name="0"><string name="act" value="cry"/><string name="0" value="f2_f"/></imgdir></imgdir></imgdir><imgdir name="2"><int name="l0" value="20"/><int name="l1" value="29"/><imgdir name="success"><imgdir name="0"><string name="act" value="eat"/><string name="0" value="f3_s"/></imgdir></imgdir><imgdir name="fail"><imgdir name="0"><string name="act" value="cry"/><string name="0" value="f3_f"/></imgdir></imgdir></imgdir><imgdir name="3"><int name="l0" value="30"/><int name="l1" value="30"/><imgdir name="success"><imgdir name="0"><string name="act" value="eat"/><string name="0" value="f4_s"/></imgdir></imgdir><imgdir name="fail"><imgdir name="0"><string name="act" value="cry"/><string name="0" value="f4_f"/></imgdir></imgdir></imgdir></imgdir><imgdir name="slang"><imgdir name="0"><int name="l0" value="1"/><int name="l1" value="9"/><string name="act" value="cry"/><string name="0" value="s1"/></imgdir><imgdir name="1"><int name="l0" value="10"/><int name="l1" value="19"/><string name="act" value="cry"/><string name="0" value="s2"/></imgdir><imgdir name="2"><int name="l0" value="20"/><int name="l1" value="29"/><string name="act" value="what"/><string name="0" value="s3"/></imgdir><imgdir name="3"><int name="l0" value="30"/><int name="l1" value="30"/><string name="act" value="what"/><string name="0" value="s4"/></imgdir></imgdir><imgdir name="stand0"><canvas name="0" width="35" height="26"><vector name="origin" x="17" y="26"/><int name="z" value="0"/><vector name="lt" x="-17" y="-26"/><vector name="rb" x="18" y="0"/><int name="delay" value="180"/><string name="_hash" value="2e0ce04b12acb1ca526c63ee4d3f0a1c74cf913dc27083b2dff6e8d065421458"/></canvas><canvas name="1" width="39" height="25"><vector name="origin" x="19" y="25"/><int name="z" value="0"/><vector name="lt" x="-19" y="-25"/><vector name="rb" x="20" y="0"/><int name="delay" value="180"/><string name="_hash" value="a3c295852feffa17cbf62cd4ef9da597a4a2a0acb4dfe392616f4a368b685a1a"/></canvas><canvas name="2" width="1" height="1"><vector name="origin" x="17" y="26"/><int name="z" value="0"/><vector name="lt" x="-17" y="-26"/><vector name="rb" x="18" y="0"/><int name="delay" value="180"/><string name="_inlink" value="stand0/0"/></canvas><canvas name="3" width="1" height="1"><vector name="origin" x="19" y="25"/><int name="z" value="0"/><vector name="lt" x="-19" y="-25"/><vector name="rb" x="20" y="0"/><int name="delay" value="180"/><string name="_inlink" value="stand0/1"/></canvas></imgdir><imgdir name="stand1"><canvas name="0" width="35" height="26"><vector name="origin" x="17" y="26"/><int name="z" value="0"/><vector name="lt" x="-17" y="-26"/><vector name="rb" x="18" y="0"/><int name="delay" value="180"/><string name="_hash" value="d13e3d96e6fce63f2cfa50904ae9d62ad884711a42721f608c6ba433c0953f24"/></canvas><canvas name="1" width="35" height="26"><vector name="origin" x="17" y="26"/><int name="z" value="0"/><vector name="lt" x="-17" y="-26"/><vector name="rb" x="18" y="0"/><int name="delay" value="180"/><string name="_hash" value="d5b18ac6e4f44bb2b7a8f08051f2dd49fad9db360e961fb9e07ce405aa0f302c"/></canvas><canvas name="2" width="35" height="26"><vector name="origin" x="17" y="26"/><int name="z" value="0"/><vector name="lt" x="-17" y="-26"/><vector name="rb" x="18" y="0"/><int name="delay" value="180"/><string name="_hash" value="8596987535a94d698b5b2c06a8b19e542b288197b3174920479062df068dbe10"/></canvas><canvas name="3" width="39" height="25"><vector name="origin" x="19" y="25"/><int name="z" value="0"/><vector name="lt" x="-19" y="-25"/><vector name="rb" x="20" y="0"/><int name="delay" value="180"/><string name="_hash" value="fd195b1bc60328ad5c235c24034124b67707e3090698617cf5c5c78574461c43"/></canvas><canvas name="4" width="1" height="1"><vector name="origin" x="17" y="26"/><int name="z" value="0"/><vector name="lt" x="-17" y="-26"/><vector name="rb" x="18" y="0"/><int name="delay" value="180"/><string name="_inlink" value="stand1/2"/></canvas><canvas name="5" width="1" height="1"><vector name="origin" x="19" y="25"/><int name="z" value="0"/><vector name="lt" x="-19" y="-25"/><vector name="rb" x="20" y="0"/><int name="delay" value="180"/><string name="_inlink" value="stand1/3"/></canvas><canvas name="6" width="1" height="1"><vector name="origin" x="17" y="26"/><int name="z" value="0"/><vector name="lt" x="-17" y="-26"/><vector name="rb" x="18" y="0"/><int name="delay" value="180"/><string name="_inlink" value="stand1/2"/></canvas></imgdir><imgdir name="rest0"><canvas name="0" width="38" height="41"><vector name="origin" x="22" y="40"/><int name="z" value="0"/><vector name="lt" x="-22" y="-40"/><vector name="rb" x="16" y="1"/><int name="delay" value="180"/><string name="_hash" value="bbb96fb263e3a19094e9c27c674f130feea8b74a01d3837c92a0cac09c2fd932"/></canvas><canvas name="1" width="38" height="41"><vector name="origin" x="22" y="40"/><int name="z" value="0"/><vector name="lt" x="-22" y="-40"/><vector name="rb" x="16" y="1"/><int name="delay" value="180"/><string name="_hash" value="eff08ac713fa403446de12c50c958101f58e0bf1be5574be9595c2b2340ae915"/></canvas><canvas name="2" width="36" height="40"><vector name="origin" x="20" y="39"/><int name="z" value="0"/><vector name="lt" x="-20" y="-39"/><vector name="rb" x="16" y="1"/><int name="delay" value="180"/><string name="_hash" value="7db473d3bd3d59f300580f8cba3ef46215825952624916f5fddb25b8e0857757"/></canvas><canvas name="3" width="36" height="40"><vector name="origin" x="20" y="39"/><int name="z" value="0"/><vector name="lt" x="-20" y="-39"/><vector name="rb" x="16" y="1"/><int name="delay" value="180"/><string name="_hash" value="153ee1c2977c2986b690933d5321273bb363de0a320076e94afbf68817fa5e57"/></canvas></imgdir><imgdir name="move"><canvas name="0" width="37" height="25"><vector name="origin" x="18" y="25"/><int name="z" value="0"/><vector name="lt" x="-18" y="-25"/><vector name="rb" x="19" y="0"/><int name="delay" value="180"/><string name="_hash" value="353c73343d419308864959ae19bf6a70c6eda9fe623fd0726a5a90179d818ffd"/></canvas><canvas name="1" width="1" height="1"><vector name="origin" x="17" y="27"/><int name="z" value="0"/><vector name="lt" x="-17" y="-27"/><vector name="rb" x="18" y="-1"/><int name="delay" value="180"/><string name="_inlink" value="stand0/0"/></canvas><canvas name="2" width="1" height="1"><vector name="origin" x="18" y="25"/><int name="z" value="0"/><vector name="lt" x="-18" y="-25"/><vector name="rb" x="19" y="0"/><int name="delay" value="180"/><string name="_inlink" value="move/0"/></canvas><canvas name="3" width="1" height="1"><vector name="origin" x="17" y="27"/><int name="z" value="0"/><vector name="lt" x="-17" y="-27"/><vector name="rb" x="18" y="-1"/><int name="delay" value="180"/><string name="_inlink" value="stand0/0"/></canvas></imgdir><imgdir name="jump"><canvas name="0" width="1" height="1"><vector name="origin" x="17" y="33"/><int name="z" value="0"/><vector name="lt" x="-17" y="-33"/><vector name="rb" x="18" y="-7"/><int name="delay" value="180"/><string name="_inlink" value="stand0/0"/></canvas></imgdir><imgdir name="hungry"><canvas name="0" width="36" height="29"><vector name="origin" x="16" y="29"/><int name="z" value="0"/><vector name="lt" x="-16" y="-29"/><vector name="rb" x="20" y="0"/><int name="delay" value="180"/><string name="_hash" value="73e22ab7972c26d2a3756e33e31e318cbbbdae930dce6493f0a1fb4bb6069c26"/></canvas><canvas name="1" width="38" height="30"><vector name="origin" x="17" y="30"/><int name="z" value="0"/><vector name="lt" x="-17" y="-30"/><vector name="rb" x="21" y="0"/><int name="delay" value="180"/><string name="_hash" value="2ab34940920adbef184783f9b10c3856567f5c738356cacf29ce695433e95e71"/></canvas><canvas name="2" width="38" height="31"><vector name="origin" x="16" y="31"/><int name="z" value="0"/><vector name="lt" x="-16" y="-31"/><vector name="rb" x="22" y="0"/><int name="delay" value="180"/><string name="_hash" value="eaa4881b21ca0262ba2cd00d3f59fa14ca2f344c413e23dc9c5ba6ac3db35b1d"/></canvas><canvas name="3" width="37" height="31"><vector name="origin" x="15" y="31"/><int name="z" value="0"/><vector name="lt" x="-15" y="-31"/><vector name="rb" x="22" y="0"/><int name="delay" value="180"/><string name="_hash" value="612bb68d1433019422ee0d45fb0dd336bf72422df48977900bde71ebd598919e"/></canvas><canvas name="4" width="1" height="1"><vector name="origin" x="16" y="29"/><int name="z" value="0"/><vector name="lt" x="-16" y="-29"/><vector name="rb" x="20" y="0"/><int name="delay" value="180"/><string name="_inlink" value="hungry/0"/></canvas><canvas name="5" width="1" height="1"><vector name="origin" x="17" y="30"/><int name="z" value="0"/><vector name="lt" x="-17" y="-30"/><vector name="rb" x="21" y="0"/><int name="delay" value="180"/><string name="_inlink" value="hungry/1"/></canvas><canvas name="6" width="1" height="1"><vector name="origin" x="16" y="31"/><int name="z" value="0"/><vector name="lt" x="-16" y="-31"/><vector name="rb" x="22" y="0"/><int name="delay" value="180"/><string name="_inlink" value="hungry/2"/></canvas><canvas name="7" width="1" height="1"><vector name="origin" x="15" y="31"/><int name="z" value="0"/><vector name="lt" x="-15" y="-31"/><vector name="rb" x="22" y="0"/><int name="delay" value="180"/><string name="_inlink" value="hungry/3"/></canvas></imgdir><imgdir name="hang"><canvas name="0" width="33" height="28"><vector name="origin" x="14" y="55"/><int name="z" value="0"/><vector name="lt" x="-14" y="-55"/><vector name="rb" x="19" y="-27"/><int name="delay" value="180"/><string name="_hash" value="af9bb81a65280b538e56315d07ec231f6ba56fe8c6710c912ce15eae4d392ffa"/></canvas></imgdir><imgdir name="eat"><canvas name="0" width="33" height="23"><vector name="origin" x="16" y="23"/><int name="z" value="0"/><vector name="lt" x="-16" y="-23"/><vector name="rb" x="17" y="0"/><int name="delay" value="180"/><string name="_hash" value="bced580c21931d9edf52bae4d561e98e162d8d2be6d79bf9e3247aa3777c1307"/></canvas><canvas name="1" width="33" height="23"><vector name="origin" x="16" y="23"/><int name="z" value="0"/><vector name="lt" x="-16" y="-23"/><vector name="rb" x="17" y="0"/><int name="delay" value="180"/><string name="_hash" value="6ef4573a0f023c8da7d87c312bc8d46c4c82ec0135e34d9083d665470b9732ce"/></canvas><canvas name="2" width="33" height="23"><vector name="origin" x="16" y="23"/><int name="z" value="0"/><vector name="lt" x="-16" y="-23"/><vector name="rb" x="17" y="0"/><int name="delay" value="180"/><string name="_hash" value="b02ec1de90b3262d5453217a285ffacc7353ad9f6ab6db20a60d7576f1266e15"/></canvas><canvas name="3" width="33" height="23"><vector name="origin" x="16" y="23"/><int name="z" value="0"/><vector name="lt" x="-16" y="-23"/><vector name="rb" x="17" y="0"/><int name="delay" value="180"/><string name="_hash" value="3d29d46f0365179ab6b70b12941554efa6aef6868a4989a5692345df9b52aba2"/></canvas><canvas name="4" width="48" height="28"><vector name="origin" x="16" y="28"/><int name="z" value="0"/><vector name="lt" x="-16" y="-28"/><vector name="rb" x="32" y="0"/><int name="delay" value="180"/><string name="_hash" value="4f8493efd038d504812d88e1e13f2a37d0475fc67a4e9df1294cd5af05610f58"/></canvas><canvas name="5" width="61" height="23"><vector name="origin" x="16" y="23"/><int name="z" value="0"/><vector name="lt" x="-16" y="-23"/><vector name="rb" x="45" y="0"/><int name="delay" value="180"/><string name="_hash" value="7a5ec0beaba20b7dbb97d8adba9c5ec8fbfac073917db0835ee1c3f7a638c5db"/></canvas></imgdir><imgdir name="chat"><canvas name="0" width="34" height="26"><vector name="origin" x="17" y="26"/><int name="z" value="0"/><vector name="lt" x="-17" y="-26"/><vector name="rb" x="17" y="0"/><int name="delay" value="180"/><string name="_hash" value="d55ff3bf7cf3f4ac40a71d70f6ea18504ce7d6d3061e1c02e8edb37cb7ea8d3d"/></canvas><canvas name="1" width="45" height="26"><vector name="origin" x="28" y="26"/><int name="z" value="0"/><vector name="lt" x="-28" y="-26"/><vector name="rb" x="17" y="0"/><int name="delay" value="180"/><string name="_hash" value="a42a6dc3f9766fe329b5ba9d90cfc898cc6c1ebe1c6f2b8205ff4f093217f489"/></canvas><canvas name="2" width="45" height="26"><vector name="origin" x="28" y="26"/><int name="z" value="0"/><vector name="lt" x="-28" y="-26"/><vector name="rb" x="17" y="0"/><int name="delay" value="180"/><string name="_hash" value="964e050375e57079276475347af133d8772e5bf5e40ce544ccbe45188af04fa6"/></canvas><canvas name="3" width="45" height="26"><vector name="origin" x="28" y="26"/><int name="z" value="0"/><vector name="lt" x="-28" y="-26"/><vector name="rb" x="17" y="0"/><int name="delay" value="180"/><string name="_hash" value="3c2ef6c6ded5522c5284ace3a610a2600960011c3468e0031845fbbe9f497987"/></canvas><canvas name="4" width="45" height="26"><vector name="origin" x="28" y="26"/><int name="z" value="0"/><vector name="lt" x="-28" y="-26"/><vector name="rb" x="17" y="0"/><int name="delay" value="180"/><string name="_hash" value="beddf550478c9c125822a085624227ae057f1cc735824c711d7aa53098415ac3"/></canvas><canvas name="5" width="45" height="26"><vector name="origin" x="28" y="26"/><int name="z" value="0"/><vector name="lt" x="-28" y="-26"/><vector name="rb" x="17" y="0"/><int name="delay" value="180"/><string name="_hash" value="dadc07819ab909e9684ea3abe887ee003f1b7f31c7235d4066b6e3429c41839b"/></canvas><canvas name="6" width="45" height="26"><vector name="origin" x="28" y="26"/><int name="z" value="0"/><vector name="lt" x="-28" y="-26"/><vector name="rb" x="17" y="0"/><int name="delay" value="180"/><string name="_hash" value="620cb475b3316d0eb4016a723fed272e52bce560d74e98da0d82678739784af5"/></canvas></imgdir><imgdir name="love"><canvas name="0" width="35" height="26"><vector name="origin" x="17" y="26"/><int name="z" value="0"/><vector name="lt" x="-17" y="-26"/><vector name="rb" x="18" y="0"/><int name="delay" value="180"/><string name="_hash" value="59039f22e820f5827b6a809be637f3e70b718d2729792182ae7b03250e115430"/></canvas><canvas name="1" width="41" height="40"><vector name="origin" x="20" y="43"/><int name="z" value="0"/><vector name="lt" x="-20" y="-43"/><vector name="rb" x="21" y="-3"/><int name="delay" value="180"/><string name="_hash" value="9a3922f2dba6a36a8cdb33d8b961ec8557c20ba7c89cd5e02966ea3b6fbdee49"/></canvas><canvas name="2" width="35" height="46"><vector name="origin" x="17" y="46"/><int name="z" value="0"/><vector name="lt" x="-17" y="-46"/><vector name="rb" x="18" y="0"/><int name="delay" value="180"/><string name="_hash" value="d9ff44c8830087857ef88e5ecce31b97a259bb0af91b3712f5a234ed94741dc6"/></canvas><canvas name="3" width="41" height="45"><vector name="origin" x="20" y="48"/><int name="z" value="0"/><vector name="lt" x="-20" y="-48"/><vector name="rb" x="21" y="-3"/><int name="delay" value="180"/><string name="_hash" value="50cfaa85518479ad01001c13d68920888ed864552a12104b64420d0e56773a02"/></canvas><canvas name="4" width="1" height="1"><vector name="origin" x="17" y="26"/><int name="z" value="0"/><vector name="lt" x="-17" y="-26"/><vector name="rb" x="18" y="0"/><int name="delay" value="180"/><string name="_inlink" value="love/0"/></canvas></imgdir><imgdir name="cry"><canvas name="0" width="35" height="26"><vector name="origin" x="17" y="26"/><int name="z" value="0"/><vector name="lt" x="-17" y="-26"/><vector name="rb" x="18" y="0"/><int name="delay" value="180"/><string name="_hash" value="5f896851c6db761d3495c1b702c6083b009c07a8d33f5336655b6ed9ef8ba96a"/></canvas><canvas name="1" width="35" height="26"><vector name="origin" x="17" y="26"/><int name="z" value="0"/><vector name="lt" x="-17" y="-26"/><vector name="rb" x="18" y="0"/><int name="delay" value="180"/><string name="_hash" value="354c1db79f624d40da16098f0aac3aeb710cbd7490d8652f356e7b115c51a7b0"/></canvas><canvas name="2" width="35" height="26"><vector name="origin" x="17" y="26"/><int name="z" value="0"/><vector name="lt" x="-17" y="-26"/><vector name="rb" x="18" y="0"/><int name="delay" value="180"/><string name="_hash" value="5bb669534bc0ce791690611bf767df722d1437616ab05a0d806e21c70ad0e630"/></canvas><canvas name="3" width="35" height="26"><vector name="origin" x="17" y="26"/><int name="z" value="0"/><vector name="lt" x="-17" y="-26"/><vector name="rb" x="18" y="0"/><int name="delay" value="180"/><string name="_hash" value="f18464877c8abcc2ba68880c12408223460613bbcdf367a936681e13bfd83827"/></canvas></imgdir><imgdir name="dung"><canvas name="0" width="35" height="24"><vector name="origin" x="17" y="23"/><int name="z" value="0"/><vector name="lt" x="-17" y="-23"/><vector name="rb" x="18" y="1"/><int name="delay" value="180"/><string name="_hash" value="b8f763d9e7d03bf4c9226d5a3da1588f7fc8a05e180b059dd86b327361b18fc4"/></canvas><canvas name="1" width="35" height="21"><vector name="origin" x="17" y="20"/><int name="z" value="0"/><vector name="lt" x="-17" y="-20"/><vector name="rb" x="18" y="1"/><int name="delay" value="180"/><string name="_hash" value="67f28ad8ff3b1267ad3c6b7351d60e9a1b9ebceab2f37834d4d502d73a83479c"/></canvas><canvas name="2" width="35" height="20"><vector name="origin" x="17" y="19"/><int name="z" value="0"/><vector name="lt" x="-17" y="-19"/><vector name="rb" x="18" y="1"/><int name="delay" value="180"/><string name="_hash" value="14ae81d6c7e2245ea00df9b07f718c602530965d3994e0371e83bade7f20ed65"/></canvas><canvas name="3" width="35" height="34"><vector name="origin" x="17" y="33"/><int name="z" value="0"/><vector name="lt" x="-17" y="-33"/><vector name="rb" x="18" y="1"/><int name="delay" value="180"/><string name="_hash" value="cf04a8fa83a88cff954d44dc5554f2b5f9351603a363831033ae4843c736374b"/></canvas><canvas name="4" width="35" height="34"><vector name="origin" x="17" y="33"/><int name="z" value="0"/><vector name="lt" x="-17" y="-33"/><vector name="rb" x="18" y="1"/><int name="delay" value="180"/><string name="_hash" value="95fb2506a0db23d80aed21b300fb4f7c4898bf4bc2e1ddfddfef5f9117186745"/></canvas><canvas name="5" width="35" height="35"><vector name="origin" x="17" y="34"/><int name="z" value="0"/><vector name="lt" x="-17" y="-34"/><vector name="rb" x="18" y="1"/><int name="delay" value="180"/><string name="_hash" value="059c6f6e3de76d56fb1fce75201102366daffe94f8228e96094c0713ffdc05f1"/></canvas><canvas name="6" width="1" height="1"><vector name="origin" x="17" y="20"/><int name="z" value="0"/><vector name="lt" x="-17" y="-20"/><vector name="rb" x="18" y="1"/><int name="delay" value="180"/><string name="_inlink" value="dung/1"/></canvas><canvas name="7" width="1" height="1"><vector name="origin" x="17" y="33"/><int name="z" value="0"/><vector name="lt" x="-17" y="-33"/><vector name="rb" x="18" y="1"/><int name="delay" value="180"/><string name="_inlink" value="dung/3"/></canvas><canvas name="8" width="1" height="1"><vector name="origin" x="17" y="33"/><int name="z" value="0"/><vector name="lt" x="-17" y="-33"/><vector name="rb" x="18" y="1"/><int name="delay" value="180"/><string name="_inlink" value="dung/4"/></canvas><canvas name="9" width="35" height="35"><vector name="origin" x="17" y="34"/><int name="z" value="0"/><vector name="lt" x="-17" y="-34"/><vector name="rb" x="18" y="1"/><int name="delay" value="180"/><string name="_hash" value="c182ed728e0a197c175a53b219f814ae3188c4a7c3439ad35a394e8c0a2dfac6"/></canvas></imgdir><imgdir name="sleep"><canvas name="0" width="41" height="30"><vector name="origin" x="25" y="30"/><int name="z" value="0"/><vector name="lt" x="-25" y="-30"/><vector name="rb" x="16" y="0"/><int name="delay" value="180"/><string name="_hash" value="6eba8608348e1d4d2a2376c9a0e880285284f86336eec8b40873c6a944437d77"/></canvas><canvas name="1" width="41" height="32"><vector name="origin" x="25" y="32"/><int name="z" value="0"/><vector name="lt" x="-25" y="-32"/><vector name="rb" x="16" y="0"/><int name="delay" value="180"/><string name="_hash" value="3913bf2bbf3317393f71af0d04dfe7c8edb4b1c9e3cc4fb44e07b1cf0760d440"/></canvas><canvas name="2" width="41" height="33"><vector name="origin" x="25" y="33"/><int name="z" value="0"/><vector name="lt" x="-25" y="-33"/><vector name="rb" x="16" y="0"/><int name="delay" value="180"/><string name="_hash" value="f639665764dc4e852d6878612266d13d4a49e694287060e1d2ea3552e4abed17"/></canvas><canvas name="3" width="41" height="31"><vector name="origin" x="25" y="31"/><int name="z" value="0"/><vector name="lt" x="-25" y="-31"/><vector name="rb" x="16" y="0"/><int name="delay" value="180"/><string name="_hash" value="644962858a5813cfef56c818fdc4d1f6cdf6cd66c35c74ba76ad56870ef23aed"/></canvas><canvas name="4" width="41" height="26"><vector name="origin" x="25" y="26"/><int name="z" value="0"/><vector name="lt" x="-25" y="-26"/><vector name="rb" x="16" y="0"/><int name="delay" value="180"/><string name="_hash" value="9119206ed5a3f001348f9804d9cd4fba028271b0a637785ec30c1adc6d2321e7"/></canvas></imgdir><imgdir name="angry"><canvas name="0" width="46" height="32"><vector name="origin" x="20" y="32"/><int name="z" value="0"/><vector name="lt" x="-20" y="-32"/><vector name="rb" x="26" y="0"/><int name="delay" value="180"/><string name="_hash" value="de56c236894e03e3352b08428ddba78b81238febad3c814f364d3ef333b338c9"/></canvas><canvas name="1" width="47" height="33"><vector name="origin" x="20" y="33"/><int name="z" value="0"/><vector name="lt" x="-20" y="-33"/><vector name="rb" x="27" y="0"/><int name="delay" value="180"/><string name="_hash" value="05db9b9e61e16e7eef88c46f7445e0d5a2c556338fa5a694e8be86df8c923805"/></canvas><canvas name="2" width="50" height="34"><vector name="origin" x="22" y="34"/><int name="z" value="0"/><vector name="lt" x="-22" y="-34"/><vector name="rb" x="28" y="0"/><int name="delay" value="180"/><string name="_hash" value="4d573365d713169075653c82958681f3591760c3e508db79b7e04edc26a48ca8"/></canvas><canvas name="3" width="35" height="26"><vector name="origin" x="18" y="26"/><int name="z" value="0"/><vector name="lt" x="-18" y="-26"/><vector name="rb" x="17" y="0"/><int name="delay" value="180"/><string name="_hash" value="6c0170e5266d5b02aede8fe466894cf1a1c940c780f4972a84d7518bcb1e6bf1"/></canvas><canvas name="4" width="1" height="1"><vector name="origin" x="20" y="32"/><int name="z" value="0"/><vector name="lt" x="-20" y="-32"/><vector name="rb" x="26" y="0"/><int name="delay" value="180"/><string name="_inlink" value="angry/0"/></canvas><canvas name="5" width="47" height="33"><vector name="origin" x="20" y="33"/><int name="z" value="0"/><vector name="lt" x="-20" y="-33"/><vector name="rb" x="27" y="0"/><int name="delay" value="180"/><string name="_hash" value="975af4577a8493b99f66feb1fbbcc245a306384849eb7629dd7aa4cd4dc0afa1"/></canvas><canvas name="6" width="49" height="34"><vector name="origin" x="21" y="34"/><int name="z" value="0"/><vector name="lt" x="-21" y="-34"/><vector name="rb" x="28" y="0"/><int name="delay" value="180"/><string name="_hash" value="e3b50c6a1a69a8dae4ced88bad541166c186ebf20116e091f9db8c484d2085a2"/></canvas><canvas name="7" width="1" height="1"><vector name="origin" x="16" y="26"/><int name="z" value="0"/><vector name="lt" x="-16" y="-26"/><vector name="rb" x="19" y="0"/><int name="delay" value="180"/><string name="_inlink" value="angry/3"/></canvas></imgdir><imgdir name="what"><canvas name="0" width="33" height="28"><vector name="origin" x="16" y="28"/><int name="z" value="0"/><vector name="lt" x="-16" y="-28"/><vector name="rb" x="17" y="0"/><int name="delay" value="180"/><string name="_hash" value="238afa09635da342b33d3d7f932f7516d2d2f87bfc98d04a2dee351b269c5e2e"/></canvas><canvas name="1" width="33" height="28"><vector name="origin" x="16" y="28"/><int name="z" value="0"/><vector name="lt" x="-16" y="-28"/><vector name="rb" x="17" y="0"/><int name="delay" value="180"/><string name="_hash" value="835a0d568133c2f80fdab30c093350018104ff8b143253571ed77ded55a6e271"/></canvas><canvas name="2" width="33" height="28"><vector name="origin" x="16" y="28"/><int name="z" value="0"/><vector name="lt" x="-16" y="-28"/><vector name="rb" x="17" y="0"/><int name="delay" value="180"/><string name="_hash" value="569d216ca32c6884bfbd635809c8012eefbaa024d50e2ecf418460192c6e6cfc"/></canvas><canvas name="3" width="33" height="28"><vector name="origin" x="16" y="28"/><int name="z" value="0"/><vector name="lt" x="-16" y="-28"/><vector name="rb" x="17" y="0"/><int name="delay" value="180"/><string name="_hash" value="07bb00d34f9ec88bdfe251b5ed9c5c59d99f1b8b2b07d5824943825034c26663"/></canvas></imgdir><uol name="fly" value="jump"/><uol name="sit" value="rest0"/></imgdir>