<?xml version="1.0" encoding="UTF-8" standalone="yes"?>
<imgdir name="5002349.img">
<imgdir name="info">
<canvas name="icon" width="1" height="1">
<vector name="origin" x="-2" y="22"/>
<string name="_hash" value="d4dbcb9cde5dd100f8c90bce8e147edeb0f5f46a4a24457dd136ca1bf0b208ed"/>
<string name="_outlink" value="Item/Pet/5002239.img/info/icon"/>
</canvas>
<canvas name="iconRaw" width="1" height="1">
<vector name="origin" x="-3" y="22"/>
<string name="_hash" value="7b6e37cfdc0ac753223ee7f5e1799e28ade401542380c4bb03768e3bc0d929c6"/>
<string name="_outlink" value="Item/Pet/5002239.img/info/iconRaw"/>
</canvas>
<canvas name="iconD" width="1" height="1">
<vector name="origin" x="-2" y="21"/>
<string name="_hash" value="0db46c8fe4e49adac529087ca62b243ec86b6586090e95abae3a81be2f026829"/>
<string name="_outlink" value="Item/Pet/5002239.img/info/iconD"/>
</canvas>
<canvas name="iconRawD" width="1" height="1">
<vector name="origin" x="-3" y="21"/>
<string name="_hash" value="8c5f0922b799ed56fb2ed43333d20e3eb92634ba7a1a9f9b60f120c29e4bc84f"/>
<string name="_outlink" value="Item/Pet/5002239.img/info/iconRawD"/>
</canvas>
<int name="chatBalloon" value="514"/>
<int name="nameTag" value="514"/>
<int name="hungry" value="2"/>
<int name="cash" value="1"/>
<int name="life" value="30"/>
<int name="noRevive" value="1"/>
<int name="pickupItem" value="1"/>
<int name="multiPet" value="1"/>
<int name="autoBuff" value="1"/>
<int name="sweepForDrop" value="1"/>
<int name="consumeMP" value="1"/>
<int name="consumeHP" value="1"/>
<int name="wonderGrade" value="6"/>
<int name="noScroll" value="1"/>
</imgdir>
<imgdir name="interact">
<imgdir name="0">
<string name="command" value="c1"/>
<int name="inc" value="1"/>
<int name="prob" value="45"/>
<int name="l0" value="1"/>
<int name="l1" value="9"/>
<imgdir name="success">
<imgdir name="0">
<string name="act" value="rest0"/>
<string name="0" value="c1_s1"/>
<string name="1" value="c1_s2"/>
</imgdir>
</imgdir>
<imgdir name="fail">
<imgdir name="0">
<string name="act" value="stand0"/>
<string name="0" value="c1_f1"/>
<string name="1" value="c1_f2"/>
</imgdir>
</imgdir>
</imgdir>
<imgdir name="1">
<string name="command" value="c2"/>
<int name="inc" value="1"/>
<int name="prob" value="60"/>
<int name="l0" value="10"/>
<int name="l1" value="19"/>
<imgdir name="success">
<imgdir name="0">
<string name="act" value="rest0"/>
<string name="0" value="c2_s1"/>
<string name="1" value="c2_s2"/>
<string name="2" value="c2_s3"/>
<string name="3" value="c2_s4"/>
</imgdir>
</imgdir>
<imgdir name="fail">
<imgdir name="0">
<string name="act" value="stand1"/>
<string name="0" value="c2_f1"/>
<string name="1" value="c2_f2"/>
<string name="2" value="c2_f3"/>
<string name="3" value="c2_f4"/>
</imgdir>
</imgdir>
</imgdir>
<imgdir name="2">
<string name="command" value="c3"/>
<int name="inc" value="1"/>
<int name="prob" value="80"/>
<int name="l0" value="20"/>
<int name="l1" value="29"/>
<imgdir name="success">
<imgdir name="0">
<string name="act" value="rest0"/>
<string name="0" value="c3_s1"/>
<string name="1" value="c3_s2"/>
<string name="2" value="c3_s3"/>
<string name="3" value="c3_s4"/>
</imgdir>
</imgdir>
<imgdir name="fail">
<imgdir name="0">
<string name="act" value="stand1"/>
<string name="0" value="c3_f1"/>
<string name="1" value="c3_f2"/>
<string name="2" value="c3_f3"/>
<string name="3" value="c3_f4"/>
</imgdir>
</imgdir>
</imgdir>
<imgdir name="3">
<string name="command" value="c4"/>
<int name="inc" value="1"/>
<int name="prob" value="90"/>
<int name="l0" value="30"/>
<int name="l1" value="30"/>
<imgdir name="success">
<imgdir name="0">
<string name="act" value="rest0"/>
<string name="0" value="c4_s1"/>
<string name="1" value="c4_s2"/>
<string name="2" value="c4_s3"/>
<string name="3" value="c4_s4"/>
</imgdir>
</imgdir>
<imgdir name="fail">
<imgdir name="0">
<string name="act" value="what"/>
<string name="0" value="c4_f1"/>
<string name="1" value="c4_f2"/>
<string name="2" value="c4_f3"/>
<string name="3" value="c4_f4"/>
</imgdir>
</imgdir>
</imgdir>
<imgdir name="4">
<string name="command" value="c5"/>
<int name="inc" value="1"/>
<int name="prob" value="45"/>
<int name="l0" value="1"/>
<int name="l1" value="9"/>
<imgdir name="success">
<imgdir name="0">
<string name="act" value="cry"/>
<string name="0" value="c5_s1"/>
<string name="1" value="c5_s2"/>
</imgdir>
</imgdir>
<imgdir name="fail">
<imgdir name="0">
<string name="act" value="stand1"/>
<string name="0" value="c5_f1"/>
<string name="1" value="c5_f2"/>
</imgdir>
</imgdir>
</imgdir>
<imgdir name="5">
<string name="command" value="c6"/>
<int name="inc" value="1"/>
<int name="prob" value="60"/>
<int name="l0" value="10"/>
<int name="l1" value="19"/>
<imgdir name="success">
<imgdir name="0">
<string name="act" value="cry"/>
<string name="0" value="c6_s1"/>
<string name="1" value="c6_s2"/>
<string name="2" value="c6_s3"/>
<string name="3" value="c6_s4"/>
</imgdir>
</imgdir>
<imgdir name="fail">
<imgdir name="0">
<string name="act" value="stand1"/>
<string name="0" value="c6_f1"/>
<string name="1" value="c6_f2"/>
<string name="2" value="c6_f3"/>
<string name="3" value="c6_f4"/>
</imgdir>
</imgdir>
</imgdir>
<imgdir name="6">
<string name="command" value="c7"/>
<int name="inc" value="1"/>
<int name="prob" value="80"/>
<int name="l0" value="20"/>
<int name="l1" value="29"/>
<imgdir name="success">
<imgdir name="0">
<string name="act" value="cry"/>
<string name="0" value="c7_s1"/>
<string name="1" value="c7_s2"/>
<string name="2" value="c7_s3"/>
<string name="3" value="c7_s4"/>
</imgdir>
</imgdir>
<imgdir name="fail">
<imgdir name="0">
<string name="act" value="stand1"/>
<string name="0" value="c7_f1"/>
<string name="1" value="c7_f2"/>
<string name="2" value="c7_f3"/>
<string name="3" value="c7_f4"/>
</imgdir>
</imgdir>
</imgdir>
<imgdir name="7">
<string name="command" value="c8"/>
<int name="inc" value="1"/>
<int name="prob" value="90"/>
<int name="l0" value="30"/>
<int name="l1" value="30"/>
<imgdir name="success">
<imgdir name="0">
<string name="act" value="cry"/>
<string name="0" value="c8_s1"/>
<string name="1" value="c8_s2"/>
<string name="2" value="c8_s3"/>
<string name="3" value="c8_s4"/>
</imgdir>
</imgdir>
<imgdir name="fail">
<imgdir name="0">
<string name="act" value="stand1"/>
<string name="0" value="c8_f1"/>
<string name="1" value="c8_f2"/>
<string name="2" value="c8_f3"/>
<string name="3" value="c8_f4"/>
</imgdir>
</imgdir>
</imgdir>
<imgdir name="8">
<string name="command" value="c9"/>
<int name="inc" value="1"/>
<int name="prob" value="45"/>
<int name="l0" value="1"/>
<int name="l1" value="9"/>
<imgdir name="success">
<imgdir name="0">
<string name="act" value="love"/>
<string name="0" value="c9_s1"/>
<string name="1" value="c9_s2"/>
</imgdir>
</imgdir>
<imgdir name="fail">
<imgdir name="0">
<string name="act" value="stand0"/>
<string name="0" value="c9_f1"/>
<string name="1" value="c9_f2"/>
</imgdir>
</imgdir>
</imgdir>
<imgdir name="9">
<string name="command" value="c10"/>
<int name="inc" value="1"/>
<int name="prob" value="60"/>
<int name="l0" value="10"/>
<int name="l1" value="19"/>
<imgdir name="success">
<imgdir name="0">
<string name="act" value="love"/>
<string name="0" value="c10_s1"/>
<string name="1" value="c10_s2"/>
<string name="2" value="c10_s3"/>
<string name="3" value="c10_s4"/>
</imgdir>
</imgdir>
<imgdir name="fail">
<imgdir name="0">
<string name="act" value="stand0"/>
<string name="0" value="c10_f1"/>
<string name="1" value="c10_f2"/>
<string name="2" value="c10_f3"/>
<string name="3" value="c10_f4"/>
</imgdir>
</imgdir>
</imgdir>
<imgdir name="10">
<string name="command" value="c11"/>
<int name="inc" value="1"/>
<int name="prob" value="80"/>
<int name="l0" value="20"/>
<int name="l1" value="29"/>
<imgdir name="success">
<imgdir name="0">
<string name="act" value="love"/>
<string name="0" value="c11_s1"/>
<string name="1" value="c11_s2"/>
<string name="2" value="c11_s3"/>
<string name="3" value="c11_s4"/>
</imgdir>
</imgdir>
<imgdir name="fail">
<imgdir name="0">
<string name="act" value="what"/>
<string name="0" value="c11_f1"/>
<string name="1" value="c11_f2"/>
<string name="2" value="c11_f3"/>
<string name="3" value="c11_f4"/>
</imgdir>
</imgdir>
</imgdir>
<imgdir name="11">
<string name="command" value="c12"/>
<int name="inc" value="1"/>
<int name="prob" value="90"/>
<int name="l0" value="30"/>
<int name="l1" value="30"/>
<imgdir name="success">
<imgdir name="0">
<string name="act" value="love"/>
<string name="0" value="c12_s1"/>
<string name="1" value="c12_s2"/>
<string name="2" value="c12_s3"/>
<string name="3" value="c12_s4"/>
</imgdir>
</imgdir>
<imgdir name="fail">
<imgdir name="0">
<string name="act" value="stand0"/>
<string name="0" value="c12_f1"/>
<string name="1" value="c12_f2"/>
<string name="2" value="c12_f3"/>
<string name="3" value="c12_f4"/>
</imgdir>
</imgdir>
</imgdir>
<imgdir name="12">
<string name="command" value="c13"/>
<int name="inc" value="1"/>
<int name="prob" value="60"/>
<int name="l0" value="10"/>
<int name="l1" value="19"/>
<imgdir name="success">
<imgdir name="0">
<string name="act" value="dung"/>
<string name="0" value="c13_s1"/>
<string name="1" value="c13_s2"/>
<string name="2" value="c13_s3"/>
<string name="3" value="c13_s4"/>
</imgdir>
</imgdir>
<imgdir name="fail">
<imgdir name="0">
<string name="act" value="what"/>
<string name="0" value="c13_f1"/>
<string name="1" value="c13_f2"/>
<string name="2" value="c13_f3"/>
<string name="3" value="c13_f4"/>
</imgdir>
</imgdir>
</imgdir>
<imgdir name="13">
<string name="command" value="c14"/>
<int name="inc" value="1"/>
<int name="prob" value="80"/>
<int name="l0" value="20"/>
<int name="l1" value="29"/>
<imgdir name="success">
<imgdir name="0">
<string name="act" value="dung"/>
<string name="0" value="c14_s1"/>
<string name="1" value="c14_s2"/>
<string name="2" value="c14_s3"/>
<string name="3" value="c14_s4"/>
</imgdir>
</imgdir>
<imgdir name="fail">
<imgdir name="0">
<string name="act" value="cry"/>
<string name="0" value="c14_f1"/>
<string name="1" value="c14_f2"/>
<string name="2" value="c14_f3"/>
<string name="3" value="c14_f4"/>
</imgdir>
</imgdir>
</imgdir>
<imgdir name="14">
<string name="command" value="c15"/>
<int name="inc" value="1"/>
<int name="prob" value="90"/>
<int name="l0" value="30"/>
<int name="l1" value="30"/>
<imgdir name="success">
<imgdir name="0">
<string name="act" value="dung"/>
<string name="0" value="c15_s1"/>
<string name="1" value="c15_s2"/>
<string name="2" value="c15_s3"/>
<string name="3" value="c15_s4"/>
</imgdir>
</imgdir>
<imgdir name="fail">
<imgdir name="0">
<string name="act" value="chat"/>
<string name="0" value="c15_f1"/>
<string name="1" value="c15_f2"/>
<string name="2" value="c15_f3"/>
<string name="3" value="c15_f4"/>
</imgdir>
</imgdir>
</imgdir>
<imgdir name="15">
<string name="command" value="c16"/>
<int name="inc" value="1"/>
<int name="prob" value="60"/>
<int name="l0" value="10"/>
<int name="l1" value="19"/>
<imgdir name="success">
<imgdir name="0">
<string name="act" value="sleep"/>
<string name="0" value="c16_s1"/>
<string name="1" value="c16_s2"/>
<string name="2" value="c16_s3"/>
<string name="3" value="c16_s4"/>
</imgdir>
</imgdir>
<imgdir name="fail">
<imgdir name="0">
<string name="act" value="hungry"/>
<string name="0" value="c16_f1"/>
<string name="1" value="c16_f2"/>
<string name="2" value="c16_f3"/>
<string name="3" value="c16_f4"/>
</imgdir>
</imgdir>
</imgdir>
<imgdir name="16">
<string name="command" value="c17"/>
<int name="inc" value="2"/>
<int name="prob" value="80"/>
<int name="l0" value="20"/>
<int name="l1" value="29"/>
<imgdir name="success">
<imgdir name="0">
<string name="act" value="sleep"/>
<string name="0" value="c17_s1"/>
<string name="1" value="c17_s2"/>
<string name="2" value="c17_s3"/>
<string name="3" value="c17_s4"/>
</imgdir>
</imgdir>
<imgdir name="fail">
<imgdir name="0">
<string name="act" value="jump"/>
<string name="0" value="c17_f1"/>
<string name="1" value="c17_f2"/>
<string name="2" value="c17_f3"/>
<string name="3" value="c17_f4"/>
</imgdir>
</imgdir>
</imgdir>
<imgdir name="17">
<string name="command" value="c18"/>
<int name="inc" value="2"/>
<int name="prob" value="90"/>
<int name="l0" value="30"/>
<int name="l1" value="30"/>
<imgdir name="success">
<imgdir name="0">
<string name="act" value="sleep"/>
<string name="0" value="c18_s1"/>
<string name="1" value="c18_s2"/>
<string name="2" value="c18_s3"/>
<string name="3" value="c18_s4"/>
</imgdir>
</imgdir>
<imgdir name="fail">
<imgdir name="0">
<string name="act" value="move"/>
<string name="0" value="c18_f1"/>
<string name="1" value="c18_f2"/>
<string name="2" value="c18_f3"/>
<string name="3" value="c18_f4"/>
</imgdir>
</imgdir>
</imgdir>
<imgdir name="18">
<string name="command" value="c19"/>
<int name="inc" value="2"/>
<int name="prob" value="60"/>
<int name="l0" value="10"/>
<int name="l1" value="19"/>
<imgdir name="success">
<imgdir name="0">
<string name="act" value="chat"/>
<string name="0" value="c19_s1"/>
<string name="1" value="c19_s2"/>
<string name="2" value="c19_s3"/>
<string name="3" value="c19_s4"/>
</imgdir>
</imgdir>
<imgdir name="fail">
<imgdir name="0">
<string name="act" value="what"/>
<string name="0" value="c19_f1"/>
<string name="1" value="c19_f2"/>
<string name="2" value="c19_f3"/>
<string name="3" value="c19_f4"/>
</imgdir>
</imgdir>
</imgdir>
<imgdir name="19">
<string name="command" value="c20"/>
<int name="inc" value="2"/>
<int name="prob" value="80"/>
<int name="l0" value="20"/>
<int name="l1" value="29"/>
<imgdir name="success">
<imgdir name="0">
<string name="act" value="chat"/>
<string name="0" value="c20_s1"/>
<string name="1" value="c20_s2"/>
<string name="2" value="c20_s3"/>
<string name="3" value="c20_s4"/>
</imgdir>
</imgdir>
<imgdir name="fail">
<imgdir name="0">
<string name="act" value="what"/>
<string name="0" value="c20_f1"/>
<string name="1" value="c20_f2"/>
<string name="2" value="c20_f3"/>
<string name="3" value="c20_f4"/>
</imgdir>
</imgdir>
</imgdir>
<imgdir name="20">
<string name="command" value="c21"/>
<int name="inc" value="2"/>
<int name="prob" value="90"/>
<int name="l0" value="30"/>
<int name="l1" value="30"/>
<imgdir name="success">
<imgdir name="0">
<string name="act" value="chat"/>
<string name="0" value="c21_s1"/>
<string name="1" value="c21_s2"/>
<string name="2" value="c21_s3"/>
<string name="3" value="c21_s4"/>
</imgdir>
</imgdir>
<imgdir name="fail">
<imgdir name="0">
<string name="act" value="what"/>
<string name="0" value="c21_f1"/>
<string name="1" value="c21_f2"/>
<string name="2" value="c21_f3"/>
<string name="3" value="c21_f4"/>
</imgdir>
</imgdir>
</imgdir>
</imgdir>
<imgdir name="food">
<imgdir name="0">
<int name="l0" value="1"/>
<int name="l1" value="9"/>
<imgdir name="success">
<imgdir name="0">
<string name="act" value="eat"/>
<string name="0" value="f1_s"/>
</imgdir>
</imgdir>
<imgdir name="fail">
<imgdir name="0">
<string name="act" value="cry"/>
<string name="0" value="f1_f"/>
</imgdir>
</imgdir>
</imgdir>
<imgdir name="1">
<int name="l0" value="10"/>
<int name="l1" value="19"/>
<imgdir name="success">
<imgdir name="0">
<string name="act" value="eat"/>
<string name="0" value="f2_s"/>
</imgdir>
</imgdir>
<imgdir name="fail">
<imgdir name="0">
<string name="act" value="cry"/>
<string name="0" value="f2_f"/>
</imgdir>
</imgdir>
</imgdir>
<imgdir name="2">
<int name="l0" value="20"/>
<int name="l1" value="29"/>
<imgdir name="success">
<imgdir name="0">
<string name="act" value="eat"/>
<string name="0" value="f3_s"/>
</imgdir>
</imgdir>
<imgdir name="fail">
<imgdir name="0">
<string name="act" value="cry"/>
<string name="0" value="f3_f"/>
</imgdir>
</imgdir>
</imgdir>
<imgdir name="3">
<int name="l0" value="30"/>
<int name="l1" value="30"/>
<imgdir name="success">
<imgdir name="0">
<string name="act" value="eat"/>
<string name="0" value="f4_s"/>
</imgdir>
</imgdir>
<imgdir name="fail">
<imgdir name="0">
<string name="act" value="cry"/>
<string name="0" value="f4_f"/>
</imgdir>
</imgdir>
</imgdir>
</imgdir>
<imgdir name="slang">
<imgdir name="0">
<int name="l0" value="1"/>
<int name="l1" value="9"/>
<string name="act" value="angry"/>
<string name="0" value="s1"/>
</imgdir>
<imgdir name="1">
<int name="l0" value="10"/>
<int name="l1" value="19"/>
<string name="act" value="angry"/>
<string name="0" value="s2"/>
</imgdir>
<imgdir name="2">
<int name="l0" value="20"/>
<int name="l1" value="29"/>
<string name="act" value="angry"/>
<string name="0" value="s3"/>
</imgdir>
<imgdir name="3">
<int name="l0" value="30"/>
<int name="l1" value="30"/>
<string name="act" value="angry"/>
<string name="0" value="s4"/>
</imgdir>
</imgdir>
<imgdir name="stand0">
<canvas name="0" width="1" height="1">
<vector name="origin" x="13" y="18"/>
<int name="z" value="0"/>
<vector name="lt" x="-18" y="-20"/>
<vector name="rb" x="17" y="0"/>
<int name="delay" value="180"/>
<string name="_hash" value="3aee107c5303ef6f6c9327aa88ef782dc49c254fa23a920bb5117664610b9313"/>
<string name="_outlink" value="Item/Pet/5002239.img/stand0/0"/>
</canvas>
<canvas name="1" width="1" height="1">
<vector name="origin" x="13" y="18"/>
<int name="z" value="0"/>
<vector name="lt" x="-18" y="-20"/>
<vector name="rb" x="17" y="0"/>
<int name="delay" value="180"/>
<string name="_hash" value="389c0331aac404cc2f0e80ec9f45853b452db27decb0e1e7e8c4fbb9682b19b2"/>
<string name="_outlink" value="Item/Pet/5002239.img/stand0/1"/>
</canvas>
<canvas name="2" width="1" height="1">
<vector name="origin" x="13" y="18"/>
<int name="z" value="0"/>
<vector name="lt" x="-18" y="-20"/>
<vector name="rb" x="17" y="0"/>
<int name="delay" value="180"/>
<string name="_hash" value="d0ee5e891754848df9c31dee08a265b3b2d42668195979e45d07fecbaaaaaffe"/>
<string name="_outlink" value="Item/Pet/5002239.img/stand0/2"/>
</canvas>
<canvas name="3" width="1" height="1">
<vector name="origin" x="13" y="18"/>
<int name="z" value="0"/>
<vector name="lt" x="-18" y="-20"/>
<vector name="rb" x="17" y="0"/>
<int name="delay" value="180"/>
<string name="_hash" value="ac2ae30b72119c704dfab6b88dab287abeed5bc47fcba595b6ad17169c55a9c9"/>
<string name="_outlink" value="Item/Pet/5002239.img/stand0/3"/>
</canvas>
</imgdir>
<imgdir name="stand1">
<canvas name="0" width="1" height="1">
<vector name="origin" x="13" y="18"/>
<int name="z" value="0"/>
<vector name="lt" x="-18" y="-20"/>
<vector name="rb" x="17" y="0"/>
<int name="delay" value="180"/>
<string name="_outlink" value="Item/Pet/5002239.img/stand0/0"/>
</canvas>
<canvas name="1" width="1" height="1">
<vector name="origin" x="13" y="18"/>
<int name="z" value="0"/>
<vector name="lt" x="-18" y="-20"/>
<vector name="rb" x="17" y="0"/>
<int name="delay" value="180"/>
<string name="_hash" value="bb7eb383653a95e38e299688a1ae45fff188e2a7d123677f5523d81e8ce7b0a7"/>
<string name="_outlink" value="Item/Pet/5002239.img/stand1/1"/>
</canvas>
<canvas name="2" width="1" height="1">
<vector name="origin" x="13" y="18"/>
<int name="z" value="0"/>
<vector name="lt" x="-18" y="-20"/>
<vector name="rb" x="17" y="0"/>
<int name="delay" value="180"/>
<string name="_outlink" value="Item/Pet/5002239.img/stand0/2"/>
</canvas>
<canvas name="3" width="1" height="1">
<vector name="origin" x="13" y="18"/>
<int name="z" value="0"/>
<vector name="lt" x="-18" y="-20"/>
<vector name="rb" x="17" y="0"/>
<int name="delay" value="180"/>
<string name="_hash" value="545e87246e8d1dc56435a2ba8559610448cc7b772b3b43f631b705d2400895df"/>
<string name="_outlink" value="Item/Pet/5002239.img/stand1/3"/>
</canvas>
</imgdir>
<imgdir name="rest0">
<canvas name="0" width="1" height="1">
<vector name="origin" x="13" y="17"/>
<int name="z" value="0"/>
<vector name="lt" x="-18" y="-20"/>
<vector name="rb" x="17" y="0"/>
<int name="delay" value="180"/>
<string name="_hash" value="28120ce3750d660f33b795b4a4bb3cd76cc0a90d484267aab49656a122dd2809"/>
<string name="_outlink" value="Item/Pet/5002239.img/rest0/0"/>
</canvas>
<canvas name="1" width="1" height="1">
<vector name="origin" x="13" y="17"/>
<int name="z" value="0"/>
<vector name="lt" x="-18" y="-20"/>
<vector name="rb" x="17" y="0"/>
<int name="delay" value="180"/>
<string name="_hash" value="914d50df011bc642323044ce9cd2d27964cb26dec0aac89ab586d905883c6c0b"/>
<string name="_outlink" value="Item/Pet/5002239.img/rest0/1"/>
</canvas>
<canvas name="2" width="1" height="1">
<vector name="origin" x="13" y="17"/>
<int name="z" value="0"/>
<vector name="lt" x="-18" y="-20"/>
<vector name="rb" x="17" y="0"/>
<int name="delay" value="180"/>
<string name="_outlink" value="Item/Pet/5002239.img/rest0/0"/>
</canvas>
<canvas name="3" width="1" height="1">
<vector name="origin" x="13" y="17"/>
<int name="z" value="0"/>
<vector name="lt" x="-18" y="-20"/>
<vector name="rb" x="17" y="0"/>
<int name="delay" value="180"/>
<string name="_outlink" value="Item/Pet/5002239.img/rest0/1"/>
</canvas>
</imgdir>
<imgdir name="move">
<canvas name="0" width="1" height="1">
<vector name="origin" x="13" y="18"/>
<int name="z" value="0"/>
<vector name="lt" x="-18" y="-20"/>
<vector name="rb" x="17" y="0"/>
<int name="delay" value="180"/>
<string name="_hash" value="6cb469e6e9fb5f2e2f6482f4a9c492ceaee2b44e1a791711761b1474d964c1de"/>
<string name="_outlink" value="Item/Pet/5002239.img/move/0"/>
</canvas>
<canvas name="1" width="1" height="1">
<vector name="origin" x="16" y="24"/>
<int name="z" value="0"/>
<vector name="lt" x="-18" y="-20"/>
<vector name="rb" x="17" y="0"/>
<int name="delay" value="180"/>
<string name="_hash" value="1e4794460a6479d6b7b3e760de53ef07416ec5da5f6723333fb277661b878d7f"/>
<string name="_outlink" value="Item/Pet/5002239.img/move/1"/>
</canvas>
<canvas name="2" width="1" height="1">
<vector name="origin" x="15" y="21"/>
<int name="z" value="0"/>
<vector name="lt" x="-18" y="-20"/>
<vector name="rb" x="17" y="0"/>
<int name="delay" value="180"/>
<string name="_hash" value="7093dfed0ed9f1d9f3ccabe828b189a3bb89ccca6bad69e3bdbc165c017abb0d"/>
<string name="_outlink" value="Item/Pet/5002239.img/move/2"/>
</canvas>
<canvas name="3" width="1" height="1">
<vector name="origin" x="14" y="19"/>
<int name="z" value="0"/>
<vector name="lt" x="-18" y="-20"/>
<vector name="rb" x="17" y="0"/>
<int name="delay" value="180"/>
<string name="_hash" value="fa89c45e84934b314573505f1832e22c6f90e9b13aa23589c8e6be265ffd50cf"/>
<string name="_outlink" value="Item/Pet/5002239.img/move/3"/>
</canvas>
</imgdir>
<imgdir name="jump">
<canvas name="0" width="1" height="1">
<vector name="origin" x="13" y="26"/>
<int name="z" value="0"/>
<vector name="lt" x="-18" y="-20"/>
<vector name="rb" x="17" y="0"/>
<int name="delay" value="3000"/>
<string name="_hash" value="55251b473f78688e224674840fce32f769b95118eaa5514a01298bce5294ab5b"/>
<string name="_outlink" value="Item/Pet/5002239.img/jump/0"/>
</canvas>
</imgdir>
<imgdir name="hungry">
<canvas name="0" width="1" height="1">
<vector name="origin" x="13" y="16"/>
<int name="z" value="0"/>
<vector name="lt" x="-18" y="-20"/>
<vector name="rb" x="17" y="0"/>
<int name="delay" value="180"/>
<string name="_hash" value="699326acf8063a159e97adb2e6d3eb05051da7584fad13107fb24258337024c5"/>
<string name="_outlink" value="Item/Pet/5002239.img/hungry/0"/>
</canvas>
<canvas name="1" width="1" height="1">
<vector name="origin" x="13" y="15"/>
<int name="z" value="0"/>
<vector name="lt" x="-18" y="-20"/>
<vector name="rb" x="17" y="0"/>
<int name="delay" value="180"/>
<string name="_hash" value="fab1d0d88242ba70c9b6b31bac5bc4bc5b50f7a8b5f368d0bed27afa8ed59819"/>
<string name="_outlink" value="Item/Pet/5002239.img/hungry/1"/>
</canvas>
<canvas name="2" width="1" height="1">
<vector name="origin" x="13" y="15"/>
<int name="z" value="0"/>
<vector name="lt" x="-18" y="-20"/>
<vector name="rb" x="17" y="0"/>
<int name="delay" value="180"/>
<string name="_hash" value="bf964524439ac49a76467e2affe44093eb38095ed8c4abfc68f82120570670b5"/>
<string name="_outlink" value="Item/Pet/5002239.img/hungry/2"/>
</canvas>
<canvas name="3" width="1" height="1">
<vector name="origin" x="13" y="15"/>
<int name="z" value="0"/>
<vector name="lt" x="-18" y="-20"/>
<vector name="rb" x="17" y="0"/>
<int name="delay" value="180"/>
<string name="_hash" value="a6a288e8a4edc2daee792b20795429018a3b4d3239904188c552b22a6593331c"/>
<string name="_outlink" value="Item/Pet/5002239.img/hungry/3"/>
</canvas>
</imgdir>
<imgdir name="hang">
<canvas name="0" width="1" height="1">
<vector name="origin" x="8" y="43"/>
<int name="z" value="0"/>
<vector name="lt" x="-18" y="-20"/>
<vector name="rb" x="17" y="0"/>
<string name="_hash" value="3a42fbb5c5519bf6a5a23e8b15dff40def720354f2d4ed06ca73fcefe9b0fae7"/>
<string name="_outlink" value="Item/Pet/5002239.img/hang/0"/>
</canvas>
</imgdir>
<imgdir name="roll">
<canvas name="0" width="1" height="1">
<vector name="origin" x="15" y="26"/>
<int name="z" value="0"/>
<vector name="lt" x="-18" y="-20"/>
<vector name="rb" x="17" y="0"/>
<int name="delay" value="180"/>
<string name="_hash" value="8f2e7c4fffcc4e22c1d06fc1d9c67edd97739123b3b58a81b2feacbe252fac27"/>
<string name="_outlink" value="Item/Pet/5002239.img/roll/0"/>
</canvas>
<canvas name="1" width="1" height="1">
<vector name="origin" x="14" y="27"/>
<int name="z" value="0"/>
<vector name="lt" x="-18" y="-20"/>
<vector name="rb" x="17" y="0"/>
<int name="delay" value="180"/>
<string name="_hash" value="afb2619c8e09193a3307aabfd085ee45bc1d24ae8d62f9889ebbbd52d71ca99b"/>
<string name="_outlink" value="Item/Pet/5002239.img/roll/1"/>
</canvas>
</imgdir>
<imgdir name="eat">
<canvas name="0" width="1" height="1">
<vector name="origin" x="13" y="18"/>
<int name="z" value="0"/>
<vector name="lt" x="-18" y="-20"/>
<vector name="rb" x="17" y="0"/>
<int name="delay" value="180"/>
<string name="_hash" value="96fd095207aa405050bd7a2b708cc2d2dd7c897fafa283d1b3ef51c51cbce5cb"/>
<string name="_outlink" value="Item/Pet/5002239.img/eat/0"/>
</canvas>
<canvas name="1" width="1" height="1">
<vector name="origin" x="14" y="17"/>
<int name="z" value="0"/>
<vector name="lt" x="-18" y="-20"/>
<vector name="rb" x="17" y="0"/>
<int name="delay" value="180"/>
<string name="_hash" value="b5c7d511fff9353c51cff3778c007ee0b65af8e5cec097c6dc7deca328ee113a"/>
<string name="_outlink" value="Item/Pet/5002239.img/eat/1"/>
</canvas>
<canvas name="2" width="1" height="1">
<vector name="origin" x="13" y="18"/>
<int name="z" value="0"/>
<vector name="lt" x="-18" y="-20"/>
<vector name="rb" x="17" y="0"/>
<int name="delay" value="180"/>
<string name="_hash" value="fa5ffd0cc44c12a222b492f36d86dabaa9a2a29bd31a2f024458a40040f58116"/>
<string name="_outlink" value="Item/Pet/5002239.img/eat/2"/>
</canvas>
<canvas name="3" width="1" height="1">
<vector name="origin" x="13" y="17"/>
<int name="z" value="0"/>
<vector name="lt" x="-18" y="-20"/>
<vector name="rb" x="17" y="0"/>
<int name="delay" value="180"/>
<string name="_hash" value="6b64077fb973950966b127c55a08ae6c4b464ac6b0b5511b818b80d7e286a925"/>
<string name="_outlink" value="Item/Pet/5002239.img/eat/3"/>
</canvas>
</imgdir>
<imgdir name="chat">
<canvas name="0" width="1" height="1">
<vector name="origin" x="13" y="18"/>
<int name="z" value="0"/>
<vector name="lt" x="-18" y="-20"/>
<vector name="rb" x="17" y="0"/>
<int name="delay" value="180"/>
<string name="_outlink" value="Item/Pet/5002239.img/stand0/0"/>
</canvas>
<canvas name="1" width="1" height="1">
<vector name="origin" x="13" y="18"/>
<int name="z" value="0"/>
<vector name="lt" x="-18" y="-20"/>
<vector name="rb" x="17" y="0"/>
<int name="delay" value="180"/>
<string name="_hash" value="55478a2c02563eb9484aab566047abefa257142f711cff0e1db9497ed26ff04c"/>
<string name="_outlink" value="Item/Pet/5002239.img/chat/1"/>
</canvas>
<canvas name="2" width="1" height="1">
<vector name="origin" x="13" y="18"/>
<int name="z" value="0"/>
<vector name="lt" x="-18" y="-20"/>
<vector name="rb" x="17" y="0"/>
<int name="delay" value="180"/>
<string name="_outlink" value="Item/Pet/5002239.img/stand0/2"/>
</canvas>
<canvas name="3" width="1" height="1">
<vector name="origin" x="13" y="18"/>
<int name="z" value="0"/>
<vector name="lt" x="-18" y="-20"/>
<vector name="rb" x="17" y="0"/>
<int name="delay" value="180"/>
<string name="_hash" value="4fe592660f209eacbb37d02b657f28d41a0d5dba56701a7a98c0fc7a5cc10697"/>
<string name="_outlink" value="Item/Pet/5002239.img/chat/3"/>
</canvas>
</imgdir>
<imgdir name="dung">
<canvas name="0" width="1" height="1">
<vector name="origin" x="13" y="19"/>
<int name="z" value="0"/>
<vector name="lt" x="-18" y="-20"/>
<vector name="rb" x="17" y="0"/>
<int name="delay" value="180"/>
<string name="_hash" value="82435eb237dcd94bb1e81264bf643c416f80df07d6a27a5aa693177a1c0b92dc"/>
<string name="_outlink" value="Item/Pet/5002239.img/dung/0"/>
</canvas>
<canvas name="1" width="1" height="1">
<vector name="origin" x="13" y="18"/>
<int name="z" value="0"/>
<vector name="lt" x="-18" y="-20"/>
<vector name="rb" x="17" y="0"/>
<int name="delay" value="180"/>
<string name="_hash" value="56769857c498e054c5a1636ebdecd49988943c1d320b2a176772ab84594f6c19"/>
<string name="_outlink" value="Item/Pet/5002239.img/dung/1"/>
</canvas>
<canvas name="2" width="1" height="1">
<vector name="origin" x="13" y="18"/>
<int name="z" value="0"/>
<vector name="lt" x="-18" y="-20"/>
<vector name="rb" x="17" y="0"/>
<int name="delay" value="180"/>
<string name="_hash" value="4f42e1230ddb9e80cf6263a69207ff594dfaa53f457fb1ae42be6eedc14f1266"/>
<string name="_outlink" value="Item/Pet/5002239.img/dung/2"/>
</canvas>
<canvas name="3" width="1" height="1">
<vector name="origin" x="13" y="18"/>
<int name="z" value="0"/>
<vector name="lt" x="-18" y="-20"/>
<vector name="rb" x="17" y="0"/>
<int name="delay" value="180"/>
<string name="_hash" value="848f910bb8322086ca5a0e66e79c08cb6c066e2d85b649496602ab8bb76559a0"/>
<string name="_outlink" value="Item/Pet/5002239.img/dung/3"/>
</canvas>
<canvas name="4" width="1" height="1">
<vector name="origin" x="13" y="17"/>
<int name="z" value="0"/>
<vector name="lt" x="-18" y="-20"/>
<vector name="rb" x="17" y="0"/>
<int name="delay" value="180"/>
<string name="_hash" value="d1800466d24322f5f9b143da829cd43e28b7c9fc5b7ab9c23adc908bc0f5c8e0"/>
<string name="_outlink" value="Item/Pet/5002239.img/dung/4"/>
</canvas>
<canvas name="5" width="1" height="1">
<vector name="origin" x="13" y="18"/>
<int name="z" value="0"/>
<vector name="lt" x="-18" y="-20"/>
<vector name="rb" x="17" y="0"/>
<int name="delay" value="180"/>
<string name="_hash" value="5f9ec1aa1b9230d43619000f9a56992a54b2e3d7f1904f3caa9e726d6bf97469"/>
<string name="_outlink" value="Item/Pet/5002239.img/dung/5"/>
</canvas>
<canvas name="6" width="1" height="1">
<vector name="origin" x="13" y="18"/>
<int name="z" value="0"/>
<vector name="lt" x="-18" y="-20"/>
<vector name="rb" x="17" y="0"/>
<int name="delay" value="180"/>
<string name="_hash" value="31d877d5de645c263a24afc980308b63278eac6a9962b6e70007957c792ba74e"/>
<string name="_outlink" value="Item/Pet/5002239.img/dung/6"/>
</canvas>
<canvas name="7" width="1" height="1">
<vector name="origin" x="13" y="18"/>
<int name="z" value="0"/>
<vector name="lt" x="-18" y="-20"/>
<vector name="rb" x="17" y="0"/>
<int name="delay" value="180"/>
<string name="_hash" value="1777fe0d136bef673106319c67f1e9210974c522db4e66d7a445f993a5075199"/>
<string name="_outlink" value="Item/Pet/5002239.img/dung/7"/>
</canvas>
</imgdir>
<imgdir name="angry">
<canvas name="0" width="1" height="1">
<vector name="origin" x="17" y="22"/>
<int name="z" value="0"/>
<vector name="lt" x="-18" y="-20"/>
<vector name="rb" x="17" y="0"/>
<int name="delay" value="180"/>
<string name="_hash" value="5177aeb765bc956036a1adc32c9b86f411c8617e35887e8717aca8ba451a985d"/>
<string name="_outlink" value="Item/Pet/5002239.img/angry/0"/>
</canvas>
<canvas name="1" width="1" height="1">
<vector name="origin" x="17" y="23"/>
<int name="z" value="0"/>
<vector name="lt" x="-18" y="-20"/>
<vector name="rb" x="17" y="0"/>
<int name="delay" value="180"/>
<string name="_hash" value="77b684e166a1f7ddbd440e731b847f91291af7f64e6b27b8f827a4e1d833cd30"/>
<string name="_outlink" value="Item/Pet/5002239.img/angry/1"/>
</canvas>
<canvas name="2" width="1" height="1">
<vector name="origin" x="17" y="23"/>
<int name="z" value="0"/>
<vector name="lt" x="-18" y="-20"/>
<vector name="rb" x="17" y="0"/>
<int name="delay" value="180"/>
<string name="_hash" value="8a7744307ff5bede9b9944f0b656c5f37894df93e954667ce1e8dfc2d972b518"/>
<string name="_outlink" value="Item/Pet/5002239.img/angry/2"/>
</canvas>
<canvas name="3" width="1" height="1">
<vector name="origin" x="17" y="23"/>
<int name="z" value="0"/>
<vector name="lt" x="-18" y="-20"/>
<vector name="rb" x="17" y="0"/>
<int name="delay" value="180"/>
<string name="_hash" value="6fb3e3a35632e7570367bc93a45cf525139f02d7ad8b16931071ecb8c472fc13"/>
<string name="_outlink" value="Item/Pet/5002239.img/angry/3"/>
</canvas>
</imgdir>
<imgdir name="cry">
<canvas name="0" width="1" height="1">
<vector name="origin" x="13" y="16"/>
<int name="z" value="0"/>
<vector name="lt" x="-18" y="-20"/>
<vector name="rb" x="17" y="0"/>
<int name="delay" value="180"/>
<string name="_hash" value="11582c58b4d36b9b8c78c1e4d9fd2561fe4f52fb9f7735df9e43f37331992b1e"/>
<string name="_outlink" value="Item/Pet/5002239.img/cry/0"/>
</canvas>
<canvas name="1" width="1" height="1">
<vector name="origin" x="13" y="15"/>
<int name="z" value="0"/>
<vector name="lt" x="-18" y="-20"/>
<vector name="rb" x="17" y="0"/>
<int name="delay" value="180"/>
<string name="_hash" value="ee8bd71a22bd88242a2acfb8a5b7ab1242890435890f16bb1d56a9350007f2f2"/>
<string name="_outlink" value="Item/Pet/5002239.img/cry/1"/>
</canvas>
<canvas name="2" width="1" height="1">
<vector name="origin" x="13" y="15"/>
<int name="z" value="0"/>
<vector name="lt" x="-18" y="-20"/>
<vector name="rb" x="17" y="0"/>
<int name="delay" value="180"/>
<string name="_hash" value="3536e9f0ad906cfe5e4606b392ac06d46f3a16b0cbce1a0a12a56183efc290f3"/>
<string name="_outlink" value="Item/Pet/5002239.img/cry/2"/>
</canvas>
<canvas name="3" width="1" height="1">
<vector name="origin" x="13" y="15"/>
<int name="z" value="0"/>
<vector name="lt" x="-18" y="-20"/>
<vector name="rb" x="17" y="0"/>
<int name="delay" value="180"/>
<string name="_hash" value="c044b6af9349cf7b898c121e68a766f11054d8a0137090aa30bcd39ce956a27e"/>
<string name="_outlink" value="Item/Pet/5002239.img/cry/3"/>
</canvas>
</imgdir>
<imgdir name="love">
<canvas name="0" width="1" height="1">
<vector name="origin" x="13" y="18"/>
<int name="z" value="0"/>
<vector name="lt" x="-18" y="-20"/>
<vector name="rb" x="17" y="0"/>
<int name="delay" value="180"/>
<string name="_outlink" value="Item/Pet/5002239.img/stand0/0"/>
</canvas>
<canvas name="1" width="1" height="1">
<vector name="origin" x="18" y="17"/>
<int name="z" value="0"/>
<vector name="lt" x="-18" y="-20"/>
<vector name="rb" x="17" y="0"/>
<int name="delay" value="180"/>
<string name="_hash" value="ec911fe4837483b45a56ea391abc94e6b0c486804465a6e0afea1d9c4bdb62ef"/>
<string name="_outlink" value="Item/Pet/5002239.img/love/1"/>
</canvas>
<canvas name="2" width="1" height="1">
<vector name="origin" x="20" y="17"/>
<int name="z" value="0"/>
<vector name="lt" x="-18" y="-20"/>
<vector name="rb" x="17" y="0"/>
<int name="delay" value="180"/>
<string name="_hash" value="753d4d56032bc2c9f93f4ad424d1f8cb3b043a7af604563cb328940c23aaaa37"/>
<string name="_outlink" value="Item/Pet/5002239.img/love/2"/>
</canvas>
<canvas name="3" width="1" height="1">
<vector name="origin" x="21" y="18"/>
<int name="z" value="0"/>
<vector name="lt" x="-18" y="-20"/>
<vector name="rb" x="17" y="0"/>
<int name="delay" value="180"/>
<string name="_hash" value="0d37d0a1089399834a149e6ee2ae89fcec7be5c0976f60935dcd67b9e3927243"/>
<string name="_outlink" value="Item/Pet/5002239.img/love/3"/>
</canvas>
<canvas name="4" width="1" height="1">
<vector name="origin" x="22" y="18"/>
<int name="z" value="0"/>
<vector name="lt" x="-18" y="-20"/>
<vector name="rb" x="17" y="0"/>
<int name="delay" value="180"/>
<string name="_hash" value="dbe8cf7d19804dd43e656f84a6dc5b77f9abe9f49738f4da2c3236a8b294b9a8"/>
<string name="_outlink" value="Item/Pet/5002239.img/love/4"/>
</canvas>
<canvas name="5" width="1" height="1">
<vector name="origin" x="23" y="18"/>
<int name="z" value="0"/>
<vector name="lt" x="-18" y="-20"/>
<vector name="rb" x="17" y="0"/>
<int name="delay" value="180"/>
<string name="_hash" value="9c23173a64a8778e2f82ebbda8a5fd02c8209160de6267361e0ff4cb612b90b5"/>
<string name="_outlink" value="Item/Pet/5002239.img/love/5"/>
</canvas>
<canvas name="6" width="1" height="1">
<vector name="origin" x="24" y="19"/>
<int name="z" value="0"/>
<vector name="lt" x="-18" y="-20"/>
<vector name="rb" x="17" y="0"/>
<int name="delay" value="180"/>
<string name="_hash" value="4e40676c1abe92d708209c1ad8f10cfe916664ea524dbbc307fdcbb188c616d2"/>
<string name="_outlink" value="Item/Pet/5002239.img/love/6"/>
</canvas>
<canvas name="7" width="1" height="1">
<vector name="origin" x="25" y="18"/>
<int name="z" value="0"/>
<vector name="lt" x="-18" y="-20"/>
<vector name="rb" x="17" y="0"/>
<int name="delay" value="180"/>
<string name="_hash" value="c8f227e59855d94e45a4832c6bdf039e6e58325316920625563450cc25d43e79"/>
<string name="_outlink" value="Item/Pet/5002239.img/love/7"/>
</canvas>
</imgdir>
<imgdir name="sleep">
<canvas name="0" width="1" height="1">
<vector name="origin" x="21" y="17"/>
<int name="z" value="0"/>
<vector name="lt" x="-18" y="-20"/>
<vector name="rb" x="17" y="0"/>
<int name="delay" value="180"/>
<string name="_hash" value="bbd5cfde53785c27fce9b464fc28d82525e1ecac868c44e885a261b397b73ac4"/>
<string name="_outlink" value="Item/Pet/5002239.img/sleep/0"/>
</canvas>
<canvas name="1" width="1" height="1">
<vector name="origin" x="23" y="19"/>
<int name="z" value="0"/>
<vector name="lt" x="-18" y="-20"/>
<vector name="rb" x="17" y="0"/>
<int name="delay" value="180"/>
<string name="_hash" value="2aba4607c88f091c56c7b41fd9b087d92be7f7a78404641ade5db8100f90168a"/>
<string name="_outlink" value="Item/Pet/5002239.img/sleep/1"/>
</canvas>
<canvas name="2" width="1" height="1">
<vector name="origin" x="24" y="20"/>
<int name="z" value="0"/>
<vector name="lt" x="-18" y="-20"/>
<vector name="rb" x="17" y="0"/>
<int name="delay" value="180"/>
<string name="_hash" value="27d84cd74c1359a18128c172c48a8adc58e8e511f86398eedc418d16f9d6621c"/>
<string name="_outlink" value="Item/Pet/5002239.img/sleep/2"/>
</canvas>
<canvas name="3" width="1" height="1">
<vector name="origin" x="20" y="19"/>
<int name="z" value="0"/>
<vector name="lt" x="-18" y="-20"/>
<vector name="rb" x="17" y="0"/>
<int name="delay" value="180"/>
<string name="_hash" value="6f6116fdad3ed04fc23736a172afb06c7b28a99638b8ed64d5d8fea8370e2fba"/>
<string name="_outlink" value="Item/Pet/5002239.img/sleep/3"/>
</canvas>
<canvas name="4" width="1" height="1">
<vector name="origin" x="21" y="20"/>
<int name="z" value="0"/>
<vector name="lt" x="-18" y="-20"/>
<vector name="rb" x="17" y="0"/>
<int name="delay" value="180"/>
<string name="_hash" value="cb9f4d45fb9b3c5318e9b2d3d42f9b5376c2d4e5f45084f7e3d1d5dfd507d47b"/>
<string name="_outlink" value="Item/Pet/5002239.img/sleep/4"/>
</canvas>
<canvas name="5" width="1" height="1">
<vector name="origin" x="22" y="21"/>
<int name="z" value="0"/>
<vector name="lt" x="-18" y="-20"/>
<vector name="rb" x="17" y="0"/>
<int name="delay" value="180"/>
<string name="_hash" value="2b2c13460c7be234930bdc2a07fe2199d5f232e893aebe8dc768db87c903d82c"/>
<string name="_outlink" value="Item/Pet/5002239.img/sleep/5"/>
</canvas>
<canvas name="6" width="1" height="1">
<vector name="origin" x="19" y="16"/>
<int name="z" value="0"/>
<vector name="lt" x="-18" y="-20"/>
<vector name="rb" x="17" y="0"/>
<int name="delay" value="180"/>
<string name="_hash" value="94830b660ce251d86569c177ff32e14e1ff8f89e9a9888cdaf81a34cee775833"/>
<string name="_outlink" value="Item/Pet/5002239.img/sleep/6"/>
</canvas>
<canvas name="7" width="1" height="1">
<vector name="origin" x="20" y="16"/>
<int name="z" value="0"/>
<vector name="lt" x="-18" y="-20"/>
<vector name="rb" x="17" y="0"/>
<int name="delay" value="180"/>
<string name="_hash" value="a05a5bfbce276d654abd27a6cf69f8bbd1d5a495562590edf9149bcecb4a58a1"/>
<string name="_outlink" value="Item/Pet/5002239.img/sleep/7"/>
</canvas>
</imgdir>
<imgdir name="sit">
<canvas name="0" width="1" height="1">
<vector name="origin" x="13" y="17"/>
<int name="z" value="0"/>
<vector name="lt" x="-18" y="-20"/>
<vector name="rb" x="17" y="0"/>
<int name="delay" value="600"/>
<string name="_outlink" value="Item/Pet/5002239.img/rest0/0"/>
</canvas>
</imgdir>
<imgdir name="what">
<canvas name="0" width="1" height="1">
<vector name="origin" x="13" y="18"/>
<int name="z" value="0"/>
<vector name="lt" x="-18" y="-20"/>
<vector name="rb" x="17" y="0"/>
<int name="delay" value="180"/>
<string name="_outlink" value="Item/Pet/5002239.img/stand0/0"/>
</canvas>
<canvas name="1" width="1" height="1">
<vector name="origin" x="13" y="18"/>
<int name="z" value="0"/>
<vector name="lt" x="-18" y="-20"/>
<vector name="rb" x="17" y="0"/>
<int name="delay" value="180"/>
<string name="_outlink" value="Item/Pet/5002239.img/stand0/1"/>
</canvas>
<canvas name="2" width="1" height="1">
<vector name="origin" x="13" y="18"/>
<int name="z" value="0"/>
<vector name="lt" x="-18" y="-20"/>
<vector name="rb" x="17" y="0"/>
<int name="delay" value="180"/>
<string name="_outlink" value="Item/Pet/5002239.img/stand0/2"/>
</canvas>
<canvas name="3" width="1" height="1">
<vector name="origin" x="13" y="18"/>
<int name="z" value="0"/>
<vector name="lt" x="-18" y="-20"/>
<vector name="rb" x="17" y="0"/>
<int name="delay" value="180"/>
<string name="_outlink" value="Item/Pet/5002239.img/stand0/3"/>
</canvas>
<canvas name="4" width="1" height="1">
<vector name="origin" x="13" y="18"/>
<int name="z" value="0"/>
<vector name="lt" x="-18" y="-20"/>
<vector name="rb" x="17" y="0"/>
<int name="delay" value="180"/>
<string name="_outlink" value="Item/Pet/5002239.img/stand0/0"/>
</canvas>
<canvas name="5" width="1" height="1">
<vector name="origin" x="15" y="19"/>
<int name="z" value="0"/>
<vector name="lt" x="-18" y="-20"/>
<vector name="rb" x="17" y="0"/>
<int name="delay" value="180"/>
<string name="_hash" value="c8042d4fb96424082d467fda2f2f65230ebf0123695aafafa50ecc2d043c9ca6"/>
<string name="_outlink" value="Item/Pet/5002239.img/what/5"/>
</canvas>
<canvas name="6" width="1" height="1">
<vector name="origin" x="15" y="20"/>
<int name="z" value="0"/>
<vector name="lt" x="-18" y="-20"/>
<vector name="rb" x="17" y="0"/>
<int name="delay" value="180"/>
<string name="_hash" value="b7ee1bc5c329c48fa785d9aeb1412dde2b75384c7665bfa7fae5d5a3bc0ae35c"/>
<string name="_outlink" value="Item/Pet/5002239.img/what/6"/>
</canvas>
<canvas name="7" width="1" height="1">
<vector name="origin" x="15" y="21"/>
<int name="z" value="0"/>
<vector name="lt" x="-18" y="-20"/>
<vector name="rb" x="17" y="0"/>
<int name="delay" value="180"/>
<string name="_hash" value="13e90ea23b81b58b3092f380413b603ef1d0c911035aa6f96abddd6a093b3a9e"/>
<string name="_outlink" value="Item/Pet/5002239.img/what/7"/>
</canvas>
</imgdir>
<uol name="fly" value="jump"/>
</imgdir>
