<?xml version="1.0" encoding="UTF-8" standalone="yes"?>
<imgdir name="5002318.img">
<imgdir name="info">
<canvas name="icon" width="36" height="26">
<vector name="origin" x="3" y="26"/>
<int name="z" value="0"/>
<string name="_hash" value="cc267dbd1e7c3a2223ef3092026ceaeef7fe651b37c1773df27fc72776e0cb54"/>
</canvas>
<canvas name="iconRaw" width="36" height="26">
<vector name="origin" x="3" y="26"/>
<int name="z" value="0"/>
<string name="_hash" value="ff51ddbf4d76d57a9c6b2f17c732c283ecb1d1738253d061a899163ee5c07e85"/>
</canvas>
<canvas name="iconD" width="38" height="27">
<vector name="origin" x="3" y="27"/>
<int name="z" value="0"/>
<string name="_hash" value="29669748699fc23b7c3922d5d73c4b48f65f5cf63fd009c05d59a36b09b6b9d8"/>
</canvas>
<canvas name="iconRawD" width="38" height="27">
<vector name="origin" x="3" y="27"/>
<int name="z" value="0"/>
<string name="_hash" value="32fbd2f3436f448a3db572fd46417e65423e3ce9bf4f052524e43c92dd93b590"/>
</canvas>
<int name="hungry" value="2"/>
<int name="cash" value="1"/>
<int name="life" value="90"/>
<int name="pickupItem" value="1"/>
<int name="multiPet" value="1"/>
<int name="autoBuff" value="1"/>
<int name="chatBalloon" value="566"/>
<int name="nameTag" value="566"/>
<int name="setItemID" value="863"/>
</imgdir>
<imgdir name="interact">
<imgdir name="0">
<string name="command" value="c1"/>
<int name="inc" value="1"/>
<int name="prob" value="30"/>
<int name="l0" value="1"/>
<int name="l1" value="9"/>
<imgdir name="success">
<imgdir name="0">
<string name="act" value="rest0"/>
<string name="0" value="c1_s1"/>
<string name="1" value="c1_s2"/>
</imgdir>
</imgdir>
<imgdir name="fail">
<imgdir name="0">
<string name="act" value="stand0"/>
<string name="0" value="c1_f1"/>
<string name="1" value="c1_f2"/>
</imgdir>
</imgdir>
</imgdir>
<imgdir name="1">
<string name="command" value="c2"/>
<int name="inc" value="2"/>
<int name="prob" value="45"/>
<int name="l0" value="10"/>
<int name="l1" value="19"/>
<imgdir name="success">
<imgdir name="0">
<string name="act" value="rest0"/>
<string name="0" value="c2_s1"/>
<string name="1" value="c2_s2"/>
<string name="2" value="c2_s3"/>
<string name="3" value="c2_s4"/>
</imgdir>
</imgdir>
<imgdir name="fail">
<imgdir name="0">
<string name="act" value="stand0"/>
<string name="0" value="c2_f1"/>
<string name="1" value="c2_f2"/>
<string name="2" value="c2_f3"/>
<string name="3" value="c2_f4"/>
</imgdir>
</imgdir>
</imgdir>
<imgdir name="2">
<string name="command" value="c3"/>
<int name="inc" value="3"/>
<int name="prob" value="60"/>
<int name="l0" value="20"/>
<int name="l1" value="29"/>
<imgdir name="success">
<imgdir name="0">
<string name="act" value="rest0"/>
<string name="0" value="c3_s1"/>
<string name="1" value="c3_s2"/>
<string name="2" value="c3_s3"/>
<string name="3" value="c3_s4"/>
</imgdir>
</imgdir>
<imgdir name="fail">
<imgdir name="0">
<string name="act" value="stand0"/>
<string name="0" value="c3_f1"/>
<string name="1" value="c3_f2"/>
<string name="2" value="c3_f3"/>
<string name="3" value="c3_f4"/>
</imgdir>
</imgdir>
</imgdir>
<imgdir name="3">
<string name="command" value="c4"/>
<int name="inc" value="2"/>
<int name="prob" value="70"/>
<int name="l0" value="30"/>
<int name="l1" value="30"/>
<imgdir name="success">
<imgdir name="0">
<string name="act" value="rest0"/>
<string name="0" value="c4_s1"/>
<string name="1" value="c4_s2"/>
<string name="2" value="c4_s3"/>
<string name="3" value="c4_s4"/>
</imgdir>
</imgdir>
<imgdir name="fail">
<imgdir name="0">
<string name="act" value="stand0"/>
<string name="0" value="c4_f1"/>
<string name="1" value="c4_f2"/>
<string name="2" value="c4_f3"/>
<string name="3" value="c4_f4"/>
</imgdir>
</imgdir>
</imgdir>
<imgdir name="4">
<string name="command" value="c5"/>
<int name="inc" value="1"/>
<int name="prob" value="30"/>
<int name="l0" value="1"/>
<int name="l1" value="9"/>
<imgdir name="success">
<imgdir name="0">
<string name="act" value="cry"/>
<string name="0" value="c5_s1"/>
<string name="1" value="c5_s2"/>
</imgdir>
</imgdir>
<imgdir name="fail">
<imgdir name="0">
<string name="act" value="stand0"/>
<string name="0" value="c5_f1"/>
<string name="1" value="c5_f2"/>
</imgdir>
</imgdir>
</imgdir>
<imgdir name="5">
<string name="command" value="c6"/>
<int name="inc" value="2"/>
<int name="prob" value="50"/>
<int name="l0" value="10"/>
<int name="l1" value="19"/>
<imgdir name="success">
<imgdir name="0">
<string name="act" value="cry"/>
<string name="0" value="c6_s1"/>
<string name="1" value="c6_s2"/>
<string name="2" value="c6_s3"/>
<string name="3" value="c6_s4"/>
</imgdir>
</imgdir>
<imgdir name="fail">
<imgdir name="0">
<string name="act" value="angry"/>
<string name="0" value="c6_f1"/>
<string name="1" value="c6_f2"/>
<string name="2" value="c6_f3"/>
<string name="3" value="c6_f4"/>
</imgdir>
</imgdir>
</imgdir>
<imgdir name="6">
<string name="command" value="c7"/>
<int name="inc" value="2"/>
<int name="prob" value="60"/>
<int name="l0" value="20"/>
<int name="l1" value="29"/>
<imgdir name="success">
<imgdir name="0">
<string name="act" value="cry"/>
<string name="0" value="c7_s1"/>
<string name="1" value="c7_s2"/>
<string name="2" value="c7_s3"/>
<string name="3" value="c7_s4"/>
</imgdir>
</imgdir>
<imgdir name="fail">
<imgdir name="0">
<string name="act" value="angry"/>
<string name="0" value="c7_f1"/>
<string name="1" value="c7_f2"/>
<string name="2" value="c7_f3"/>
<string name="3" value="c7_f4"/>
</imgdir>
</imgdir>
</imgdir>
<imgdir name="7">
<string name="command" value="c8"/>
<int name="inc" value="3"/>
<int name="prob" value="70"/>
<int name="l0" value="30"/>
<int name="l1" value="30"/>
<imgdir name="success">
<imgdir name="0">
<string name="act" value="cry"/>
<string name="0" value="c8_s1"/>
<string name="1" value="c8_s2"/>
<string name="2" value="c8_s3"/>
<string name="3" value="c8_s4"/>
</imgdir>
</imgdir>
<imgdir name="fail">
<imgdir name="0">
<string name="act" value="angry"/>
<string name="0" value="c8_f1"/>
<string name="1" value="c8_f2"/>
<string name="2" value="c8_f3"/>
<string name="3" value="c8_f4"/>
</imgdir>
</imgdir>
</imgdir>
<imgdir name="8">
<string name="command" value="c9"/>
<int name="inc" value="1"/>
<int name="prob" value="30"/>
<int name="l0" value="1"/>
<int name="l1" value="9"/>
<imgdir name="success">
<imgdir name="0">
<string name="act" value="love"/>
<string name="0" value="c9_s1"/>
<string name="1" value="c9_s2"/>
</imgdir>
</imgdir>
<imgdir name="fail">
<imgdir name="0">
<string name="act" value="no"/>
<string name="0" value="c9_f1"/>
<string name="1" value="c9_f2"/>
</imgdir>
</imgdir>
</imgdir>
<imgdir name="9">
<string name="command" value="c10"/>
<int name="inc" value="2"/>
<int name="prob" value="50"/>
<int name="l0" value="10"/>
<int name="l1" value="19"/>
<imgdir name="success">
<imgdir name="0">
<string name="act" value="love"/>
<string name="0" value="c10_s1"/>
<string name="1" value="c10_s2"/>
<string name="2" value="c10_s3"/>
<string name="3" value="c10_s4"/>
</imgdir>
</imgdir>
<imgdir name="fail">
<imgdir name="0">
<string name="act" value="no"/>
<string name="0" value="c10_f1"/>
<string name="1" value="c10_f2"/>
<string name="2" value="c10_f3"/>
<string name="3" value="c10_f4"/>
</imgdir>
</imgdir>
</imgdir>
<imgdir name="10">
<string name="command" value="c11"/>
<int name="inc" value="2"/>
<int name="prob" value="60"/>
<int name="l0" value="20"/>
<int name="l1" value="29"/>
<imgdir name="success">
<imgdir name="0">
<string name="act" value="love"/>
<string name="0" value="c11_s1"/>
<string name="1" value="c11_s2"/>
<string name="2" value="c11_s3"/>
<string name="3" value="c11_s4"/>
</imgdir>
</imgdir>
<imgdir name="fail">
<imgdir name="0">
<string name="act" value="no"/>
<string name="0" value="c11_f1"/>
<string name="1" value="c11_f2"/>
<string name="2" value="c11_f3"/>
<string name="4" value="c11_f4"/>
</imgdir>
</imgdir>
</imgdir>
<imgdir name="11">
<string name="command" value="c12"/>
<int name="inc" value="3"/>
<int name="prob" value="70"/>
<int name="l0" value="30"/>
<int name="l1" value="30"/>
<imgdir name="success">
<imgdir name="0">
<string name="act" value="love"/>
<string name="0" value="c12_s1"/>
<string name="1" value="c12_s2"/>
<string name="2" value="c12_s3"/>
<string name="3" value="c12_s4"/>
</imgdir>
</imgdir>
<imgdir name="fail">
<imgdir name="0">
<string name="act" value="no"/>
<string name="0" value="c12_f1"/>
<string name="1" value="c12_f2"/>
<string name="2" value="c12_f3"/>
<string name="3" value="c12_f4"/>
</imgdir>
</imgdir>
</imgdir>
<imgdir name="12">
<string name="command" value="c13"/>
<int name="inc" value="1"/>
<int name="prob" value="30"/>
<int name="l0" value="10"/>
<int name="l1" value="19"/>
<imgdir name="success">
<imgdir name="0">
<string name="act" value="dung"/>
<string name="0" value="c13_s1"/>
<string name="1" value="c13_s2"/>
<string name="2" value="c13_s3"/>
<string name="3" value="c13_s4"/>
</imgdir>
</imgdir>
<imgdir name="fail">
<imgdir name="0">
<string name="act" value="stand0"/>
<string name="0" value="c13_f1"/>
<string name="1" value="c13_f2"/>
<string name="2" value="c13_f3"/>
<string name="3" value="c13_f4"/>
</imgdir>
</imgdir>
</imgdir>
<imgdir name="13">
<string name="command" value="c14"/>
<int name="inc" value="2"/>
<int name="prob" value="50"/>
<int name="l0" value="20"/>
<int name="l1" value="29"/>
<imgdir name="success">
<imgdir name="0">
<string name="act" value="dung"/>
<string name="0" value="c14_s1"/>
<string name="1" value="c14_s2"/>
<string name="2" value="c14_s3"/>
<string name="3" value="c14_s4"/>
</imgdir>
</imgdir>
<imgdir name="fail">
<imgdir name="0">
<string name="act" value="stand0"/>
<string name="0" value="c14_f1"/>
<string name="1" value="c14_f2"/>
<string name="2" value="c14_f3"/>
<string name="3" value="c14_f4"/>
</imgdir>
</imgdir>
</imgdir>
<imgdir name="14">
<string name="command" value="c15"/>
<int name="inc" value="3"/>
<int name="prob" value="70"/>
<int name="l0" value="30"/>
<int name="l1" value="30"/>
<imgdir name="success">
<imgdir name="0">
<string name="act" value="dung"/>
<string name="0" value="c15_s1"/>
<string name="1" value="c15_s2"/>
<string name="2" value="c15_s3"/>
<string name="3" value="c15_s4"/>
</imgdir>
</imgdir>
<imgdir name="fail">
<imgdir name="0">
<string name="act" value="angry"/>
<string name="0" value="c15_f1"/>
<string name="1" value="c15_f2"/>
<string name="2" value="c15_f3"/>
<string name="3" value="c15_f4"/>
</imgdir>
</imgdir>
</imgdir>
<imgdir name="15">
<string name="command" value="c16"/>
<int name="inc" value="1"/>
<int name="prob" value="30"/>
<int name="l0" value="10"/>
<int name="l1" value="19"/>
<imgdir name="success">
<imgdir name="0">
<string name="act" value="sleep"/>
<string name="0" value="c16_s1"/>
<string name="1" value="c16_s2"/>
<string name="2" value="c16_s3"/>
<string name="3" value="c16_s4"/>
</imgdir>
</imgdir>
<imgdir name="fail">
<imgdir name="0">
<string name="act" value="angry"/>
<string name="0" value="c16_f1"/>
<string name="1" value="c16_f2"/>
<string name="2" value="c16_f3"/>
<string name="3" value="c16_f4"/>
</imgdir>
</imgdir>
</imgdir>
<imgdir name="16">
<string name="command" value="c17"/>
<int name="inc" value="2"/>
<int name="prob" value="45"/>
<int name="l0" value="20"/>
<int name="l1" value="29"/>
<imgdir name="success">
<imgdir name="0">
<string name="act" value="sleep"/>
<string name="0" value="c17_s1"/>
<string name="1" value="c17_s2"/>
<string name="2" value="c17_s3"/>
<string name="3" value="c17_s4"/>
</imgdir>
</imgdir>
<imgdir name="fail">
<imgdir name="0">
<string name="act" value="no"/>
<string name="0" value="c17_f1"/>
<string name="1" value="c17_f2"/>
<string name="2" value="c17_f3"/>
<string name="3" value="c17_f4"/>
</imgdir>
</imgdir>
</imgdir>
<imgdir name="17">
<string name="command" value="c18"/>
<int name="inc" value="3"/>
<int name="prob" value="60"/>
<int name="l0" value="30"/>
<int name="l1" value="30"/>
<imgdir name="success">
<imgdir name="0">
<string name="act" value="sleep"/>
<string name="0" value="c18_s1"/>
<string name="1" value="c18_s2"/>
<string name="2" value="c18_s3"/>
<string name="3" value="c18_s4"/>
</imgdir>
</imgdir>
<imgdir name="fail">
<imgdir name="0">
<string name="act" value="no"/>
<string name="0" value="c18_f1"/>
<string name="1" value="c18_f2"/>
<string name="2" value="c18_f3"/>
<string name="3" value="c18_f4"/>
</imgdir>
</imgdir>
</imgdir>
<imgdir name="18">
<string name="command" value="c19"/>
<int name="inc" value="1"/>
<int name="prob" value="30"/>
<int name="l0" value="10"/>
<int name="l1" value="19"/>
<imgdir name="success">
<imgdir name="0">
<string name="act" value="chat"/>
<string name="0" value="c19_s1"/>
<string name="1" value="c19_s2"/>
<string name="2" value="c19_s3"/>
<string name="3" value="c19_s4"/>
</imgdir>
</imgdir>
<imgdir name="fail">
<imgdir name="0">
<string name="act" value="no"/>
<string name="0" value="c19_f1"/>
<string name="1" value="c19_f2"/>
<string name="2" value="c19_f3"/>
<string name="3" value="c19_f4"/>
</imgdir>
</imgdir>
</imgdir>
<imgdir name="19">
<string name="command" value="c20"/>
<int name="inc" value="2"/>
<int name="prob" value="45"/>
<int name="l0" value="20"/>
<int name="l1" value="29"/>
<imgdir name="success">
<imgdir name="0">
<string name="act" value="chat"/>
<string name="0" value="c20_s1"/>
<string name="1" value="c20_s2"/>
<string name="2" value="c20_s3"/>
<string name="3" value="c20_s4"/>
</imgdir>
</imgdir>
<imgdir name="fail">
<imgdir name="0">
<string name="act" value="no"/>
<string name="0" value="c20_f1"/>
<string name="1" value="c20_f2"/>
<string name="2" value="c20_f3"/>
<string name="3" value="c20_f4"/>
</imgdir>
</imgdir>
</imgdir>
<imgdir name="20">
<string name="command" value="c21"/>
<int name="inc" value="3"/>
<int name="prob" value="60"/>
<int name="l0" value="30"/>
<int name="l1" value="30"/>
<imgdir name="success">
<imgdir name="0">
<string name="act" value="chat"/>
<string name="0" value="c21_s1"/>
<string name="1" value="c21_s2"/>
<string name="2" value="c21_s3"/>
<string name="3" value="c21_s4"/>
</imgdir>
</imgdir>
<imgdir name="fail">
<imgdir name="0">
<string name="act" value="no"/>
<string name="0" value="c21_f1"/>
<string name="1" value="c21_f2"/>
<string name="2" value="c21_f3"/>
<string name="3" value="c21_f4"/>
</imgdir>
</imgdir>
</imgdir>
</imgdir>
<imgdir name="food">
<imgdir name="0">
<int name="l0" value="1"/>
<int name="l1" value="9"/>
<imgdir name="success">
<imgdir name="0">
<string name="act" value="eat"/>
<string name="0" value="f1_s"/>
</imgdir>
</imgdir>
<imgdir name="fail">
<imgdir name="0">
<string name="act" value="cry"/>
<string name="0" value="f1_f"/>
</imgdir>
</imgdir>
</imgdir>
<imgdir name="1">
<int name="l0" value="10"/>
<int name="l1" value="19"/>
<imgdir name="success">
<imgdir name="0">
<string name="act" value="eat"/>
<string name="0" value="f2_s"/>
</imgdir>
</imgdir>
<imgdir name="fail">
<imgdir name="0">
<string name="act" value="cry"/>
<string name="0" value="f2_f"/>
</imgdir>
</imgdir>
</imgdir>
<imgdir name="2">
<int name="l0" value="20"/>
<int name="l1" value="29"/>
<imgdir name="success">
<imgdir name="0">
<string name="act" value="eat"/>
<string name="0" value="f3_s"/>
</imgdir>
</imgdir>
<imgdir name="fail">
<imgdir name="0">
<string name="act" value="cry"/>
<string name="0" value="f3_f"/>
</imgdir>
</imgdir>
</imgdir>
<imgdir name="3">
<int name="l0" value="30"/>
<int name="l1" value="30"/>
<imgdir name="success">
<imgdir name="0">
<string name="act" value="eat"/>
<string name="0" value="f4_s"/>
</imgdir>
</imgdir>
<imgdir name="fail">
<imgdir name="0">
<string name="act" value="cry"/>
<string name="0" value="f4_f"/>
</imgdir>
</imgdir>
</imgdir>
</imgdir>
<imgdir name="slang">
<imgdir name="0">
<int name="l0" value="1"/>
<int name="l1" value="9"/>
<string name="act" value="cry"/>
<string name="0" value="s1"/>
</imgdir>
<imgdir name="1">
<int name="l0" value="10"/>
<int name="l1" value="19"/>
<string name="act" value="cry"/>
<string name="0" value="s2"/>
</imgdir>
<imgdir name="2">
<int name="l0" value="20"/>
<int name="l1" value="29"/>
<string name="act" value="angry"/>
<string name="0" value="s3"/>
</imgdir>
<imgdir name="3">
<int name="l0" value="30"/>
<int name="l1" value="30"/>
<string name="act" value="angry"/>
<string name="0" value="s4"/>
</imgdir>
</imgdir>
<imgdir name="stand0">
<canvas name="0" width="53" height="37">
<vector name="origin" x="24" y="33"/>
<int name="z" value="0"/>
<vector name="lt" x="-24" y="-33"/>
<vector name="rb" x="27" y="1"/>
<string name="_hash" value="8be8d512c2e43272d2bd1e0e9b1548a57abff220114d435cdbf9752ee72cdca7"/>
</canvas>
<canvas name="1" width="56" height="37">
<vector name="origin" x="24" y="32"/>
<int name="z" value="0"/>
<vector name="lt" x="-24" y="-33"/>
<vector name="rb" x="27" y="1"/>
<string name="_hash" value="1b6bd52a87a63da160e8e2ccff1d022c25797de8718d361280d9ae901cb2525b"/>
</canvas>
<canvas name="2" width="57" height="37">
<vector name="origin" x="24" y="33"/>
<int name="z" value="0"/>
<vector name="lt" x="-24" y="-33"/>
<vector name="rb" x="27" y="1"/>
<string name="_hash" value="20c9b17ef059249bb4412be66b2f2a36141e4fff6d16c61d09af39bb6edbb588"/>
</canvas>
<canvas name="3" width="56" height="37">
<vector name="origin" x="24" y="34"/>
<int name="z" value="0"/>
<vector name="lt" x="-24" y="-33"/>
<vector name="rb" x="27" y="1"/>
<string name="_hash" value="cbf674f5aedc3fca93c869e3db7da0897a97d5d042f6fd444ae124455826cc22"/>
</canvas>
</imgdir>
<imgdir name="stand1">
<uol name="0" value="../stand0/0"/>
<uol name="1" value="../stand0/1"/>
<uol name="2" value="../stand0/2"/>
<uol name="3" value="../stand0/3"/>
</imgdir>
<imgdir name="rest0">
<uol name="0" value="../stand0/0"/>
<uol name="1" value="../stand0/1"/>
<uol name="2" value="../stand0/2"/>
<uol name="3" value="../stand0/3"/>
</imgdir>
<imgdir name="move">
<canvas name="0" width="53" height="38">
<vector name="origin" x="24" y="33"/>
<int name="z" value="0"/>
<vector name="lt" x="-24" y="-33"/>
<vector name="rb" x="27" y="1"/>
<string name="_hash" value="cb1b9d0654958b5b6fe12af5e4810b3587f33c12c1a27b2e14c151d4f7c8beca"/>
</canvas>
<canvas name="1" width="56" height="37">
<vector name="origin" x="24" y="32"/>
<int name="z" value="0"/>
<vector name="lt" x="-24" y="-33"/>
<vector name="rb" x="27" y="1"/>
<string name="_hash" value="2d11b50f8c7d29b7adb23ba13c4e6b7c6654022d0d2923f372182a1b507087d8"/>
</canvas>
<canvas name="2" width="57" height="38">
<vector name="origin" x="24" y="33"/>
<int name="z" value="0"/>
<vector name="lt" x="-24" y="-33"/>
<vector name="rb" x="27" y="1"/>
<string name="_hash" value="e45646decaee58850739c5e435f8824e725fe1fdf383298a41981be7b66d5bc0"/>
</canvas>
<canvas name="3" width="56" height="37">
<vector name="origin" x="24" y="34"/>
<int name="z" value="0"/>
<vector name="lt" x="-24" y="-33"/>
<vector name="rb" x="27" y="1"/>
<string name="_hash" value="62dcdc98d38c510df78d282a3c097c3ba64f7c346e5fb7b8782c753e8eb5b924"/>
</canvas>
</imgdir>
<imgdir name="jump">
<canvas name="0" width="1" height="1">
<vector name="origin" x="24" y="33"/>
<int name="z" value="0"/>
<vector name="lt" x="-24" y="-33"/>
<vector name="rb" x="27" y="1"/>
<string name="_inlink" value="stand0/0"/>
</canvas>
<canvas name="1" width="57" height="38">
<vector name="origin" x="24" y="35"/>
<int name="z" value="0"/>
<vector name="lt" x="-24" y="-33"/>
<vector name="rb" x="27" y="1"/>
<string name="_hash" value="85ac24caf3225b8229ec3b96c5ff7bd40ec942a3ee9c017b836bdde26443407c"/>
</canvas>
</imgdir>
<imgdir name="hungry">
<uol name="0" value="../angry/0"/>
<uol name="1" value="../angry/1"/>
<uol name="2" value="../angry/2"/>
<uol name="3" value="../angry/3"/>
</imgdir>
<imgdir name="hang">
<canvas name="0" width="49" height="37">
<vector name="origin" x="24" y="32"/>
<int name="z" value="0"/>
<vector name="lt" x="-24" y="-33"/>
<vector name="rb" x="27" y="1"/>
<string name="_hash" value="4bdbc46d5b40dcca248d94358362f95de1d28cd950c466fcdc4189211f044475"/>
</canvas>
<canvas name="1" width="49" height="37">
<vector name="origin" x="24" y="32"/>
<int name="z" value="0"/>
<vector name="lt" x="-24" y="-33"/>
<vector name="rb" x="27" y="1"/>
<string name="_hash" value="5a545d9f77488c3442fc506adab4d30547bb9cdebf410e55d946cfa1413c6fa9"/>
</canvas>
</imgdir>
<imgdir name="eat">
<uol name="0" value="../chat/0"/>
<uol name="1" value="../chat/1"/>
<uol name="2" value="../chat/2"/>
<uol name="3" value="../chat/3"/>
</imgdir>
<imgdir name="chat">
<canvas name="0" width="1" height="1">
<vector name="origin" x="24" y="33"/>
<int name="z" value="0"/>
<vector name="lt" x="-24" y="-33"/>
<vector name="rb" x="27" y="1"/>
<string name="_inlink" value="stand0/0"/>
</canvas>
<canvas name="1" width="56" height="37">
<vector name="origin" x="24" y="32"/>
<int name="z" value="0"/>
<vector name="lt" x="-24" y="-33"/>
<vector name="rb" x="27" y="1"/>
<string name="_hash" value="a5e8fbad4cad870fcbee16810999239e61e3c3175392f4ed2f6dbc2f7c073111"/>
</canvas>
<canvas name="2" width="1" height="1">
<vector name="origin" x="24" y="33"/>
<int name="z" value="0"/>
<vector name="lt" x="-24" y="-33"/>
<vector name="rb" x="27" y="1"/>
<string name="_inlink" value="stand0/2"/>
</canvas>
<canvas name="3" width="56" height="37">
<vector name="origin" x="24" y="34"/>
<int name="z" value="0"/>
<vector name="lt" x="-24" y="-33"/>
<vector name="rb" x="27" y="1"/>
<string name="_hash" value="dd9a2eddd140322ed55a5958e5c7118982a7bd431efec2597aecbc94bb25ef26"/>
</canvas>
</imgdir>
<imgdir name="love">
<canvas name="0" width="53" height="54">
<vector name="origin" x="24" y="50"/>
<int name="z" value="0"/>
<vector name="lt" x="-24" y="-42"/>
<vector name="rb" x="27" y="1"/>
<string name="_hash" value="f9b326738889588d62b6d89e18d270e80f5faea5f801ad58aabfbd4325af0ad5"/>
</canvas>
<canvas name="1" width="56" height="46">
<vector name="origin" x="24" y="41"/>
<int name="z" value="0"/>
<vector name="lt" x="-24" y="-42"/>
<vector name="rb" x="27" y="1"/>
<string name="_hash" value="9e9fb2f67076171dbe2b381dcd9cbb3fa032e3c540e550090d8904fa3a9d786e"/>
</canvas>
<canvas name="2" width="57" height="48">
<vector name="origin" x="24" y="44"/>
<int name="z" value="0"/>
<vector name="lt" x="-24" y="-42"/>
<vector name="rb" x="27" y="1"/>
<string name="_hash" value="a7b7dedec6b0d94caa8dc399884bbb85caf2bdc1d569c911c4ff8609d0c35a4b"/>
</canvas>
<canvas name="3" width="56" height="51">
<vector name="origin" x="24" y="48"/>
<int name="z" value="0"/>
<vector name="lt" x="-24" y="-42"/>
<vector name="rb" x="27" y="1"/>
<string name="_hash" value="81d60fd3a5babd4ffd5d0c51dd602197d72020d6622b64c625574b28d84651cc"/>
</canvas>
</imgdir>
<imgdir name="cry">
<canvas name="0" width="53" height="37">
<vector name="origin" x="24" y="33"/>
<int name="z" value="0"/>
<vector name="lt" x="-24" y="-33"/>
<vector name="rb" x="27" y="1"/>
<string name="_hash" value="94a3210a611f8be4c0a9ade3b31d3fd9d93f036dcb7a19b33e47490bab3681ce"/>
</canvas>
<canvas name="1" width="56" height="37">
<vector name="origin" x="24" y="32"/>
<int name="z" value="0"/>
<vector name="lt" x="-24" y="-33"/>
<vector name="rb" x="27" y="1"/>
<string name="_hash" value="801ca6d971a2c699441f9826ba85346cc1aba573bea86ecf624531be21cf2c13"/>
</canvas>
<canvas name="2" width="57" height="37">
<vector name="origin" x="24" y="33"/>
<int name="z" value="0"/>
<vector name="lt" x="-24" y="-33"/>
<vector name="rb" x="27" y="1"/>
<string name="_hash" value="1a9fbd39d42780d96e534298202a9a97b8d2afef67b65a4ea0b1272bb861f5cc"/>
</canvas>
<canvas name="3" width="56" height="37">
<vector name="origin" x="24" y="34"/>
<int name="z" value="0"/>
<vector name="lt" x="-24" y="-33"/>
<vector name="rb" x="27" y="1"/>
<string name="_hash" value="7bdd0a2c91297d979a81d498183fc38c130287ea01b285f9e0ddba22038cbcc6"/>
</canvas>
</imgdir>
<imgdir name="dung">
<uol name="0" value="../stand0/0"/>
<uol name="1" value="../stand0/1"/>
<uol name="2" value="../stand0/2"/>
<uol name="3" value="../stand0/3"/>
</imgdir>
<imgdir name="sleep">
<uol name="0" value="../stand0/0"/>
<uol name="1" value="../stand0/1"/>
<uol name="2" value="../stand0/2"/>
<uol name="3" value="../stand0/3"/>
</imgdir>
<imgdir name="angry">
<canvas name="0" width="53" height="37">
<vector name="origin" x="24" y="33"/>
<int name="z" value="0"/>
<vector name="lt" x="-24" y="-33"/>
<vector name="rb" x="27" y="1"/>
<string name="_hash" value="e55f6ca0dede991b9b3ac54b517c6bd9b35fafbe708f5275ca0a03d1b1fac755"/>
</canvas>
<canvas name="1" width="56" height="37">
<vector name="origin" x="24" y="32"/>
<int name="z" value="0"/>
<vector name="lt" x="-24" y="-33"/>
<vector name="rb" x="27" y="1"/>
<string name="_hash" value="301433f4a3cd3d6454152734dbe7e012738678c9d8f9c21cde3d125305b323bf"/>
</canvas>
<canvas name="2" width="57" height="37">
<vector name="origin" x="24" y="33"/>
<int name="z" value="0"/>
<vector name="lt" x="-24" y="-33"/>
<vector name="rb" x="27" y="1"/>
<string name="_hash" value="5e8f1230c6b9a030544d2217f1087c78c22620790a6ef5871b9d72f0e47b733a"/>
</canvas>
<canvas name="3" width="56" height="37">
<vector name="origin" x="24" y="34"/>
<int name="z" value="0"/>
<vector name="lt" x="-24" y="-33"/>
<vector name="rb" x="27" y="1"/>
<string name="_hash" value="362ae5f8803f2800f8dc38e49caf309e9244bde49b409786e8c3588aaef8490c"/>
</canvas>
</imgdir>
<imgdir name="no">
<uol name="0" value="../angry/0"/>
<uol name="1" value="../angry/1"/>
<uol name="2" value="../angry/2"/>
<uol name="3" value="../angry/3"/>
</imgdir>
<imgdir name="sit">
<uol name="0" value="../stand0/0"/>
<uol name="1" value="../stand0/1"/>
<uol name="2" value="../stand0/2"/>
<uol name="3" value="../stand0/3"/>
</imgdir>
<imgdir name="fly">
<uol name="0" value="../jump/0"/>
<uol name="1" value="../jump/1"/>
</imgdir>
</imgdir>
