<?xml version="1.0" encoding="UTF-8" standalone="yes"?><imgdir name="5002577.img"><imgdir name="info"><canvas name="iconD" width="30" height="29"><vector name="origin" x="-2" y="29"/><string name="_hash" value="bd3db80feb46fde42585e84c827e956f34e7544b12205bd4c99d16acfc4d46e9"/></canvas><canvas name="iconRawD" width="21" height="27"><vector name="origin" x="-5" y="29"/><string name="_hash" value="f970cfa01f14f6811cee5f8a258281cbed1f0b4f00a3eb80c90b818041a70314"/></canvas><canvas name="icon" width="31" height="19"><vector name="origin" x="-1" y="19"/><string name="_hash" value="96a20a233cf169c5298e09f136594d25a3651e61092ca61b04106818b318e0a5"/></canvas><canvas name="iconRaw" width="30" height="16"><vector name="origin" x="-1" y="19"/><int name="z" value="0"/><string name="_hash" value="041c4626fafc0ab8966ffb4a5fa2c4f81de41fd50fb8fe7aa2d94ec9a111e331"/></canvas><int name="hungry" value="2"/><int name="cash" value="1"/><int name="life" value="90"/><int name="chatBalloon" value="704"/><int name="nameTag" value="706"/><int name="pickupItem" value="1"/><int name="multiPet" value="1"/><int name="autoBuff" value="1"/><int name="sweepForDrop" value="1"/><int name="setItemID" value="952"/><int name="wonderGrade" value="2"/></imgdir><imgdir name="interact"><imgdir name="0"><string name="command" value="c1"/><int name="inc" value="1"/><int name="prob" value="45"/><int name="l0" value="1"/><int name="l1" value="9"/><imgdir name="success"><imgdir name="0"><string name="act" value="rest0"/><string name="0" value="c1_s1"/><string name="1" value="c1_s2"/></imgdir></imgdir><imgdir name="fail"><imgdir name="0"><string name="act" value="stand0"/><string name="0" value="c1_f1"/><string name="1" value="c1_f2"/></imgdir></imgdir></imgdir><imgdir name="1"><string name="command" value="c2"/><int name="inc" value="1"/><int name="prob" value="60"/><int name="l0" value="10"/><int name="l1" value="19"/><imgdir name="success"><imgdir name="0"><string name="act" value="rest0"/><string name="0" value="c2_s1"/><string name="1" value="c2_s2"/><string name="2" value="c2_s3"/><string name="3" value="c2_s4"/></imgdir></imgdir><imgdir name="fail"><imgdir name="0"><string name="act" value="stand1"/><string name="0" value="c2_f1"/><string name="1" value="c2_f2"/><string name="2" value="c2_f3"/><string name="3" value="c2_f4"/></imgdir></imgdir></imgdir><imgdir name="2"><string name="command" value="c3"/><int name="inc" value="1"/><int name="prob" value="80"/><int name="l0" value="20"/><int name="l1" value="29"/><imgdir name="success"><imgdir name="0"><string name="act" value="rest0"/><string name="0" value="c3_s1"/><string name="1" value="c3_s2"/><string name="2" value="c3_s3"/><string name="3" value="c3_s4"/></imgdir></imgdir><imgdir name="fail"><imgdir name="0"><string name="act" value="stand1"/><string name="0" value="c3_f1"/><string name="1" value="c3_f2"/><string name="2" value="c3_f3"/><string name="3" value="c3_f4"/></imgdir></imgdir></imgdir><imgdir name="3"><string name="command" value="c4"/><int name="inc" value="1"/><int name="prob" value="90"/><int name="l0" value="30"/><int name="l1" value="30"/><imgdir name="success"><imgdir name="0"><string name="act" value="rest0"/><string name="0" value="c4_s1"/><string name="1" value="c4_s2"/><string name="2" value="c4_s3"/><string name="3" value="c4_s4"/></imgdir></imgdir><imgdir name="fail"><imgdir name="0"><string name="act" value="what"/><string name="0" value="c4_f1"/><string name="1" value="c4_f2"/><string name="2" value="c4_f3"/><string name="3" value="c4_f4"/></imgdir></imgdir></imgdir><imgdir name="4"><string name="command" value="c5"/><int name="inc" value="1"/><int name="prob" value="45"/><int name="l0" value="1"/><int name="l1" value="9"/><imgdir name="success"><imgdir name="0"><string name="act" value="cry"/><string name="0" value="c5_s1"/><string name="1" value="c5_s2"/></imgdir></imgdir><imgdir name="fail"><imgdir name="0"><string name="act" value="stand1"/><string name="0" value="c5_f1"/><string name="1" value="c5_f2"/></imgdir></imgdir></imgdir><imgdir name="5"><string name="command" value="c6"/><int name="inc" value="1"/><int name="prob" value="60"/><int name="l0" value="10"/><int name="l1" value="19"/><imgdir name="success"><imgdir name="0"><string name="act" value="cry"/><string name="0" value="c6_s1"/><string name="1" value="c6_s2"/><string name="2" value="c6_s3"/><string name="3" value="c6_s4"/></imgdir></imgdir><imgdir name="fail"><imgdir name="0"><string name="act" value="stand1"/><string name="0" value="c6_f1"/><string name="1" value="c6_f2"/><string name="2" value="c6_f3"/><string name="3" value="c6_f4"/></imgdir></imgdir></imgdir><imgdir name="6"><string name="command" value="c7"/><int name="inc" value="1"/><int name="prob" value="80"/><int name="l0" value="20"/><int name="l1" value="29"/><imgdir name="success"><imgdir name="0"><string name="act" value="cry"/><string name="0" value="c7_s1"/><string name="1" value="c7_s2"/><string name="2" value="c7_s3"/><string name="3" value="c7_s4"/></imgdir></imgdir><imgdir name="fail"><imgdir name="0"><string name="act" value="stand1"/><string name="0" value="c7_f1"/><string name="1" value="c7_f2"/><string name="2" value="c7_f3"/><string name="3" value="c7_f4"/></imgdir></imgdir></imgdir><imgdir name="7"><string name="command" value="c8"/><int name="inc" value="1"/><int name="prob" value="90"/><int name="l0" value="30"/><int name="l1" value="30"/><imgdir name="success"><imgdir name="0"><string name="act" value="cry"/><string name="0" value="c8_s1"/><string name="1" value="c8_s2"/><string name="2" value="c8_s3"/><string name="3" value="c8_s4"/></imgdir></imgdir><imgdir name="fail"><imgdir name="0"><string name="act" value="stand1"/><string name="0" value="c8_f1"/><string name="1" value="c8_f2"/><string name="2" value="c8_f3"/><string name="3" value="c8_f4"/></imgdir></imgdir></imgdir><imgdir name="8"><string name="command" value="c9"/><int name="inc" value="1"/><int name="prob" value="45"/><int name="l0" value="1"/><int name="l1" value="9"/><imgdir name="success"><imgdir name="0"><string name="act" value="love"/><string name="0" value="c9_s1"/><string name="1" value="c9_s2"/></imgdir></imgdir><imgdir name="fail"><imgdir name="0"><string name="act" value="stand0"/><string name="0" value="c9_f1"/><string name="1" value="c9_f2"/></imgdir></imgdir></imgdir><imgdir name="9"><string name="command" value="c10"/><int name="inc" value="1"/><int name="prob" value="60"/><int name="l0" value="10"/><int name="l1" value="19"/><imgdir name="success"><imgdir name="0"><string name="act" value="love"/><string name="0" value="c10_s1"/><string name="1" value="c10_s2"/><string name="2" value="c10_s3"/><string name="3" value="c10_s4"/></imgdir></imgdir><imgdir name="fail"><imgdir name="0"><string name="act" value="stand0"/><string name="0" value="c10_f1"/><string name="1" value="c10_f2"/><string name="2" value="c10_f3"/><string name="3" value="c10_f4"/></imgdir></imgdir></imgdir><imgdir name="10"><string name="command" value="c11"/><int name="inc" value="1"/><int name="prob" value="80"/><int name="l0" value="20"/><int name="l1" value="29"/><imgdir name="success"><imgdir name="0"><string name="act" value="love"/><string name="0" value="c11_s1"/><string name="1" value="c11_s2"/><string name="2" value="c11_s3"/><string name="3" value="c11_s4"/></imgdir></imgdir><imgdir name="fail"><imgdir name="0"><string name="act" value="what"/><string name="0" value="c11_f1"/><string name="1" value="c11_f2"/><string name="2" value="c11_f3"/><string name="3" value="c11_f4"/></imgdir></imgdir></imgdir><imgdir name="11"><string name="command" value="c12"/><int name="inc" value="1"/><int name="prob" value="90"/><int name="l0" value="30"/><int name="l1" value="30"/><imgdir name="success"><imgdir name="0"><string name="act" value="love"/><string name="0" value="c12_s1"/><string name="1" value="c12_s2"/><string name="2" value="c12_s3"/><string name="3" value="c12_s4"/></imgdir></imgdir><imgdir name="fail"><imgdir name="0"><string name="act" value="stand0"/><string name="0" value="c12_f1"/><string name="1" value="c12_f2"/><string name="2" value="c12_f3"/><string name="3" value="c12_f4"/></imgdir></imgdir></imgdir><imgdir name="12"><string name="command" value="c13"/><int name="inc" value="1"/><int name="prob" value="60"/><int name="l0" value="10"/><int name="l1" value="19"/><imgdir name="success"><imgdir name="0"><string name="act" value="dung"/><string name="0" value="c13_s1"/><string name="1" value="c13_s2"/><string name="2" value="c13_s3"/><string name="3" value="c13_s4"/></imgdir></imgdir><imgdir name="fail"><imgdir name="0"><string name="act" value="what"/><string name="0" value="c13_f1"/><string name="1" value="c13_f2"/><string name="2" value="c13_f3"/><string name="3" value="c13_f4"/></imgdir></imgdir></imgdir><imgdir name="13"><string name="command" value="c14"/><int name="inc" value="1"/><int name="prob" value="80"/><int name="l0" value="20"/><int name="l1" value="29"/><imgdir name="success"><imgdir name="0"><string name="act" value="dung"/><string name="0" value="c14_s1"/><string name="1" value="c14_s2"/><string name="2" value="c14_s3"/><string name="3" value="c14_s4"/></imgdir></imgdir><imgdir name="fail"><imgdir name="0"><string name="act" value="cry"/><string name="0" value="c14_f1"/><string name="1" value="c14_f2"/><string name="2" value="c14_f3"/><string name="3" value="c14_f4"/></imgdir></imgdir></imgdir><imgdir name="14"><string name="command" value="c15"/><int name="inc" value="1"/><int name="prob" value="90"/><int name="l0" value="30"/><int name="l1" value="30"/><imgdir name="success"><imgdir name="0"><string name="act" value="dung"/><string name="0" value="c15_s1"/><string name="1" value="c15_s2"/><string name="2" value="c15_s3"/><string name="3" value="c15_s4"/></imgdir></imgdir><imgdir name="fail"><imgdir name="0"><string name="act" value="chat"/><string name="0" value="c15_f1"/><string name="1" value="c15_f2"/><string name="2" value="c15_f3"/><string name="3" value="c15_f4"/></imgdir></imgdir></imgdir><imgdir name="15"><string name="command" value="c16"/><int name="inc" value="1"/><int name="prob" value="60"/><int name="l0" value="10"/><int name="l1" value="19"/><imgdir name="success"><imgdir name="0"><string name="act" value="sleep"/><string name="0" value="c16_s1"/><string name="1" value="c16_s2"/><string name="2" value="c16_s3"/><string name="3" value="c16_s4"/></imgdir></imgdir><imgdir name="fail"><imgdir name="0"><string name="act" value="hungry"/><string name="0" value="c16_f1"/><string name="1" value="c16_f2"/><string name="2" value="c16_f3"/><string name="3" value="c16_f4"/></imgdir></imgdir></imgdir><imgdir name="16"><string name="command" value="c17"/><int name="inc" value="2"/><int name="prob" value="80"/><int name="l0" value="20"/><int name="l1" value="29"/><imgdir name="success"><imgdir name="0"><string name="act" value="sleep"/><string name="0" value="c17_s1"/><string name="1" value="c17_s2"/><string name="2" value="c17_s3"/><string name="3" value="c17_s4"/></imgdir></imgdir><imgdir name="fail"><imgdir name="0"><string name="act" value="jump"/><string name="0" value="c17_f1"/><string name="1" value="c17_f2"/><string name="2" value="c17_f3"/><string name="3" value="c17_f4"/></imgdir></imgdir></imgdir><imgdir name="17"><string name="command" value="c18"/><int name="inc" value="2"/><int name="prob" value="90"/><int name="l0" value="30"/><int name="l1" value="30"/><imgdir name="success"><imgdir name="0"><string name="act" value="sleep"/><string name="0" value="c18_s1"/><string name="1" value="c18_s2"/><string name="2" value="c18_s3"/><string name="3" value="c18_s4"/></imgdir></imgdir><imgdir name="fail"><imgdir name="0"><string name="act" value="move"/><string name="0" value="c18_f1"/><string name="1" value="c18_f2"/><string name="2" value="c18_f3"/><string name="3" value="c18_f4"/></imgdir></imgdir></imgdir><imgdir name="18"><string name="command" value="c19"/><int name="inc" value="2"/><int name="prob" value="60"/><int name="l0" value="10"/><int name="l1" value="19"/><imgdir name="success"><imgdir name="0"><string name="act" value="chat"/><string name="0" value="c19_s1"/><string name="1" value="c19_s2"/><string name="2" value="c19_s3"/><string name="3" value="c19_s4"/></imgdir></imgdir><imgdir name="fail"><imgdir name="0"><string name="act" value="what"/><string name="0" value="c19_f1"/><string name="1" value="c19_f2"/><string name="2" value="c19_f3"/><string name="3" value="c19_f4"/></imgdir></imgdir></imgdir><imgdir name="19"><string name="command" value="c20"/><int name="inc" value="2"/><int name="prob" value="80"/><int name="l0" value="20"/><int name="l1" value="29"/><imgdir name="success"><imgdir name="0"><string name="act" value="chat"/><string name="0" value="c20_s1"/><string name="1" value="c20_s2"/><string name="2" value="c20_s3"/><string name="3" value="c20_s4"/></imgdir></imgdir><imgdir name="fail"><imgdir name="0"><string name="act" value="what"/><string name="0" value="c20_f1"/><string name="1" value="c20_f2"/><string name="2" value="c20_f3"/><string name="3" value="c20_f4"/></imgdir></imgdir></imgdir><imgdir name="20"><string name="command" value="c21"/><int name="inc" value="2"/><int name="prob" value="90"/><int name="l0" value="30"/><int name="l1" value="30"/><imgdir name="success"><imgdir name="0"><string name="act" value="chat"/><string name="0" value="c21_s1"/><string name="1" value="c21_s2"/><string name="2" value="c21_s3"/><string name="3" value="c21_s4"/></imgdir></imgdir><imgdir name="fail"><imgdir name="0"><string name="act" value="what"/><string name="0" value="c21_f1"/><string name="1" value="c21_f2"/><string name="2" value="c21_f3"/><string name="3" value="c21_f4"/></imgdir></imgdir></imgdir></imgdir><imgdir name="food"><imgdir name="0"><int name="l0" value="1"/><int name="l1" value="9"/><imgdir name="success"><imgdir name="0"><string name="act" value="eat"/><string name="0" value="f1_s"/></imgdir></imgdir><imgdir name="fail"><imgdir name="0"><string name="act" value="cry"/><string name="0" value="f1_f"/></imgdir></imgdir></imgdir><imgdir name="1"><int name="l0" value="10"/><int name="l1" value="19"/><imgdir name="success"><imgdir name="0"><string name="act" value="eat"/><string name="0" value="f2_s"/></imgdir></imgdir><imgdir name="fail"><imgdir name="0"><string name="act" value="cry"/><string name="0" value="f2_f"/></imgdir></imgdir></imgdir><imgdir name="2"><int name="l0" value="20"/><int name="l1" value="29"/><imgdir name="success"><imgdir name="0"><string name="act" value="eat"/><string name="0" value="f3_s"/></imgdir></imgdir><imgdir name="fail"><imgdir name="0"><string name="act" value="cry"/><string name="0" value="f3_f"/></imgdir></imgdir></imgdir><imgdir name="3"><int name="l0" value="30"/><int name="l1" value="30"/><imgdir name="success"><imgdir name="0"><string name="act" value="eat"/><string name="0" value="f4_s"/></imgdir></imgdir><imgdir name="fail"><imgdir name="0"><string name="act" value="cry"/><string name="0" value="f4_f"/></imgdir></imgdir></imgdir></imgdir><imgdir name="slang"><imgdir name="0"><int name="l0" value="1"/><int name="l1" value="9"/><string name="act" value="cry"/><string name="0" value="s1"/></imgdir><imgdir name="1"><int name="l0" value="10"/><int name="l1" value="19"/><string name="act" value="cry"/><string name="0" value="s2"/></imgdir><imgdir name="2"><int name="l0" value="20"/><int name="l1" value="29"/><string name="act" value="what"/><string name="0" value="s3"/></imgdir><imgdir name="3"><int name="l0" value="30"/><int name="l1" value="30"/><string name="act" value="what"/><string name="0" value="s4"/></imgdir></imgdir><imgdir name="stand0"><canvas name="0" width="28" height="37"><vector name="origin" x="12" y="37"/><int name="z" value="0"/><vector name="lt" x="-19" y="-21"/><vector name="rb" x="25" y="5"/><int name="delay" value="180"/><string name="_hash" value="a07e6ebcf7e08ec6c0ba207c36ee563abb73ad4c273c9aafc7d498ac8cafdc0d"/></canvas></imgdir><imgdir name="stand1"><canvas name="0" width="1" height="1"><vector name="origin" x="12" y="37"/><int name="z" value="0"/><vector name="lt" x="-19" y="-21"/><vector name="rb" x="25" y="5"/><int name="delay" value="180"/><string name="_inlink" value="stand0/0"/></canvas><canvas name="1" width="28" height="37"><vector name="origin" x="12" y="37"/><int name="z" value="0"/><vector name="lt" x="-19" y="-21"/><vector name="rb" x="25" y="5"/><int name="delay" value="180"/><string name="_hash" value="540e1b2f01ebfd113d1ac46e14b21b2eff64efc7db9321256b84f356d6e4d607"/></canvas><canvas name="2" width="28" height="37"><vector name="origin" x="12" y="37"/><int name="z" value="0"/><vector name="lt" x="-19" y="-21"/><vector name="rb" x="25" y="5"/><int name="delay" value="180"/><string name="_hash" value="1409db95a97af63b4a366b0c3f783e52ac24271919c3bf9721bc49e826fc8b07"/></canvas><canvas name="3" width="1" height="1"><vector name="origin" x="12" y="37"/><int name="z" value="0"/><vector name="lt" x="-19" y="-21"/><vector name="rb" x="25" y="5"/><int name="delay" value="180"/><string name="_inlink" value="stand1/1"/></canvas></imgdir><imgdir name="rest0"><canvas name="0" width="39" height="32"><vector name="origin" x="23" y="32"/><int name="z" value="0"/><vector name="lt" x="-19" y="-21"/><vector name="rb" x="24" y="5"/><int name="delay" value="180"/><string name="_hash" value="fb1e3887019acae27df7abc726fa1cb6fe4e2c30012d2b34b93cb0720bdc7179"/></canvas><canvas name="1" width="40" height="32"><vector name="origin" x="24" y="32"/><int name="z" value="0"/><vector name="lt" x="-19" y="-21"/><vector name="rb" x="24" y="5"/><int name="delay" value="180"/><string name="_hash" value="d6e2a9c9ea18485a94564b0c66b835e6d75a34fcd4493ada3e54b5555e0dd8f7"/></canvas><canvas name="2" width="40" height="32"><vector name="origin" x="24" y="32"/><int name="z" value="0"/><vector name="lt" x="-19" y="-21"/><vector name="rb" x="25" y="5"/><int name="delay" value="180"/><string name="_hash" value="c88811203736ce584add558caff91190ad512b692478d71d4f62357235041ce0"/></canvas><canvas name="3" width="41" height="32"><vector name="origin" x="25" y="32"/><int name="z" value="0"/><vector name="lt" x="-19" y="-21"/><vector name="rb" x="25" y="5"/><int name="delay" value="180"/><string name="_hash" value="6f948290582b6b39df9a1b91a300da523f9b67aadfcb2eb9e80d60326d34d416"/></canvas><canvas name="4" width="39" height="32"><vector name="origin" x="23" y="32"/><int name="z" value="0"/><vector name="lt" x="-19" y="-21"/><vector name="rb" x="24" y="5"/><int name="delay" value="180"/><string name="_hash" value="05a9b2d2c6cc14b4bfd3b6798816e66a04683a7a790b1663b0b337a86c7f3d3d"/></canvas><canvas name="5" width="40" height="32"><vector name="origin" x="24" y="32"/><int name="z" value="0"/><vector name="lt" x="-19" y="-21"/><vector name="rb" x="24" y="5"/><int name="delay" value="180"/><string name="_hash" value="b7e06a8bd6baab4b733e4f79289cb1945eecf6052cc5981aecdecce064c5a6e4"/></canvas><canvas name="6" width="40" height="32"><vector name="origin" x="24" y="32"/><int name="z" value="0"/><vector name="lt" x="-19" y="-21"/><vector name="rb" x="25" y="5"/><int name="delay" value="180"/><string name="_hash" value="40630e2c913eb69698f6501013826d2c2e1ee56d44564229fba451da2342ceb4"/></canvas><canvas name="7" width="1" height="1"><vector name="origin" x="25" y="32"/><int name="z" value="0"/><vector name="lt" x="-19" y="-21"/><vector name="rb" x="25" y="5"/><int name="delay" value="180"/><string name="_inlink" value="rest0/3"/></canvas></imgdir><imgdir name="move"><canvas name="0" width="28" height="36"><vector name="origin" x="12" y="38"/><int name="z" value="0"/><vector name="lt" x="-19" y="-21"/><vector name="rb" x="25" y="5"/><int name="delay" value="180"/><string name="_hash" value="593cc03e6b2887e2f711661238e358f1717c00012d296f0f8a2d96536b9fa914"/></canvas><canvas name="1" width="28" height="37"><vector name="origin" x="12" y="37"/><int name="z" value="0"/><vector name="lt" x="-19" y="-21"/><vector name="rb" x="24" y="5"/><int name="delay" value="180"/><string name="_hash" value="5344c5ec44a3fabd4b9ab78eb2ece0b3bffe2cb02e8b410c455e5f6187627088"/></canvas><canvas name="2" width="28" height="37"><vector name="origin" x="12" y="38"/><int name="z" value="0"/><vector name="lt" x="-19" y="-21"/><vector name="rb" x="24" y="5"/><int name="delay" value="180"/><string name="_hash" value="e422a78b264ae10bcc52d6b8a7addc8c759b4c732f51348f90d140773e084c56"/></canvas><canvas name="3" width="1" height="1"><vector name="origin" x="12" y="37"/><int name="z" value="0"/><vector name="lt" x="-19" y="-21"/><vector name="rb" x="25" y="5"/><int name="delay" value="180"/><string name="_inlink" value="move/1"/></canvas></imgdir><imgdir name="jump"><canvas name="0" width="29" height="36"><vector name="origin" x="13" y="45"/><int name="z" value="0"/><vector name="lt" x="-15" y="-39"/><vector name="rb" x="21" y="0"/><int name="delay" value="180"/><string name="_hash" value="604e1a1405fd10a0393fe5043593120603adb3105638632e421c46d439127e2c"/></canvas></imgdir><imgdir name="hungry"><canvas name="0" width="28" height="37"><vector name="origin" x="12" y="37"/><int name="z" value="0"/><vector name="lt" x="-22" y="-21"/><vector name="rb" x="25" y="5"/><int name="delay" value="180"/><string name="_hash" value="2a10e7c9ed809d91dccd92331f8c10513b35215540ef18a636761b94afe2e803"/></canvas><canvas name="1" width="28" height="37"><vector name="origin" x="12" y="37"/><int name="z" value="0"/><vector name="lt" x="-22" y="-21"/><vector name="rb" x="25" y="5"/><int name="delay" value="180"/><string name="_hash" value="d48eb687996a3f5f9ba8132c9a0ce641021f2bedd9ee18441b13b7fa2030c9fb"/></canvas><canvas name="2" width="28" height="37"><vector name="origin" x="12" y="37"/><int name="z" value="0"/><vector name="lt" x="-22" y="-21"/><vector name="rb" x="25" y="5"/><int name="delay" value="180"/><string name="_hash" value="d251b468e85469ba82a0c5282408b267887ef9eab1433d380fae9f3298ffa450"/></canvas><canvas name="3" width="28" height="37"><vector name="origin" x="12" y="37"/><int name="z" value="0"/><vector name="lt" x="-22" y="-21"/><vector name="rb" x="25" y="5"/><int name="delay" value="180"/><string name="_hash" value="13d182ab8a839d1f4247e283032cf7fbe5db2c184ddbafde61b8918547f0b264"/></canvas></imgdir><imgdir name="hang"><canvas name="0" width="29" height="37"><vector name="origin" x="13" y="55"/><int name="z" value="0"/><vector name="lt" x="-15" y="-39"/><vector name="rb" x="20" y="-3"/><int name="delay" value="180"/><string name="_hash" value="6fd9b9ffd61520396938630032ce43f5b15d6aead5a988c7078a0dd4bc036fd4"/></canvas></imgdir><imgdir name="eat"><canvas name="0" width="28" height="37"><vector name="origin" x="12" y="37"/><int name="z" value="0"/><vector name="lt" x="-12" y="-37"/><vector name="rb" x="16" y="0"/><int name="delay" value="180"/><string name="_hash" value="80c1003b5f6577833ea4bf9e7ecc157c2528d6e6e82af9a7444a8a6968b6dc85"/></canvas><canvas name="1" width="28" height="37"><vector name="origin" x="12" y="37"/><int name="z" value="0"/><vector name="lt" x="-12" y="-37"/><vector name="rb" x="16" y="0"/><int name="delay" value="180"/><string name="_hash" value="3919ca7db06d3fce71329be6e07a448ce9b99c97b197e5b94fda89ad87ce0758"/></canvas><canvas name="2" width="1" height="1"><vector name="origin" x="12" y="37"/><int name="z" value="0"/><vector name="lt" x="-12" y="-37"/><vector name="rb" x="16" y="0"/><int name="delay" value="180"/><string name="_inlink" value="eat/0"/></canvas><canvas name="3" width="1" height="1"><vector name="origin" x="12" y="37"/><int name="z" value="0"/><vector name="lt" x="-12" y="-37"/><vector name="rb" x="16" y="0"/><int name="delay" value="180"/><string name="_inlink" value="eat/1"/></canvas><canvas name="4" width="28" height="37"><vector name="origin" x="12" y="37"/><int name="z" value="0"/><vector name="lt" x="-12" y="-37"/><vector name="rb" x="16" y="0"/><int name="delay" value="180"/><string name="_hash" value="c643c3005d73a3f013ecb614d5eceff8d85deafae164814edd2cdf807a197095"/></canvas><canvas name="5" width="28" height="37"><vector name="origin" x="12" y="37"/><int name="z" value="0"/><vector name="lt" x="-12" y="-37"/><vector name="rb" x="16" y="0"/><int name="delay" value="180"/><string name="_hash" value="60414fd9fe4b19ca9bf86c707200c9551348fa5303728bbd199330634c3934ce"/></canvas><canvas name="6" width="1" height="1"><vector name="origin" x="12" y="37"/><int name="z" value="0"/><vector name="lt" x="-12" y="-37"/><vector name="rb" x="16" y="0"/><string name="_inlink" value="eat/4"/></canvas><canvas name="7" width="1" height="1"><vector name="origin" x="12" y="37"/><int name="z" value="0"/><vector name="lt" x="-12" y="-37"/><vector name="rb" x="16" y="0"/><string name="_inlink" value="eat/0"/></canvas></imgdir><imgdir name="chat"><canvas name="0" width="1" height="1"><vector name="origin" x="12" y="37"/><int name="z" value="0"/><vector name="lt" x="-22" y="-21"/><vector name="rb" x="25" y="5"/><int name="delay" value="180"/><string name="_inlink" value="stand0/0"/></canvas><canvas name="1" width="28" height="37"><vector name="origin" x="12" y="37"/><int name="z" value="0"/><vector name="lt" x="-20" y="-21"/><vector name="rb" x="25" y="5"/><int name="delay" value="180"/><string name="_hash" value="eff22b3b26831011350c30aa8685af25e8f306506b64dc0fd6204677b7196f8d"/></canvas><canvas name="2" width="1" height="1"><vector name="origin" x="12" y="37"/><int name="z" value="0"/><vector name="lt" x="-22" y="-21"/><vector name="rb" x="25" y="5"/><int name="delay" value="180"/><string name="_inlink" value="stand0/0"/></canvas><canvas name="3" width="1" height="1"><vector name="origin" x="12" y="37"/><int name="z" value="0"/><vector name="lt" x="-20" y="-21"/><vector name="rb" x="25" y="5"/><int name="delay" value="180"/><string name="_inlink" value="chat/1"/></canvas></imgdir><imgdir name="love"><canvas name="0" width="48" height="55"><vector name="origin" x="23" y="55"/><int name="z" value="0"/><vector name="lt" x="-19" y="-27"/><vector name="rb" x="25" y="5"/><int name="delay" value="180"/><string name="_hash" value="6aa0c388ff351489a755190fa6b2d574fa4315eef7bafbc84e16252102046c62"/></canvas><canvas name="1" width="49" height="38"><vector name="origin" x="25" y="39"/><int name="z" value="0"/><string name="_hash" value="2cc21767588b44fe123165f2bc42ba3bc62e1c905fbb2725c2f25658e3fe1054"/></canvas><canvas name="2" width="40" height="43"><vector name="origin" x="24" y="43"/><int name="z" value="0"/><vector name="lt" x="-18" y="-33"/><vector name="rb" x="25" y="5"/><int name="delay" value="180"/><string name="_hash" value="9aef454c9b8f5e1bc22d056590f861e37dd8c08a469cf923466c67f48bc0948a"/></canvas><canvas name="3" width="41" height="45"><vector name="origin" x="25" y="46"/><int name="z" value="0"/><vector name="lt" x="-18" y="-37"/><vector name="rb" x="25" y="5"/><int name="delay" value="180"/><string name="_hash" value="57fe43969b4dd34bc46424ff188d2093a99f6c67702f8413b9df43f7b2406e38"/></canvas><canvas name="4" width="48" height="49"><vector name="origin" x="25" y="49"/><int name="z" value="0"/><string name="_hash" value="ffa68b60a77ea90553e3f20ac3daec43bc9712b1e6356039c1cead5014561740"/></canvas><canvas name="5" width="49" height="51"><vector name="origin" x="25" y="52"/><int name="z" value="0"/><string name="_hash" value="1ca795773845971a22ad43422a1b84b68609004fa514ddd495c6c381d229e42c"/></canvas><canvas name="6" width="38" height="53"><vector name="origin" x="13" y="53"/><int name="z" value="0"/><string name="_hash" value="6726d0788983f5ec885d314b0efb180aa0cfeb24d284855f4b51e372d7873bb8"/></canvas><canvas name="7" width="38" height="53"><vector name="origin" x="13" y="54"/><int name="z" value="0"/><string name="_hash" value="59057034d6d7ba9e3aaa2b6b0335390849bcc3d7b706546ff9518618b2686753"/></canvas></imgdir><imgdir name="cry"><canvas name="0" width="37" height="37"><vector name="origin" x="18" y="37"/><int name="z" value="0"/><vector name="lt" x="-19" y="-22"/><vector name="rb" x="25" y="5"/><int name="delay" value="180"/><string name="_hash" value="89ce0fff9e487813bb50a680599d953211a288c64ea5b5b8b7d41d4317bbaf0f"/></canvas><canvas name="1" width="37" height="36"><vector name="origin" x="18" y="36"/><int name="z" value="0"/><vector name="lt" x="-19" y="-22"/><vector name="rb" x="25" y="5"/><int name="delay" value="180"/><string name="_hash" value="af2cc90753ec5583e24b2f682a34b8d3b4b9b13da295bbc02ec05bde36dc5648"/></canvas><canvas name="2" width="37" height="37"><vector name="origin" x="18" y="37"/><int name="z" value="0"/><vector name="lt" x="-19" y="-22"/><vector name="rb" x="25" y="5"/><int name="delay" value="180"/><string name="_hash" value="79409623d81bf1f876a97dc0f765842d0e6a5cd2303bceabfb0b104b8c19a71a"/></canvas><canvas name="3" width="1" height="1"><vector name="origin" x="18" y="36"/><int name="z" value="0"/><vector name="lt" x="-19" y="-22"/><vector name="rb" x="25" y="5"/><int name="delay" value="180"/><string name="_inlink" value="cry/1"/></canvas></imgdir><imgdir name="dung"><canvas name="0" width="31" height="36"><vector name="origin" x="18" y="36"/><int name="z" value="0"/><vector name="lt" x="-19" y="-22"/><vector name="rb" x="25" y="5"/><int name="delay" value="180"/><string name="_hash" value="d8925b87fb7a04bc4d289f5a1f7ca0f768d4ce06eae0838ec53bb0c472124333"/></canvas><canvas name="1" width="31" height="36"><vector name="origin" x="18" y="36"/><int name="z" value="0"/><vector name="lt" x="-19" y="-22"/><vector name="rb" x="25" y="5"/><int name="delay" value="180"/><string name="_hash" value="c36675769a0dbcdf23553b3068a1de201e8d158725a06a8331d183dbeb67e8d3"/></canvas><canvas name="2" width="31" height="36"><vector name="origin" x="18" y="36"/><int name="z" value="0"/><vector name="lt" x="-19" y="-22"/><vector name="rb" x="27" y="5"/><int name="delay" value="180"/><string name="_hash" value="11eaa13e10d2fec8878c3919ab501240e69187c83426aa4977c74ad04f784a99"/></canvas><canvas name="3" width="31" height="36"><vector name="origin" x="18" y="36"/><int name="z" value="0"/><vector name="lt" x="-19" y="-22"/><vector name="rb" x="27" y="5"/><int name="delay" value="180"/><string name="_hash" value="276e200d47a15571bc2ee5cad7541d24bf9e38f18ee77186d062dc74bd05ea96"/></canvas><canvas name="4" width="39" height="44"><vector name="origin" x="18" y="44"/><int name="z" value="0"/><vector name="lt" x="-19" y="-22"/><vector name="rb" x="28" y="5"/><int name="delay" value="180"/><string name="_hash" value="5c02aa8002e1c59980af9c3d8bd42122e7228e954e4ae610e976405061da6a3d"/></canvas><canvas name="5" width="42" height="47"><vector name="origin" x="18" y="47"/><int name="z" value="0"/><vector name="lt" x="-19" y="-22"/><vector name="rb" x="29" y="5"/><int name="delay" value="180"/><string name="_hash" value="cb607e83e9b4cd4635893d4305c0e14c935fb8f2aea3d5fd58592130dcafa661"/></canvas><canvas name="6" width="43" height="48"><vector name="origin" x="18" y="48"/><int name="z" value="0"/><string name="_hash" value="5f91560e7e3814558986217510d5e295021f67c409bea06951b0a3fbdfbc470c"/></canvas><canvas name="7" width="43" height="48"><vector name="origin" x="18" y="48"/><int name="z" value="0"/><string name="_hash" value="b2b0b792ca9e7116affeb266bb57fdf852d3fe15ee36109d97c01f2793514120"/></canvas></imgdir><imgdir name="sleep"><canvas name="0" width="40" height="32"><vector name="origin" x="24" y="32"/><int name="z" value="0"/><vector name="lt" x="-18" y="-23"/><vector name="rb" x="25" y="5"/><int name="delay" value="180"/><string name="_hash" value="1a5331dace40adc9a3a72c7174559325d8387479bcefab7fd3a33d54b19ae3ac"/></canvas><canvas name="1" width="33" height="31"><vector name="origin" x="18" y="31"/><int name="z" value="0"/><vector name="lt" x="-18" y="-23"/><vector name="rb" x="25" y="5"/><int name="delay" value="180"/><string name="_hash" value="14b12cb29af440621a97ce8cdc5859a0182fc3450e6e0c83c63ef590cb3f54c9"/></canvas><canvas name="2" width="36" height="32"><vector name="origin" x="20" y="32"/><int name="z" value="0"/><vector name="lt" x="-18" y="-28"/><vector name="rb" x="25" y="5"/><int name="delay" value="180"/><string name="_hash" value="fdc5843e760c0bf7fa86d97005cc2dcc803effc73eccc4a621050d1f4f7e8999"/></canvas><canvas name="3" width="37" height="31"><vector name="origin" x="22" y="31"/><int name="z" value="0"/><vector name="lt" x="-18" y="-28"/><vector name="rb" x="25" y="5"/><int name="delay" value="180"/><string name="_hash" value="931b6f3a470bca416d4b02d9d8c56f30cdf3253dc9ae3a0937639819e0c3091d"/></canvas><canvas name="4" width="38" height="31"><vector name="origin" x="23" y="31"/><int name="z" value="0"/><vector name="lt" x="-18" y="-34"/><vector name="rb" x="29" y="5"/><int name="delay" value="180"/><string name="_hash" value="eaca27755ea20306b720c9fe679e21735503cea85fbced434359c947345db736"/></canvas><canvas name="5" width="39" height="31"><vector name="origin" x="24" y="31"/><int name="z" value="0"/><vector name="lt" x="-18" y="-34"/><vector name="rb" x="29" y="5"/><int name="delay" value="180"/><string name="_hash" value="6af95a616b9a1606ed33189c7f490f1e14faa42e8d852d650ec3659f7dd8b702"/></canvas><canvas name="6" width="37" height="31"><vector name="origin" x="22" y="31"/><int name="z" value="0"/><vector name="lt" x="-18" y="-34"/><vector name="rb" x="29" y="5"/><int name="delay" value="180"/><string name="_hash" value="cfaaadb2a161707e59367ff6a60752c44634ebf82216fd2e8d6d1cbf49080fe6"/></canvas><canvas name="7" width="39" height="32"><vector name="origin" x="23" y="32"/><int name="z" value="0"/><vector name="lt" x="-18" y="-34"/><vector name="rb" x="29" y="5"/><int name="delay" value="180"/><string name="_hash" value="5ab1884981ed8322b06742fc0154f6cdd5c74f13922e1b3b764c60b552245447"/></canvas></imgdir><imgdir name="angry"><canvas name="0" width="31" height="37"><vector name="origin" x="13" y="37"/><int name="z" value="0"/><vector name="lt" x="-20" y="-28"/><vector name="rb" x="23" y="5"/><int name="delay" value="180"/><string name="_hash" value="7c8ffada1ccd89207ceb42e8f8ec59165a9f1c5d386195ced0d297650a4eb770"/></canvas><canvas name="1" width="31" height="38"><vector name="origin" x="12" y="38"/><int name="z" value="0"/><vector name="lt" x="-21" y="-27"/><vector name="rb" x="24" y="5"/><int name="delay" value="180"/><string name="_hash" value="cbd81144cf95ed49ba12c3a7d84482d95829166acbce5833cb5ad16c128e70aa"/></canvas><canvas name="2" width="30" height="37"><vector name="origin" x="12" y="37"/><int name="z" value="0"/><vector name="lt" x="-22" y="-26"/><vector name="rb" x="24" y="5"/><int name="delay" value="180"/><string name="_hash" value="85584d3e1241a6cd8ee717edc18f73503c7a475afc352515109bbb74e667b65e"/></canvas><canvas name="3" width="31" height="38"><vector name="origin" x="12" y="38"/><int name="z" value="0"/><vector name="lt" x="-22" y="-26"/><vector name="rb" x="24" y="5"/><int name="delay" value="180"/><string name="_hash" value="86b7a3684934456b99b0c36dc05914ce4f266cb824ea01b8508b680bafa836fd"/></canvas></imgdir><imgdir name="what"><canvas name="0" width="1" height="1"><vector name="origin" x="12" y="37"/><int name="z" value="0"/><vector name="lt" x="-19" y="-22"/><vector name="rb" x="25" y="5"/><int name="delay" value="180"/><string name="_inlink" value="stand0/0"/></canvas><canvas name="1" width="28" height="51"><vector name="origin" x="14" y="51"/><int name="z" value="0"/><vector name="lt" x="-19" y="-22"/><vector name="rb" x="25" y="5"/><int name="delay" value="180"/><string name="_hash" value="1a29a5848e8739262342edc3d651c24a73358cdc776df9d3555c3e4b608faff8"/></canvas><canvas name="2" width="28" height="51"><vector name="origin" x="14" y="51"/><int name="z" value="0"/><vector name="lt" x="-19" y="-22"/><vector name="rb" x="29" y="5"/><int name="delay" value="180"/><string name="_hash" value="af3ccd29dac10cc4fb09b2aa73d90c0bc6ed79d4048872545290a4d54feae393"/></canvas><canvas name="3" width="28" height="51"><vector name="origin" x="14" y="51"/><int name="z" value="0"/><vector name="lt" x="-19" y="-22"/><vector name="rb" x="29" y="5"/><int name="delay" value="180"/><string name="_hash" value="4de8a54c6136494c78cebada44f0f04ee27e53e3f4ed62ff63e574563e76fba4"/></canvas><canvas name="4" width="28" height="50"><vector name="origin" x="14" y="50"/><int name="z" value="0"/><vector name="lt" x="-19" y="-22"/><vector name="rb" x="29" y="5"/><int name="delay" value="180"/><string name="_hash" value="3d31d8f5994372763be82f60f2bf6398961e31e8a1e815d9671f1782282818c4"/></canvas><canvas name="5" width="28" height="51"><vector name="origin" x="14" y="51"/><int name="z" value="0"/><vector name="lt" x="-19" y="-22"/><vector name="rb" x="25" y="5"/><int name="delay" value="180"/><string name="_hash" value="e3310bba1aebb1919a59dda981c74ba81e0667bc3bcd7da507dfef07811ca02d"/></canvas><canvas name="6" width="28" height="51"><vector name="origin" x="14" y="51"/><int name="z" value="0"/><string name="_hash" value="cb6c7e3e71fd80d2ce977c3ffb612eb32a9687c5264d6a8e6aa0fe9b69a92ffa"/></canvas><canvas name="7" width="28" height="51"><vector name="origin" x="14" y="51"/><int name="z" value="0"/><string name="_hash" value="a4a05401fe5661de0386c9f4ee147082a5340c9cf007ae1012105da05e41f333"/></canvas></imgdir><uol name="sit" value="rest0"/><uol name="fly" value="jump"/></imgdir>