<?xml version="1.0" encoding="UTF-8" standalone="yes"?>
<imgdir name="5002426.img">
<imgdir name="info">
<canvas name="icon" width="1" height="1">
<vector name="origin" x="0" y="32"/>
<string name="_hash" value="348581377e2fd8aa214b78f858b33f5ba6e6f9d8e48faaa10923a2fdad72f829"/>
<string name="_outlink" value="Item/Pet/5002079.img/info/icon"/>
</canvas>
<canvas name="iconRaw" width="1" height="1">
<vector name="origin" x="0" y="32"/>
<string name="_hash" value="aa393589bfeced73262e64832e752ad550e426408dc935e4267eeccfa6bad0ff"/>
<string name="_outlink" value="Item/Pet/5002079.img/info/iconRaw"/>
</canvas>
<canvas name="iconD" width="1" height="1">
<vector name="origin" x="0" y="32"/>
<string name="_hash" value="2a07f73e6d39a03f74b274a9bf9ff139ce3481994e373b70f85df55f40cffa12"/>
<string name="_outlink" value="Item/Pet/5002079.img/info/iconD"/>
</canvas>
<canvas name="iconRawD" width="1" height="1">
<vector name="origin" x="0" y="32"/>
<string name="_hash" value="2ab19ce409b6cefad14e09dd4c245a1acf97329482c9b01a99e9a9bcc3d2b12f"/>
<string name="_outlink" value="Item/Pet/5002079.img/info/iconRawD"/>
</canvas>
<int name="hungry" value="2"/>
<int name="cash" value="1"/>
<int name="life" value="90"/>
<int name="chatBalloon" value="419"/>
<int name="nameTag" value="419"/>
<int name="pickupItem" value="1"/>
<int name="multiPet" value="1"/>
<int name="autoBuff" value="1"/>
<int name="setItemID" value="928"/>
<int name="sweepForDrop" value="1"/>
<int name="wonderGrade" value="6"/>
<int name="lifeWaterType" value="1"/>
</imgdir>
<imgdir name="interact">
<imgdir name="0">
<string name="command" value="c1"/>
<int name="inc" value="1"/>
<int name="prob" value="45"/>
<int name="l0" value="1"/>
<int name="l1" value="9"/>
<imgdir name="success">
<imgdir name="0">
<string name="act" value="sit"/>
<string name="0" value="c1_s1"/>
<string name="1" value="c1_s2"/>
</imgdir>
</imgdir>
<imgdir name="fail">
<imgdir name="0">
<string name="act" value="stand0"/>
<string name="0" value="c1_f1"/>
<string name="1" value="c1_f2"/>
</imgdir>
</imgdir>
</imgdir>
<imgdir name="1">
<string name="command" value="c2"/>
<int name="inc" value="1"/>
<int name="prob" value="60"/>
<int name="l0" value="10"/>
<int name="l1" value="19"/>
<imgdir name="success">
<imgdir name="0">
<string name="act" value="sit"/>
<string name="0" value="c2_s1"/>
<string name="1" value="c2_s2"/>
<string name="2" value="c2_s3"/>
<string name="3" value="c2_s4"/>
</imgdir>
</imgdir>
<imgdir name="fail">
<imgdir name="0">
<string name="act" value="stand1"/>
<string name="0" value="c2_f1"/>
<string name="1" value="c2_f2"/>
<string name="2" value="c2_f3"/>
<string name="3" value="c2_f4"/>
</imgdir>
</imgdir>
</imgdir>
<imgdir name="2">
<string name="command" value="c3"/>
<int name="inc" value="1"/>
<int name="prob" value="75"/>
<int name="l0" value="20"/>
<int name="l1" value="29"/>
<imgdir name="success">
<imgdir name="0">
<string name="act" value="sit"/>
<string name="0" value="c3_s1"/>
<string name="1" value="c3_s2"/>
<string name="2" value="c3_s3"/>
<string name="3" value="c3_s4"/>
</imgdir>
</imgdir>
<imgdir name="fail">
<imgdir name="0">
<string name="act" value="stand1"/>
<string name="0" value="c3_f1"/>
<string name="1" value="c3_f2"/>
<string name="2" value="c3_f3"/>
<string name="3" value="c3_f4"/>
</imgdir>
</imgdir>
</imgdir>
<imgdir name="3">
<string name="command" value="c4"/>
<int name="inc" value="1"/>
<int name="prob" value="45"/>
<int name="l0" value="30"/>
<int name="l1" value="30"/>
<imgdir name="success">
<imgdir name="0">
<string name="act" value="sit"/>
<string name="0" value="c4_s1"/>
<string name="1" value="c4_s2"/>
<string name="2" value="c4_s3"/>
<string name="3" value="c4_s4"/>
</imgdir>
</imgdir>
<imgdir name="fail">
<imgdir name="0">
<string name="act" value="stand0"/>
<string name="0" value="c4_f1"/>
<string name="1" value="c4_f2"/>
<string name="2" value="c4_f3"/>
<string name="3" value="c4_f4"/>
</imgdir>
</imgdir>
</imgdir>
<imgdir name="4">
<string name="command" value="c5"/>
<int name="inc" value="1"/>
<int name="prob" value="60"/>
<int name="l0" value="1"/>
<int name="l1" value="9"/>
<imgdir name="success">
<imgdir name="0">
<string name="act" value="cry"/>
<string name="0" value="c5_s1"/>
<string name="1" value="c5_s2"/>
</imgdir>
</imgdir>
<imgdir name="fail">
<imgdir name="0">
<string name="act" value="stand1"/>
<string name="0" value="c5_f1"/>
<string name="1" value="c5_f2"/>
</imgdir>
</imgdir>
</imgdir>
<imgdir name="5">
<string name="command" value="c6"/>
<int name="inc" value="1"/>
<int name="prob" value="75"/>
<int name="l0" value="10"/>
<int name="l1" value="19"/>
<imgdir name="success">
<imgdir name="0">
<string name="act" value="cry"/>
<string name="0" value="c6_s1"/>
<string name="1" value="c6_s2"/>
<string name="2" value="c6_s3"/>
<string name="3" value="c6_s4"/>
</imgdir>
</imgdir>
<imgdir name="fail">
<imgdir name="0">
<string name="act" value="stand1"/>
<string name="0" value="c6_f1"/>
<string name="1" value="c6_f2"/>
<string name="2" value="c6_f3"/>
<string name="3" value="c6_f4"/>
</imgdir>
</imgdir>
</imgdir>
<imgdir name="6">
<string name="command" value="c7"/>
<int name="inc" value="1"/>
<int name="prob" value="45"/>
<int name="l0" value="20"/>
<int name="l1" value="29"/>
<imgdir name="success">
<imgdir name="0">
<string name="act" value="cry"/>
<string name="0" value="c7_s1"/>
<string name="1" value="c7_s2"/>
<string name="2" value="c7_s3"/>
<string name="3" value="c7_s4"/>
</imgdir>
</imgdir>
<imgdir name="fail">
<imgdir name="0">
<string name="act" value="stand1"/>
<string name="0" value="c7_f1"/>
<string name="1" value="c7_f2"/>
<string name="2" value="c7_f3"/>
<string name="3" value="c7_f4"/>
</imgdir>
</imgdir>
</imgdir>
<imgdir name="7">
<string name="command" value="c8"/>
<int name="inc" value="1"/>
<int name="prob" value="60"/>
<int name="l0" value="30"/>
<int name="l1" value="30"/>
<imgdir name="success">
<imgdir name="0">
<string name="act" value="cry"/>
<string name="0" value="c8_s1"/>
<string name="1" value="c8_s2"/>
<string name="2" value="c8_s3"/>
<string name="3" value="c8_s4"/>
</imgdir>
</imgdir>
<imgdir name="fail">
<imgdir name="0">
<string name="act" value="stand1"/>
<string name="0" value="c8_f1"/>
<string name="1" value="c8_f2"/>
<string name="2" value="c8_f3"/>
<string name="3" value="c8_f4"/>
</imgdir>
</imgdir>
</imgdir>
<imgdir name="8">
<string name="command" value="c9"/>
<int name="inc" value="1"/>
<int name="prob" value="75"/>
<int name="l0" value="1"/>
<int name="l1" value="9"/>
<imgdir name="success">
<imgdir name="0">
<string name="act" value="love"/>
<string name="0" value="c9_s1"/>
<string name="1" value="c9_s2"/>
</imgdir>
</imgdir>
<imgdir name="fail">
<imgdir name="0">
<string name="act" value="stand0"/>
<string name="0" value="c9_f1"/>
<string name="1" value="c9_f2"/>
</imgdir>
</imgdir>
</imgdir>
<imgdir name="9">
<string name="command" value="c10"/>
<int name="inc" value="1"/>
<int name="prob" value="55"/>
<int name="l0" value="10"/>
<int name="l1" value="19"/>
<imgdir name="success">
<imgdir name="0">
<string name="act" value="love"/>
<string name="0" value="c10_s1"/>
<string name="1" value="c10_s2"/>
<string name="2" value="c10_s3"/>
<string name="3" value="c10_s4"/>
</imgdir>
</imgdir>
<imgdir name="fail">
<imgdir name="0">
<string name="act" value="stand0"/>
<string name="0" value="c10_f1"/>
<string name="1" value="c10_f2"/>
<string name="2" value="c10_f3"/>
<string name="3" value="c10_f4"/>
</imgdir>
</imgdir>
</imgdir>
<imgdir name="10">
<string name="command" value="c11"/>
<int name="inc" value="1"/>
<int name="prob" value="60"/>
<int name="l0" value="20"/>
<int name="l1" value="29"/>
<imgdir name="success">
<imgdir name="0">
<string name="act" value="love"/>
<string name="0" value="c11_s1"/>
<string name="1" value="c11_s2"/>
<string name="2" value="c11_s3"/>
<string name="3" value="c11_s4"/>
</imgdir>
</imgdir>
<imgdir name="fail">
<imgdir name="0">
<string name="act" value="what"/>
<string name="0" value="c11_f1"/>
<string name="1" value="c11_f2"/>
<string name="2" value="c11_f3"/>
<string name="3" value="c11_f4"/>
</imgdir>
</imgdir>
</imgdir>
<imgdir name="11">
<string name="command" value="c12"/>
<int name="inc" value="1"/>
<int name="prob" value="75"/>
<int name="l0" value="30"/>
<int name="l1" value="30"/>
<imgdir name="success">
<imgdir name="0">
<string name="act" value="love"/>
<string name="0" value="c12_s1"/>
<string name="1" value="c12_s2"/>
<string name="2" value="c12_s3"/>
<string name="3" value="c12_s4"/>
</imgdir>
</imgdir>
<imgdir name="fail">
<imgdir name="0">
<string name="act" value="stand0"/>
<string name="0" value="c12_f1"/>
<string name="1" value="c12_f2"/>
<string name="2" value="c12_f3"/>
<string name="3" value="c12_f4"/>
</imgdir>
</imgdir>
</imgdir>
<imgdir name="12">
<string name="command" value="c13"/>
<int name="inc" value="1"/>
<int name="prob" value="45"/>
<int name="l0" value="10"/>
<int name="l1" value="19"/>
<imgdir name="success">
<imgdir name="0">
<string name="act" value="dung"/>
<string name="0" value="c13_s1"/>
<string name="1" value="c13_s2"/>
<string name="2" value="c13_s3"/>
<string name="3" value="c13_s4"/>
</imgdir>
</imgdir>
<imgdir name="fail">
<imgdir name="0">
<string name="act" value="what"/>
<string name="0" value="c13_f1"/>
<string name="1" value="c13_f2"/>
<string name="2" value="c13_f3"/>
<string name="3" value="c13_f4"/>
</imgdir>
</imgdir>
</imgdir>
<imgdir name="13">
<string name="command" value="c14"/>
<int name="inc" value="1"/>
<int name="prob" value="60"/>
<int name="l0" value="20"/>
<int name="l1" value="29"/>
<imgdir name="success">
<imgdir name="0">
<string name="act" value="dung"/>
<string name="0" value="c14_s1"/>
<string name="1" value="c14_s2"/>
<string name="2" value="c14_s3"/>
<string name="3" value="c14_s4"/>
</imgdir>
</imgdir>
<imgdir name="fail">
<imgdir name="0">
<string name="act" value="cry"/>
<string name="0" value="c14_f1"/>
<string name="1" value="c14_f2"/>
<string name="2" value="c14_f3"/>
<string name="3" value="c14_f4"/>
</imgdir>
</imgdir>
</imgdir>
<imgdir name="14">
<string name="command" value="c15"/>
<int name="inc" value="1"/>
<int name="prob" value="75"/>
<int name="l0" value="30"/>
<int name="l1" value="30"/>
<imgdir name="success">
<imgdir name="0">
<string name="act" value="dung"/>
<string name="0" value="c15_s1"/>
<string name="1" value="c15_s2"/>
<string name="2" value="c15_s3"/>
<string name="3" value="c15_s4"/>
</imgdir>
</imgdir>
<imgdir name="fail">
<imgdir name="0">
<string name="act" value="chat"/>
<string name="0" value="c15_f1"/>
<string name="1" value="c15_f2"/>
<string name="2" value="c15_f3"/>
<string name="3" value="c15_f4"/>
</imgdir>
</imgdir>
</imgdir>
<imgdir name="15">
<string name="command" value="c16"/>
<int name="inc" value="1"/>
<int name="prob" value="80"/>
<int name="l0" value="10"/>
<int name="l1" value="19"/>
<imgdir name="success">
<imgdir name="0">
<string name="act" value="sleep"/>
<string name="0" value="c16_s1"/>
<string name="1" value="c16_s2"/>
<string name="2" value="c16_s3"/>
<string name="3" value="c16_s4"/>
</imgdir>
</imgdir>
<imgdir name="fail">
<imgdir name="0">
<string name="act" value="hungry"/>
<string name="0" value="c16_f1"/>
<string name="1" value="c16_f2"/>
<string name="2" value="c16_f3"/>
<string name="3" value="c16_f4"/>
</imgdir>
</imgdir>
</imgdir>
<imgdir name="16">
<string name="command" value="c17"/>
<int name="inc" value="2"/>
<int name="prob" value="80"/>
<int name="l0" value="20"/>
<int name="l1" value="29"/>
<imgdir name="success">
<imgdir name="0">
<string name="act" value="sleep"/>
<string name="0" value="c17_s1"/>
<string name="1" value="c17_s2"/>
<string name="2" value="c17_s3"/>
<string name="3" value="c17_s4"/>
</imgdir>
</imgdir>
<imgdir name="fail">
<imgdir name="0">
<string name="act" value="jump"/>
<string name="0" value="c17_f1"/>
<string name="1" value="c17_f2"/>
<string name="2" value="c17_f3"/>
<string name="3" value="c17_f4"/>
</imgdir>
</imgdir>
</imgdir>
<imgdir name="17">
<string name="command" value="c18"/>
<int name="inc" value="2"/>
<int name="prob" value="80"/>
<int name="l0" value="30"/>
<int name="l1" value="30"/>
<imgdir name="success">
<imgdir name="0">
<string name="act" value="sleep"/>
<string name="0" value="c18_s1"/>
<string name="1" value="c18_s2"/>
<string name="2" value="c18_s3"/>
<string name="3" value="c18_s4"/>
</imgdir>
</imgdir>
<imgdir name="fail">
<imgdir name="0">
<string name="act" value="move"/>
<string name="0" value="c18_f1"/>
<string name="1" value="c18_f2"/>
<string name="2" value="c18_f3"/>
<string name="3" value="c18_f4"/>
</imgdir>
</imgdir>
</imgdir>
<imgdir name="18">
<string name="command" value="c19"/>
<int name="inc" value="2"/>
<int name="prob" value="50"/>
<int name="l0" value="10"/>
<int name="l1" value="19"/>
<imgdir name="success">
<imgdir name="0">
<string name="act" value="chat"/>
<string name="0" value="c19_s1"/>
<string name="1" value="c19_s2"/>
<string name="2" value="c19_s3"/>
<string name="3" value="c19_s4"/>
</imgdir>
</imgdir>
<imgdir name="fail">
<imgdir name="0">
<string name="act" value="what"/>
<string name="0" value="c19_f1"/>
<string name="1" value="c19_f2"/>
<string name="2" value="c19_f3"/>
<string name="3" value="c19_f4"/>
</imgdir>
</imgdir>
</imgdir>
<imgdir name="19">
<string name="command" value="c20"/>
<int name="inc" value="2"/>
<int name="prob" value="65"/>
<int name="l0" value="20"/>
<int name="l1" value="29"/>
<imgdir name="success">
<imgdir name="0">
<string name="act" value="chat"/>
<string name="0" value="c20_s1"/>
<string name="1" value="c20_s2"/>
<string name="2" value="c20_s3"/>
<string name="3" value="c20_s4"/>
</imgdir>
</imgdir>
<imgdir name="fail">
<imgdir name="0">
<string name="act" value="what"/>
<string name="0" value="c20_f1"/>
<string name="1" value="c20_f2"/>
<string name="2" value="c20_f3"/>
<string name="3" value="c20_f4"/>
</imgdir>
</imgdir>
</imgdir>
<imgdir name="20">
<string name="command" value="c21"/>
<int name="inc" value="2"/>
<int name="prob" value="80"/>
<int name="l0" value="30"/>
<int name="l1" value="30"/>
<imgdir name="success">
<imgdir name="0">
<string name="act" value="chat"/>
<string name="0" value="c21_s1"/>
<string name="1" value="c21_s2"/>
<string name="2" value="c21_s3"/>
<string name="3" value="c21_s4"/>
</imgdir>
</imgdir>
<imgdir name="fail">
<imgdir name="0">
<string name="act" value="what"/>
<string name="0" value="c21_f1"/>
<string name="1" value="c21_f2"/>
<string name="2" value="c21_f3"/>
<string name="3" value="c21_f4"/>
</imgdir>
</imgdir>
</imgdir>
</imgdir>
<imgdir name="food">
<imgdir name="0">
<int name="l0" value="1"/>
<int name="l1" value="9"/>
<imgdir name="success">
<imgdir name="0">
<string name="act" value="eat"/>
<string name="0" value="f1_s"/>
</imgdir>
</imgdir>
<imgdir name="fail">
<imgdir name="0">
<string name="act" value="cry"/>
<string name="0" value="f1_f"/>
</imgdir>
</imgdir>
</imgdir>
<imgdir name="1">
<int name="l0" value="10"/>
<int name="l1" value="19"/>
<imgdir name="success">
<imgdir name="0">
<string name="act" value="eat"/>
<string name="0" value="f2_s"/>
</imgdir>
</imgdir>
<imgdir name="fail">
<imgdir name="0">
<string name="act" value="cry"/>
<string name="0" value="f2_f"/>
</imgdir>
</imgdir>
</imgdir>
<imgdir name="2">
<int name="l0" value="20"/>
<int name="l1" value="29"/>
<imgdir name="success">
<imgdir name="0">
<string name="act" value="eat"/>
<string name="0" value="f3_s"/>
</imgdir>
</imgdir>
<imgdir name="fail">
<imgdir name="0">
<string name="act" value="cry"/>
<string name="0" value="f3_f"/>
</imgdir>
</imgdir>
</imgdir>
<imgdir name="3">
<int name="l0" value="30"/>
<int name="l1" value="30"/>
<imgdir name="success">
<imgdir name="0">
<string name="act" value="eat"/>
<string name="0" value="f4_s"/>
</imgdir>
</imgdir>
<imgdir name="fail">
<imgdir name="0">
<string name="act" value="cry"/>
<string name="0" value="f4_f"/>
</imgdir>
</imgdir>
</imgdir>
</imgdir>
<imgdir name="slang">
<imgdir name="0">
<int name="l0" value="1"/>
<int name="l1" value="9"/>
<string name="act" value="cry"/>
<string name="0" value="s1"/>
</imgdir>
<imgdir name="1">
<int name="l0" value="10"/>
<int name="l1" value="19"/>
<string name="act" value="cry"/>
<string name="0" value="s2"/>
</imgdir>
<imgdir name="2">
<int name="l0" value="20"/>
<int name="l1" value="29"/>
<string name="act" value="angry"/>
<string name="0" value="s3"/>
</imgdir>
<imgdir name="3">
<int name="l0" value="30"/>
<int name="l1" value="30"/>
<string name="act" value="angry"/>
<string name="0" value="s4"/>
</imgdir>
</imgdir>
<imgdir name="stand0">
<canvas name="0" width="1" height="1">
<vector name="origin" x="18" y="44"/>
<int name="z" value="0"/>
<vector name="lt" x="-15" y="-39"/>
<vector name="rb" x="16" y="0"/>
<string name="_hash" value="198eec11d14ee894db74ba747a1605b2286d77e5f102061880bd11a2b22014bc"/>
<string name="_outlink" value="Item/Pet/5002079.img/stand0/0"/>
</canvas>
<canvas name="1" width="1" height="1">
<vector name="origin" x="18" y="43"/>
<int name="z" value="0"/>
<vector name="lt" x="-15" y="-39"/>
<vector name="rb" x="16" y="0"/>
<string name="_outlink" value="Item/Pet/5002079.img/stand0/0"/>
</canvas>
<canvas name="2" width="1" height="1">
<vector name="origin" x="18" y="42"/>
<int name="z" value="0"/>
<vector name="lt" x="-15" y="-39"/>
<vector name="rb" x="16" y="0"/>
<string name="_outlink" value="Item/Pet/5002079.img/stand0/0"/>
</canvas>
<canvas name="3" width="1" height="1">
<vector name="origin" x="18" y="43"/>
<int name="z" value="0"/>
<vector name="lt" x="-15" y="-39"/>
<vector name="rb" x="16" y="0"/>
<string name="_hash" value="c07e3b62b4e7692c87369945277c0629b8198a98d1387a8814221d65238cc333"/>
<string name="_outlink" value="Item/Pet/5002079.img/stand0/3"/>
</canvas>
<canvas name="4" width="1" height="1">
<vector name="origin" x="18" y="44"/>
<int name="z" value="0"/>
<vector name="lt" x="-15" y="-39"/>
<vector name="rb" x="16" y="0"/>
<string name="_hash" value="9bcdc679866e770d80352df76132b34aca152930071a8eba67f0321d5fddd67e"/>
<string name="_outlink" value="Item/Pet/5002079.img/stand0/4"/>
</canvas>
<canvas name="5" width="1" height="1">
<vector name="origin" x="18" y="45"/>
<int name="z" value="0"/>
<vector name="lt" x="-15" y="-39"/>
<vector name="rb" x="16" y="0"/>
<string name="_outlink" value="Item/Pet/5002079.img/stand0/0"/>
</canvas>
<canvas name="6" width="1" height="1">
<vector name="origin" x="18" y="46"/>
<int name="z" value="0"/>
<vector name="lt" x="-15" y="-39"/>
<vector name="rb" x="16" y="0"/>
<string name="_outlink" value="Item/Pet/5002079.img/stand0/0"/>
</canvas>
<canvas name="7" width="1" height="1">
<vector name="origin" x="18" y="45"/>
<int name="z" value="0"/>
<vector name="lt" x="-15" y="-39"/>
<vector name="rb" x="16" y="0"/>
<string name="_outlink" value="Item/Pet/5002079.img/stand0/0"/>
</canvas>
</imgdir>
<imgdir name="stand1">
<canvas name="0" width="1" height="1">
<vector name="origin" x="18" y="44"/>
<int name="z" value="0"/>
<vector name="lt" x="-15" y="-39"/>
<vector name="rb" x="16" y="0"/>
<string name="_hash" value="286c26588245fed9681ac6bc33a5468f5bc08174c52b68a3720f399fd64aade2"/>
<string name="_outlink" value="Item/Pet/5002079.img/stand1/0"/>
</canvas>
<canvas name="1" width="1" height="1">
<vector name="origin" x="18" y="45"/>
<int name="z" value="0"/>
<vector name="lt" x="-15" y="-39"/>
<vector name="rb" x="16" y="0"/>
<string name="_hash" value="cdc134e9c310d0274f0a7314e85f1f045754b592cb0061d860f22c80d0bcefc7"/>
<string name="_outlink" value="Item/Pet/5002079.img/stand1/1"/>
</canvas>
<canvas name="2" width="1" height="1">
<vector name="origin" x="17" y="46"/>
<int name="z" value="0"/>
<vector name="lt" x="-15" y="-39"/>
<vector name="rb" x="16" y="0"/>
<string name="_hash" value="a15b0a871a84d8f249934e8731ad381fe66c337c9e0f1da08d8ed9a19344498c"/>
<string name="_outlink" value="Item/Pet/5002079.img/stand1/2"/>
</canvas>
<canvas name="3" width="1" height="1">
<vector name="origin" x="18" y="47"/>
<int name="z" value="0"/>
<vector name="lt" x="-15" y="-39"/>
<vector name="rb" x="16" y="0"/>
<string name="_hash" value="95f61cda9a914919138d1eeb42a45201b13d81c62187052cbaa5e311837e5eeb"/>
<string name="_outlink" value="Item/Pet/5002079.img/stand1/3"/>
</canvas>
<canvas name="4" width="1" height="1">
<vector name="origin" x="17" y="47"/>
<int name="z" value="0"/>
<vector name="lt" x="-15" y="-39"/>
<vector name="rb" x="16" y="0"/>
<string name="_hash" value="81415e515fe6ada7a5b833eefe30a7da569526cc409d178bc1032d5a39ead0b4"/>
<string name="_outlink" value="Item/Pet/5002079.img/stand1/4"/>
</canvas>
<canvas name="5" width="1" height="1">
<vector name="origin" x="18" y="47"/>
<int name="z" value="0"/>
<vector name="lt" x="-15" y="-39"/>
<vector name="rb" x="16" y="0"/>
<string name="_outlink" value="Item/Pet/5002079.img/stand1/1"/>
</canvas>
<canvas name="6" width="1" height="1">
<vector name="origin" x="18" y="46"/>
<int name="z" value="0"/>
<vector name="lt" x="-15" y="-39"/>
<vector name="rb" x="16" y="0"/>
<string name="_outlink" value="Item/Pet/5002079.img/stand1/1"/>
</canvas>
<canvas name="7" width="1" height="1">
<vector name="origin" x="18" y="45"/>
<int name="z" value="0"/>
<vector name="lt" x="-15" y="-39"/>
<vector name="rb" x="16" y="0"/>
<string name="_outlink" value="Item/Pet/5002079.img/stand1/1"/>
</canvas>
<canvas name="8" width="1" height="1">
<vector name="origin" x="18" y="44"/>
<int name="z" value="0"/>
<vector name="lt" x="-15" y="-39"/>
<vector name="rb" x="16" y="0"/>
<string name="_outlink" value="Item/Pet/5002079.img/stand1/0"/>
</canvas>
</imgdir>
<imgdir name="rest0">
<canvas name="0" width="1" height="1">
<vector name="origin" x="18" y="44"/>
<int name="z" value="0"/>
<vector name="lt" x="-15" y="-39"/>
<vector name="rb" x="16" y="0"/>
<string name="_hash" value="d92ecd8ea269286e44f15035be07b1cdfb1014a38225e3ee454c8ed49d02dcdc"/>
<string name="_outlink" value="Item/Pet/5002079.img/rest0/0"/>
</canvas>
<canvas name="1" width="1" height="1">
<vector name="origin" x="25" y="43"/>
<int name="z" value="0"/>
<vector name="lt" x="-15" y="-39"/>
<vector name="rb" x="16" y="0"/>
<string name="_hash" value="b0ab1ab403afa5a107ad14951224a4ab9f49834894303a4a7f2a40c2b9152f0d"/>
<string name="_outlink" value="Item/Pet/5002079.img/rest0/1"/>
</canvas>
<canvas name="2" width="1" height="1">
<vector name="origin" x="26" y="42"/>
<int name="z" value="0"/>
<vector name="lt" x="-15" y="-39"/>
<vector name="rb" x="16" y="0"/>
<string name="_hash" value="dc2ba73504f488cc0dc258cd9a032862cc0dadb64a46dcea3ca5a8eb7fe5d615"/>
<string name="_outlink" value="Item/Pet/5002079.img/rest0/2"/>
</canvas>
<canvas name="3" width="1" height="1">
<vector name="origin" x="26" y="43"/>
<int name="z" value="0"/>
<vector name="lt" x="-15" y="-39"/>
<vector name="rb" x="16" y="0"/>
<string name="_hash" value="c547fb32ce36100c9fc35d497a7d39871693788c8ffc18cab78bcc51671555aa"/>
<string name="_outlink" value="Item/Pet/5002079.img/rest0/3"/>
</canvas>
<canvas name="4" width="1" height="1">
<vector name="origin" x="25" y="45"/>
<int name="z" value="0"/>
<vector name="lt" x="-15" y="-39"/>
<vector name="rb" x="16" y="0"/>
<string name="_hash" value="e4ef4e910769b7adb2b407cc61e1d1a0f222be490cb9804f2646a38db4aa8161"/>
<string name="_outlink" value="Item/Pet/5002079.img/rest0/4"/>
</canvas>
<canvas name="5" width="1" height="1">
<vector name="origin" x="17" y="45"/>
<int name="z" value="0"/>
<vector name="lt" x="-15" y="-39"/>
<vector name="rb" x="16" y="0"/>
<string name="_hash" value="cf0acdd496914d85796f162124bc98508ebe78798dabeed41f19fbb17cfcee11"/>
<string name="_outlink" value="Item/Pet/5002079.img/rest0/5"/>
</canvas>
<canvas name="6" width="1" height="1">
<vector name="origin" x="17" y="46"/>
<int name="z" value="0"/>
<vector name="lt" x="-15" y="-39"/>
<vector name="rb" x="16" y="0"/>
<string name="_outlink" value="Item/Pet/5002079.img/rest0/5"/>
</canvas>
<canvas name="7" width="1" height="1">
<vector name="origin" x="18" y="45"/>
<int name="z" value="0"/>
<vector name="lt" x="-15" y="-39"/>
<vector name="rb" x="16" y="0"/>
<string name="_outlink" value="Item/Pet/5002079.img/rest0/0"/>
</canvas>
</imgdir>
<imgdir name="move">
<canvas name="0" width="1" height="1">
<vector name="origin" x="18" y="44"/>
<int name="z" value="0"/>
<vector name="lt" x="-15" y="-39"/>
<vector name="rb" x="16" y="0"/>
<string name="_hash" value="9ab82c31b246e58ba0f02e1369df651fe17e13a730df2600729fb2928e9aaefe"/>
<string name="_outlink" value="Item/Pet/5002079.img/move/0"/>
</canvas>
<canvas name="1" width="1" height="1">
<vector name="origin" x="18" y="43"/>
<int name="z" value="0"/>
<vector name="lt" x="-15" y="-39"/>
<vector name="rb" x="16" y="0"/>
<string name="_outlink" value="Item/Pet/5002079.img/move/0"/>
</canvas>
<canvas name="2" width="1" height="1">
<vector name="origin" x="18" y="42"/>
<int name="z" value="0"/>
<vector name="lt" x="-15" y="-39"/>
<vector name="rb" x="16" y="0"/>
<string name="_hash" value="fcf24d1ef2afdf433e85a9d915694cc4fb77853cd05befe9ce7cf3970b1bdf1d"/>
<string name="_outlink" value="Item/Pet/5002079.img/move/2"/>
</canvas>
<canvas name="3" width="1" height="1">
<vector name="origin" x="18" y="43"/>
<int name="z" value="0"/>
<vector name="lt" x="-15" y="-39"/>
<vector name="rb" x="16" y="0"/>
<string name="_outlink" value="Item/Pet/5002079.img/move/0"/>
</canvas>
<canvas name="4" width="1" height="1">
<vector name="origin" x="18" y="44"/>
<int name="z" value="0"/>
<vector name="lt" x="-15" y="-39"/>
<vector name="rb" x="16" y="0"/>
<string name="_outlink" value="Item/Pet/5002079.img/move/0"/>
</canvas>
<canvas name="5" width="1" height="1">
<vector name="origin" x="18" y="45"/>
<int name="z" value="0"/>
<vector name="lt" x="-15" y="-39"/>
<vector name="rb" x="16" y="0"/>
<string name="_outlink" value="Item/Pet/5002079.img/move/2"/>
</canvas>
<canvas name="6" width="1" height="1">
<vector name="origin" x="18" y="46"/>
<int name="z" value="0"/>
<vector name="lt" x="-15" y="-39"/>
<vector name="rb" x="16" y="0"/>
<string name="_outlink" value="Item/Pet/5002079.img/move/0"/>
</canvas>
<canvas name="7" width="1" height="1">
<vector name="origin" x="18" y="45"/>
<int name="z" value="0"/>
<vector name="lt" x="-15" y="-39"/>
<vector name="rb" x="16" y="0"/>
<string name="_outlink" value="Item/Pet/5002079.img/move/0"/>
</canvas>
</imgdir>
<imgdir name="jump">
<canvas name="0" width="1" height="1">
<vector name="origin" x="17" y="47"/>
<int name="z" value="0"/>
<vector name="lt" x="-13" y="-40"/>
<vector name="rb" x="15" y="-7"/>
<string name="_hash" value="1c03afd728ebf33380b0385c6fe59eec050a7316e0e7366f959197bc088dfd28"/>
<string name="_outlink" value="Item/Pet/5002079.img/jump/0"/>
</canvas>
</imgdir>
<imgdir name="sleep">
<canvas name="0" width="1" height="1">
<vector name="origin" x="25" y="44"/>
<int name="z" value="0"/>
<vector name="lt" x="-15" y="-39"/>
<vector name="rb" x="16" y="0"/>
<string name="_hash" value="5aacdfb0a79eea7cd680a64b7c2b06c70395202fb6c4b714fefe8cb10ba56b6a"/>
<string name="_outlink" value="Item/Pet/5002079.img/sleep/0"/>
</canvas>
<canvas name="1" width="1" height="1">
<vector name="origin" x="25" y="45"/>
<int name="z" value="0"/>
<vector name="lt" x="-15" y="-39"/>
<vector name="rb" x="16" y="0"/>
<string name="_hash" value="a866d2207cac13a7085b68c4f57ee072cb5d92f260816037bcefc522490b58e6"/>
<string name="_outlink" value="Item/Pet/5002079.img/sleep/1"/>
</canvas>
<canvas name="2" width="1" height="1">
<vector name="origin" x="25" y="44"/>
<int name="z" value="0"/>
<vector name="lt" x="-15" y="-39"/>
<vector name="rb" x="16" y="0"/>
<string name="_hash" value="18b86e57979203edfe3f9e8986b44540c1c691679f5d359fa7b8c15271948443"/>
<string name="_outlink" value="Item/Pet/5002079.img/sleep/2"/>
</canvas>
<canvas name="3" width="1" height="1">
<vector name="origin" x="25" y="43"/>
<int name="z" value="0"/>
<vector name="lt" x="-15" y="-39"/>
<vector name="rb" x="16" y="0"/>
<string name="_hash" value="5b4b34dcabd083049448be181c67431233573a078b1d76c3870cdb30bb7c5443"/>
<string name="_outlink" value="Item/Pet/5002079.img/sleep/3"/>
</canvas>
<canvas name="4" width="1" height="1">
<vector name="origin" x="25" y="44"/>
<int name="z" value="0"/>
<vector name="lt" x="-15" y="-39"/>
<vector name="rb" x="16" y="0"/>
<string name="_hash" value="24569d9ab936341a02b8e7329dd7973c82ce2e033b793c5d0529fc0e5479d199"/>
<string name="_outlink" value="Item/Pet/5002079.img/sleep/4"/>
</canvas>
<canvas name="5" width="1" height="1">
<vector name="origin" x="25" y="45"/>
<int name="z" value="0"/>
<vector name="lt" x="-15" y="-39"/>
<vector name="rb" x="16" y="0"/>
<string name="_hash" value="1f0d8779fda8b8d4dc9a888028fc173a0fb17270bc746707645f16541d94250d"/>
<string name="_outlink" value="Item/Pet/5002079.img/sleep/5"/>
</canvas>
<canvas name="6" width="1" height="1">
<vector name="origin" x="25" y="44"/>
<int name="z" value="0"/>
<vector name="lt" x="-15" y="-39"/>
<vector name="rb" x="16" y="0"/>
<string name="_hash" value="bfaba8f2dfbae2ce495b6b22047605cfa6198ab5aa52c54fe8baaeb083369c75"/>
<string name="_outlink" value="Item/Pet/5002079.img/sleep/6"/>
</canvas>
<canvas name="7" width="1" height="1">
<vector name="origin" x="25" y="44"/>
<int name="z" value="0"/>
<vector name="lt" x="-15" y="-39"/>
<vector name="rb" x="16" y="0"/>
<string name="_hash" value="d9daef5bd89ac0b60e438f1cdb0185b4bc3473c8736d8c5e352881a056d12bd4"/>
<string name="_outlink" value="Item/Pet/5002079.img/sleep/7"/>
</canvas>
</imgdir>
<imgdir name="hungry">
<canvas name="0" width="1" height="1">
<vector name="origin" x="18" y="44"/>
<int name="z" value="0"/>
<vector name="lt" x="-15" y="-39"/>
<vector name="rb" x="16" y="0"/>
<string name="_hash" value="bd8294cdba87a9b9484c454c1f7e8cf76a0bd0cda59d1a385141c49b8837856a"/>
<string name="_outlink" value="Item/Pet/5002079.img/hungry/0"/>
</canvas>
<canvas name="1" width="1" height="1">
<vector name="origin" x="18" y="43"/>
<int name="z" value="0"/>
<vector name="lt" x="-15" y="-39"/>
<vector name="rb" x="16" y="0"/>
<string name="_outlink" value="Item/Pet/5002079.img/hungry/0"/>
</canvas>
<canvas name="2" width="1" height="1">
<vector name="origin" x="19" y="41"/>
<int name="z" value="0"/>
<vector name="lt" x="-15" y="-39"/>
<vector name="rb" x="16" y="0"/>
<string name="_hash" value="91ff9f2081e1a63277433449a7b26a619f5909fbf79a906206710b6a33a80ccf"/>
<string name="_outlink" value="Item/Pet/5002079.img/hungry/2"/>
</canvas>
<canvas name="3" width="1" height="1">
<vector name="origin" x="19" y="40"/>
<int name="z" value="0"/>
<vector name="lt" x="-15" y="-39"/>
<vector name="rb" x="16" y="0"/>
<string name="_hash" value="a31d7ca58df047b771ff7bec8df2f981d4a514b7e19ed5f5b2b5d5bec4965cbe"/>
<string name="_outlink" value="Item/Pet/5002079.img/hungry/3"/>
</canvas>
<canvas name="4" width="1" height="1">
<vector name="origin" x="19" y="40"/>
<int name="z" value="0"/>
<vector name="lt" x="-15" y="-39"/>
<vector name="rb" x="16" y="0"/>
<string name="_outlink" value="Item/Pet/5002079.img/hungry/2"/>
</canvas>
<canvas name="5" width="1" height="1">
<vector name="origin" x="19" y="40"/>
<int name="z" value="0"/>
<vector name="lt" x="-15" y="-39"/>
<vector name="rb" x="16" y="0"/>
<string name="_outlink" value="Item/Pet/5002079.img/hungry/3"/>
</canvas>
<canvas name="6" width="1" height="1">
<vector name="origin" x="19" y="40"/>
<int name="z" value="0"/>
<vector name="lt" x="-15" y="-39"/>
<vector name="rb" x="16" y="0"/>
<string name="_outlink" value="Item/Pet/5002079.img/hungry/2"/>
</canvas>
<canvas name="7" width="1" height="1">
<vector name="origin" x="18" y="42"/>
<int name="z" value="0"/>
<vector name="lt" x="-15" y="-39"/>
<vector name="rb" x="16" y="0"/>
<string name="_outlink" value="Item/Pet/5002079.img/hungry/0"/>
</canvas>
<canvas name="8" width="1" height="1">
<vector name="origin" x="18" y="43"/>
<int name="z" value="0"/>
<vector name="lt" x="-15" y="-39"/>
<vector name="rb" x="16" y="0"/>
<string name="_outlink" value="Item/Pet/5002079.img/hungry/0"/>
</canvas>
</imgdir>
<imgdir name="hang">
<canvas name="0" width="1" height="1">
<vector name="origin" x="17" y="53"/>
<int name="z" value="0"/>
<vector name="lt" x="-14" y="-48"/>
<vector name="rb" x="14" y="-13"/>
<string name="_hash" value="bb805fee7d4365ccff2600496760f3e0c514ba67d93087685a4aa19d1666c5e4"/>
<string name="_outlink" value="Item/Pet/5002079.img/hang/0"/>
</canvas>
</imgdir>
<imgdir name="eat">
<canvas name="0" width="1" height="1">
<vector name="origin" x="18" y="44"/>
<int name="z" value="0"/>
<vector name="lt" x="-15" y="-39"/>
<vector name="rb" x="16" y="0"/>
<string name="_hash" value="7a717cbbf5749be5c294fca894d8e085c2f8a8d6818a04c0ef58f73b71d96b66"/>
<string name="_outlink" value="Item/Pet/5002079.img/eat/0"/>
</canvas>
<canvas name="1" width="1" height="1">
<vector name="origin" x="18" y="45"/>
<int name="z" value="0"/>
<vector name="lt" x="-15" y="-39"/>
<vector name="rb" x="16" y="0"/>
<string name="_hash" value="26b03571046b74bbaa53b3f46f6c58506f75dd05ba364bc96451aaf73019fb50"/>
<string name="_outlink" value="Item/Pet/5002079.img/eat/1"/>
</canvas>
<canvas name="2" width="1" height="1">
<vector name="origin" x="18" y="46"/>
<int name="z" value="0"/>
<vector name="lt" x="-15" y="-39"/>
<vector name="rb" x="16" y="0"/>
<string name="_hash" value="072b01c8a05e0ee3fac1ece03a9d533d59974a01e13d4bddb7095b1a7d1a20a2"/>
<string name="_outlink" value="Item/Pet/5002079.img/eat/2"/>
</canvas>
<canvas name="3" width="1" height="1">
<vector name="origin" x="18" y="45"/>
<int name="z" value="0"/>
<vector name="lt" x="-15" y="-39"/>
<vector name="rb" x="16" y="0"/>
<string name="_hash" value="4eddbdf00dca9c277df84fd96313f3bea2073add22b765b57b44d45711ed2ced"/>
<string name="_outlink" value="Item/Pet/5002079.img/eat/3"/>
</canvas>
<canvas name="4" width="1" height="1">
<vector name="origin" x="18" y="44"/>
<int name="z" value="0"/>
<vector name="lt" x="-15" y="-39"/>
<vector name="rb" x="16" y="0"/>
<string name="_outlink" value="Item/Pet/5002079.img/eat/0"/>
</canvas>
<canvas name="5" width="1" height="1">
<vector name="origin" x="18" y="43"/>
<int name="z" value="0"/>
<vector name="lt" x="-15" y="-39"/>
<vector name="rb" x="16" y="0"/>
<string name="_outlink" value="Item/Pet/5002079.img/eat/3"/>
</canvas>
<canvas name="6" width="1" height="1">
<vector name="origin" x="18" y="42"/>
<int name="z" value="0"/>
<vector name="lt" x="-15" y="-39"/>
<vector name="rb" x="16" y="0"/>
<string name="_outlink" value="Item/Pet/5002079.img/eat/0"/>
</canvas>
<canvas name="7" width="1" height="1">
<vector name="origin" x="18" y="43"/>
<int name="z" value="0"/>
<vector name="lt" x="-15" y="-39"/>
<vector name="rb" x="16" y="0"/>
<string name="_outlink" value="Item/Pet/5002079.img/eat/3"/>
</canvas>
</imgdir>
<imgdir name="chat">
<canvas name="0" width="1" height="1">
<vector name="origin" x="18" y="44"/>
<int name="z" value="0"/>
<vector name="lt" x="-15" y="-39"/>
<vector name="rb" x="16" y="0"/>
<string name="_hash" value="1039442df58a28fdb9c892d097f2e2b1ebffa75c64593545d11fb689e2a83efb"/>
<string name="_outlink" value="Item/Pet/5002079.img/chat/0"/>
</canvas>
<canvas name="1" width="1" height="1">
<vector name="origin" x="20" y="43"/>
<int name="z" value="0"/>
<vector name="lt" x="-15" y="-39"/>
<vector name="rb" x="16" y="0"/>
<string name="_hash" value="adb811c60a2bb40332593e5c63a1959951f4825b9d6952305b0cc33d4035a650"/>
<string name="_outlink" value="Item/Pet/5002079.img/chat/1"/>
</canvas>
<canvas name="2" width="1" height="1">
<vector name="origin" x="18" y="42"/>
<int name="z" value="0"/>
<vector name="lt" x="-15" y="-39"/>
<vector name="rb" x="16" y="0"/>
<string name="_hash" value="20c607b37ace423703795f11b49a6af28bedebd7a124e8b1b1e2d84db4011c67"/>
<string name="_outlink" value="Item/Pet/5002079.img/chat/2"/>
</canvas>
<canvas name="3" width="1" height="1">
<vector name="origin" x="20" y="43"/>
<int name="z" value="0"/>
<vector name="lt" x="-15" y="-39"/>
<vector name="rb" x="16" y="0"/>
<string name="_hash" value="419b4bd8831f5bb6e92c3c81cc0d78f04f1b88a002aa8ef7abe019afb9bfaadf"/>
<string name="_outlink" value="Item/Pet/5002079.img/chat/3"/>
</canvas>
<canvas name="4" width="1" height="1">
<vector name="origin" x="18" y="44"/>
<int name="z" value="0"/>
<vector name="lt" x="-15" y="-39"/>
<vector name="rb" x="16" y="0"/>
<string name="_outlink" value="Item/Pet/5002079.img/chat/2"/>
</canvas>
<canvas name="5" width="1" height="1">
<vector name="origin" x="20" y="45"/>
<int name="z" value="0"/>
<vector name="lt" x="-15" y="-39"/>
<vector name="rb" x="16" y="0"/>
<string name="_outlink" value="Item/Pet/5002079.img/chat/3"/>
</canvas>
<canvas name="6" width="1" height="1">
<vector name="origin" x="18" y="46"/>
<int name="z" value="0"/>
<vector name="lt" x="-15" y="-39"/>
<vector name="rb" x="16" y="0"/>
<string name="_outlink" value="Item/Pet/5002079.img/chat/2"/>
</canvas>
<canvas name="7" width="1" height="1">
<vector name="origin" x="18" y="45"/>
<int name="z" value="0"/>
<vector name="lt" x="-15" y="-39"/>
<vector name="rb" x="16" y="0"/>
<string name="_hash" value="1018c118140a029a3e404a24cf5c6ecc95e4575e65aafdb87043b04338cf0418"/>
<string name="_outlink" value="Item/Pet/5002079.img/chat/7"/>
</canvas>
</imgdir>
<imgdir name="love">
<canvas name="0" width="1" height="1">
<vector name="origin" x="18" y="45"/>
<int name="z" value="0"/>
<vector name="lt" x="-15" y="-39"/>
<vector name="rb" x="16" y="0"/>
<string name="_hash" value="0d9323b8094ac4b10f4ff47c676628c3c2d7553824e6738e021ae42626a94b6a"/>
<string name="_outlink" value="Item/Pet/5002079.img/love/0"/>
</canvas>
<canvas name="1" width="1" height="1">
<vector name="origin" x="18" y="47"/>
<int name="z" value="0"/>
<vector name="lt" x="-15" y="-39"/>
<vector name="rb" x="16" y="0"/>
<string name="_hash" value="a2478f4c54e8a4f300abb648715587bbc921cd3909f5672def32d6e4872a8d64"/>
<string name="_outlink" value="Item/Pet/5002079.img/love/1"/>
</canvas>
<canvas name="2" width="1" height="1">
<vector name="origin" x="18" y="45"/>
<int name="z" value="0"/>
<vector name="lt" x="-15" y="-39"/>
<vector name="rb" x="16" y="0"/>
<string name="_hash" value="db6d713e4de84c96d650a1f6a70ff9cbdef92d268b75de637c1a105e812edf0f"/>
<string name="_outlink" value="Item/Pet/5002079.img/love/2"/>
</canvas>
<canvas name="3" width="1" height="1">
<vector name="origin" x="18" y="47"/>
<int name="z" value="0"/>
<vector name="lt" x="-15" y="-39"/>
<vector name="rb" x="16" y="0"/>
<string name="_hash" value="7090583aa835479a6ec5f6a701ee66339d8ce2c6a8242ffc2c3aa278c592567b"/>
<string name="_outlink" value="Item/Pet/5002079.img/love/3"/>
</canvas>
<canvas name="4" width="1" height="1">
<vector name="origin" x="18" y="45"/>
<int name="z" value="0"/>
<vector name="lt" x="-15" y="-39"/>
<vector name="rb" x="16" y="0"/>
<string name="_hash" value="ea753f43e743372b983417e3490e1d9a233049f0598b658b53ff652d564c20fb"/>
<string name="_outlink" value="Item/Pet/5002079.img/love/4"/>
</canvas>
<canvas name="5" width="1" height="1">
<vector name="origin" x="18" y="45"/>
<int name="z" value="0"/>
<vector name="lt" x="-15" y="-39"/>
<vector name="rb" x="16" y="0"/>
<string name="_hash" value="157f04a9cf7e318c89798af2dd4c9d0eadbf87a2b04b0d21eae955dbc590fcac"/>
<string name="_outlink" value="Item/Pet/5002079.img/love/5"/>
</canvas>
<canvas name="6" width="1" height="1">
<vector name="origin" x="18" y="45"/>
<int name="z" value="0"/>
<vector name="lt" x="-15" y="-39"/>
<vector name="rb" x="16" y="0"/>
<string name="_hash" value="0cf744e98a37749df31358143bea79c33bb9ad6927adaf06590cc61e3a98b925"/>
<string name="_outlink" value="Item/Pet/5002079.img/love/6"/>
</canvas>
<canvas name="7" width="1" height="1">
<vector name="origin" x="18" y="45"/>
<int name="z" value="0"/>
<vector name="lt" x="-15" y="-39"/>
<vector name="rb" x="16" y="0"/>
<string name="_hash" value="1ba21880b46d275b4c49d35a360b9dc16a802bbe90f862566ddcd24687c396b0"/>
<string name="_outlink" value="Item/Pet/5002079.img/love/7"/>
</canvas>
</imgdir>
<imgdir name="cry">
<canvas name="0" width="1" height="1">
<vector name="origin" x="18" y="44"/>
<int name="z" value="0"/>
<vector name="lt" x="-15" y="-39"/>
<vector name="rb" x="16" y="0"/>
<string name="_hash" value="c71948e01a60d0542c4781a4e9bcc0b87b0fde01058baec0962aa3396e16ed93"/>
<string name="_outlink" value="Item/Pet/5002079.img/cry/0"/>
</canvas>
<canvas name="1" width="1" height="1">
<vector name="origin" x="18" y="43"/>
<int name="z" value="0"/>
<vector name="lt" x="-15" y="-39"/>
<vector name="rb" x="16" y="0"/>
<string name="_hash" value="dd00180bbc7303274d10fface057f2bb021372e01cc2f4b377e67897fed14803"/>
<string name="_outlink" value="Item/Pet/5002079.img/cry/1"/>
</canvas>
<canvas name="2" width="1" height="1">
<vector name="origin" x="18" y="42"/>
<int name="z" value="0"/>
<vector name="lt" x="-15" y="-39"/>
<vector name="rb" x="16" y="0"/>
<string name="_hash" value="6d1ce6d7bb179f400d20dcec10e0bd85496c6ab7b05bb7a93eb923ab00b53169"/>
<string name="_outlink" value="Item/Pet/5002079.img/cry/2"/>
</canvas>
<canvas name="3" width="1" height="1">
<vector name="origin" x="18" y="43"/>
<int name="z" value="0"/>
<vector name="lt" x="-15" y="-39"/>
<vector name="rb" x="16" y="0"/>
<string name="_hash" value="e88217d27293c75f4672aee900afd74d3ce4a003066761a0055d72133bc1a69d"/>
<string name="_outlink" value="Item/Pet/5002079.img/cry/3"/>
</canvas>
<canvas name="4" width="1" height="1">
<vector name="origin" x="18" y="44"/>
<int name="z" value="0"/>
<vector name="lt" x="-15" y="-39"/>
<vector name="rb" x="16" y="0"/>
<string name="_outlink" value="Item/Pet/5002079.img/cry/0"/>
</canvas>
<canvas name="5" width="1" height="1">
<vector name="origin" x="18" y="45"/>
<int name="z" value="0"/>
<vector name="lt" x="-15" y="-39"/>
<vector name="rb" x="16" y="0"/>
<string name="_outlink" value="Item/Pet/5002079.img/cry/1"/>
</canvas>
<canvas name="6" width="1" height="1">
<vector name="origin" x="18" y="46"/>
<int name="z" value="0"/>
<vector name="lt" x="-15" y="-39"/>
<vector name="rb" x="16" y="0"/>
<string name="_outlink" value="Item/Pet/5002079.img/cry/2"/>
</canvas>
<canvas name="7" width="1" height="1">
<vector name="origin" x="18" y="45"/>
<int name="z" value="0"/>
<vector name="lt" x="-15" y="-39"/>
<vector name="rb" x="16" y="0"/>
<string name="_outlink" value="Item/Pet/5002079.img/cry/3"/>
</canvas>
</imgdir>
<imgdir name="dung">
<canvas name="0" width="1" height="1">
<vector name="origin" x="19" y="43"/>
<int name="z" value="0"/>
<vector name="lt" x="-15" y="-39"/>
<vector name="rb" x="16" y="0"/>
<string name="_hash" value="191105aa8d0a2dbce33abfc2eb6960ca268287985c8d5e504bb8ac02fa2107aa"/>
<string name="_outlink" value="Item/Pet/5002079.img/dung/0"/>
</canvas>
<canvas name="1" width="1" height="1">
<vector name="origin" x="19" y="42"/>
<int name="z" value="0"/>
<vector name="lt" x="-15" y="-39"/>
<vector name="rb" x="16" y="0"/>
<string name="_hash" value="3820584249842f94312f49bc6c29314195017080adb32b095902a25047b81fbc"/>
<string name="_outlink" value="Item/Pet/5002079.img/dung/1"/>
</canvas>
<canvas name="2" width="1" height="1">
<vector name="origin" x="19" y="42"/>
<int name="z" value="0"/>
<vector name="lt" x="-15" y="-39"/>
<vector name="rb" x="16" y="0"/>
<string name="_hash" value="01bfc660b2c4f914883249a9a2cdeec0031778b54fc763f8abc5bff3e1405f5f"/>
<string name="_outlink" value="Item/Pet/5002079.img/dung/2"/>
</canvas>
<canvas name="3" width="1" height="1">
<vector name="origin" x="19" y="42"/>
<int name="z" value="0"/>
<vector name="lt" x="-15" y="-39"/>
<vector name="rb" x="16" y="0"/>
<string name="_hash" value="689e0e76d7cb88303fb97fdbc83260f21f55e9ad800907d915f7a55b4ceea856"/>
<string name="_outlink" value="Item/Pet/5002079.img/dung/3"/>
</canvas>
<canvas name="4" width="1" height="1">
<vector name="origin" x="19" y="42"/>
<int name="z" value="0"/>
<vector name="lt" x="-15" y="-39"/>
<vector name="rb" x="16" y="0"/>
<string name="_hash" value="545f2a82a5a30bd76394bba969d5630621a4d1e249c1f8ce19a4b47faabd14bf"/>
<string name="_outlink" value="Item/Pet/5002079.img/dung/4"/>
</canvas>
<canvas name="5" width="1" height="1">
<vector name="origin" x="19" y="42"/>
<int name="z" value="0"/>
<vector name="lt" x="-15" y="-39"/>
<vector name="rb" x="16" y="0"/>
<string name="_hash" value="af5866c0b953673941d51ced39b5d824663b1599ed1cebcc1d8de1352f4d0779"/>
<string name="_outlink" value="Item/Pet/5002079.img/dung/5"/>
</canvas>
<canvas name="6" width="1" height="1">
<vector name="origin" x="19" y="42"/>
<int name="z" value="0"/>
<vector name="lt" x="-15" y="-39"/>
<vector name="rb" x="16" y="0"/>
<string name="_hash" value="c27ae10c1759fa6753add15806cfa6e3d9a263a171490be8431edbb59123aac7"/>
<string name="_outlink" value="Item/Pet/5002079.img/dung/6"/>
</canvas>
<canvas name="7" width="1" height="1">
<vector name="origin" x="19" y="42"/>
<int name="z" value="0"/>
<vector name="lt" x="-15" y="-39"/>
<vector name="rb" x="16" y="0"/>
<string name="_hash" value="63f29ee85f1bd145395dbd75d7e6f3f6e4bb0637fc86b8db7bf5db890936c5dd"/>
<string name="_outlink" value="Item/Pet/5002079.img/dung/7"/>
</canvas>
<canvas name="8" width="1" height="1">
<vector name="origin" x="19" y="42"/>
<int name="z" value="0"/>
<vector name="lt" x="-15" y="-39"/>
<vector name="rb" x="16" y="0"/>
<string name="_hash" value="10812d76376130fc477d043d323187eb8e7231eb907bdac228acf6b86b2ef5f4"/>
<string name="_outlink" value="Item/Pet/5002079.img/dung/8"/>
</canvas>
<canvas name="9" width="1" height="1">
<vector name="origin" x="19" y="42"/>
<int name="z" value="0"/>
<vector name="lt" x="-15" y="-39"/>
<vector name="rb" x="16" y="0"/>
<string name="_hash" value="07c5f7bf5ba859e9a26c28f65d3f1482fd279cae5e6c57c4da25549bc223d6c4"/>
<string name="_outlink" value="Item/Pet/5002079.img/dung/9"/>
</canvas>
</imgdir>
<imgdir name="sit">
<canvas name="0" width="1" height="1">
<vector name="origin" x="18" y="37"/>
<int name="z" value="0"/>
<vector name="lt" x="-15" y="-39"/>
<vector name="rb" x="16" y="0"/>
<string name="_hash" value="6671b40fc05a35eeb2f22a4b0300218184d65575672d089ca774db083d38b982"/>
<string name="_outlink" value="Item/Pet/5002079.img/sit/0"/>
</canvas>
<canvas name="1" width="1" height="1">
<vector name="origin" x="18" y="37"/>
<int name="z" value="0"/>
<vector name="lt" x="-15" y="-39"/>
<vector name="rb" x="16" y="0"/>
<string name="_outlink" value="Item/Pet/5002079.img/sit/0"/>
</canvas>
<canvas name="2" width="1" height="1">
<vector name="origin" x="18" y="37"/>
<int name="z" value="0"/>
<vector name="lt" x="-15" y="-39"/>
<vector name="rb" x="16" y="0"/>
<string name="_outlink" value="Item/Pet/5002079.img/sit/0"/>
</canvas>
<canvas name="3" width="1" height="1">
<vector name="origin" x="18" y="37"/>
<int name="z" value="0"/>
<vector name="lt" x="-15" y="-39"/>
<vector name="rb" x="16" y="0"/>
<string name="_outlink" value="Item/Pet/5002079.img/sit/0"/>
</canvas>
<canvas name="4" width="1" height="1">
<vector name="origin" x="18" y="37"/>
<int name="z" value="0"/>
<vector name="lt" x="-15" y="-39"/>
<vector name="rb" x="16" y="0"/>
<string name="_outlink" value="Item/Pet/5002079.img/sit/0"/>
</canvas>
<canvas name="5" width="1" height="1">
<vector name="origin" x="18" y="37"/>
<int name="z" value="0"/>
<vector name="lt" x="-15" y="-39"/>
<vector name="rb" x="16" y="0"/>
<string name="_outlink" value="Item/Pet/5002079.img/sit/0"/>
</canvas>
<canvas name="6" width="1" height="1">
<vector name="origin" x="18" y="37"/>
<int name="z" value="0"/>
<vector name="lt" x="-15" y="-39"/>
<vector name="rb" x="16" y="0"/>
<string name="_outlink" value="Item/Pet/5002079.img/sit/0"/>
</canvas>
<canvas name="7" width="1" height="1">
<vector name="origin" x="18" y="37"/>
<int name="z" value="0"/>
<vector name="lt" x="-15" y="-39"/>
<vector name="rb" x="16" y="0"/>
<string name="_outlink" value="Item/Pet/5002079.img/sit/0"/>
</canvas>
</imgdir>
<uol name="fly" value="jump"/>
<imgdir name="roll">
<canvas name="0" width="1" height="1">
<vector name="origin" x="16" y="36"/>
<int name="z" value="0"/>
<vector name="lt" x="-15" y="-39"/>
<vector name="rb" x="16" y="0"/>
<string name="_hash" value="0b1f975327e9eeecf5afca4694bdddb9825f5c85a1932b27636f09f39ef3d431"/>
<string name="_outlink" value="Item/Pet/5002079.img/roll/0"/>
</canvas>
<canvas name="1" width="1" height="1">
<vector name="origin" x="16" y="36"/>
<int name="z" value="0"/>
<vector name="lt" x="-15" y="-39"/>
<vector name="rb" x="16" y="0"/>
<string name="_hash" value="5d1f8075d395af5b02597dbbd6a6ab25b174c2669fd242d2016c2d5ed053252d"/>
<string name="_outlink" value="Item/Pet/5002079.img/roll/1"/>
</canvas>
</imgdir>
<imgdir name="angry">
<canvas name="0" width="1" height="1">
<vector name="origin" x="18" y="44"/>
<int name="z" value="0"/>
<vector name="lt" x="-15" y="-39"/>
<vector name="rb" x="16" y="0"/>
<string name="_hash" value="875c7865a0f0bfe255741f07c6a5f792f4517ed592c59d2887f248b9372324a2"/>
<string name="_outlink" value="Item/Pet/5002079.img/angry/0"/>
</canvas>
<canvas name="1" width="1" height="1">
<vector name="origin" x="18" y="43"/>
<int name="z" value="0"/>
<vector name="lt" x="-15" y="-39"/>
<vector name="rb" x="16" y="0"/>
<string name="_outlink" value="Item/Pet/5002079.img/angry/0"/>
</canvas>
<canvas name="2" width="1" height="1">
<vector name="origin" x="18" y="42"/>
<int name="z" value="0"/>
<vector name="lt" x="-15" y="-39"/>
<vector name="rb" x="16" y="0"/>
<string name="_hash" value="ef4552499a9031d9e22c06d6c1bb8ac8f262d6dd636a5aca312e099a68bf587d"/>
<string name="_outlink" value="Item/Pet/5002079.img/angry/2"/>
</canvas>
<canvas name="3" width="1" height="1">
<vector name="origin" x="18" y="48"/>
<int name="z" value="0"/>
<vector name="lt" x="-15" y="-39"/>
<vector name="rb" x="16" y="0"/>
<string name="_hash" value="bef45f3b8fbc64a6fd4f8106d2299759542ae370c3487c7d7fabc4d8b472073e"/>
<string name="_outlink" value="Item/Pet/5002079.img/angry/3"/>
</canvas>
<canvas name="4" width="1" height="1">
<vector name="origin" x="18" y="48"/>
<int name="z" value="0"/>
<vector name="lt" x="-15" y="-39"/>
<vector name="rb" x="16" y="0"/>
<string name="_hash" value="9d6b5546b566692104be41b344acbf6446c941caa78dafa8150ea639a1d6418e"/>
<string name="_outlink" value="Item/Pet/5002079.img/angry/4"/>
</canvas>
<canvas name="5" width="1" height="1">
<vector name="origin" x="18" y="48"/>
<int name="z" value="0"/>
<vector name="lt" x="-15" y="-39"/>
<vector name="rb" x="16" y="0"/>
<string name="_outlink" value="Item/Pet/5002079.img/angry/3"/>
</canvas>
<canvas name="6" width="1" height="1">
<vector name="origin" x="18" y="48"/>
<int name="z" value="0"/>
<vector name="lt" x="-15" y="-39"/>
<vector name="rb" x="16" y="0"/>
<string name="_outlink" value="Item/Pet/5002079.img/angry/4"/>
</canvas>
<canvas name="7" width="1" height="1">
<vector name="origin" x="18" y="48"/>
<int name="z" value="0"/>
<vector name="lt" x="-15" y="-39"/>
<vector name="rb" x="16" y="0"/>
<string name="_outlink" value="Item/Pet/5002079.img/angry/3"/>
</canvas>
<canvas name="8" width="1" height="1">
<vector name="origin" x="18" y="42"/>
<int name="z" value="0"/>
<vector name="lt" x="-15" y="-39"/>
<vector name="rb" x="16" y="0"/>
<string name="_outlink" value="Item/Pet/5002079.img/angry/0"/>
</canvas>
<canvas name="9" width="1" height="1">
<vector name="origin" x="18" y="43"/>
<int name="z" value="0"/>
<vector name="lt" x="-15" y="-39"/>
<vector name="rb" x="16" y="0"/>
<string name="_outlink" value="Item/Pet/5002079.img/angry/0"/>
</canvas>
</imgdir>
<imgdir name="what">
<canvas name="0" width="1" height="1">
<vector name="origin" x="18" y="42"/>
<int name="z" value="0"/>
<vector name="lt" x="-15" y="-39"/>
<vector name="rb" x="16" y="0"/>
<string name="_hash" value="a4229dce8ec309ca7c332ade8196b3fdbda079a8aef60551d3e724f29f8d9588"/>
<string name="_outlink" value="Item/Pet/5002079.img/what/0"/>
</canvas>
<canvas name="1" width="1" height="1">
<vector name="origin" x="18" y="42"/>
<int name="z" value="0"/>
<vector name="lt" x="-15" y="-39"/>
<vector name="rb" x="16" y="0"/>
<string name="_hash" value="9de0461f1a68d568f8877d1d9ce5f22898c282f5ba9f72eeaded2ad5a9aba059"/>
<string name="_outlink" value="Item/Pet/5002079.img/what/1"/>
</canvas>
<canvas name="2" width="1" height="1">
<vector name="origin" x="18" y="42"/>
<int name="z" value="0"/>
<vector name="lt" x="-15" y="-39"/>
<vector name="rb" x="16" y="0"/>
<string name="_hash" value="bb54d56bf81af44651cbbb7c3acb1a19a75260f7343397969d5263eb924b732b"/>
<string name="_outlink" value="Item/Pet/5002079.img/what/2"/>
</canvas>
<canvas name="3" width="1" height="1">
<vector name="origin" x="18" y="42"/>
<int name="z" value="0"/>
<vector name="lt" x="-15" y="-39"/>
<vector name="rb" x="16" y="0"/>
<string name="_hash" value="54c2734b7196d09f42add048abeabc319feac9b8ef4daab46d6dc07fe5d77776"/>
<string name="_outlink" value="Item/Pet/5002079.img/what/3"/>
</canvas>
</imgdir>
</imgdir>
