<?xml version="1.0" encoding="UTF-8" standalone="yes"?><imgdir name="5002558.img"><imgdir name="info"><canvas name="icon" width="34" height="21"><vector name="origin" x="2" y="21"/><int name="z" value="0"/><string name="_hash" value="68f3181ce7e3b2015cc52ddacb5601f76dc9a09d21da6750a848e3999bcfbefb"/></canvas><canvas name="iconRaw" width="33" height="21"><vector name="origin" x="2" y="21"/><int name="z" value="0"/><string name="_hash" value="b22ec64ca4fc3f7839921cdeacaca1e4c234883840d22a69b546eab9129b553a"/></canvas><canvas name="iconD" width="35" height="21"><vector name="origin" x="2" y="21"/><int name="z" value="0"/><string name="_hash" value="b20e5461e2e32b90d95b4e25c867b374237af37ea1736033d1a186dfc762fc53"/></canvas><canvas name="iconRawD" width="35" height="21"><vector name="origin" x="2" y="21"/><int name="z" value="0"/><string name="_hash" value="9e77eb5f324e9d10878c6bf0f27fff57829537e38a0090d44fd99716fe00c813"/></canvas><int name="hungry" value="2"/><int name="cash" value="1"/><int name="life" value="90"/><int name="chatBalloon" value="682"/><int name="nameTag" value="682"/><int name="pickupItem" value="1"/><int name="multiPet" value="1"/><int name="sweepForDrop" value="1"/><int name="wonderGrade" value="1"/><int name="autoBuff" value="1"/><int name="setItemID" value="939"/></imgdir><imgdir name="interact"><imgdir name="0"><string name="command" value="c1"/><int name="inc" value="1"/><int name="prob" value="45"/><int name="l0" value="1"/><int name="l1" value="9"/><imgdir name="success"><imgdir name="0"><string name="act" value="rest0"/><string name="0" value="c1_s1"/><string name="1" value="c1_s2"/></imgdir></imgdir><imgdir name="fail"><imgdir name="0"><string name="act" value="stand0"/><string name="0" value="c1_f1"/><string name="1" value="c1_f2"/></imgdir></imgdir></imgdir><imgdir name="1"><string name="command" value="c2"/><int name="inc" value="1"/><int name="prob" value="60"/><int name="l0" value="10"/><int name="l1" value="19"/><imgdir name="success"><imgdir name="0"><string name="act" value="rest0"/><string name="0" value="c2_s1"/><string name="1" value="c2_s2"/><string name="2" value="c2_s3"/><string name="3" value="c2_s4"/></imgdir></imgdir><imgdir name="fail"><imgdir name="0"><string name="act" value="stand1"/><string name="0" value="c2_f1"/><string name="1" value="c2_f2"/><string name="2" value="c2_f3"/><string name="3" value="c2_f4"/></imgdir></imgdir></imgdir><imgdir name="2"><string name="command" value="c3"/><int name="inc" value="1"/><int name="prob" value="80"/><int name="l0" value="20"/><int name="l1" value="29"/><imgdir name="success"><imgdir name="0"><string name="act" value="rest0"/><string name="0" value="c3_s1"/><string name="1" value="c3_s2"/><string name="2" value="c3_s3"/><string name="3" value="c3_s4"/></imgdir></imgdir><imgdir name="fail"><imgdir name="0"><string name="act" value="stand1"/><string name="0" value="c3_f1"/><string name="1" value="c3_f2"/><string name="2" value="c3_f3"/><string name="3" value="c3_f4"/></imgdir></imgdir></imgdir><imgdir name="3"><string name="command" value="c4"/><int name="inc" value="1"/><int name="prob" value="90"/><int name="l0" value="30"/><int name="l1" value="30"/><imgdir name="success"><imgdir name="0"><string name="act" value="rest0"/><string name="0" value="c4_s1"/><string name="1" value="c4_s2"/><string name="2" value="c4_s3"/><string name="3" value="c4_s4"/></imgdir></imgdir><imgdir name="fail"><imgdir name="0"><string name="act" value="what"/><string name="0" value="c4_f1"/><string name="1" value="c4_f2"/><string name="2" value="c4_f3"/><string name="3" value="c4_f4"/></imgdir></imgdir></imgdir><imgdir name="4"><string name="command" value="c5"/><int name="inc" value="1"/><int name="prob" value="45"/><int name="l0" value="1"/><int name="l1" value="9"/><imgdir name="success"><imgdir name="0"><string name="act" value="cry"/><string name="0" value="c5_s1"/><string name="1" value="c5_s2"/></imgdir></imgdir><imgdir name="fail"><imgdir name="0"><string name="act" value="stand1"/><string name="0" value="c5_f1"/><string name="1" value="c5_f2"/></imgdir></imgdir></imgdir><imgdir name="5"><string name="command" value="c6"/><int name="inc" value="1"/><int name="prob" value="60"/><int name="l0" value="10"/><int name="l1" value="19"/><imgdir name="success"><imgdir name="0"><string name="act" value="cry"/><string name="0" value="c6_s1"/><string name="1" value="c6_s2"/><string name="2" value="c6_s3"/><string name="3" value="c6_s4"/></imgdir></imgdir><imgdir name="fail"><imgdir name="0"><string name="act" value="stand1"/><string name="0" value="c6_f1"/><string name="1" value="c6_f2"/><string name="2" value="c6_f3"/><string name="3" value="c6_f4"/></imgdir></imgdir></imgdir><imgdir name="6"><string name="command" value="c7"/><int name="inc" value="1"/><int name="prob" value="80"/><int name="l0" value="20"/><int name="l1" value="29"/><imgdir name="success"><imgdir name="0"><string name="act" value="cry"/><string name="0" value="c7_s1"/><string name="1" value="c7_s2"/><string name="2" value="c7_s3"/><string name="3" value="c7_s4"/></imgdir></imgdir><imgdir name="fail"><imgdir name="0"><string name="act" value="stand1"/><string name="0" value="c7_f1"/><string name="1" value="c7_f2"/><string name="2" value="c7_f3"/><string name="3" value="c7_f4"/></imgdir></imgdir></imgdir><imgdir name="7"><string name="command" value="c8"/><int name="inc" value="1"/><int name="prob" value="90"/><int name="l0" value="30"/><int name="l1" value="30"/><imgdir name="success"><imgdir name="0"><string name="act" value="cry"/><string name="0" value="c8_s1"/><string name="1" value="c8_s2"/><string name="2" value="c8_s3"/><string name="3" value="c8_s4"/></imgdir></imgdir><imgdir name="fail"><imgdir name="0"><string name="act" value="stand1"/><string name="0" value="c8_f1"/><string name="1" value="c8_f2"/><string name="2" value="c8_f3"/><string name="3" value="c8_f4"/></imgdir></imgdir></imgdir><imgdir name="8"><string name="command" value="c9"/><int name="inc" value="1"/><int name="prob" value="45"/><int name="l0" value="1"/><int name="l1" value="9"/><imgdir name="success"><imgdir name="0"><string name="act" value="love"/><string name="0" value="c9_s1"/><string name="1" value="c9_s2"/></imgdir></imgdir><imgdir name="fail"><imgdir name="0"><string name="act" value="stand0"/><string name="0" value="c9_f1"/><string name="1" value="c9_f2"/></imgdir></imgdir></imgdir><imgdir name="9"><string name="command" value="c10"/><int name="inc" value="1"/><int name="prob" value="60"/><int name="l0" value="10"/><int name="l1" value="19"/><imgdir name="success"><imgdir name="0"><string name="act" value="love"/><string name="0" value="c10_s1"/><string name="1" value="c10_s2"/><string name="2" value="c10_s3"/><string name="3" value="c10_s4"/></imgdir></imgdir><imgdir name="fail"><imgdir name="0"><string name="act" value="stand0"/><string name="0" value="c10_f1"/><string name="1" value="c10_f2"/><string name="2" value="c10_f3"/><string name="3" value="c10_f4"/></imgdir></imgdir></imgdir><imgdir name="10"><string name="command" value="c11"/><int name="inc" value="1"/><int name="prob" value="80"/><int name="l0" value="20"/><int name="l1" value="29"/><imgdir name="success"><imgdir name="0"><string name="act" value="love"/><string name="0" value="c11_s1"/><string name="1" value="c11_s2"/><string name="2" value="c11_s3"/><string name="3" value="c11_s4"/></imgdir></imgdir><imgdir name="fail"><imgdir name="0"><string name="act" value="what"/><string name="0" value="c11_f1"/><string name="1" value="c11_f2"/><string name="2" value="c11_f3"/><string name="3" value="c11_f4"/></imgdir></imgdir></imgdir><imgdir name="11"><string name="command" value="c12"/><int name="inc" value="1"/><int name="prob" value="90"/><int name="l0" value="30"/><int name="l1" value="30"/><imgdir name="success"><imgdir name="0"><string name="act" value="love"/><string name="0" value="c12_s1"/><string name="1" value="c12_s2"/><string name="2" value="c12_s3"/><string name="3" value="c12_s4"/></imgdir></imgdir><imgdir name="fail"><imgdir name="0"><string name="act" value="stand0"/><string name="0" value="c12_f1"/><string name="1" value="c12_f2"/><string name="2" value="c12_f3"/><string name="3" value="c12_f4"/></imgdir></imgdir></imgdir><imgdir name="12"><string name="command" value="c13"/><int name="inc" value="1"/><int name="prob" value="60"/><int name="l0" value="10"/><int name="l1" value="19"/><imgdir name="success"><imgdir name="0"><string name="act" value="dung"/><string name="0" value="c13_s1"/><string name="1" value="c13_s2"/><string name="2" value="c13_s3"/><string name="3" value="c13_s4"/></imgdir></imgdir><imgdir name="fail"><imgdir name="0"><string name="act" value="what"/><string name="0" value="c13_f1"/><string name="1" value="c13_f2"/><string name="2" value="c13_f3"/><string name="3" value="c13_f4"/></imgdir></imgdir></imgdir><imgdir name="13"><string name="command" value="c14"/><int name="inc" value="1"/><int name="prob" value="80"/><int name="l0" value="20"/><int name="l1" value="29"/><imgdir name="success"><imgdir name="0"><string name="act" value="dung"/><string name="0" value="c14_s1"/><string name="1" value="c14_s2"/><string name="2" value="c14_s3"/><string name="3" value="c14_s4"/></imgdir></imgdir><imgdir name="fail"><imgdir name="0"><string name="act" value="cry"/><string name="0" value="c14_f1"/><string name="1" value="c14_f2"/><string name="2" value="c14_f3"/><string name="3" value="c14_f4"/></imgdir></imgdir></imgdir><imgdir name="14"><string name="command" value="c15"/><int name="inc" value="1"/><int name="prob" value="90"/><int name="l0" value="30"/><int name="l1" value="30"/><imgdir name="success"><imgdir name="0"><string name="act" value="dung"/><string name="0" value="c15_s1"/><string name="1" value="c15_s2"/><string name="2" value="c15_s3"/><string name="3" value="c15_s4"/></imgdir></imgdir><imgdir name="fail"><imgdir name="0"><string name="act" value="chat"/><string name="0" value="c15_f1"/><string name="1" value="c15_f2"/><string name="2" value="c15_f3"/><string name="3" value="c15_f4"/></imgdir></imgdir></imgdir><imgdir name="15"><string name="command" value="c16"/><int name="inc" value="1"/><int name="prob" value="60"/><int name="l0" value="10"/><int name="l1" value="19"/><imgdir name="success"><imgdir name="0"><string name="act" value="sleep"/><string name="0" value="c16_s1"/><string name="1" value="c16_s2"/><string name="2" value="c16_s3"/><string name="3" value="c16_s4"/></imgdir></imgdir><imgdir name="fail"><imgdir name="0"><string name="act" value="hungry"/><string name="0" value="c16_f1"/><string name="1" value="c16_f2"/><string name="2" value="c16_f3"/><string name="3" value="c16_f4"/></imgdir></imgdir></imgdir><imgdir name="16"><string name="command" value="c17"/><int name="inc" value="2"/><int name="prob" value="80"/><int name="l0" value="20"/><int name="l1" value="29"/><imgdir name="success"><imgdir name="0"><string name="act" value="sleep"/><string name="0" value="c17_s1"/><string name="1" value="c17_s2"/><string name="2" value="c17_s3"/><string name="3" value="c17_s4"/></imgdir></imgdir><imgdir name="fail"><imgdir name="0"><string name="act" value="jump"/><string name="0" value="c17_f1"/><string name="1" value="c17_f2"/><string name="2" value="c17_f3"/><string name="3" value="c17_f4"/></imgdir></imgdir></imgdir><imgdir name="17"><string name="command" value="c18"/><int name="inc" value="2"/><int name="prob" value="90"/><int name="l0" value="30"/><int name="l1" value="30"/><imgdir name="success"><imgdir name="0"><string name="act" value="sleep"/><string name="0" value="c18_s1"/><string name="1" value="c18_s2"/><string name="2" value="c18_s3"/><string name="3" value="c18_s4"/></imgdir></imgdir><imgdir name="fail"><imgdir name="0"><string name="act" value="move"/><string name="0" value="c18_f1"/><string name="1" value="c18_f2"/><string name="2" value="c18_f3"/><string name="3" value="c18_f4"/></imgdir></imgdir></imgdir><imgdir name="18"><string name="command" value="c19"/><int name="inc" value="2"/><int name="prob" value="60"/><int name="l0" value="10"/><int name="l1" value="19"/><imgdir name="success"><imgdir name="0"><string name="act" value="chat"/><string name="0" value="c19_s1"/><string name="1" value="c19_s2"/><string name="2" value="c19_s3"/><string name="3" value="c19_s4"/></imgdir></imgdir><imgdir name="fail"><imgdir name="0"><string name="act" value="what"/><string name="0" value="c19_f1"/><string name="1" value="c19_f2"/><string name="2" value="c19_f3"/><string name="3" value="c19_f4"/></imgdir></imgdir></imgdir><imgdir name="19"><string name="command" value="c20"/><int name="inc" value="2"/><int name="prob" value="80"/><int name="l0" value="20"/><int name="l1" value="29"/><imgdir name="success"><imgdir name="0"><string name="act" value="chat"/><string name="0" value="c20_s1"/><string name="1" value="c20_s2"/><string name="2" value="c20_s3"/><string name="3" value="c20_s4"/></imgdir></imgdir><imgdir name="fail"><imgdir name="0"><string name="act" value="what"/><string name="0" value="c20_f1"/><string name="1" value="c20_f2"/><string name="2" value="c20_f3"/><string name="3" value="c20_f4"/></imgdir></imgdir></imgdir><imgdir name="20"><string name="command" value="c21"/><int name="inc" value="2"/><int name="prob" value="90"/><int name="l0" value="30"/><int name="l1" value="30"/><imgdir name="success"><imgdir name="0"><string name="act" value="chat"/><string name="0" value="c21_s1"/><string name="1" value="c21_s2"/><string name="2" value="c21_s3"/><string name="3" value="c21_s4"/></imgdir></imgdir><imgdir name="fail"><imgdir name="0"><string name="act" value="what"/><string name="0" value="c21_f1"/><string name="1" value="c21_f2"/><string name="2" value="c21_f3"/><string name="3" value="c21_f4"/></imgdir></imgdir></imgdir></imgdir><imgdir name="food"><imgdir name="0"><int name="l0" value="1"/><int name="l1" value="9"/><imgdir name="success"><imgdir name="0"><string name="act" value="eat"/><string name="0" value="f1_s"/></imgdir></imgdir><imgdir name="fail"><imgdir name="0"><string name="act" value="cry"/><string name="0" value="f1_f"/></imgdir></imgdir></imgdir><imgdir name="1"><int name="l0" value="10"/><int name="l1" value="19"/><imgdir name="success"><imgdir name="0"><string name="act" value="eat"/><string name="0" value="f2_s"/></imgdir></imgdir><imgdir name="fail"><imgdir name="0"><string name="act" value="cry"/><string name="0" value="f2_f"/></imgdir></imgdir></imgdir><imgdir name="2"><int name="l0" value="20"/><int name="l1" value="29"/><imgdir name="success"><imgdir name="0"><string name="act" value="eat"/><string name="0" value="f3_s"/></imgdir></imgdir><imgdir name="fail"><imgdir name="0"><string name="act" value="cry"/><string name="0" value="f3_f"/></imgdir></imgdir></imgdir><imgdir name="3"><int name="l0" value="30"/><int name="l1" value="30"/><imgdir name="success"><imgdir name="0"><string name="act" value="eat"/><string name="0" value="f4_s"/></imgdir></imgdir><imgdir name="fail"><imgdir name="0"><string name="act" value="cry"/><string name="0" value="f4_f"/></imgdir></imgdir></imgdir></imgdir><imgdir name="slang"><imgdir name="0"><int name="l0" value="1"/><int name="l1" value="9"/><string name="act" value="cry"/><string name="0" value="s1"/></imgdir><imgdir name="1"><int name="l0" value="10"/><int name="l1" value="19"/><string name="act" value="cry"/><string name="0" value="s2"/></imgdir><imgdir name="2"><int name="l0" value="20"/><int name="l1" value="29"/><string name="act" value="what"/><string name="0" value="s3"/></imgdir><imgdir name="3"><int name="l0" value="30"/><int name="l1" value="30"/><string name="act" value="what"/><string name="0" value="s4"/></imgdir></imgdir><imgdir name="stand0"><canvas name="0" width="44" height="26"><vector name="origin" x="19" y="21"/><int name="z" value="0"/><vector name="lt" x="-19" y="-21"/><vector name="rb" x="25" y="5"/><int name="delay" value="180"/><string name="_hash" value="6f02e5bef856dbdd58a72b8241994d337b758afcb5cdfb02ac0ae5ea173a6e4a"/></canvas><canvas name="1" width="1" height="1"><vector name="origin" x="19" y="21"/><int name="z" value="0"/><vector name="lt" x="-19" y="-21"/><vector name="rb" x="25" y="5"/><int name="delay" value="180"/><string name="_inlink" value="stand0/0"/></canvas><canvas name="2" width="44" height="26"><vector name="origin" x="19" y="21"/><int name="z" value="0"/><vector name="lt" x="-19" y="-21"/><vector name="rb" x="25" y="5"/><int name="delay" value="180"/><string name="_hash" value="641448d7d4e063e4cf1f7348694a9d82c97342ade47c936a4deff57d78bfab1d"/></canvas><canvas name="3" width="1" height="1"><vector name="origin" x="19" y="21"/><int name="z" value="0"/><vector name="lt" x="-19" y="-21"/><vector name="rb" x="25" y="5"/><int name="delay" value="180"/><string name="_inlink" value="stand0/2"/></canvas><canvas name="4" width="1" height="1"><vector name="origin" x="19" y="21"/><int name="z" value="0"/><vector name="lt" x="-19" y="-21"/><vector name="rb" x="25" y="5"/><int name="delay" value="180"/><string name="_inlink" value="stand0/2"/></canvas><canvas name="5" width="44" height="27"><vector name="origin" x="19" y="22"/><int name="z" value="0"/><vector name="lt" x="-19" y="-22"/><vector name="rb" x="25" y="5"/><int name="delay" value="180"/><string name="_hash" value="9e26aa131bcc2b7049544e76296ab81d0f682988135c83697816dc9101d49168"/></canvas><canvas name="6" width="1" height="1"><vector name="origin" x="19" y="22"/><int name="z" value="0"/><vector name="lt" x="-19" y="-22"/><vector name="rb" x="25" y="5"/><int name="delay" value="180"/><string name="_inlink" value="stand0/5"/></canvas><canvas name="7" width="1" height="1"><vector name="origin" x="19" y="21"/><int name="z" value="0"/><vector name="lt" x="-19" y="-21"/><vector name="rb" x="25" y="5"/><int name="delay" value="180"/><string name="_inlink" value="stand0/2"/></canvas><canvas name="8" width="1" height="1"><vector name="origin" x="19" y="21"/><int name="z" value="0"/><vector name="lt" x="-19" y="-21"/><vector name="rb" x="25" y="5"/><int name="delay" value="180"/><string name="_inlink" value="stand0/2"/></canvas></imgdir><imgdir name="stand1"><canvas name="0" width="1" height="1"><vector name="origin" x="19" y="21"/><int name="z" value="0"/><vector name="lt" x="-19" y="-21"/><vector name="rb" x="25" y="5"/><int name="delay" value="180"/><string name="_inlink" value="stand0/0"/></canvas><canvas name="1" width="1" height="1"><vector name="origin" x="19" y="21"/><int name="z" value="0"/><vector name="lt" x="-19" y="-21"/><vector name="rb" x="25" y="5"/><int name="delay" value="180"/><string name="_inlink" value="stand0/0"/></canvas><canvas name="2" width="1" height="1"><vector name="origin" x="19" y="21"/><int name="z" value="0"/><vector name="lt" x="-19" y="-21"/><vector name="rb" x="25" y="5"/><int name="delay" value="180"/><string name="_inlink" value="stand0/2"/></canvas><canvas name="3" width="1" height="1"><vector name="origin" x="19" y="21"/><int name="z" value="0"/><vector name="lt" x="-19" y="-21"/><vector name="rb" x="25" y="5"/><int name="delay" value="180"/><string name="_inlink" value="stand0/2"/></canvas><canvas name="4" width="1" height="1"><vector name="origin" x="19" y="21"/><int name="z" value="0"/><vector name="lt" x="-19" y="-21"/><vector name="rb" x="25" y="5"/><int name="delay" value="180"/><string name="_inlink" value="stand0/2"/></canvas><canvas name="5" width="44" height="27"><vector name="origin" x="19" y="22"/><int name="z" value="0"/><vector name="lt" x="-19" y="-22"/><vector name="rb" x="25" y="5"/><int name="delay" value="180"/><string name="_hash" value="b5bf8fc0b742021caec656343361ad5590eb76784d8ae5010821954b37dc13d6"/></canvas><canvas name="6" width="1" height="1"><vector name="origin" x="19" y="22"/><int name="z" value="0"/><vector name="lt" x="-19" y="-22"/><vector name="rb" x="25" y="5"/><int name="delay" value="180"/><string name="_inlink" value="stand1/5"/></canvas><canvas name="7" width="1" height="1"><vector name="origin" x="19" y="21"/><int name="z" value="0"/><vector name="lt" x="-19" y="-21"/><vector name="rb" x="25" y="5"/><int name="delay" value="180"/><string name="_inlink" value="stand0/2"/></canvas><canvas name="8" width="1" height="1"><vector name="origin" x="19" y="21"/><int name="z" value="0"/><vector name="lt" x="-19" y="-21"/><vector name="rb" x="25" y="5"/><int name="delay" value="180"/><string name="_inlink" value="stand0/2"/></canvas></imgdir><imgdir name="rest0"><canvas name="0" width="43" height="26"><vector name="origin" x="19" y="21"/><int name="z" value="0"/><vector name="lt" x="-19" y="-21"/><vector name="rb" x="24" y="5"/><int name="delay" value="180"/><string name="_hash" value="6dde1805d2cc92430683fde9eb0a918b2beeaf6458a9f9f771495fcc3bc531d1"/></canvas><canvas name="1" width="1" height="1"><vector name="origin" x="19" y="21"/><int name="z" value="0"/><vector name="lt" x="-19" y="-21"/><vector name="rb" x="24" y="5"/><int name="delay" value="180"/><string name="_inlink" value="rest0/0"/></canvas><canvas name="2" width="44" height="26"><vector name="origin" x="19" y="21"/><int name="z" value="0"/><vector name="lt" x="-19" y="-21"/><vector name="rb" x="25" y="5"/><int name="delay" value="180"/><string name="_hash" value="7ee418e6b052da23fc7e054ea6c815d5c7ab2ae750ff495dc36094941de6e926"/></canvas><canvas name="3" width="1" height="1"><vector name="origin" x="19" y="21"/><int name="z" value="0"/><vector name="lt" x="-19" y="-21"/><vector name="rb" x="25" y="5"/><int name="delay" value="180"/><string name="_inlink" value="rest0/2"/></canvas><canvas name="4" width="1" height="1"><vector name="origin" x="19" y="21"/><int name="z" value="0"/><vector name="lt" x="-19" y="-21"/><vector name="rb" x="24" y="5"/><int name="delay" value="180"/><string name="_inlink" value="rest0/0"/></canvas><canvas name="5" width="1" height="1"><vector name="origin" x="19" y="21"/><int name="z" value="0"/><vector name="lt" x="-19" y="-21"/><vector name="rb" x="24" y="5"/><int name="delay" value="180"/><string name="_inlink" value="rest0/0"/></canvas><canvas name="6" width="1" height="1"><vector name="origin" x="19" y="21"/><int name="z" value="0"/><vector name="lt" x="-19" y="-21"/><vector name="rb" x="25" y="5"/><int name="delay" value="180"/><string name="_inlink" value="rest0/2"/></canvas><canvas name="7" width="1" height="1"><vector name="origin" x="19" y="21"/><int name="z" value="0"/><vector name="lt" x="-19" y="-21"/><vector name="rb" x="25" y="5"/><int name="delay" value="180"/><string name="_inlink" value="rest0/2"/></canvas><canvas name="8" width="1" height="1"><vector name="origin" x="19" y="21"/><int name="z" value="0"/><vector name="lt" x="-19" y="-21"/><vector name="rb" x="24" y="5"/><int name="delay" value="180"/><string name="_inlink" value="rest0/0"/></canvas></imgdir><imgdir name="move"><canvas name="0" width="44" height="26"><vector name="origin" x="19" y="21"/><int name="z" value="0"/><vector name="lt" x="-19" y="-21"/><vector name="rb" x="25" y="5"/><int name="delay" value="180"/><string name="_hash" value="aedacb146ea79e6f33ae72c2d3d914b2ef007dfff3015dc5f9a82d603df967de"/></canvas><canvas name="1" width="43" height="26"><vector name="origin" x="19" y="21"/><int name="z" value="0"/><vector name="lt" x="-19" y="-21"/><vector name="rb" x="24" y="5"/><int name="delay" value="180"/><string name="_hash" value="8fb20690c2f32fa17fc59b7b572df39ab0c7ef837d24c799207a8a739e0e20ea"/></canvas><canvas name="2" width="1" height="1"><vector name="origin" x="19" y="21"/><int name="z" value="0"/><vector name="lt" x="-19" y="-21"/><vector name="rb" x="24" y="5"/><int name="delay" value="180"/><string name="_inlink" value="move/1"/></canvas><canvas name="3" width="1" height="1"><vector name="origin" x="19" y="21"/><int name="z" value="0"/><vector name="lt" x="-19" y="-21"/><vector name="rb" x="25" y="5"/><int name="delay" value="180"/><string name="_inlink" value="move/0"/></canvas><canvas name="4" width="1" height="1"><vector name="origin" x="19" y="21"/><int name="z" value="0"/><vector name="lt" x="-19" y="-21"/><vector name="rb" x="24" y="5"/><int name="delay" value="180"/><string name="_inlink" value="move/1"/></canvas><canvas name="5" width="1" height="1"><vector name="origin" x="19" y="21"/><int name="z" value="0"/><vector name="lt" x="-19" y="-21"/><vector name="rb" x="24" y="5"/><int name="delay" value="180"/><string name="_inlink" value="move/1"/></canvas><canvas name="6" width="1" height="1"><vector name="origin" x="19" y="21"/><int name="z" value="0"/><vector name="lt" x="-19" y="-21"/><vector name="rb" x="25" y="5"/><int name="delay" value="180"/><string name="_inlink" value="move/0"/></canvas><canvas name="7" width="1" height="1"><vector name="origin" x="19" y="21"/><int name="z" value="0"/><vector name="lt" x="-19" y="-21"/><vector name="rb" x="24" y="5"/><int name="delay" value="180"/><string name="_inlink" value="move/1"/></canvas><canvas name="8" width="1" height="1"><vector name="origin" x="19" y="21"/><int name="z" value="0"/><vector name="lt" x="-19" y="-21"/><vector name="rb" x="24" y="5"/><int name="delay" value="180"/><string name="_inlink" value="move/1"/></canvas></imgdir><imgdir name="jump"><canvas name="0" width="36" height="39"><vector name="origin" x="15" y="39"/><int name="z" value="0"/><vector name="lt" x="-15" y="-39"/><vector name="rb" x="21" y="0"/><int name="delay" value="180"/><string name="_hash" value="52dc56f4ed9a716f1be495dfba3144b2e0782c9bd4e09ecf6c38034574cf23ae"/></canvas></imgdir><imgdir name="hungry"><canvas name="0" width="47" height="26"><vector name="origin" x="22" y="21"/><int name="z" value="0"/><vector name="lt" x="-22" y="-21"/><vector name="rb" x="25" y="5"/><int name="delay" value="180"/><string name="_hash" value="e17420f8dc678c6deebd834ac51c64ae5fe8c2b4be7ea2f480a1706d1c7f79a7"/></canvas><canvas name="1" width="47" height="26"><vector name="origin" x="22" y="21"/><int name="z" value="0"/><vector name="lt" x="-22" y="-21"/><vector name="rb" x="25" y="5"/><int name="delay" value="180"/><string name="_hash" value="e1b2ce90976a8347691acf5e6fb893bbc9ab66b2550b08c74c1bea5c47ba01b6"/></canvas><canvas name="2" width="1" height="1"><vector name="origin" x="22" y="21"/><int name="z" value="0"/><vector name="lt" x="-22" y="-21"/><vector name="rb" x="25" y="5"/><int name="delay" value="180"/><string name="_inlink" value="hungry/0"/></canvas><canvas name="3" width="1" height="1"><vector name="origin" x="22" y="21"/><int name="z" value="0"/><vector name="lt" x="-22" y="-21"/><vector name="rb" x="25" y="5"/><int name="delay" value="180"/><string name="_inlink" value="hungry/1"/></canvas><canvas name="4" width="1" height="1"><vector name="origin" x="22" y="21"/><int name="z" value="0"/><vector name="lt" x="-22" y="-21"/><vector name="rb" x="25" y="5"/><int name="delay" value="180"/><string name="_inlink" value="hungry/1"/></canvas><canvas name="5" width="1" height="1"><vector name="origin" x="22" y="21"/><int name="z" value="0"/><vector name="lt" x="-22" y="-21"/><vector name="rb" x="25" y="5"/><int name="delay" value="180"/><string name="_inlink" value="hungry/1"/></canvas></imgdir><imgdir name="hang"><canvas name="0" width="35" height="36"><vector name="origin" x="15" y="39"/><int name="z" value="0"/><vector name="lt" x="-15" y="-39"/><vector name="rb" x="20" y="-3"/><int name="delay" value="180"/><string name="_hash" value="84b25695140f0f2ec5c46b724a3e177d75a51d533b1bd6fd077a931357a70f5b"/></canvas></imgdir><imgdir name="eat"><canvas name="0" width="44" height="27"><vector name="origin" x="19" y="22"/><int name="z" value="0"/><vector name="lt" x="-19" y="-22"/><vector name="rb" x="25" y="5"/><int name="delay" value="180"/><string name="_hash" value="151716bd678c76906961289e8599ea584a1e2f40bbdf0f86b0f10837a174f71f"/></canvas><canvas name="1" width="44" height="27"><vector name="origin" x="19" y="22"/><int name="z" value="0"/><vector name="lt" x="-19" y="-22"/><vector name="rb" x="25" y="5"/><int name="delay" value="180"/><string name="_hash" value="e3b52347e7203109639af7efbf9941b44e109541e987a65211edd9b4e4faad57"/></canvas><canvas name="2" width="1" height="1"><vector name="origin" x="19" y="22"/><int name="z" value="0"/><vector name="lt" x="-19" y="-22"/><vector name="rb" x="25" y="5"/><int name="delay" value="180"/><string name="_inlink" value="eat/0"/></canvas><canvas name="3" width="1" height="1"><vector name="origin" x="19" y="22"/><int name="z" value="0"/><vector name="lt" x="-19" y="-22"/><vector name="rb" x="25" y="5"/><int name="delay" value="180"/><string name="_inlink" value="eat/1"/></canvas><canvas name="4" width="44" height="27"><vector name="origin" x="19" y="22"/><int name="z" value="0"/><vector name="lt" x="-19" y="-22"/><vector name="rb" x="25" y="5"/><int name="delay" value="180"/><string name="_hash" value="eb6bfb86e241fd0be5b1c950808719ceca03d62ff91d1c0cd96e3f13b0e86288"/></canvas><canvas name="5" width="1" height="1"><vector name="origin" x="19" y="22"/><int name="z" value="0"/><vector name="lt" x="-19" y="-22"/><vector name="rb" x="25" y="5"/><int name="delay" value="180"/><string name="_inlink" value="eat/1"/></canvas></imgdir><imgdir name="chat"><canvas name="0" width="47" height="26"><vector name="origin" x="22" y="21"/><int name="z" value="0"/><vector name="lt" x="-22" y="-21"/><vector name="rb" x="25" y="5"/><int name="delay" value="180"/><string name="_hash" value="d399b6f3e9e4d7b667594fafbe1d675e6afe40f159bb719bc63f008ee1622f9f"/></canvas><canvas name="1" width="45" height="26"><vector name="origin" x="20" y="21"/><int name="z" value="0"/><vector name="lt" x="-20" y="-21"/><vector name="rb" x="25" y="5"/><int name="delay" value="180"/><string name="_hash" value="464aed3b88f1eee2fa8f302d08611eb8671ec692667be453eea5a6a4699611c1"/></canvas><canvas name="2" width="1" height="1"><vector name="origin" x="22" y="21"/><int name="z" value="0"/><vector name="lt" x="-22" y="-21"/><vector name="rb" x="25" y="5"/><int name="delay" value="180"/><string name="_inlink" value="chat/0"/></canvas><canvas name="3" width="1" height="1"><vector name="origin" x="20" y="21"/><int name="z" value="0"/><vector name="lt" x="-20" y="-21"/><vector name="rb" x="25" y="5"/><int name="delay" value="180"/><string name="_inlink" value="chat/1"/></canvas><canvas name="4" width="1" height="1"><vector name="origin" x="20" y="21"/><int name="z" value="0"/><vector name="lt" x="-20" y="-21"/><vector name="rb" x="25" y="5"/><int name="delay" value="180"/><string name="_inlink" value="chat/1"/></canvas><canvas name="5" width="1" height="1"><vector name="origin" x="20" y="21"/><int name="z" value="0"/><vector name="lt" x="-20" y="-21"/><vector name="rb" x="25" y="5"/><int name="delay" value="180"/><string name="_inlink" value="chat/1"/></canvas></imgdir><imgdir name="love"><canvas name="0" width="44" height="32"><vector name="origin" x="19" y="27"/><int name="z" value="0"/><vector name="lt" x="-19" y="-27"/><vector name="rb" x="25" y="5"/><int name="delay" value="180"/><string name="_hash" value="95d561877949ad551e4541204cbc390cd58b9b9542f5a3fde9a7f666aa54ca10"/></canvas><canvas name="1" width="43" height="35"><vector name="origin" x="18" y="30"/><int name="z" value="0"/><vector name="lt" x="-18" y="-30"/><vector name="rb" x="25" y="5"/><int name="delay" value="180"/><string name="_hash" value="d8d85e24d58daafd26dfd75ae0386f3907e1686dbf7ebb7a9cd6ba9eda30d223"/></canvas><canvas name="2" width="43" height="38"><vector name="origin" x="18" y="33"/><int name="z" value="0"/><vector name="lt" x="-18" y="-33"/><vector name="rb" x="25" y="5"/><int name="delay" value="180"/><string name="_hash" value="60f532ccb116a25d6ebdc01bdf3e7a1e6365beca09e72c317ba91e689b8c7ef5"/></canvas><canvas name="3" width="43" height="42"><vector name="origin" x="18" y="37"/><int name="z" value="0"/><vector name="lt" x="-18" y="-37"/><vector name="rb" x="25" y="5"/><int name="delay" value="180"/><string name="_hash" value="0702df50fbd8061a4b0c55abf91c3e40442a2a30a7e7f59237b87285c6a9e840"/></canvas></imgdir><imgdir name="cry"><canvas name="0" width="44" height="27"><vector name="origin" x="19" y="22"/><int name="z" value="0"/><vector name="lt" x="-19" y="-22"/><vector name="rb" x="25" y="5"/><int name="delay" value="180"/><string name="_hash" value="e3b856536e0289d0a398ae4bce1319e8dab449c31c474176fee31e065c83f5cb"/></canvas><canvas name="1" width="44" height="27"><vector name="origin" x="19" y="22"/><int name="z" value="0"/><vector name="lt" x="-19" y="-22"/><vector name="rb" x="25" y="5"/><int name="delay" value="180"/><string name="_hash" value="53bb0182e80ae55913855708742a9da9ad9addca21722819dc021f692f360949"/></canvas><canvas name="2" width="44" height="27"><vector name="origin" x="19" y="22"/><int name="z" value="0"/><vector name="lt" x="-19" y="-22"/><vector name="rb" x="25" y="5"/><int name="delay" value="180"/><string name="_hash" value="8a1888cf30e813bb62cece5bd936a71ae35789c953d1f249a9b766c0ddba0c31"/></canvas><canvas name="3" width="44" height="27"><vector name="origin" x="19" y="22"/><int name="z" value="0"/><vector name="lt" x="-19" y="-22"/><vector name="rb" x="25" y="5"/><int name="delay" value="180"/><string name="_hash" value="b9688c54be4f72083b440eb58ef98bd1fcd7a6f108811b9bd45fbeab8106c538"/></canvas></imgdir><imgdir name="dung"><canvas name="0" width="44" height="27"><vector name="origin" x="19" y="22"/><int name="z" value="0"/><vector name="lt" x="-19" y="-22"/><vector name="rb" x="25" y="5"/><int name="delay" value="180"/><string name="_hash" value="f9526b2ebb5ac7930f3bca3d97b989fbde2eeb97bc7442a6815b89288ff3cc97"/></canvas><canvas name="1" width="1" height="1"><vector name="origin" x="19" y="22"/><int name="z" value="0"/><vector name="lt" x="-19" y="-22"/><vector name="rb" x="25" y="5"/><int name="delay" value="180"/><string name="_inlink" value="dung/0"/></canvas><canvas name="2" width="46" height="27"><vector name="origin" x="19" y="22"/><int name="z" value="0"/><vector name="lt" x="-19" y="-22"/><vector name="rb" x="27" y="5"/><int name="delay" value="180"/><string name="_hash" value="b076e7c5d51c55d38b823ccdf887d3a4ee9e6bc798ccd69fecbd52ed8313285f"/></canvas><canvas name="3" width="46" height="27"><vector name="origin" x="19" y="22"/><int name="z" value="0"/><vector name="lt" x="-19" y="-22"/><vector name="rb" x="27" y="5"/><int name="delay" value="180"/><string name="_hash" value="cd9b33b6cbac08fd3bc313276d404d0515ce2a7251afa8e023ebae3edb2e2ab5"/></canvas><canvas name="4" width="47" height="27"><vector name="origin" x="19" y="22"/><int name="z" value="0"/><vector name="lt" x="-19" y="-22"/><vector name="rb" x="28" y="5"/><int name="delay" value="180"/><string name="_hash" value="d7c57f59bd74b7398d67e9be869f8e76d607ee2e3e417667ba3c424271ad1c60"/></canvas><canvas name="5" width="48" height="27"><vector name="origin" x="19" y="22"/><int name="z" value="0"/><vector name="lt" x="-19" y="-22"/><vector name="rb" x="29" y="5"/><int name="delay" value="180"/><string name="_hash" value="8f642a15bf845f426132f9d6b2d327cb0d4e4a6608b1811fa3d2676e84c8864b"/></canvas></imgdir><imgdir name="sleep"><canvas name="0" width="43" height="28"><vector name="origin" x="18" y="23"/><int name="z" value="0"/><vector name="lt" x="-18" y="-23"/><vector name="rb" x="25" y="5"/><int name="delay" value="180"/><string name="_hash" value="2d41319cdfdec1fac3958dcb67b623fcaf6c5e0a47033c1e89966a8b3714cdee"/></canvas><canvas name="1" width="43" height="28"><vector name="origin" x="18" y="23"/><int name="z" value="0"/><vector name="lt" x="-18" y="-23"/><vector name="rb" x="25" y="5"/><int name="delay" value="180"/><string name="_hash" value="7ffc802c6f053dd618cc8948e45a6367ad33a43fbad82b66ae24de482f9b6726"/></canvas><canvas name="2" width="43" height="33"><vector name="origin" x="18" y="28"/><int name="z" value="0"/><vector name="lt" x="-18" y="-28"/><vector name="rb" x="25" y="5"/><int name="delay" value="180"/><string name="_hash" value="95ff7fa5acff3e9bf639b37d1bfb84aead7109aadd423234106784042aa2bd27"/></canvas><canvas name="3" width="43" height="33"><vector name="origin" x="18" y="28"/><int name="z" value="0"/><vector name="lt" x="-18" y="-28"/><vector name="rb" x="25" y="5"/><int name="delay" value="180"/><string name="_hash" value="3af89d3097c410b3bfa89eda1f21da6e56c482d84bfec465f5973508f12228d3"/></canvas><canvas name="4" width="47" height="39"><vector name="origin" x="18" y="34"/><int name="z" value="0"/><vector name="lt" x="-18" y="-34"/><vector name="rb" x="29" y="5"/><int name="delay" value="180"/><string name="_hash" value="6b6dc2fc63a286633b8f7c9ae6b6a3e694c44aed47941d7fdf239b5046199fbd"/></canvas><canvas name="5" width="47" height="39"><vector name="origin" x="18" y="34"/><int name="z" value="0"/><vector name="lt" x="-18" y="-34"/><vector name="rb" x="29" y="5"/><int name="delay" value="180"/><string name="_hash" value="607da9e1dea477a98f621f8f35ed1858c60e2cdf6f6cdce0535c0023567f5b3b"/></canvas><canvas name="6" width="47" height="39"><vector name="origin" x="18" y="34"/><int name="z" value="0"/><vector name="lt" x="-18" y="-34"/><vector name="rb" x="29" y="5"/><int name="delay" value="180"/><string name="_hash" value="e5e0f30887a552683644864ba8dce0ab89c9327c5e18b37dcd1ef59e846ff5f3"/></canvas><canvas name="7" width="47" height="39"><vector name="origin" x="18" y="34"/><int name="z" value="0"/><vector name="lt" x="-18" y="-34"/><vector name="rb" x="29" y="5"/><int name="delay" value="180"/><string name="_hash" value="5f4cffa6d39f12bafa7828281d2d05bd3054f88682508d6a7fd9cb588fa09edb"/></canvas><canvas name="8" width="47" height="39"><vector name="origin" x="18" y="34"/><int name="z" value="0"/><vector name="lt" x="-18" y="-34"/><vector name="rb" x="29" y="5"/><int name="delay" value="180"/><string name="_hash" value="ce484346eaa08a14daf2a28a9abf438f0472ff8392133b88dfaf0ca1e3f75e26"/></canvas></imgdir><imgdir name="angry"><canvas name="0" width="43" height="33"><vector name="origin" x="20" y="28"/><int name="z" value="0"/><vector name="lt" x="-20" y="-28"/><vector name="rb" x="23" y="5"/><int name="delay" value="180"/><string name="_hash" value="6dd58414fb81fc896e87546aa2465db537b0c7fad79336270792eb6b8341b44c"/></canvas><canvas name="1" width="45" height="32"><vector name="origin" x="21" y="27"/><int name="z" value="0"/><vector name="lt" x="-21" y="-27"/><vector name="rb" x="24" y="5"/><int name="delay" value="180"/><string name="_hash" value="edddba36b7f5728a32fcb2076d908d87e37320995d17d43c6e633285e7b8616e"/></canvas><canvas name="2" width="46" height="31"><vector name="origin" x="22" y="26"/><int name="z" value="0"/><vector name="lt" x="-22" y="-26"/><vector name="rb" x="24" y="5"/><int name="delay" value="180"/><string name="_hash" value="4edd3f5d4fee59b01e04e5a88c474af155b176948f6975035815c8c8bc54441c"/></canvas><canvas name="3" width="46" height="31"><vector name="origin" x="22" y="26"/><int name="z" value="0"/><vector name="lt" x="-22" y="-26"/><vector name="rb" x="24" y="5"/><int name="delay" value="180"/><string name="_hash" value="a304f80dca6375da8d0a9f3f5d72a7a8501f02994845cc86c429d168c21374b8"/></canvas><canvas name="4" width="41" height="32"><vector name="origin" x="18" y="27"/><int name="z" value="0"/><vector name="lt" x="-18" y="-27"/><vector name="rb" x="23" y="5"/><int name="delay" value="180"/><string name="_hash" value="4004d08150129e96936acf06c38a29f19ef24dd94d248b6c9aee99b2b1c2c750"/></canvas></imgdir><imgdir name="what"><canvas name="0" width="44" height="27"><vector name="origin" x="19" y="22"/><int name="z" value="0"/><vector name="lt" x="-19" y="-22"/><vector name="rb" x="25" y="5"/><int name="delay" value="180"/><string name="_hash" value="8c8e782e4362987c17a83eca5561cae6b07f8c864b6eeee56db2c59c678a5b48"/></canvas><canvas name="1" width="44" height="27"><vector name="origin" x="19" y="22"/><int name="z" value="0"/><vector name="lt" x="-19" y="-22"/><vector name="rb" x="25" y="5"/><int name="delay" value="180"/><string name="_hash" value="c48f27fc4994fab472208c6d2ce875a241b3d8c6cc918a018b9cb998dbd0c878"/></canvas><canvas name="2" width="48" height="27"><vector name="origin" x="19" y="22"/><int name="z" value="0"/><vector name="lt" x="-19" y="-22"/><vector name="rb" x="29" y="5"/><int name="delay" value="180"/><string name="_hash" value="374c0453f1970d0904b837e619d7a8e99e43ed9f6ed00eec2fc1a14cfafc81f4"/></canvas><canvas name="3" width="48" height="27"><vector name="origin" x="19" y="22"/><int name="z" value="0"/><vector name="lt" x="-19" y="-22"/><vector name="rb" x="29" y="5"/><int name="delay" value="180"/><string name="_hash" value="7c280aff417016e9c8f3fbe2b8975d19c6527c84703d88dff176fd4773b2ab2a"/></canvas><canvas name="4" width="48" height="27"><vector name="origin" x="19" y="22"/><int name="z" value="0"/><vector name="lt" x="-19" y="-22"/><vector name="rb" x="29" y="5"/><int name="delay" value="180"/><string name="_hash" value="a30857cf044edfd3ece0e573c1327aa37ff9150d62fe898f24f8b6fd6b07ca7a"/></canvas><canvas name="5" width="44" height="27"><vector name="origin" x="19" y="22"/><int name="z" value="0"/><vector name="lt" x="-19" y="-22"/><vector name="rb" x="25" y="5"/><int name="delay" value="180"/><string name="_hash" value="834ed26d8a78a8fa40879eff7579d8177f296d1af572043b2177b494708805ef"/></canvas></imgdir><uol name="sit" value="rest0"/><uol name="fly" value="jump"/></imgdir>