<?xml version="1.0" encoding="UTF-8" standalone="yes"?>
<imgdir name="5002137.img">
<imgdir name="info">
<canvas name="icon" width="36" height="27">
<vector name="origin" x="3" y="27"/>
<string name="_hash" value="9a26a8a7cfda6c502b85e1d4ac437996bddae1a5d556f90ea6194ffb6cc540a4"/>
</canvas>
<canvas name="iconRaw" width="36" height="27">
<vector name="origin" x="3" y="27"/>
<string name="_hash" value="0caf580d9c369354841367d31300ef3655cff9ddc8c05e9e00681c06c26f893b"/>
</canvas>
<canvas name="iconD" width="35" height="34">
<vector name="origin" x="1" y="33"/>
<string name="_hash" value="fb1c8427acb98cea90573dac23ceba0148e7c8e0eb7332641c7f5c91ba2854ba"/>
</canvas>
<canvas name="iconRawD" width="35" height="34">
<vector name="origin" x="1" y="33"/>
<string name="_hash" value="d5364ca648422d34d1e7cda0b005520db0c4346209f6fa3fd82a9b15e52f443c"/>
</canvas>
<int name="sweepForDrop" value="1"/>
<int name="wonderGrade" value="1"/>
<int name="hungry" value="2"/>
<int name="cash" value="1"/>
<int name="life" value="90"/>
<int name="chatBalloon" value="442"/>
<int name="nameTag" value="442"/>
<int name="pickupItem" value="1"/>
<int name="multiPet" value="1"/>
<int name="autoBuff" value="1"/>
<int name="setItemID" value="788"/>
</imgdir>
<imgdir name="interact">
<imgdir name="0">
<string name="command" value="c1"/>
<int name="inc" value="1"/>
<int name="prob" value="45"/>
<int name="l0" value="1"/>
<int name="l1" value="9"/>
<imgdir name="success">
<imgdir name="0">
<string name="act" value="rest0"/>
<string name="0" value="c1_s1"/>
<string name="1" value="c1_s2"/>
</imgdir>
</imgdir>
<imgdir name="fail">
<imgdir name="0">
<string name="act" value="stand0"/>
<string name="0" value="c1_f1"/>
<string name="1" value="c1_f2"/>
</imgdir>
</imgdir>
</imgdir>
<imgdir name="1">
<string name="command" value="c2"/>
<int name="inc" value="1"/>
<int name="prob" value="60"/>
<int name="l0" value="10"/>
<int name="l1" value="19"/>
<imgdir name="success">
<imgdir name="0">
<string name="act" value="rest0"/>
<string name="0" value="c2_s1"/>
<string name="1" value="c2_s2"/>
<string name="2" value="c2_s3"/>
<string name="3" value="c2_s4"/>
</imgdir>
</imgdir>
<imgdir name="fail">
<imgdir name="0">
<string name="act" value="stand1"/>
<string name="0" value="c2_f1"/>
<string name="1" value="c2_f2"/>
<string name="2" value="c2_f3"/>
<string name="3" value="c2_f4"/>
</imgdir>
</imgdir>
</imgdir>
<imgdir name="2">
<string name="command" value="c3"/>
<int name="inc" value="1"/>
<int name="prob" value="75"/>
<int name="l0" value="20"/>
<int name="l1" value="29"/>
<imgdir name="success">
<imgdir name="0">
<string name="act" value="rest0"/>
<string name="0" value="c3_s1"/>
<string name="1" value="c3_s2"/>
<string name="2" value="c3_s3"/>
<string name="3" value="c3_s4"/>
</imgdir>
</imgdir>
<imgdir name="fail">
<imgdir name="0">
<string name="act" value="stand1"/>
<string name="0" value="c3_f1"/>
<string name="1" value="c3_f2"/>
<string name="2" value="c3_f3"/>
<string name="3" value="c3_f4"/>
</imgdir>
</imgdir>
</imgdir>
<imgdir name="3">
<string name="command" value="c4"/>
<int name="inc" value="1"/>
<int name="prob" value="90"/>
<int name="l0" value="30"/>
<int name="l1" value="30"/>
<imgdir name="success">
<imgdir name="0">
<string name="act" value="rest0"/>
<string name="0" value="c4_s1"/>
<string name="1" value="c4_s2"/>
<string name="2" value="c4_s3"/>
<string name="3" value="c4_s4"/>
</imgdir>
</imgdir>
<imgdir name="fail">
<imgdir name="0">
<string name="act" value="what"/>
<string name="0" value="c4_f1"/>
<string name="1" value="c4_f2"/>
<string name="2" value="c4_f3"/>
<string name="3" value="c4_f4"/>
</imgdir>
</imgdir>
</imgdir>
<imgdir name="4">
<string name="command" value="c5"/>
<int name="inc" value="1"/>
<int name="prob" value="60"/>
<int name="l0" value="1"/>
<int name="l1" value="9"/>
<imgdir name="success">
<imgdir name="0">
<string name="act" value="cry"/>
<string name="0" value="c5_s1"/>
<string name="1" value="c5_s2"/>
</imgdir>
</imgdir>
<imgdir name="fail">
<imgdir name="0">
<string name="act" value="stand1"/>
<string name="0" value="c5_f1"/>
<string name="1" value="c5_f2"/>
</imgdir>
</imgdir>
</imgdir>
<imgdir name="5">
<string name="command" value="c6"/>
<int name="inc" value="1"/>
<int name="prob" value="75"/>
<int name="l0" value="10"/>
<int name="l1" value="19"/>
<imgdir name="success">
<imgdir name="0">
<string name="act" value="cry"/>
<string name="0" value="c6_s1"/>
<string name="1" value="c6_s2"/>
<string name="2" value="c6_s3"/>
<string name="3" value="c6_s4"/>
</imgdir>
</imgdir>
<imgdir name="fail">
<imgdir name="0">
<string name="act" value="stand1"/>
<string name="0" value="c6_f1"/>
<string name="1" value="c6_f2"/>
<string name="2" value="c6_f3"/>
<string name="3" value="c6_f4"/>
</imgdir>
</imgdir>
</imgdir>
<imgdir name="6">
<string name="command" value="c7"/>
<int name="inc" value="1"/>
<int name="prob" value="45"/>
<int name="l0" value="20"/>
<int name="l1" value="29"/>
<imgdir name="success">
<imgdir name="0">
<string name="act" value="cry"/>
<string name="0" value="c7_s1"/>
<string name="1" value="c7_s2"/>
<string name="2" value="c7_s3"/>
<string name="3" value="c7_s4"/>
</imgdir>
</imgdir>
<imgdir name="fail">
<imgdir name="0">
<string name="act" value="stand1"/>
<string name="0" value="c7_f1"/>
<string name="1" value="c7_f2"/>
<string name="2" value="c7_f3"/>
<string name="3" value="c7_f4"/>
</imgdir>
</imgdir>
</imgdir>
<imgdir name="7">
<string name="command" value="c8"/>
<int name="inc" value="1"/>
<int name="prob" value="60"/>
<int name="l0" value="30"/>
<int name="l1" value="30"/>
<imgdir name="success">
<imgdir name="0">
<string name="act" value="cry"/>
<string name="0" value="c8_s1"/>
<string name="1" value="c8_s2"/>
<string name="2" value="c8_s3"/>
<string name="3" value="c8_s4"/>
</imgdir>
</imgdir>
<imgdir name="fail">
<imgdir name="0">
<string name="act" value="stand1"/>
<string name="0" value="c8_f1"/>
<string name="1" value="c8_f2"/>
<string name="2" value="c8_f3"/>
<string name="3" value="c8_f4"/>
</imgdir>
</imgdir>
</imgdir>
<imgdir name="8">
<string name="command" value="c9"/>
<int name="inc" value="1"/>
<int name="prob" value="75"/>
<int name="l0" value="1"/>
<int name="l1" value="9"/>
<imgdir name="success">
<imgdir name="0">
<string name="act" value="love"/>
<string name="0" value="c9_s1"/>
<string name="1" value="c9_s2"/>
</imgdir>
</imgdir>
<imgdir name="fail">
<imgdir name="0">
<string name="act" value="stand0"/>
<string name="0" value="c9_f1"/>
<string name="1" value="c9_f2"/>
</imgdir>
</imgdir>
</imgdir>
<imgdir name="9">
<string name="command" value="c10"/>
<int name="inc" value="1"/>
<int name="prob" value="55"/>
<int name="l0" value="10"/>
<int name="l1" value="19"/>
<imgdir name="success">
<imgdir name="0">
<string name="act" value="love"/>
<string name="0" value="c10_s1"/>
<string name="1" value="c10_s2"/>
<string name="2" value="c10_s3"/>
<string name="3" value="c10_s4"/>
</imgdir>
</imgdir>
<imgdir name="fail">
<imgdir name="0">
<string name="act" value="stand0"/>
<string name="0" value="c10_f1"/>
<string name="1" value="c10_f2"/>
<string name="2" value="c10_f3"/>
<string name="3" value="c10_f4"/>
</imgdir>
</imgdir>
</imgdir>
<imgdir name="10">
<string name="command" value="c11"/>
<int name="inc" value="1"/>
<int name="prob" value="60"/>
<int name="l0" value="20"/>
<int name="l1" value="29"/>
<imgdir name="success">
<imgdir name="0">
<string name="act" value="love"/>
<string name="0" value="c11_s1"/>
<string name="1" value="c11_s2"/>
<string name="2" value="c11_s3"/>
<string name="3" value="c11_s4"/>
</imgdir>
</imgdir>
<imgdir name="fail">
<imgdir name="0">
<string name="act" value="what"/>
<string name="0" value="c11_f1"/>
<string name="1" value="c11_f2"/>
<string name="2" value="c11_f3"/>
<string name="3" value="c11_f4"/>
</imgdir>
</imgdir>
</imgdir>
<imgdir name="11">
<string name="command" value="c12"/>
<int name="inc" value="1"/>
<int name="prob" value="75"/>
<int name="l0" value="30"/>
<int name="l1" value="30"/>
<imgdir name="success">
<imgdir name="0">
<string name="act" value="love"/>
<string name="0" value="c12_s1"/>
<string name="1" value="c12_s2"/>
<string name="2" value="c12_s3"/>
<string name="3" value="c12_s4"/>
</imgdir>
</imgdir>
<imgdir name="fail">
<imgdir name="0">
<string name="act" value="stand0"/>
<string name="0" value="c12_f1"/>
<string name="1" value="c12_f2"/>
<string name="2" value="c12_f3"/>
<string name="3" value="c12_f4"/>
</imgdir>
</imgdir>
</imgdir>
<imgdir name="12">
<string name="command" value="c13"/>
<int name="inc" value="1"/>
<int name="prob" value="45"/>
<int name="l0" value="10"/>
<int name="l1" value="19"/>
<imgdir name="success">
<imgdir name="0">
<string name="act" value="dung"/>
<string name="0" value="c13_s1"/>
<string name="1" value="c13_s2"/>
<string name="2" value="c13_s3"/>
<string name="3" value="c13_s4"/>
</imgdir>
</imgdir>
<imgdir name="fail">
<imgdir name="0">
<string name="act" value="what"/>
<string name="0" value="c13_f1"/>
<string name="1" value="c13_f2"/>
<string name="2" value="c13_f3"/>
<string name="3" value="c13_f4"/>
</imgdir>
</imgdir>
</imgdir>
<imgdir name="13">
<string name="command" value="c14"/>
<int name="inc" value="1"/>
<int name="prob" value="60"/>
<int name="l0" value="20"/>
<int name="l1" value="29"/>
<imgdir name="success">
<imgdir name="0">
<string name="act" value="dung"/>
<string name="0" value="c14_s1"/>
<string name="1" value="c14_s2"/>
<string name="2" value="c14_s3"/>
<string name="3" value="c14_s4"/>
</imgdir>
</imgdir>
<imgdir name="fail">
<imgdir name="0">
<string name="act" value="cry"/>
<string name="0" value="c14_f1"/>
<string name="1" value="c14_f2"/>
<string name="2" value="c14_f3"/>
<string name="3" value="c14_f4"/>
</imgdir>
</imgdir>
</imgdir>
<imgdir name="14">
<string name="command" value="c15"/>
<int name="inc" value="1"/>
<int name="prob" value="75"/>
<int name="l0" value="30"/>
<int name="l1" value="30"/>
<imgdir name="success">
<imgdir name="0">
<string name="act" value="dung"/>
<string name="0" value="c15_s1"/>
<string name="1" value="c15_s2"/>
<string name="2" value="c15_s3"/>
<string name="3" value="c15_s4"/>
</imgdir>
</imgdir>
<imgdir name="fail">
<imgdir name="0">
<string name="act" value="chat"/>
<string name="0" value="c15_f1"/>
<string name="1" value="c15_f2"/>
<string name="2" value="c15_f3"/>
<string name="3" value="c15_f4"/>
</imgdir>
</imgdir>
</imgdir>
<imgdir name="15">
<string name="command" value="c16"/>
<int name="inc" value="1"/>
<int name="prob" value="80"/>
<int name="l0" value="10"/>
<int name="l1" value="19"/>
<imgdir name="success">
<imgdir name="0">
<string name="act" value="sleep"/>
<string name="0" value="c16_s1"/>
<string name="1" value="c16_s2"/>
<string name="2" value="c16_s3"/>
<string name="3" value="c16_s4"/>
</imgdir>
</imgdir>
<imgdir name="fail">
<imgdir name="0">
<string name="act" value="hungry"/>
<string name="0" value="c16_f1"/>
<string name="1" value="c16_f2"/>
<string name="2" value="c16_f3"/>
<string name="3" value="c16_f4"/>
</imgdir>
</imgdir>
</imgdir>
<imgdir name="16">
<string name="command" value="c17"/>
<int name="inc" value="2"/>
<int name="prob" value="80"/>
<int name="l0" value="20"/>
<int name="l1" value="29"/>
<imgdir name="success">
<imgdir name="0">
<string name="act" value="sleep"/>
<string name="0" value="c17_s1"/>
<string name="1" value="c17_s2"/>
<string name="2" value="c17_s3"/>
<string name="3" value="c17_s4"/>
</imgdir>
</imgdir>
<imgdir name="fail">
<imgdir name="0">
<string name="act" value="jump"/>
<string name="0" value="c17_f1"/>
<string name="1" value="c17_f2"/>
<string name="2" value="c17_f3"/>
<string name="3" value="c17_f4"/>
</imgdir>
</imgdir>
</imgdir>
<imgdir name="17">
<string name="command" value="c18"/>
<int name="inc" value="2"/>
<int name="prob" value="80"/>
<int name="l0" value="30"/>
<int name="l1" value="30"/>
<imgdir name="success">
<imgdir name="0">
<string name="act" value="chat"/>
<string name="0" value="c18_s1"/>
<string name="1" value="c18_s2"/>
<string name="2" value="c18_s3"/>
<string name="3" value="c18_s4"/>
</imgdir>
</imgdir>
<imgdir name="fail">
<imgdir name="0">
<string name="act" value="move"/>
<string name="0" value="c18_f1"/>
<string name="1" value="c18_f2"/>
<string name="2" value="c18_f3"/>
<string name="3" value="c18_f4"/>
</imgdir>
</imgdir>
</imgdir>
<imgdir name="18">
<string name="command" value="c19"/>
<int name="inc" value="2"/>
<int name="prob" value="50"/>
<int name="l0" value="10"/>
<int name="l1" value="19"/>
<imgdir name="success">
<imgdir name="0">
<string name="act" value="chat"/>
<string name="0" value="c19_s1"/>
<string name="1" value="c19_s2"/>
<string name="2" value="c19_s3"/>
<string name="3" value="c19_s4"/>
</imgdir>
</imgdir>
<imgdir name="fail">
<imgdir name="0">
<string name="act" value="what"/>
<string name="0" value="c19_f1"/>
<string name="1" value="c19_f2"/>
<string name="2" value="c19_f3"/>
<string name="3" value="c19_f4"/>
</imgdir>
</imgdir>
</imgdir>
<imgdir name="19">
<string name="command" value="c20"/>
<int name="inc" value="2"/>
<int name="prob" value="65"/>
<int name="l0" value="20"/>
<int name="l1" value="29"/>
<imgdir name="success">
<imgdir name="0">
<string name="act" value="chat"/>
<string name="0" value="c20_s1"/>
<string name="1" value="c20_s2"/>
<string name="2" value="c20_s3"/>
<string name="3" value="c20_s4"/>
</imgdir>
</imgdir>
<imgdir name="fail">
<imgdir name="0">
<string name="act" value="what"/>
<string name="0" value="c20_f1"/>
<string name="1" value="c20_f2"/>
<string name="2" value="c20_f3"/>
<string name="3" value="c20_f4"/>
</imgdir>
</imgdir>
</imgdir>
<imgdir name="20">
<string name="command" value="c21"/>
<int name="inc" value="2"/>
<int name="prob" value="80"/>
<int name="l0" value="30"/>
<int name="l1" value="30"/>
<imgdir name="success">
<imgdir name="0">
<string name="act" value="chat"/>
<string name="0" value="c21_s1"/>
<string name="1" value="c21_s2"/>
<string name="2" value="c21_s3"/>
<string name="3" value="c21_s4"/>
</imgdir>
</imgdir>
<imgdir name="fail">
<imgdir name="0">
<string name="act" value="what"/>
<string name="0" value="c21_f1"/>
<string name="1" value="c21_f2"/>
<string name="2" value="c21_f3"/>
<string name="3" value="c21_f4"/>
</imgdir>
</imgdir>
</imgdir>
</imgdir>
<imgdir name="food">
<imgdir name="0">
<int name="l0" value="1"/>
<int name="l1" value="9"/>
<imgdir name="success">
<imgdir name="0">
<string name="act" value="eat"/>
<string name="0" value="f1_s"/>
</imgdir>
</imgdir>
<imgdir name="fail">
<imgdir name="0">
<string name="act" value="cry"/>
<string name="0" value="f1_f"/>
</imgdir>
</imgdir>
</imgdir>
<imgdir name="1">
<int name="l0" value="10"/>
<int name="l1" value="19"/>
<imgdir name="success">
<imgdir name="0">
<string name="act" value="eat"/>
<string name="0" value="f2_s"/>
</imgdir>
</imgdir>
<imgdir name="fail">
<imgdir name="0">
<string name="act" value="cry"/>
<string name="0" value="f2_f"/>
</imgdir>
</imgdir>
</imgdir>
<imgdir name="2">
<int name="l0" value="20"/>
<int name="l1" value="29"/>
<imgdir name="success">
<imgdir name="0">
<string name="act" value="eat"/>
<string name="0" value="f3_s"/>
</imgdir>
</imgdir>
<imgdir name="fail">
<imgdir name="0">
<string name="act" value="cry"/>
<string name="0" value="f3_f"/>
</imgdir>
</imgdir>
</imgdir>
<imgdir name="3">
<int name="l0" value="30"/>
<int name="l1" value="30"/>
<imgdir name="success">
<imgdir name="0">
<string name="act" value="eat"/>
<string name="0" value="f4_s"/>
</imgdir>
</imgdir>
<imgdir name="fail">
<imgdir name="0">
<string name="act" value="cry"/>
<string name="0" value="f4_f"/>
</imgdir>
</imgdir>
</imgdir>
</imgdir>
<imgdir name="slang">
<imgdir name="0">
<int name="l0" value="1"/>
<int name="l1" value="9"/>
<string name="act" value="cry"/>
<string name="0" value="s1"/>
</imgdir>
<imgdir name="1">
<int name="l0" value="10"/>
<int name="l1" value="19"/>
<string name="act" value="cry"/>
<string name="0" value="s2"/>
</imgdir>
<imgdir name="2">
<int name="l0" value="20"/>
<int name="l1" value="29"/>
<string name="act" value="angry"/>
<string name="0" value="s3"/>
</imgdir>
<imgdir name="3">
<int name="l0" value="30"/>
<int name="l1" value="30"/>
<string name="act" value="angry"/>
<string name="0" value="s4"/>
</imgdir>
</imgdir>
<imgdir name="stand0">
<canvas name="0" width="44" height="40">
<vector name="origin" x="22" y="39"/>
<int name="z" value="0"/>
<int name="delay" value="180"/>
<vector name="lt" x="-26" y="-41"/>
<vector name="rb" x="24" y="5"/>
<string name="_hash" value="e60a9ad5a63463799d08f022961229add559c76aef9604bd2b6717c3dfe0df8e"/>
</canvas>
<canvas name="1" width="46" height="40">
<vector name="origin" x="23" y="38"/>
<int name="z" value="0"/>
<int name="delay" value="180"/>
<vector name="lt" x="-26" y="-41"/>
<vector name="rb" x="24" y="5"/>
<string name="_hash" value="c3b5985671ac7fdf2e74ba85198585b9b6320608eec55cebe54358d5b9b1d487"/>
</canvas>
<canvas name="2" width="1" height="1">
<vector name="origin" x="22" y="39"/>
<int name="z" value="0"/>
<int name="delay" value="180"/>
<vector name="lt" x="-26" y="-41"/>
<vector name="rb" x="24" y="5"/>
<string name="_inlink" value="stand0/0"/>
</canvas>
<canvas name="3" width="42" height="40">
<vector name="origin" x="21" y="40"/>
<int name="z" value="0"/>
<int name="delay" value="180"/>
<vector name="lt" x="-26" y="-41"/>
<vector name="rb" x="24" y="5"/>
<string name="_hash" value="dc79ca8ebc9475cb72b0f7dfd6ba0354995d11250c0a98d4392f0ca9c0336226"/>
</canvas>
<canvas name="4" width="1" height="1">
<vector name="origin" x="22" y="39"/>
<int name="z" value="0"/>
<int name="delay" value="180"/>
<vector name="lt" x="-26" y="-41"/>
<vector name="rb" x="24" y="5"/>
<string name="_inlink" value="stand0/0"/>
</canvas>
<canvas name="5" width="1" height="1">
<vector name="origin" x="23" y="38"/>
<int name="z" value="0"/>
<int name="delay" value="180"/>
<vector name="lt" x="-26" y="-41"/>
<vector name="rb" x="24" y="5"/>
<string name="_inlink" value="stand0/1"/>
</canvas>
<canvas name="6" width="1" height="1">
<vector name="origin" x="22" y="39"/>
<int name="z" value="0"/>
<int name="delay" value="180"/>
<vector name="lt" x="-26" y="-41"/>
<vector name="rb" x="24" y="5"/>
<string name="_inlink" value="stand0/0"/>
</canvas>
<canvas name="7" width="1" height="1">
<vector name="origin" x="21" y="40"/>
<int name="z" value="0"/>
<int name="delay" value="180"/>
<vector name="lt" x="-26" y="-41"/>
<vector name="rb" x="24" y="5"/>
<string name="_inlink" value="stand0/3"/>
</canvas>
</imgdir>
<imgdir name="stand1">
<canvas name="0" width="1" height="1">
<vector name="origin" x="22" y="39"/>
<int name="z" value="0"/>
<int name="delay" value="180"/>
<vector name="lt" x="-26" y="-41"/>
<vector name="rb" x="24" y="5"/>
<string name="_inlink" value="stand0/0"/>
</canvas>
<canvas name="1" width="46" height="40">
<vector name="origin" x="23" y="38"/>
<int name="z" value="0"/>
<int name="delay" value="180"/>
<vector name="lt" x="-26" y="-41"/>
<vector name="rb" x="24" y="5"/>
<string name="_hash" value="e02f2665813c99b2cc0414e505140b7c4e7cfb255c4262094ce48af29ea18963"/>
</canvas>
<canvas name="2" width="1" height="1">
<vector name="origin" x="22" y="39"/>
<int name="z" value="0"/>
<int name="delay" value="180"/>
<vector name="lt" x="-26" y="-41"/>
<vector name="rb" x="24" y="5"/>
<string name="_inlink" value="stand0/0"/>
</canvas>
<canvas name="3" width="42" height="40">
<vector name="origin" x="21" y="40"/>
<int name="z" value="0"/>
<int name="delay" value="180"/>
<vector name="lt" x="-26" y="-41"/>
<vector name="rb" x="24" y="5"/>
<string name="_hash" value="181c93b23e3a1aba9961e59a6fa4437fc04c8581f3e98eece821096a562abefe"/>
</canvas>
<canvas name="4" width="1" height="1">
<vector name="origin" x="22" y="39"/>
<int name="z" value="0"/>
<int name="delay" value="180"/>
<vector name="lt" x="-26" y="-41"/>
<vector name="rb" x="24" y="5"/>
<string name="_inlink" value="stand0/0"/>
</canvas>
<canvas name="5" width="1" height="1">
<vector name="origin" x="23" y="38"/>
<int name="z" value="0"/>
<int name="delay" value="180"/>
<vector name="lt" x="-26" y="-41"/>
<vector name="rb" x="24" y="5"/>
<string name="_inlink" value="stand0/1"/>
</canvas>
<canvas name="6" width="1" height="1">
<vector name="origin" x="22" y="39"/>
<int name="z" value="0"/>
<int name="delay" value="180"/>
<vector name="lt" x="-26" y="-41"/>
<vector name="rb" x="24" y="5"/>
<string name="_inlink" value="stand0/0"/>
</canvas>
<canvas name="7" width="1" height="1">
<vector name="origin" x="21" y="40"/>
<int name="z" value="0"/>
<int name="delay" value="180"/>
<vector name="lt" x="-26" y="-41"/>
<vector name="rb" x="24" y="5"/>
<string name="_inlink" value="stand0/3"/>
</canvas>
</imgdir>
<imgdir name="rest0">
<canvas name="0" width="45" height="38">
<vector name="origin" x="25" y="34"/>
<int name="z" value="0"/>
<int name="delay" value="180"/>
<vector name="lt" x="-26" y="-41"/>
<vector name="rb" x="24" y="5"/>
<string name="_hash" value="f52163aefc7739b8f94efeb29893d86b6aec6628bb48ec6ec9290c9e9d1e3f67"/>
</canvas>
<canvas name="1" width="49" height="38">
<vector name="origin" x="27" y="34"/>
<int name="z" value="0"/>
<int name="delay" value="180"/>
<vector name="lt" x="-26" y="-41"/>
<vector name="rb" x="24" y="5"/>
<string name="_hash" value="8b691ae06ca6649d0e76b2d7f6e963bda38c71f35409c1e2e44709d86f64bb11"/>
</canvas>
<canvas name="2" width="51" height="38">
<vector name="origin" x="29" y="34"/>
<int name="z" value="0"/>
<int name="delay" value="180"/>
<vector name="lt" x="-26" y="-41"/>
<vector name="rb" x="24" y="5"/>
<string name="_hash" value="606ef1561f3605a2ada84f3a512ffa8879d31bed58d54b441c568c3f831c7a9c"/>
</canvas>
<canvas name="3" width="45" height="38">
<vector name="origin" x="23" y="34"/>
<int name="z" value="0"/>
<int name="delay" value="180"/>
<vector name="lt" x="-26" y="-41"/>
<vector name="rb" x="24" y="5"/>
<string name="_hash" value="310e2d6d7eb7493dae0806f260bbabed0ffdd91a0e0c2c2d7a1e9c2864b16711"/>
</canvas>
<canvas name="4" width="45" height="38">
<vector name="origin" x="25" y="34"/>
<int name="z" value="0"/>
<int name="delay" value="180"/>
<vector name="lt" x="-26" y="-41"/>
<vector name="rb" x="24" y="5"/>
<string name="_hash" value="93afc90fa2361c334d2ab3d113b422d1deca7b0d6a0ae5fec9eb554fe52501bf"/>
</canvas>
<canvas name="5" width="49" height="38">
<vector name="origin" x="27" y="34"/>
<int name="z" value="0"/>
<int name="delay" value="180"/>
<vector name="lt" x="-26" y="-41"/>
<vector name="rb" x="24" y="5"/>
<string name="_hash" value="3848c75c825deefb4094d60c18d4354b33f58d9ad8e9831348f9341a6f1b2e06"/>
</canvas>
<canvas name="6" width="51" height="38">
<vector name="origin" x="29" y="34"/>
<int name="z" value="0"/>
<int name="delay" value="180"/>
<vector name="lt" x="-26" y="-41"/>
<vector name="rb" x="24" y="5"/>
<string name="_hash" value="25b2dbbea035e9ae8b3ed8cecd64d69e8774c595a7d09bb2e9b8dcc549f7e7f3"/>
</canvas>
<canvas name="7" width="45" height="38">
<vector name="origin" x="23" y="34"/>
<int name="z" value="0"/>
<int name="delay" value="180"/>
<vector name="lt" x="-26" y="-41"/>
<vector name="rb" x="24" y="5"/>
<string name="_hash" value="3748b1fa739aadb1958da37b803d45a4e4bafd363f684ffdb4c73ca1e393eb8e"/>
</canvas>
</imgdir>
<imgdir name="move">
<canvas name="0" width="1" height="1">
<vector name="origin" x="23" y="41"/>
<int name="z" value="0"/>
<int name="delay" value="180"/>
<vector name="lt" x="-26" y="-41"/>
<vector name="rb" x="24" y="5"/>
<string name="_inlink" value="stand0/0"/>
</canvas>
<canvas name="1" width="44" height="40">
<vector name="origin" x="22" y="40"/>
<int name="z" value="0"/>
<int name="delay" value="180"/>
<vector name="lt" x="-26" y="-41"/>
<vector name="rb" x="24" y="5"/>
<string name="_hash" value="1f7d8dd80686a833b4c69eb253c57b5ea0638f9be51b5e0925404a573eb75219"/>
</canvas>
<canvas name="2" width="44" height="40">
<vector name="origin" x="21" y="39"/>
<int name="z" value="0"/>
<int name="delay" value="180"/>
<vector name="lt" x="-26" y="-41"/>
<vector name="rb" x="24" y="5"/>
<string name="_hash" value="bb06604a4e54090c9d3e2ff1a5708d53505910cd5e7d43adf40dca4a9859f971"/>
</canvas>
<canvas name="3" width="1" height="1">
<vector name="origin" x="22" y="40"/>
<int name="z" value="0"/>
<int name="delay" value="180"/>
<vector name="lt" x="-26" y="-41"/>
<vector name="rb" x="24" y="5"/>
<string name="_inlink" value="move/1"/>
</canvas>
<canvas name="4" width="1" height="1">
<vector name="origin" x="23" y="41"/>
<int name="z" value="0"/>
<int name="delay" value="180"/>
<vector name="lt" x="-26" y="-41"/>
<vector name="rb" x="24" y="5"/>
<string name="_inlink" value="stand0/0"/>
</canvas>
<canvas name="5" width="1" height="1">
<vector name="origin" x="22" y="40"/>
<int name="z" value="0"/>
<int name="delay" value="180"/>
<vector name="lt" x="-26" y="-41"/>
<vector name="rb" x="24" y="5"/>
<string name="_inlink" value="move/1"/>
</canvas>
<canvas name="6" width="1" height="1">
<vector name="origin" x="21" y="39"/>
<int name="z" value="0"/>
<int name="delay" value="180"/>
<vector name="lt" x="-26" y="-41"/>
<vector name="rb" x="24" y="5"/>
<string name="_inlink" value="move/2"/>
</canvas>
<canvas name="7" width="1" height="1">
<vector name="origin" x="22" y="40"/>
<int name="z" value="0"/>
<int name="delay" value="180"/>
<vector name="lt" x="-26" y="-41"/>
<vector name="rb" x="24" y="5"/>
<string name="_inlink" value="move/1"/>
</canvas>
</imgdir>
<imgdir name="jump">
<canvas name="0" width="51" height="39">
<vector name="origin" x="25" y="19"/>
<int name="z" value="0"/>
<int name="delay" value="180"/>
<vector name="lt" x="-26" y="-41"/>
<vector name="rb" x="24" y="5"/>
<string name="_hash" value="4ee4555dbf4294297d5a456005c739dc7a206fe27507bae923f06e223c1096b5"/>
</canvas>
<int name="delay" value="180"/>
</imgdir>
<imgdir name="hungry">
<canvas name="0" width="44" height="40">
<vector name="origin" x="22" y="39"/>
<int name="z" value="0"/>
<int name="delay" value="180"/>
<vector name="lt" x="-26" y="-41"/>
<vector name="rb" x="24" y="5"/>
<string name="_hash" value="6c263d4f0deb9138d511ab17f446399c05e17654e6ad9c53036c9925f54c21f6"/>
</canvas>
<canvas name="1" width="46" height="40">
<vector name="origin" x="23" y="38"/>
<int name="z" value="0"/>
<int name="delay" value="180"/>
<vector name="lt" x="-26" y="-41"/>
<vector name="rb" x="24" y="5"/>
<string name="_hash" value="18f8c38159008fffca9b922c3ca16f585d811c2cb8babf5a4b02140b2e09878f"/>
</canvas>
<canvas name="2" width="44" height="40">
<vector name="origin" x="22" y="39"/>
<int name="z" value="0"/>
<int name="delay" value="180"/>
<vector name="lt" x="-26" y="-41"/>
<vector name="rb" x="24" y="5"/>
<string name="_hash" value="6feacf7058c322e3bf6822a06aa80fcb9c8fbb4c3d8d4a93f286854f34e76a7c"/>
</canvas>
<canvas name="3" width="42" height="40">
<vector name="origin" x="21" y="40"/>
<int name="z" value="0"/>
<int name="delay" value="180"/>
<vector name="lt" x="-26" y="-41"/>
<vector name="rb" x="24" y="5"/>
<string name="_hash" value="f45bd5e2f9e3da44ce42cf56ac0fbbf06f37935eb30a50ef7fc8ec1c8c011e12"/>
</canvas>
<canvas name="4" width="1" height="1">
<vector name="origin" x="22" y="39"/>
<int name="z" value="0"/>
<int name="delay" value="180"/>
<vector name="lt" x="-26" y="-41"/>
<vector name="rb" x="24" y="5"/>
<string name="_inlink" value="hungry/0"/>
</canvas>
<canvas name="5" width="1" height="1">
<vector name="origin" x="23" y="38"/>
<int name="z" value="0"/>
<int name="delay" value="180"/>
<vector name="lt" x="-26" y="-41"/>
<vector name="rb" x="24" y="5"/>
<string name="_inlink" value="hungry/1"/>
</canvas>
<canvas name="6" width="1" height="1">
<vector name="origin" x="22" y="39"/>
<int name="z" value="0"/>
<int name="delay" value="180"/>
<vector name="lt" x="-26" y="-41"/>
<vector name="rb" x="24" y="5"/>
<string name="_inlink" value="hungry/2"/>
</canvas>
<canvas name="7" width="1" height="1">
<vector name="origin" x="21" y="40"/>
<int name="z" value="0"/>
<int name="delay" value="180"/>
<vector name="lt" x="-26" y="-41"/>
<vector name="rb" x="24" y="5"/>
<string name="_inlink" value="hungry/3"/>
</canvas>
</imgdir>
<imgdir name="hang">
<canvas name="0" width="43" height="40">
<vector name="origin" x="21" y="49"/>
<int name="z" value="0"/>
<int name="delay" value="180"/>
<vector name="lt" x="-26" y="-41"/>
<vector name="rb" x="24" y="5"/>
<string name="_hash" value="705be6140d36f6240a8b28efd8bf93e5ac30ad3ed4d02d0dd34d9d4552bf7da9"/>
</canvas>
</imgdir>
<imgdir name="roll">
<canvas name="0" width="77" height="80">
<vector name="origin" x="41" y="57"/>
<int name="z" value="0"/>
<int name="delay" value="180"/>
<vector name="lt" x="-26" y="-41"/>
<vector name="rb" x="24" y="5"/>
<string name="_hash" value="9300b5adc4f0d3e3791343eea8023de589970dc25321b855acbf5dfd930dc714"/>
</canvas>
<canvas name="1" width="77" height="80">
<vector name="origin" x="39" y="59"/>
<int name="z" value="0"/>
<int name="delay" value="180"/>
<vector name="lt" x="-26" y="-41"/>
<vector name="rb" x="24" y="5"/>
<string name="_hash" value="94b727166ba140e04d9bff02e91f9cb5b07b01f679fd6ff81b7d52e338e6f408"/>
</canvas>
</imgdir>
<imgdir name="eat">
<canvas name="0" width="44" height="40">
<vector name="origin" x="22" y="39"/>
<int name="z" value="0"/>
<int name="delay" value="180"/>
<vector name="lt" x="-26" y="-41"/>
<vector name="rb" x="24" y="5"/>
<string name="_hash" value="a435d969a53cd4a7d9a950eaf8b56be4731b71d58728a4cd6d0608dce169338c"/>
</canvas>
<canvas name="1" width="46" height="40">
<vector name="origin" x="23" y="38"/>
<int name="z" value="0"/>
<int name="delay" value="180"/>
<vector name="lt" x="-26" y="-41"/>
<vector name="rb" x="24" y="5"/>
<string name="_hash" value="a70722c722999bae4063059f3b478324e01a12b96beb0d3515c4ab363c1b9805"/>
</canvas>
<canvas name="2" width="44" height="40">
<vector name="origin" x="22" y="39"/>
<int name="z" value="0"/>
<int name="delay" value="180"/>
<vector name="lt" x="-26" y="-41"/>
<vector name="rb" x="24" y="5"/>
<string name="_hash" value="77a063b538423adc08a6c5b0d8fcd43643f82fd5c0a0c89aa5214a30756c0cc6"/>
</canvas>
<canvas name="3" width="42" height="40">
<vector name="origin" x="21" y="40"/>
<int name="z" value="0"/>
<int name="delay" value="180"/>
<vector name="lt" x="-26" y="-41"/>
<vector name="rb" x="24" y="5"/>
<string name="_hash" value="7c9bd643fb3bec11a1dcc7535ca61d34d05d3dd3db9f763ca6b4dec317d02d1a"/>
</canvas>
<canvas name="4" width="44" height="40">
<vector name="origin" x="22" y="39"/>
<int name="z" value="0"/>
<int name="delay" value="180"/>
<vector name="lt" x="-26" y="-41"/>
<vector name="rb" x="24" y="5"/>
<string name="_hash" value="42f00e16dca27881bd49123d67118351ea135d31d8b331ed086670089d5718eb"/>
</canvas>
<canvas name="5" width="46" height="40">
<vector name="origin" x="23" y="38"/>
<int name="z" value="0"/>
<int name="delay" value="180"/>
<vector name="lt" x="-26" y="-41"/>
<vector name="rb" x="24" y="5"/>
<string name="_hash" value="0dc64637f0422f7f95bc4140771aeac7c3970bcf68c9a0101d2fa41246c4b7e6"/>
</canvas>
<canvas name="6" width="1" height="1">
<vector name="origin" x="22" y="39"/>
<int name="z" value="0"/>
<int name="delay" value="180"/>
<vector name="lt" x="-26" y="-41"/>
<vector name="rb" x="24" y="5"/>
<string name="_inlink" value="eat/4"/>
</canvas>
<canvas name="7" width="1" height="1">
<vector name="origin" x="21" y="40"/>
<int name="z" value="0"/>
<int name="delay" value="180"/>
<vector name="lt" x="-26" y="-41"/>
<vector name="rb" x="24" y="5"/>
<string name="_inlink" value="stand0/3"/>
</canvas>
</imgdir>
<imgdir name="chat">
<canvas name="0" width="1" height="1">
<vector name="origin" x="22" y="39"/>
<int name="z" value="0"/>
<int name="delay" value="180"/>
<vector name="lt" x="-26" y="-41"/>
<vector name="rb" x="24" y="5"/>
<string name="_inlink" value="stand0/0"/>
</canvas>
<canvas name="1" width="46" height="40">
<vector name="origin" x="23" y="38"/>
<int name="z" value="0"/>
<int name="delay" value="180"/>
<vector name="lt" x="-26" y="-41"/>
<vector name="rb" x="24" y="5"/>
<string name="_hash" value="2739883922a1e6e777e31d91993355e8a0706269a94d493db293f66539c26e89"/>
</canvas>
<canvas name="2" width="1" height="1">
<vector name="origin" x="22" y="39"/>
<int name="z" value="0"/>
<int name="delay" value="180"/>
<vector name="lt" x="-26" y="-41"/>
<vector name="rb" x="24" y="5"/>
<string name="_inlink" value="stand0/0"/>
</canvas>
<canvas name="3" width="42" height="40">
<vector name="origin" x="21" y="40"/>
<int name="z" value="0"/>
<int name="delay" value="180"/>
<vector name="lt" x="-26" y="-41"/>
<vector name="rb" x="24" y="5"/>
<string name="_hash" value="396e2f352f4f997f8b199e8516ab7e3722c3f9becb0446cec0b1b49ca126fc46"/>
</canvas>
<canvas name="4" width="1" height="1">
<vector name="origin" x="22" y="39"/>
<int name="z" value="0"/>
<int name="delay" value="180"/>
<vector name="lt" x="-26" y="-41"/>
<vector name="rb" x="24" y="5"/>
<string name="_inlink" value="stand0/0"/>
</canvas>
<canvas name="5" width="1" height="1">
<vector name="origin" x="23" y="38"/>
<int name="z" value="0"/>
<int name="delay" value="180"/>
<vector name="lt" x="-26" y="-41"/>
<vector name="rb" x="24" y="5"/>
<string name="_inlink" value="chat/1"/>
</canvas>
<canvas name="6" width="1" height="1">
<vector name="origin" x="22" y="39"/>
<int name="z" value="0"/>
<int name="delay" value="180"/>
<vector name="lt" x="-26" y="-41"/>
<vector name="rb" x="24" y="5"/>
<string name="_inlink" value="stand0/0"/>
</canvas>
<canvas name="7" width="1" height="1">
<vector name="origin" x="21" y="40"/>
<int name="z" value="0"/>
<int name="delay" value="180"/>
<vector name="lt" x="-26" y="-41"/>
<vector name="rb" x="24" y="5"/>
<string name="_inlink" value="chat/3"/>
</canvas>
</imgdir>
<imgdir name="dung">
<canvas name="0" width="44" height="41">
<vector name="origin" x="21" y="41"/>
<int name="z" value="0"/>
<int name="delay" value="180"/>
<vector name="lt" x="-26" y="-41"/>
<vector name="rb" x="24" y="5"/>
<string name="_hash" value="c4978584aace257b9f85069c89e4a71e575b4608556401361626b672b37fa0a7"/>
</canvas>
<canvas name="1" width="44" height="43">
<vector name="origin" x="20" y="42"/>
<int name="z" value="0"/>
<int name="delay" value="180"/>
<vector name="lt" x="-26" y="-41"/>
<vector name="rb" x="24" y="5"/>
<string name="_hash" value="953ce8c4c382d84f40c8302fde04c345a35da13f15bb8a139f01ad8e9e3c85a4"/>
</canvas>
<canvas name="2" width="46" height="43">
<vector name="origin" x="21" y="43"/>
<int name="z" value="0"/>
<int name="delay" value="180"/>
<vector name="lt" x="-26" y="-41"/>
<vector name="rb" x="24" y="5"/>
<string name="_hash" value="4d5f513ad081643b9f5c33ed1011084d3fbaf6ef8bc175d37768654427640c72"/>
</canvas>
<canvas name="3" width="46" height="45">
<vector name="origin" x="20" y="44"/>
<int name="z" value="0"/>
<int name="delay" value="180"/>
<vector name="lt" x="-26" y="-41"/>
<vector name="rb" x="24" y="5"/>
<string name="_hash" value="3088c3d5f0df77b259d9dedf68a134b05aae0e175df1e781c9f519db33ae0abc"/>
</canvas>
<canvas name="4" width="48" height="45">
<vector name="origin" x="21" y="45"/>
<int name="z" value="0"/>
<int name="delay" value="180"/>
<vector name="lt" x="-26" y="-41"/>
<vector name="rb" x="24" y="5"/>
<string name="_hash" value="42db5fba2f76164f7fa7fbe2695655dfe6677b14d47cbaad8337e6dd336d14f1"/>
</canvas>
<canvas name="5" width="46" height="43">
<vector name="origin" x="23" y="40"/>
<int name="z" value="0"/>
<int name="delay" value="180"/>
<vector name="lt" x="-26" y="-41"/>
<vector name="rb" x="24" y="5"/>
<string name="_hash" value="176b6b5a95bdf861c29e88b1a09a680d49a73d5e683b9b98f5fcefb08adf1f5f"/>
</canvas>
<canvas name="6" width="44" height="44">
<vector name="origin" x="22" y="40"/>
<int name="z" value="0"/>
<int name="delay" value="180"/>
<vector name="lt" x="-26" y="-41"/>
<vector name="rb" x="24" y="5"/>
<string name="_hash" value="29278566aeca9a168018913c65dd1ecb62ba8fac3e782a1e0c7ab87c4af29c83"/>
</canvas>
<canvas name="7" width="42" height="46">
<vector name="origin" x="21" y="41"/>
<int name="z" value="0"/>
<int name="delay" value="180"/>
<vector name="lt" x="-26" y="-41"/>
<vector name="rb" x="24" y="5"/>
<string name="_hash" value="1926ccc667926bae3bc6c8ad351d31b896eb1a42e1acdc4e983cdba52e65e871"/>
</canvas>
</imgdir>
<imgdir name="angry">
<canvas name="0" width="44" height="40">
<vector name="origin" x="22" y="39"/>
<int name="z" value="0"/>
<int name="delay" value="180"/>
<vector name="lt" x="-26" y="-41"/>
<vector name="rb" x="24" y="5"/>
<string name="_hash" value="7bf1a571ead9d45c98cde597383872e4efa797b907c62825df901f7345dcde6f"/>
</canvas>
<canvas name="1" width="46" height="40">
<vector name="origin" x="23" y="38"/>
<int name="z" value="0"/>
<int name="delay" value="180"/>
<vector name="lt" x="-26" y="-41"/>
<vector name="rb" x="24" y="5"/>
<string name="_hash" value="774cb48dee12de73c6f4bf7a0159ef5663e22fa090c0bc6dc1a6e3ffde2ee319"/>
</canvas>
<canvas name="2" width="1" height="1">
<vector name="origin" x="22" y="39"/>
<int name="z" value="0"/>
<int name="delay" value="180"/>
<vector name="lt" x="-26" y="-41"/>
<vector name="rb" x="24" y="5"/>
<string name="_inlink" value="angry/0"/>
</canvas>
<canvas name="3" width="42" height="40">
<vector name="origin" x="21" y="38"/>
<int name="z" value="0"/>
<int name="delay" value="180"/>
<vector name="lt" x="-26" y="-41"/>
<vector name="rb" x="24" y="5"/>
<string name="_hash" value="b9ba88d43b2b62a1f15d42b2d64b4ae46de02d3baf688cfc7f0c527b0c9a7525"/>
</canvas>
<canvas name="4" width="1" height="1">
<vector name="origin" x="22" y="39"/>
<int name="z" value="0"/>
<int name="delay" value="180"/>
<vector name="lt" x="-26" y="-41"/>
<vector name="rb" x="24" y="5"/>
<string name="_inlink" value="angry/0"/>
</canvas>
<canvas name="5" width="1" height="1">
<vector name="origin" x="23" y="38"/>
<int name="z" value="0"/>
<int name="delay" value="180"/>
<vector name="lt" x="-26" y="-41"/>
<vector name="rb" x="24" y="5"/>
<string name="_inlink" value="angry/1"/>
</canvas>
<canvas name="6" width="1" height="1">
<vector name="origin" x="22" y="39"/>
<int name="z" value="0"/>
<int name="delay" value="180"/>
<vector name="lt" x="-26" y="-41"/>
<vector name="rb" x="24" y="5"/>
<string name="_inlink" value="angry/0"/>
</canvas>
<canvas name="7" width="1" height="1">
<vector name="origin" x="21" y="38"/>
<int name="z" value="0"/>
<int name="delay" value="180"/>
<vector name="lt" x="-26" y="-41"/>
<vector name="rb" x="24" y="5"/>
<string name="_inlink" value="angry/3"/>
</canvas>
</imgdir>
<imgdir name="cry">
<canvas name="0" width="44" height="40">
<vector name="origin" x="22" y="39"/>
<int name="z" value="0"/>
<int name="delay" value="180"/>
<vector name="lt" x="-26" y="-41"/>
<vector name="rb" x="24" y="5"/>
<string name="_hash" value="087b2c1ef6eba64497cb127ebbb21cf6724785639a6b434bf8081c7ca07d5f73"/>
</canvas>
<canvas name="1" width="46" height="40">
<vector name="origin" x="23" y="38"/>
<int name="z" value="0"/>
<int name="delay" value="180"/>
<vector name="lt" x="-26" y="-41"/>
<vector name="rb" x="24" y="5"/>
<string name="_hash" value="4da126504a5b902c67a57c17d9240f70b9fa2181ccf95473a830182020446b63"/>
</canvas>
<canvas name="2" width="1" height="1">
<vector name="origin" x="22" y="39"/>
<int name="z" value="0"/>
<int name="delay" value="180"/>
<vector name="lt" x="-26" y="-41"/>
<vector name="rb" x="24" y="5"/>
<string name="_inlink" value="cry/0"/>
</canvas>
<canvas name="3" width="42" height="40">
<vector name="origin" x="21" y="40"/>
<int name="z" value="0"/>
<int name="delay" value="180"/>
<vector name="lt" x="-26" y="-41"/>
<vector name="rb" x="24" y="5"/>
<string name="_hash" value="bd8fc02f7c307e9d83af0f9e4aec7dc16cbd707015bb4271981d98d9dfff2c42"/>
</canvas>
<canvas name="4" width="44" height="40">
<vector name="origin" x="22" y="39"/>
<int name="z" value="0"/>
<int name="delay" value="180"/>
<vector name="lt" x="-26" y="-41"/>
<vector name="rb" x="24" y="5"/>
<string name="_hash" value="8aced3f634426b20e965e073b367f8488f7f818a3e75c8db6ee2b07f4a58ffef"/>
</canvas>
<canvas name="5" width="46" height="40">
<vector name="origin" x="23" y="38"/>
<int name="z" value="0"/>
<int name="delay" value="180"/>
<vector name="lt" x="-26" y="-41"/>
<vector name="rb" x="24" y="5"/>
<string name="_hash" value="5e85107527ce42c810bbf25cee5f0740037b98837676a6cf8550410a92e00255"/>
</canvas>
<canvas name="6" width="44" height="40">
<vector name="origin" x="22" y="39"/>
<int name="z" value="0"/>
<int name="delay" value="180"/>
<vector name="lt" x="-26" y="-41"/>
<vector name="rb" x="24" y="5"/>
<string name="_hash" value="1f050e50bbfda77561a8155df07fa68ecfb881efa082579c919dd2227bf19d3c"/>
</canvas>
<canvas name="7" width="42" height="44">
<vector name="origin" x="21" y="40"/>
<int name="z" value="0"/>
<int name="delay" value="180"/>
<vector name="lt" x="-26" y="-41"/>
<vector name="rb" x="24" y="5"/>
<string name="_hash" value="c45f1adab71990e7f520f07a359635709df59af73a2ef0ea7e04d47d35ca031f"/>
</canvas>
</imgdir>
<imgdir name="love">
<canvas name="0" width="44" height="40">
<vector name="origin" x="22" y="39"/>
<int name="z" value="0"/>
<int name="delay" value="180"/>
<vector name="lt" x="-26" y="-41"/>
<vector name="rb" x="24" y="5"/>
<string name="_hash" value="62bf9c5634c67e1d4979bbcf851ab1e1abe89de391cb61d6de674ec9491f9634"/>
</canvas>
<canvas name="1" width="43" height="40">
<vector name="origin" x="21" y="38"/>
<int name="z" value="0"/>
<int name="delay" value="180"/>
<vector name="lt" x="-26" y="-41"/>
<vector name="rb" x="24" y="5"/>
<string name="_hash" value="e9ca8b67a2cd46f6066f06e70170c270b08e4c9033ee59027ac98695b5f4a0ae"/>
</canvas>
<canvas name="2" width="44" height="40">
<vector name="origin" x="22" y="39"/>
<int name="z" value="0"/>
<int name="delay" value="180"/>
<vector name="lt" x="-26" y="-41"/>
<vector name="rb" x="24" y="5"/>
<string name="_hash" value="5e8bc054eeb3f9e9fc87e68bf5043cea3d6fe66662280de885ee1ef3b9f42b06"/>
</canvas>
<canvas name="3" width="44" height="40">
<vector name="origin" x="24" y="40"/>
<int name="z" value="0"/>
<int name="delay" value="180"/>
<vector name="lt" x="-26" y="-41"/>
<vector name="rb" x="24" y="5"/>
<string name="_hash" value="45b28977eb5e0a07c6320ad0a3b428e26334331966e09d28e3e1f432474aa9d5"/>
</canvas>
<canvas name="4" width="44" height="40">
<vector name="origin" x="22" y="39"/>
<int name="z" value="0"/>
<int name="delay" value="180"/>
<vector name="lt" x="-26" y="-41"/>
<vector name="rb" x="24" y="5"/>
<string name="_hash" value="a7445880a5c17a0a3be143551bfd8a862baef1e0414724e1926d1b17c5c18134"/>
</canvas>
<canvas name="5" width="43" height="41">
<vector name="origin" x="21" y="39"/>
<int name="z" value="0"/>
<int name="delay" value="180"/>
<vector name="lt" x="-26" y="-41"/>
<vector name="rb" x="24" y="5"/>
<string name="_hash" value="9a2b3d2c7770693a27a92d68b81a864b501ab161322da42c73d1c87413670d52"/>
</canvas>
<canvas name="6" width="44" height="43">
<vector name="origin" x="22" y="42"/>
<int name="z" value="0"/>
<int name="delay" value="180"/>
<vector name="lt" x="-26" y="-41"/>
<vector name="rb" x="24" y="5"/>
<string name="_hash" value="263867fa52db09e0de4815f38fb2ad7b9c1c84c816b0fe58810a42e84e9e91c1"/>
</canvas>
<canvas name="7" width="44" height="44">
<vector name="origin" x="24" y="44"/>
<int name="z" value="0"/>
<int name="delay" value="180"/>
<vector name="lt" x="-26" y="-41"/>
<vector name="rb" x="24" y="5"/>
<string name="_hash" value="b97d73f7287aafa081963b8fa3766920d70545ce2953f7062753bcc4b6032dfa"/>
</canvas>
</imgdir>
<imgdir name="sleep">
<canvas name="0" width="48" height="29">
<vector name="origin" x="24" y="25"/>
<int name="z" value="0"/>
<int name="delay" value="180"/>
<vector name="lt" x="-26" y="-41"/>
<vector name="rb" x="24" y="5"/>
<string name="_hash" value="c5c880ac4bba09e1ad2c34bdf295c7fe01dd792f6c744f90abf84ed63b26c86b"/>
</canvas>
<canvas name="1" width="49" height="30">
<vector name="origin" x="25" y="26"/>
<int name="z" value="0"/>
<int name="delay" value="180"/>
<vector name="lt" x="-26" y="-41"/>
<vector name="rb" x="24" y="5"/>
<string name="_hash" value="745a57a6a563ccef65db2ba6d413a6c81595eeae6e157a439999b0c0fa1fbac9"/>
</canvas>
<canvas name="2" width="51" height="29">
<vector name="origin" x="27" y="25"/>
<int name="z" value="0"/>
<int name="delay" value="180"/>
<vector name="lt" x="-26" y="-41"/>
<vector name="rb" x="24" y="5"/>
<string name="_hash" value="3d65e83e8c4fecc0368e188d1baca3a7a375bbd08b08fb7b16694341e42778eb"/>
</canvas>
<canvas name="3" width="53" height="30">
<vector name="origin" x="29" y="26"/>
<int name="z" value="0"/>
<int name="delay" value="180"/>
<vector name="lt" x="-26" y="-41"/>
<vector name="rb" x="24" y="5"/>
<string name="_hash" value="d54671a600e312f65d23515be3b4bb694339091fc8580494d610aeb80e8ff5fe"/>
</canvas>
<canvas name="4" width="55" height="29">
<vector name="origin" x="31" y="25"/>
<int name="z" value="0"/>
<int name="delay" value="180"/>
<vector name="lt" x="-26" y="-41"/>
<vector name="rb" x="24" y="5"/>
<string name="_hash" value="38d97466f094d94d5815ea70e6041b0284f77522f1c71f835c219678e2d2d154"/>
</canvas>
<canvas name="5" width="49" height="29">
<vector name="origin" x="25" y="25"/>
<int name="z" value="0"/>
<int name="delay" value="180"/>
<vector name="lt" x="-26" y="-41"/>
<vector name="rb" x="24" y="5"/>
<string name="_hash" value="c55e89171724b3f696997b3c0a26dc22fe24fdf9b310c11cdfbc5d0d1ad63ce0"/>
</canvas>
<canvas name="6" width="51" height="29">
<vector name="origin" x="27" y="25"/>
<int name="z" value="0"/>
<int name="delay" value="180"/>
<vector name="lt" x="-26" y="-41"/>
<vector name="rb" x="24" y="5"/>
<string name="_hash" value="d9cb44c2d3592f0f5d834056c3cb7899bb0a9aeb50b66c433f8709f447fb53bd"/>
</canvas>
<canvas name="7" width="53" height="29">
<vector name="origin" x="29" y="25"/>
<int name="z" value="0"/>
<int name="delay" value="180"/>
<vector name="lt" x="-26" y="-41"/>
<vector name="rb" x="24" y="5"/>
<string name="_hash" value="917d3a7cfa417ea9f3c4273f2e34bb7149f9d873a3617304051ebb7a1a0335fe"/>
</canvas>
</imgdir>
<imgdir name="what">
<canvas name="0" width="1" height="1">
<vector name="origin" x="22" y="39"/>
<int name="z" value="0"/>
<int name="delay" value="180"/>
<vector name="lt" x="-26" y="-41"/>
<vector name="rb" x="24" y="5"/>
<string name="_inlink" value="stand0/0"/>
</canvas>
<canvas name="1" width="46" height="40">
<vector name="origin" x="23" y="42"/>
<int name="z" value="0"/>
<int name="delay" value="180"/>
<vector name="lt" x="-26" y="-41"/>
<vector name="rb" x="24" y="5"/>
<string name="_hash" value="916d83cd3d6773bcb7585053cc5b58985889eaf18f8685bd14e2fcb9acc1d4a4"/>
</canvas>
<canvas name="2" width="44" height="42">
<vector name="origin" x="22" y="43"/>
<int name="z" value="0"/>
<int name="delay" value="180"/>
<vector name="lt" x="-26" y="-41"/>
<vector name="rb" x="24" y="5"/>
<string name="_hash" value="fdd53a404d0df4ffc313ade5ec3fac38eac2625338e6b7ccc98e467ff3596c3f"/>
</canvas>
<canvas name="3" width="42" height="44">
<vector name="origin" x="21" y="44"/>
<int name="z" value="0"/>
<int name="delay" value="180"/>
<vector name="lt" x="-26" y="-41"/>
<vector name="rb" x="24" y="5"/>
<string name="_hash" value="9a5dc8a1581a53df4124d925fc4ac27d7b10d24eb09ccd8c213c7283f43a71e2"/>
</canvas>
<canvas name="4" width="44" height="46">
<vector name="origin" x="22" y="45"/>
<int name="z" value="0"/>
<int name="delay" value="180"/>
<vector name="lt" x="-26" y="-41"/>
<vector name="rb" x="24" y="5"/>
<string name="_hash" value="7579861745998dd11d0982700ca0ca85d22b41d347922a2842cb4173d37bc5af"/>
</canvas>
<canvas name="5" width="46" height="47">
<vector name="origin" x="23" y="45"/>
<int name="z" value="0"/>
<int name="delay" value="180"/>
<vector name="lt" x="-26" y="-41"/>
<vector name="rb" x="24" y="5"/>
<string name="_hash" value="bf3c9cf2056d05c75244cb243409d597c6155c66c216f12425c54369ae2202a4"/>
</canvas>
<canvas name="6" width="44" height="45">
<vector name="origin" x="22" y="44"/>
<int name="z" value="0"/>
<int name="delay" value="180"/>
<vector name="lt" x="-26" y="-41"/>
<vector name="rb" x="24" y="5"/>
<string name="_hash" value="294117f52d3b56fb5cc417c2400ebae9f91de179c0ccac1f51fa41e4c3491a7a"/>
</canvas>
<canvas name="7" width="42" height="40">
<vector name="origin" x="21" y="40"/>
<int name="z" value="0"/>
<int name="delay" value="180"/>
<vector name="lt" x="-26" y="-41"/>
<vector name="rb" x="24" y="5"/>
<string name="_hash" value="2597e5ba46333928ea264f5697899e1035bc2b00d13972540bcfb941201bc84a"/>
</canvas>
</imgdir>
<uol name="fly" value="jump"/>
<uol name="sit" value="rest0"/>
</imgdir>
