<?xml version="1.0" encoding="UTF-8" standalone="yes"?>
<imgdir name="5002424.img">
<imgdir name="info">
<canvas name="icon" width="1" height="1">
<vector name="origin" x="3" y="31"/>
<string name="_hash" value="9ee4cfd8dfe983b25f1c125daf7b9cb809181fc85475468fd2844bbc0acf9b0a"/>
<string name="_outlink" value="Item/Pet/5000931.img/info/icon"/>
</canvas>
<canvas name="iconRaw" width="1" height="1">
<vector name="origin" x="3" y="31"/>
<string name="_hash" value="776ef8a5bd73120f5197fdd3329beb574d9eca6f6f8556cbf8d4e580e7aebe9f"/>
<string name="_outlink" value="Item/Pet/5000931.img/info/iconRaw"/>
</canvas>
<canvas name="iconD" width="1" height="1">
<vector name="origin" x="0" y="34"/>
<string name="_hash" value="87c99f9bb85ed12c4a40529e9b70286a9db229b7f393f6e8b32b05f59801dd73"/>
<string name="_outlink" value="Item/Pet/5000931.img/info/iconD"/>
</canvas>
<canvas name="iconRawD" width="1" height="1">
<vector name="origin" x="0" y="34"/>
<string name="_hash" value="c0fb33186fe08e3b4e0eac6d0417c991606e3c7daa2447ad92e899400e45d1b0"/>
<string name="_outlink" value="Item/Pet/5000931.img/info/iconRawD"/>
</canvas>
<int name="hungry" value="2"/>
<int name="cash" value="1"/>
<int name="life" value="90"/>
<int name="chatBalloon" value="345"/>
<int name="nameTag" value="345"/>
<int name="pickupItem" value="1"/>
<int name="multiPet" value="1"/>
<int name="sweepForDrop" value="1"/>
<int name="autoBuff" value="1"/>
<int name="wonderGrade" value="6"/>
<int name="setItemID" value="927"/>
<int name="lifeWaterType" value="1"/>
</imgdir>
<imgdir name="interact">
<imgdir name="0">
<string name="command" value="c1"/>
<int name="inc" value="1"/>
<int name="prob" value="45"/>
<int name="l0" value="1"/>
<int name="l1" value="9"/>
<imgdir name="success">
<imgdir name="0">
<string name="act" value="rest0"/>
<string name="0" value="c1_s1"/>
<string name="1" value="c1_s2"/>
</imgdir>
</imgdir>
<imgdir name="fail">
<imgdir name="0">
<string name="act" value="stand0"/>
<string name="0" value="c1_f1"/>
<string name="1" value="c1_f2"/>
</imgdir>
</imgdir>
</imgdir>
<imgdir name="1">
<string name="command" value="c2"/>
<int name="inc" value="1"/>
<int name="prob" value="60"/>
<int name="l0" value="10"/>
<int name="l1" value="19"/>
<imgdir name="success">
<imgdir name="0">
<string name="act" value="rest0"/>
<string name="0" value="c2_s1"/>
<string name="1" value="c2_s2"/>
<string name="2" value="c2_s3"/>
<string name="3" value="c2_s4"/>
</imgdir>
</imgdir>
<imgdir name="fail">
<imgdir name="0">
<string name="act" value="stand1"/>
<string name="0" value="c2_f1"/>
<string name="1" value="c2_f2"/>
<string name="2" value="c2_f3"/>
<string name="3" value="c2_f4"/>
</imgdir>
</imgdir>
</imgdir>
<imgdir name="2">
<string name="command" value="c3"/>
<int name="inc" value="1"/>
<int name="prob" value="75"/>
<int name="l0" value="20"/>
<int name="l1" value="29"/>
<imgdir name="success">
<imgdir name="0">
<string name="act" value="rest0"/>
<string name="0" value="c3_s1"/>
<string name="1" value="c3_s2"/>
<string name="2" value="c3_s3"/>
<string name="3" value="c3_s4"/>
</imgdir>
</imgdir>
<imgdir name="fail">
<imgdir name="0">
<string name="act" value="stand1"/>
<string name="0" value="c3_f1"/>
<string name="1" value="c3_f2"/>
<string name="2" value="c3_f3"/>
<string name="3" value="c3_f4"/>
</imgdir>
</imgdir>
</imgdir>
<imgdir name="3">
<string name="command" value="c4"/>
<int name="inc" value="1"/>
<int name="prob" value="45"/>
<int name="l0" value="30"/>
<int name="l1" value="30"/>
<imgdir name="success">
<imgdir name="0">
<string name="act" value="rest0"/>
<string name="0" value="c4_s1"/>
<string name="1" value="c4_s2"/>
<string name="2" value="c4_s3"/>
<string name="3" value="c4_s4"/>
</imgdir>
</imgdir>
<imgdir name="fail">
<imgdir name="0">
<string name="act" value="stand0"/>
<string name="0" value="c4_f1"/>
<string name="1" value="c4_f2"/>
<string name="2" value="c4_f3"/>
<string name="3" value="c4_f4"/>
</imgdir>
</imgdir>
</imgdir>
<imgdir name="4">
<string name="command" value="c5"/>
<int name="inc" value="1"/>
<int name="prob" value="60"/>
<int name="l0" value="1"/>
<int name="l1" value="9"/>
<imgdir name="success">
<imgdir name="0">
<string name="act" value="cry"/>
<string name="0" value="c5_s1"/>
<string name="1" value="c5_s2"/>
</imgdir>
</imgdir>
<imgdir name="fail">
<imgdir name="0">
<string name="act" value="stand1"/>
<string name="0" value="c5_f1"/>
<string name="1" value="c5_f2"/>
</imgdir>
</imgdir>
</imgdir>
<imgdir name="5">
<string name="command" value="c6"/>
<int name="inc" value="1"/>
<int name="prob" value="75"/>
<int name="l0" value="10"/>
<int name="l1" value="19"/>
<imgdir name="success">
<imgdir name="0">
<string name="act" value="cry"/>
<string name="0" value="c6_s1"/>
<string name="1" value="c6_s2"/>
<string name="2" value="c6_s3"/>
<string name="3" value="c6_s4"/>
</imgdir>
</imgdir>
<imgdir name="fail">
<imgdir name="0">
<string name="act" value="stand1"/>
<string name="0" value="c6_f1"/>
<string name="1" value="c6_f2"/>
<string name="2" value="c6_f3"/>
<string name="3" value="c6_f4"/>
</imgdir>
</imgdir>
</imgdir>
<imgdir name="6">
<string name="command" value="c7"/>
<int name="inc" value="1"/>
<int name="prob" value="45"/>
<int name="l0" value="20"/>
<int name="l1" value="29"/>
<imgdir name="success">
<imgdir name="0">
<string name="act" value="cry"/>
<string name="0" value="c7_s1"/>
<string name="1" value="c7_s2"/>
<string name="2" value="c7_s3"/>
<string name="3" value="c7_s4"/>
</imgdir>
</imgdir>
<imgdir name="fail">
<imgdir name="0">
<string name="act" value="stand1"/>
<string name="0" value="c7_f1"/>
<string name="1" value="c7_f2"/>
<string name="2" value="c7_f3"/>
<string name="3" value="c7_f4"/>
</imgdir>
</imgdir>
</imgdir>
<imgdir name="7">
<string name="command" value="c8"/>
<int name="inc" value="1"/>
<int name="prob" value="60"/>
<int name="l0" value="30"/>
<int name="l1" value="30"/>
<imgdir name="success">
<imgdir name="0">
<string name="act" value="cry"/>
<string name="0" value="c8_s1"/>
<string name="1" value="c8_s2"/>
<string name="2" value="c8_s3"/>
<string name="3" value="c8_s4"/>
</imgdir>
</imgdir>
<imgdir name="fail">
<imgdir name="0">
<string name="act" value="stand1"/>
<string name="0" value="c8_f1"/>
<string name="1" value="c8_f2"/>
<string name="2" value="c8_f3"/>
<string name="3" value="c8_f4"/>
</imgdir>
</imgdir>
</imgdir>
<imgdir name="8">
<string name="command" value="c9"/>
<int name="inc" value="1"/>
<int name="prob" value="75"/>
<int name="l0" value="1"/>
<int name="l1" value="9"/>
<imgdir name="success">
<imgdir name="0">
<string name="act" value="love"/>
<string name="0" value="c9_s1"/>
<string name="1" value="c9_s2"/>
</imgdir>
</imgdir>
<imgdir name="fail">
<imgdir name="0">
<string name="act" value="stand0"/>
<string name="0" value="c9_f1"/>
<string name="1" value="c9_f2"/>
</imgdir>
</imgdir>
</imgdir>
<imgdir name="9">
<string name="command" value="c10"/>
<int name="inc" value="1"/>
<int name="prob" value="55"/>
<int name="l0" value="10"/>
<int name="l1" value="19"/>
<imgdir name="success">
<imgdir name="0">
<string name="act" value="love"/>
<string name="0" value="c10_s1"/>
<string name="1" value="c10_s2"/>
<string name="2" value="c10_s3"/>
<string name="3" value="c10_s4"/>
</imgdir>
</imgdir>
<imgdir name="fail">
<imgdir name="0">
<string name="act" value="stand0"/>
<string name="0" value="c10_f1"/>
<string name="1" value="c10_f2"/>
<string name="2" value="c10_f3"/>
<string name="3" value="c10_f4"/>
</imgdir>
</imgdir>
</imgdir>
<imgdir name="10">
<string name="command" value="c11"/>
<int name="inc" value="1"/>
<int name="prob" value="60"/>
<int name="l0" value="20"/>
<int name="l1" value="29"/>
<imgdir name="success">
<imgdir name="0">
<string name="act" value="love"/>
<string name="0" value="c11_s1"/>
<string name="1" value="c11_s2"/>
<string name="2" value="c11_s3"/>
<string name="3" value="c11_s4"/>
</imgdir>
</imgdir>
<imgdir name="fail">
<imgdir name="0">
<string name="act" value="what"/>
<string name="0" value="c11_f1"/>
<string name="1" value="c11_f2"/>
<string name="2" value="c11_f3"/>
<string name="3" value="c11_f4"/>
</imgdir>
</imgdir>
</imgdir>
<imgdir name="11">
<string name="command" value="c12"/>
<int name="inc" value="1"/>
<int name="prob" value="75"/>
<int name="l0" value="30"/>
<int name="l1" value="30"/>
<imgdir name="success">
<imgdir name="0">
<string name="act" value="love"/>
<string name="0" value="c12_s1"/>
<string name="1" value="c12_s2"/>
<string name="2" value="c12_s3"/>
<string name="3" value="c12_s4"/>
</imgdir>
</imgdir>
<imgdir name="fail">
<imgdir name="0">
<string name="act" value="stand0"/>
<string name="0" value="c12_f1"/>
<string name="1" value="c12_f2"/>
<string name="2" value="c12_f3"/>
<string name="3" value="c12_f4"/>
</imgdir>
</imgdir>
</imgdir>
<imgdir name="12">
<string name="command" value="c13"/>
<int name="inc" value="1"/>
<int name="prob" value="45"/>
<int name="l0" value="10"/>
<int name="l1" value="19"/>
<imgdir name="success">
<imgdir name="0">
<string name="act" value="dung"/>
<string name="0" value="c13_s1"/>
<string name="1" value="c13_s2"/>
<string name="2" value="c13_s3"/>
<string name="3" value="c13_s4"/>
</imgdir>
</imgdir>
<imgdir name="fail">
<imgdir name="0">
<string name="act" value="what"/>
<string name="0" value="c13_f1"/>
<string name="1" value="c13_f2"/>
<string name="2" value="c13_f3"/>
<string name="3" value="c13_f4"/>
</imgdir>
</imgdir>
</imgdir>
<imgdir name="13">
<string name="command" value="c14"/>
<int name="inc" value="1"/>
<int name="prob" value="60"/>
<int name="l0" value="20"/>
<int name="l1" value="29"/>
<imgdir name="success">
<imgdir name="0">
<string name="act" value="dung"/>
<string name="0" value="c14_s1"/>
<string name="1" value="c14_s2"/>
<string name="2" value="c14_s3"/>
<string name="3" value="c14_s4"/>
</imgdir>
</imgdir>
<imgdir name="fail">
<imgdir name="0">
<string name="act" value="cry"/>
<string name="0" value="c14_f1"/>
<string name="1" value="c14_f2"/>
<string name="2" value="c14_f3"/>
<string name="3" value="c14_f4"/>
</imgdir>
</imgdir>
</imgdir>
<imgdir name="14">
<string name="command" value="c15"/>
<int name="inc" value="1"/>
<int name="prob" value="75"/>
<int name="l0" value="30"/>
<int name="l1" value="30"/>
<imgdir name="success">
<imgdir name="0">
<string name="act" value="dung"/>
<string name="0" value="c15_s1"/>
<string name="1" value="c15_s2"/>
<string name="2" value="c15_s3"/>
<string name="3" value="c15_s4"/>
</imgdir>
</imgdir>
<imgdir name="fail">
<imgdir name="0">
<string name="act" value="chat"/>
<string name="0" value="c15_f1"/>
<string name="1" value="c15_f2"/>
<string name="2" value="c15_f3"/>
<string name="3" value="c15_f4"/>
</imgdir>
</imgdir>
</imgdir>
<imgdir name="15">
<string name="command" value="c16"/>
<int name="inc" value="1"/>
<int name="prob" value="80"/>
<int name="l0" value="10"/>
<int name="l1" value="19"/>
<imgdir name="success">
<imgdir name="0">
<string name="act" value="sleep"/>
<string name="0" value="c16_s1"/>
<string name="1" value="c16_s2"/>
<string name="2" value="c16_s3"/>
<string name="3" value="c16_s4"/>
</imgdir>
</imgdir>
<imgdir name="fail">
<imgdir name="0">
<string name="act" value="hungry"/>
<string name="0" value="c16_f1"/>
<string name="1" value="c16_f2"/>
<string name="2" value="c16_f3"/>
<string name="3" value="c16_f4"/>
</imgdir>
</imgdir>
</imgdir>
<imgdir name="16">
<string name="command" value="c17"/>
<int name="inc" value="2"/>
<int name="prob" value="80"/>
<int name="l0" value="20"/>
<int name="l1" value="29"/>
<imgdir name="success">
<imgdir name="0">
<string name="act" value="sleep"/>
<string name="0" value="c17_s1"/>
<string name="1" value="c17_s2"/>
<string name="2" value="c17_s3"/>
<string name="3" value="c17_s4"/>
</imgdir>
</imgdir>
<imgdir name="fail">
<imgdir name="0">
<string name="act" value="jump"/>
<string name="0" value="c17_f1"/>
<string name="1" value="c17_f2"/>
<string name="2" value="c17_f3"/>
<string name="3" value="c17_f4"/>
</imgdir>
</imgdir>
</imgdir>
<imgdir name="17">
<string name="command" value="c18"/>
<int name="inc" value="2"/>
<int name="prob" value="80"/>
<int name="l0" value="30"/>
<int name="l1" value="30"/>
<imgdir name="success">
<imgdir name="0">
<string name="act" value="chat"/>
<string name="0" value="c18_s1"/>
<string name="1" value="c18_s2"/>
<string name="2" value="c18_s3"/>
<string name="3" value="c18_s4"/>
</imgdir>
</imgdir>
<imgdir name="fail">
<imgdir name="0">
<string name="act" value="move"/>
<string name="0" value="c18_f1"/>
<string name="1" value="c18_f2"/>
<string name="2" value="c18_f3"/>
<string name="3" value="c18_f4"/>
</imgdir>
</imgdir>
</imgdir>
<imgdir name="18">
<string name="command" value="c19"/>
<int name="inc" value="2"/>
<int name="prob" value="50"/>
<int name="l0" value="10"/>
<int name="l1" value="19"/>
<imgdir name="success">
<imgdir name="0">
<string name="act" value="chat"/>
<string name="0" value="c19_s1"/>
<string name="1" value="c19_s2"/>
<string name="2" value="c19_s3"/>
<string name="3" value="c19_s4"/>
</imgdir>
</imgdir>
<imgdir name="fail">
<imgdir name="0">
<string name="act" value="what"/>
<string name="0" value="c19_f1"/>
<string name="1" value="c19_f2"/>
<string name="2" value="c19_f3"/>
<string name="3" value="c19_f4"/>
</imgdir>
</imgdir>
</imgdir>
<imgdir name="19">
<string name="command" value="c20"/>
<int name="inc" value="2"/>
<int name="prob" value="65"/>
<int name="l0" value="20"/>
<int name="l1" value="29"/>
<imgdir name="success">
<imgdir name="0">
<string name="act" value="chat"/>
<string name="0" value="c20_s1"/>
<string name="1" value="c20_s2"/>
<string name="2" value="c20_s3"/>
<string name="3" value="c20_s4"/>
</imgdir>
</imgdir>
<imgdir name="fail">
<imgdir name="0">
<string name="act" value="what"/>
<string name="0" value="c20_f1"/>
<string name="1" value="c20_f2"/>
<string name="2" value="c20_f3"/>
<string name="3" value="c20_f4"/>
</imgdir>
</imgdir>
</imgdir>
<imgdir name="20">
<string name="command" value="c21"/>
<int name="inc" value="2"/>
<int name="prob" value="80"/>
<int name="l0" value="30"/>
<int name="l1" value="30"/>
<imgdir name="success">
<imgdir name="0">
<string name="act" value="chat"/>
<string name="0" value="c21_s1"/>
<string name="1" value="c21_s2"/>
<string name="2" value="c21_s3"/>
<string name="3" value="c21_s4"/>
</imgdir>
</imgdir>
<imgdir name="fail">
<imgdir name="0">
<string name="act" value="what"/>
<string name="0" value="c21_f1"/>
<string name="1" value="c21_f2"/>
<string name="2" value="c21_f3"/>
<string name="3" value="c21_f4"/>
</imgdir>
</imgdir>
</imgdir>
</imgdir>
<imgdir name="food">
<imgdir name="0">
<int name="l0" value="1"/>
<int name="l1" value="9"/>
<imgdir name="success">
<imgdir name="0">
<string name="act" value="eat"/>
<string name="0" value="f1_s"/>
</imgdir>
</imgdir>
<imgdir name="fail">
<imgdir name="0">
<string name="act" value="cry"/>
<string name="0" value="f1_f"/>
</imgdir>
</imgdir>
</imgdir>
<imgdir name="1">
<int name="l0" value="10"/>
<int name="l1" value="19"/>
<imgdir name="success">
<imgdir name="0">
<string name="act" value="eat"/>
<string name="0" value="f2_s"/>
</imgdir>
</imgdir>
<imgdir name="fail">
<imgdir name="0">
<string name="act" value="cry"/>
<string name="0" value="f2_f"/>
</imgdir>
</imgdir>
</imgdir>
<imgdir name="2">
<int name="l0" value="20"/>
<int name="l1" value="29"/>
<imgdir name="success">
<imgdir name="0">
<string name="act" value="eat"/>
<string name="0" value="f3_s"/>
</imgdir>
</imgdir>
<imgdir name="fail">
<imgdir name="0">
<string name="act" value="cry"/>
<string name="0" value="f3_f"/>
</imgdir>
</imgdir>
</imgdir>
<imgdir name="3">
<int name="l0" value="30"/>
<int name="l1" value="30"/>
<imgdir name="success">
<imgdir name="0">
<string name="act" value="eat"/>
<string name="0" value="f4_s"/>
</imgdir>
</imgdir>
<imgdir name="fail">
<imgdir name="0">
<string name="act" value="cry"/>
<string name="0" value="f4_f"/>
</imgdir>
</imgdir>
</imgdir>
</imgdir>
<imgdir name="slang">
<imgdir name="0">
<int name="l0" value="1"/>
<int name="l1" value="9"/>
<string name="act" value="cry"/>
<string name="0" value="s1"/>
</imgdir>
<imgdir name="1">
<int name="l0" value="10"/>
<int name="l1" value="19"/>
<string name="act" value="cry"/>
<string name="0" value="s2"/>
</imgdir>
<imgdir name="2">
<int name="l0" value="20"/>
<int name="l1" value="29"/>
<string name="act" value="angry"/>
<string name="0" value="s3"/>
</imgdir>
<imgdir name="3">
<int name="l0" value="30"/>
<int name="l1" value="30"/>
<string name="act" value="angry"/>
<string name="0" value="s4"/>
</imgdir>
</imgdir>
<imgdir name="stand0">
<canvas name="0" width="1" height="1">
<vector name="origin" x="21" y="47"/>
<int name="z" value="0"/>
<int name="delay" value="150"/>
<vector name="lt" x="-19" y="-43"/>
<vector name="rb" x="21" y="1"/>
<string name="_hash" value="5581aa07e212cee2c4b26e708c7361efadd6708953c25107460c79f91934317f"/>
<string name="_outlink" value="Item/Pet/5000931.img/stand0/0"/>
</canvas>
<canvas name="1" width="1" height="1">
<vector name="origin" x="22" y="46"/>
<int name="z" value="0"/>
<int name="delay" value="150"/>
<vector name="lt" x="-19" y="-43"/>
<vector name="rb" x="21" y="1"/>
<string name="_hash" value="88a23ba2a3f736881901e0d1dae5ec7d647cda7492200f7f2e1cc66141b7dd7a"/>
<string name="_outlink" value="Item/Pet/5000931.img/stand0/1"/>
</canvas>
<canvas name="2" width="1" height="1">
<vector name="origin" x="21" y="47"/>
<int name="z" value="0"/>
<int name="delay" value="150"/>
<vector name="lt" x="-19" y="-43"/>
<vector name="rb" x="21" y="1"/>
<string name="_hash" value="d87539bf56d31e208f97b086f8dc7afcb8db0233a0ba4ef70a7347b91d17ced3"/>
<string name="_outlink" value="Item/Pet/5000931.img/stand0/2"/>
</canvas>
<canvas name="3" width="1" height="1">
<vector name="origin" x="20" y="48"/>
<int name="z" value="0"/>
<int name="delay" value="150"/>
<vector name="lt" x="-19" y="-43"/>
<vector name="rb" x="21" y="1"/>
<string name="_hash" value="0a80167b1c7afe1e28915c629eaf6f12b2c33cf8afdb41af7397d413eb10a4e0"/>
<string name="_outlink" value="Item/Pet/5000931.img/stand0/3"/>
</canvas>
</imgdir>
<imgdir name="stand1">
<canvas name="0" width="1" height="1">
<vector name="origin" x="21" y="47"/>
<int name="z" value="0"/>
<int name="delay" value="150"/>
<vector name="lt" x="-19" y="-43"/>
<vector name="rb" x="21" y="1"/>
<string name="_hash" value="a507ee9a19d3445acc862d621d24d1cd2e0dc37b83f7808cba5fd17364ecc58f"/>
<string name="_outlink" value="Item/Pet/5000931.img/stand1/0"/>
</canvas>
<canvas name="1" width="1" height="1">
<vector name="origin" x="22" y="46"/>
<int name="z" value="0"/>
<int name="delay" value="150"/>
<vector name="lt" x="-19" y="-43"/>
<vector name="rb" x="21" y="1"/>
<string name="_hash" value="982f2d37766dc0cbdad0b016e3d33e0c5bccc76c6fd5e653bbf9ca32ef5fe8ac"/>
<string name="_outlink" value="Item/Pet/5000931.img/stand1/1"/>
</canvas>
<canvas name="2" width="1" height="1">
<vector name="origin" x="21" y="47"/>
<int name="z" value="0"/>
<int name="delay" value="150"/>
<vector name="lt" x="-19" y="-43"/>
<vector name="rb" x="21" y="1"/>
<string name="_hash" value="d8df34b224913b91c6951dc05b9341eac2f7300ac6029af88b22b62df6ae4501"/>
<string name="_outlink" value="Item/Pet/5000931.img/stand1/2"/>
</canvas>
<canvas name="3" width="1" height="1">
<vector name="origin" x="20" y="48"/>
<int name="z" value="0"/>
<int name="delay" value="150"/>
<vector name="lt" x="-19" y="-43"/>
<vector name="rb" x="21" y="1"/>
<string name="_outlink" value="Item/Pet/5000931.img/stand0/3"/>
</canvas>
</imgdir>
<imgdir name="rest0">
<canvas name="0" width="1" height="1">
<vector name="origin" x="22" y="45"/>
<int name="z" value="0"/>
<int name="delay" value="150"/>
<vector name="lt" x="-19" y="-43"/>
<vector name="rb" x="21" y="1"/>
<string name="_hash" value="3b9aaf2c32d0acf223b4d0b13c57f00f66be399a0fb6476d6b748b7cc4cd6b26"/>
<string name="_outlink" value="Item/Pet/5000931.img/rest0/0"/>
</canvas>
<canvas name="1" width="1" height="1">
<vector name="origin" x="24" y="44"/>
<int name="z" value="0"/>
<int name="delay" value="150"/>
<vector name="lt" x="-19" y="-43"/>
<vector name="rb" x="21" y="1"/>
<string name="_hash" value="e4a20f6628fab26eb50c95d7e0ca680a0a2d75e2c2db80ee97a40c830313f2bf"/>
<string name="_outlink" value="Item/Pet/5000931.img/rest0/1"/>
</canvas>
<canvas name="2" width="1" height="1">
<vector name="origin" x="25" y="45"/>
<int name="z" value="0"/>
<int name="delay" value="150"/>
<vector name="lt" x="-19" y="-43"/>
<vector name="rb" x="21" y="1"/>
<string name="_hash" value="4696dc87c6a7f5a5e6a452c22ce719860c54d760d567425d43932ca291136f53"/>
<string name="_outlink" value="Item/Pet/5000931.img/rest0/2"/>
</canvas>
<canvas name="3" width="1" height="1">
<vector name="origin" x="26" y="46"/>
<int name="z" value="0"/>
<int name="delay" value="150"/>
<vector name="lt" x="-19" y="-43"/>
<vector name="rb" x="21" y="1"/>
<string name="_hash" value="5b82ba5c2569ab19dd1aa7c505fc2affd9b38a2456e7d46e903ea49363edf401"/>
<string name="_outlink" value="Item/Pet/5000931.img/rest0/3"/>
</canvas>
<canvas name="4" width="1" height="1">
<vector name="origin" x="27" y="45"/>
<int name="z" value="0"/>
<int name="delay" value="150"/>
<vector name="lt" x="-19" y="-43"/>
<vector name="rb" x="21" y="1"/>
<string name="_hash" value="9154028c898cd0a6ef4378c8ee8055947424763a837790ec28f20618fab2f958"/>
<string name="_outlink" value="Item/Pet/5000931.img/rest0/4"/>
</canvas>
<canvas name="5" width="1" height="1">
<vector name="origin" x="27" y="44"/>
<int name="z" value="0"/>
<int name="delay" value="150"/>
<vector name="lt" x="-19" y="-43"/>
<vector name="rb" x="21" y="1"/>
<string name="_hash" value="b68e26d651664ad7fecdce808076323a56dfe17a640ed6033c41f17c200e7911"/>
<string name="_outlink" value="Item/Pet/5000931.img/rest0/5"/>
</canvas>
<canvas name="6" width="1" height="1">
<vector name="origin" x="28" y="45"/>
<int name="z" value="0"/>
<int name="delay" value="150"/>
<vector name="lt" x="-19" y="-43"/>
<vector name="rb" x="21" y="1"/>
<string name="_hash" value="7e895599675d4443de6a3fdf3098b6a2e3b173f0c7db21357244717d8c78f8c2"/>
<string name="_outlink" value="Item/Pet/5000931.img/rest0/6"/>
</canvas>
<canvas name="7" width="1" height="1">
<vector name="origin" x="29" y="46"/>
<int name="z" value="0"/>
<int name="delay" value="150"/>
<vector name="lt" x="-19" y="-43"/>
<vector name="rb" x="21" y="1"/>
<string name="_hash" value="efa19e44067b1d5863b33d3f9a63f14c84a693f3e6767aad7dd33cf7ce5b1fa4"/>
<string name="_outlink" value="Item/Pet/5000931.img/rest0/7"/>
</canvas>
</imgdir>
<imgdir name="move">
<canvas name="0" width="1" height="1">
<vector name="origin" x="20" y="48"/>
<int name="z" value="0"/>
<int name="delay" value="150"/>
<vector name="lt" x="-19" y="-43"/>
<vector name="rb" x="21" y="1"/>
<string name="_hash" value="fc7a978874067dead88a461b955355b8d974a78e539d710b220914ed454caf77"/>
<string name="_outlink" value="Item/Pet/5000931.img/move/0"/>
</canvas>
<canvas name="1" width="1" height="1">
<vector name="origin" x="21" y="47"/>
<int name="z" value="0"/>
<int name="delay" value="150"/>
<vector name="lt" x="-19" y="-43"/>
<vector name="rb" x="21" y="1"/>
<string name="_hash" value="3bbadadf118f040439072a8b92dd7982356c8d39b23d8d06cbb1bec691b6b680"/>
<string name="_outlink" value="Item/Pet/5000931.img/move/1"/>
</canvas>
<canvas name="2" width="1" height="1">
<vector name="origin" x="22" y="46"/>
<int name="z" value="0"/>
<int name="delay" value="150"/>
<vector name="lt" x="-19" y="-43"/>
<vector name="rb" x="21" y="1"/>
<string name="_hash" value="99e7228f66f82889b06c76359f64f889eb32eb94a7fc8dba699772d407e5c2db"/>
<string name="_outlink" value="Item/Pet/5000931.img/move/2"/>
</canvas>
<canvas name="3" width="1" height="1">
<vector name="origin" x="21" y="47"/>
<int name="z" value="0"/>
<int name="delay" value="150"/>
<vector name="lt" x="-19" y="-43"/>
<vector name="rb" x="21" y="1"/>
<string name="_outlink" value="Item/Pet/5000931.img/move/1"/>
</canvas>
</imgdir>
<imgdir name="jump">
<canvas name="0" width="1" height="1">
<vector name="origin" x="21" y="49"/>
<int name="z" value="0"/>
<vector name="lt" x="-19" y="-43"/>
<vector name="rb" x="21" y="1"/>
<int name="delay" value="150"/>
<string name="_hash" value="9f34aab76c6477e02c815a02022474ac5bacbb1d6dc67939122c1e53c284da16"/>
<string name="_outlink" value="Item/Pet/5000931.img/jump/0"/>
</canvas>
</imgdir>
<imgdir name="sleep">
<canvas name="0" width="1" height="1">
<vector name="origin" x="25" y="44"/>
<int name="z" value="0"/>
<int name="delay" value="150"/>
<vector name="lt" x="-19" y="-43"/>
<vector name="rb" x="21" y="1"/>
<string name="_hash" value="e7bf68be246fb0241d9982e3b11e545435adc234545bc80a08c051762860dc50"/>
<string name="_outlink" value="Item/Pet/5000931.img/sleep/0"/>
</canvas>
<canvas name="1" width="1" height="1">
<vector name="origin" x="29" y="43"/>
<int name="z" value="0"/>
<int name="delay" value="150"/>
<vector name="lt" x="-19" y="-43"/>
<vector name="rb" x="21" y="1"/>
<string name="_hash" value="2548f4d6c04ae8bfeca3ac27ace7c585889c5ff3c5f71b02aebe17a06f9ffd51"/>
<string name="_outlink" value="Item/Pet/5000931.img/sleep/1"/>
</canvas>
<canvas name="2" width="1" height="1">
<vector name="origin" x="30" y="43"/>
<int name="z" value="0"/>
<int name="delay" value="150"/>
<vector name="lt" x="-19" y="-43"/>
<vector name="rb" x="21" y="1"/>
<string name="_hash" value="2a4af187071eb487695a06fc87e2326eef42fd1c390ef247375387e657876f69"/>
<string name="_outlink" value="Item/Pet/5000931.img/sleep/2"/>
</canvas>
<canvas name="3" width="1" height="1">
<vector name="origin" x="31" y="43"/>
<int name="z" value="0"/>
<int name="delay" value="150"/>
<vector name="lt" x="-19" y="-43"/>
<vector name="rb" x="21" y="1"/>
<string name="_hash" value="2f4013884b752a98c705f7e940df0734d784ff6dc48692f60606848bafda53df"/>
<string name="_outlink" value="Item/Pet/5000931.img/sleep/3"/>
</canvas>
<canvas name="4" width="1" height="1">
<vector name="origin" x="33" y="43"/>
<int name="z" value="0"/>
<int name="delay" value="150"/>
<vector name="lt" x="-19" y="-43"/>
<vector name="rb" x="21" y="1"/>
<string name="_hash" value="89020c2fd602cd228f405fcd10f652ef440c5f993a1b969c9bfd7d19fe03a023"/>
<string name="_outlink" value="Item/Pet/5000931.img/sleep/4"/>
</canvas>
<canvas name="5" width="1" height="1">
<vector name="origin" x="34" y="43"/>
<int name="z" value="0"/>
<int name="delay" value="150"/>
<vector name="lt" x="-19" y="-43"/>
<vector name="rb" x="21" y="1"/>
<string name="_hash" value="173b7f5cb7825959743e3b69a71d96ec275544755d07b7d6c771922c114dfa89"/>
<string name="_outlink" value="Item/Pet/5000931.img/sleep/5"/>
</canvas>
</imgdir>
<imgdir name="hungry">
<canvas name="0" width="1" height="1">
<vector name="origin" x="20" y="49"/>
<int name="z" value="0"/>
<int name="delay" value="150"/>
<vector name="lt" x="-19" y="-43"/>
<vector name="rb" x="21" y="1"/>
<string name="_hash" value="b24d9230a01f4b9b9bee9658273430eaf79e642ebe8714b257ce41910d4c0010"/>
<string name="_outlink" value="Item/Pet/5000931.img/hungry/0"/>
</canvas>
<canvas name="1" width="1" height="1">
<vector name="origin" x="21" y="48"/>
<int name="z" value="0"/>
<int name="delay" value="150"/>
<vector name="lt" x="-19" y="-43"/>
<vector name="rb" x="21" y="1"/>
<string name="_hash" value="702a3c3887f557669b0d417a9c5af2008b6488d09b9a9ea0d279c18a82200063"/>
<string name="_outlink" value="Item/Pet/5000931.img/hungry/1"/>
</canvas>
<canvas name="2" width="1" height="1">
<vector name="origin" x="22" y="47"/>
<int name="z" value="0"/>
<int name="delay" value="150"/>
<vector name="lt" x="-19" y="-43"/>
<vector name="rb" x="21" y="1"/>
<string name="_hash" value="7353e115df1934794165a23390189c0ac809eac261274d3d571394e1b62d778f"/>
<string name="_outlink" value="Item/Pet/5000931.img/hungry/2"/>
</canvas>
<canvas name="3" width="1" height="1">
<vector name="origin" x="21" y="48"/>
<int name="z" value="0"/>
<int name="delay" value="150"/>
<vector name="lt" x="-19" y="-43"/>
<vector name="rb" x="21" y="1"/>
<string name="_hash" value="28195866065117af8eb34124807821284764284e274aa24268227c99ab26883e"/>
<string name="_outlink" value="Item/Pet/5000931.img/hungry/3"/>
</canvas>
</imgdir>
<imgdir name="hang">
<canvas name="0" width="1" height="1">
<vector name="origin" x="24" y="58"/>
<int name="z" value="0"/>
<vector name="lt" x="-19" y="-43"/>
<vector name="rb" x="21" y="1"/>
<int name="delay" value="150"/>
<string name="_hash" value="39f5fe3dba8d1ac2513341550b33fb92aee41afb25216722e316a0aba97f2a17"/>
<string name="_outlink" value="Item/Pet/5000931.img/hang/0"/>
</canvas>
</imgdir>
<imgdir name="eat">
<canvas name="0" width="1" height="1">
<vector name="origin" x="21" y="47"/>
<int name="z" value="0"/>
<int name="delay" value="150"/>
<vector name="lt" x="-19" y="-43"/>
<vector name="rb" x="21" y="1"/>
<string name="_hash" value="26c752ce132d563b97ba85f1d1105f55b844cddfe54259a751726df1c26ccdd3"/>
<string name="_outlink" value="Item/Pet/5000931.img/eat/0"/>
</canvas>
<canvas name="1" width="1" height="1">
<vector name="origin" x="22" y="46"/>
<int name="z" value="0"/>
<int name="delay" value="150"/>
<vector name="lt" x="-19" y="-43"/>
<vector name="rb" x="21" y="1"/>
<string name="_hash" value="64adfb400938ddbfb35bd3f42f791ab9b99ea541a9a01460ff2ad818682e4bdb"/>
<string name="_outlink" value="Item/Pet/5000931.img/eat/1"/>
</canvas>
<canvas name="2" width="1" height="1">
<vector name="origin" x="21" y="47"/>
<int name="z" value="0"/>
<int name="delay" value="150"/>
<vector name="lt" x="-19" y="-43"/>
<vector name="rb" x="21" y="1"/>
<string name="_hash" value="ee283d4126ceaa9f6bf158bc43a2c240017422395d58eb167e3f31e9308a57f9"/>
<string name="_outlink" value="Item/Pet/5000931.img/eat/2"/>
</canvas>
<canvas name="3" width="1" height="1">
<vector name="origin" x="20" y="48"/>
<int name="z" value="0"/>
<int name="delay" value="150"/>
<vector name="lt" x="-19" y="-43"/>
<vector name="rb" x="21" y="1"/>
<string name="_hash" value="c6815eb70e961fbbbd50c7997069c238a23e87da28cc7cae3c274d4cf41001b1"/>
<string name="_outlink" value="Item/Pet/5000931.img/eat/3"/>
</canvas>
</imgdir>
<imgdir name="chat">
<canvas name="0" width="1" height="1">
<vector name="origin" x="21" y="47"/>
<int name="z" value="0"/>
<int name="delay" value="150"/>
<vector name="lt" x="-19" y="-43"/>
<vector name="rb" x="21" y="1"/>
<string name="_outlink" value="Item/Pet/5000931.img/stand0/0"/>
</canvas>
<canvas name="1" width="1" height="1">
<vector name="origin" x="22" y="46"/>
<int name="z" value="0"/>
<int name="delay" value="150"/>
<vector name="lt" x="-19" y="-43"/>
<vector name="rb" x="21" y="1"/>
<string name="_hash" value="f3a6b2e6eb3594fe3c81ee4b053ee0d79b96df156446ed5a19ccb301f82c2cd2"/>
<string name="_outlink" value="Item/Pet/5000931.img/chat/1"/>
</canvas>
<canvas name="2" width="1" height="1">
<vector name="origin" x="21" y="47"/>
<int name="z" value="0"/>
<int name="delay" value="150"/>
<vector name="lt" x="-19" y="-43"/>
<vector name="rb" x="21" y="1"/>
<string name="_outlink" value="Item/Pet/5000931.img/stand0/2"/>
</canvas>
<canvas name="3" width="1" height="1">
<vector name="origin" x="20" y="48"/>
<int name="z" value="0"/>
<int name="delay" value="150"/>
<vector name="lt" x="-19" y="-43"/>
<vector name="rb" x="21" y="1"/>
<string name="_hash" value="c2bd59d68056ab694bb97b6dc215a542733328473e799b7971db02eb6ea6efea"/>
<string name="_outlink" value="Item/Pet/5000931.img/chat/3"/>
</canvas>
</imgdir>
<imgdir name="love">
<canvas name="0" width="1" height="1">
<vector name="origin" x="20" y="46"/>
<int name="z" value="0"/>
<int name="delay" value="150"/>
<vector name="lt" x="-19" y="-43"/>
<vector name="rb" x="21" y="1"/>
<string name="_hash" value="194736c11dfb5301fe31c97d8c3a2bce3194d58885f300fbc8dc6af7ee35b9ed"/>
<string name="_outlink" value="Item/Pet/5000931.img/love/0"/>
</canvas>
<canvas name="1" width="1" height="1">
<vector name="origin" x="20" y="45"/>
<int name="z" value="0"/>
<int name="delay" value="150"/>
<vector name="lt" x="-19" y="-43"/>
<vector name="rb" x="21" y="1"/>
<string name="_hash" value="e87f554925020e28b08e02587b4433d6ca73f1ee582fab076918405809fb579a"/>
<string name="_outlink" value="Item/Pet/5000931.img/love/1"/>
</canvas>
<canvas name="2" width="1" height="1">
<vector name="origin" x="20" y="46"/>
<int name="z" value="0"/>
<int name="delay" value="150"/>
<vector name="lt" x="-19" y="-43"/>
<vector name="rb" x="21" y="1"/>
<string name="_hash" value="ef6d6f994240820575cd4957c751f755db784ef7d98d7f56b128b8c645bfdf36"/>
<string name="_outlink" value="Item/Pet/5000931.img/love/2"/>
</canvas>
<canvas name="3" width="1" height="1">
<vector name="origin" x="21" y="47"/>
<int name="z" value="0"/>
<int name="delay" value="150"/>
<vector name="lt" x="-19" y="-43"/>
<vector name="rb" x="21" y="1"/>
<string name="_hash" value="a14046c91d275e1784dc12fcb7f07d2084e0e75f5d21e7661fc7f12a3ba210a4"/>
<string name="_outlink" value="Item/Pet/5000931.img/love/3"/>
</canvas>
<canvas name="4" width="1" height="1">
<vector name="origin" x="20" y="46"/>
<int name="z" value="0"/>
<int name="delay" value="150"/>
<vector name="lt" x="-19" y="-43"/>
<vector name="rb" x="21" y="1"/>
<string name="_hash" value="6941b2af36ad14a1e8ce9cbc222d35a00fb98d40f90807d5946d492396c38204"/>
<string name="_outlink" value="Item/Pet/5000931.img/love/4"/>
</canvas>
<canvas name="5" width="1" height="1">
<vector name="origin" x="20" y="45"/>
<int name="z" value="0"/>
<int name="delay" value="150"/>
<vector name="lt" x="-19" y="-43"/>
<vector name="rb" x="21" y="1"/>
<string name="_hash" value="044f7c326c4e5b0ef1d70ea34ac86c10d367e01d10eedc9f571d55e88240eed3"/>
<string name="_outlink" value="Item/Pet/5000931.img/love/5"/>
</canvas>
<canvas name="6" width="1" height="1">
<vector name="origin" x="20" y="46"/>
<int name="z" value="0"/>
<int name="delay" value="150"/>
<vector name="lt" x="-19" y="-43"/>
<vector name="rb" x="21" y="1"/>
<string name="_hash" value="8662a1605de02089bd7a0ed9c8d51a30a8bef21a699f4d944bcd7acb92d56ef0"/>
<string name="_outlink" value="Item/Pet/5000931.img/love/6"/>
</canvas>
<canvas name="7" width="1" height="1">
<vector name="origin" x="21" y="47"/>
<int name="z" value="0"/>
<int name="delay" value="150"/>
<vector name="lt" x="-19" y="-43"/>
<vector name="rb" x="21" y="1"/>
<string name="_hash" value="2970d2c7226d454502f6f2599936a8d4767b5d8c7b949d0573c3510a133325e9"/>
<string name="_outlink" value="Item/Pet/5000931.img/love/7"/>
</canvas>
</imgdir>
<imgdir name="cry">
<canvas name="0" width="1" height="1">
<vector name="origin" x="21" y="47"/>
<int name="z" value="0"/>
<int name="delay" value="150"/>
<vector name="lt" x="-19" y="-43"/>
<vector name="rb" x="21" y="1"/>
<string name="_hash" value="4d83cbfb8bf2432dead542b83e58191c18462cfa05593ca117313a4375928993"/>
<string name="_outlink" value="Item/Pet/5000931.img/cry/0"/>
</canvas>
<canvas name="1" width="1" height="1">
<vector name="origin" x="22" y="46"/>
<int name="z" value="0"/>
<int name="delay" value="150"/>
<vector name="lt" x="-19" y="-43"/>
<vector name="rb" x="21" y="1"/>
<string name="_hash" value="004b3f8d72612c77da4bd6393cc31419c8e5f4a053a81e21fa832aef95d3f90b"/>
<string name="_outlink" value="Item/Pet/5000931.img/cry/1"/>
</canvas>
<canvas name="2" width="1" height="1">
<vector name="origin" x="21" y="47"/>
<int name="z" value="0"/>
<int name="delay" value="150"/>
<vector name="lt" x="-19" y="-43"/>
<vector name="rb" x="21" y="1"/>
<string name="_hash" value="0ed67dae4569087c3c9e21a4682efa569258bd16d88db68da669d70a30f9fbed"/>
<string name="_outlink" value="Item/Pet/5000931.img/cry/2"/>
</canvas>
<canvas name="3" width="1" height="1">
<vector name="origin" x="20" y="48"/>
<int name="z" value="0"/>
<int name="delay" value="150"/>
<vector name="lt" x="-19" y="-43"/>
<vector name="rb" x="21" y="1"/>
<string name="_hash" value="8dbe1368bf6eee226dd298f43f7f7213124d8b0059e49ca0c98f58d529c448d0"/>
<string name="_outlink" value="Item/Pet/5000931.img/cry/3"/>
</canvas>
</imgdir>
<imgdir name="dung">
<canvas name="0" width="1" height="1">
<vector name="origin" x="22" y="48"/>
<int name="z" value="0"/>
<int name="delay" value="150"/>
<vector name="lt" x="-19" y="-43"/>
<vector name="rb" x="21" y="1"/>
<string name="_hash" value="d42fab9513f32e43a185929ca15641cad8dcac5e2e56fa51eeb9b7e031926103"/>
<string name="_outlink" value="Item/Pet/5000931.img/dung/0"/>
</canvas>
<canvas name="1" width="1" height="1">
<vector name="origin" x="24" y="47"/>
<int name="z" value="0"/>
<int name="delay" value="150"/>
<vector name="lt" x="-19" y="-43"/>
<vector name="rb" x="21" y="1"/>
<string name="_hash" value="493726236a4813fa635e43ebc954b08b90c680c3afcaf41baf3733088f8df7aa"/>
<string name="_outlink" value="Item/Pet/5000931.img/dung/1"/>
</canvas>
<canvas name="2" width="1" height="1">
<vector name="origin" x="23" y="49"/>
<int name="z" value="0"/>
<int name="delay" value="150"/>
<vector name="lt" x="-19" y="-43"/>
<vector name="rb" x="21" y="1"/>
<string name="_hash" value="8558b2d2173e14ea1414754d490cc3bf4bb9ca3ef005cdc8ac7cd2b2d90aa632"/>
<string name="_outlink" value="Item/Pet/5000931.img/dung/2"/>
</canvas>
<canvas name="3" width="1" height="1">
<vector name="origin" x="23" y="50"/>
<int name="z" value="0"/>
<int name="delay" value="150"/>
<vector name="lt" x="-19" y="-43"/>
<vector name="rb" x="21" y="1"/>
<string name="_hash" value="b5a3f4fd7a324dc1631f45af348be78dabc266b211fd47eb34e920c42ec979e7"/>
<string name="_outlink" value="Item/Pet/5000931.img/dung/3"/>
</canvas>
<canvas name="4" width="1" height="1">
<vector name="origin" x="23" y="51"/>
<int name="z" value="0"/>
<int name="delay" value="150"/>
<vector name="lt" x="-19" y="-43"/>
<vector name="rb" x="21" y="1"/>
<string name="_hash" value="c84eb5eb75234e5e578672ea74bd0e2e73fcf39ac56c51a22fde4c99ab52bbee"/>
<string name="_outlink" value="Item/Pet/5000931.img/dung/4"/>
</canvas>
</imgdir>
<uol name="sit" value="rest0"/>
<uol name="fly" value="jump"/>
<imgdir name="roll">
<canvas name="0" width="1" height="1">
<vector name="origin" x="37" y="60"/>
<int name="z" value="0"/>
<int name="delay" value="150"/>
<vector name="lt" x="-19" y="-43"/>
<vector name="rb" x="21" y="1"/>
<string name="_hash" value="c1dc2571a5771095c514e5974c7dcfb626f434da757d8c0f52e2867d943fd2ae"/>
<string name="_outlink" value="Item/Pet/5000931.img/roll/0"/>
</canvas>
<canvas name="1" width="1" height="1">
<vector name="origin" x="39" y="61"/>
<int name="z" value="0"/>
<int name="delay" value="150"/>
<vector name="lt" x="-19" y="-43"/>
<vector name="rb" x="21" y="1"/>
<string name="_hash" value="3812b9f5a4dc0a6087e826df7d80106c47e20b801dbbd0b0ed6eabe750f8c743"/>
<string name="_outlink" value="Item/Pet/5000931.img/roll/1"/>
</canvas>
</imgdir>
<imgdir name="angry">
<canvas name="0" width="1" height="1">
<vector name="origin" x="21" y="47"/>
<int name="z" value="0"/>
<int name="delay" value="150"/>
<vector name="lt" x="-19" y="-43"/>
<vector name="rb" x="21" y="1"/>
<string name="_hash" value="c081ed8ad65c68f2c612741fccab0417d44659589d0356a9153c196e10719304"/>
<string name="_outlink" value="Item/Pet/5000931.img/angry/0"/>
</canvas>
<canvas name="1" width="1" height="1">
<vector name="origin" x="22" y="46"/>
<int name="z" value="0"/>
<int name="delay" value="150"/>
<vector name="lt" x="-19" y="-43"/>
<vector name="rb" x="21" y="1"/>
<string name="_hash" value="d19ebbd431d620d1b6e08a25769c10266d6673e86b1ed3124579ca8b07839050"/>
<string name="_outlink" value="Item/Pet/5000931.img/angry/1"/>
</canvas>
<canvas name="2" width="1" height="1">
<vector name="origin" x="21" y="47"/>
<int name="z" value="0"/>
<int name="delay" value="150"/>
<vector name="lt" x="-19" y="-43"/>
<vector name="rb" x="21" y="1"/>
<string name="_hash" value="bdaf74a2a8c0c70b6232e6235590736e14cd6074857dae02725a1d6dffc42d9e"/>
<string name="_outlink" value="Item/Pet/5000931.img/angry/2"/>
</canvas>
<canvas name="3" width="1" height="1">
<vector name="origin" x="20" y="48"/>
<int name="z" value="0"/>
<int name="delay" value="150"/>
<vector name="lt" x="-19" y="-43"/>
<vector name="rb" x="21" y="1"/>
<string name="_hash" value="1ff24f19971eb9a0820d988d12c315f20339f4c0b06041b6f6d16ebfbf2506f4"/>
<string name="_outlink" value="Item/Pet/5000931.img/angry/3"/>
</canvas>
</imgdir>
<imgdir name="what">
<canvas name="0" width="1" height="1">
<vector name="origin" x="19" y="52"/>
<int name="z" value="0"/>
<int name="delay" value="150"/>
<vector name="lt" x="-19" y="-43"/>
<vector name="rb" x="21" y="1"/>
<string name="_hash" value="205ed9dd5078af005d0e73a62d6566649faa2639120c90e7c1300a58bc207ed1"/>
<string name="_outlink" value="Item/Pet/5000931.img/what/0"/>
</canvas>
<canvas name="1" width="1" height="1">
<vector name="origin" x="19" y="49"/>
<int name="z" value="0"/>
<int name="delay" value="150"/>
<vector name="lt" x="-19" y="-43"/>
<vector name="rb" x="21" y="1"/>
<string name="_hash" value="207431a1b05acca9d1d1525ece9286538e3ad95753dadeaced6f01beefde71c9"/>
<string name="_outlink" value="Item/Pet/5000931.img/what/1"/>
</canvas>
<canvas name="2" width="1" height="1">
<vector name="origin" x="18" y="46"/>
<int name="z" value="0"/>
<int name="delay" value="150"/>
<vector name="lt" x="-19" y="-43"/>
<vector name="rb" x="21" y="1"/>
<string name="_hash" value="a44fa1b44f7cae318310e32a225230e9ef320744d440468455fec8275ee413d4"/>
<string name="_outlink" value="Item/Pet/5000931.img/what/2"/>
</canvas>
<canvas name="3" width="1" height="1">
<vector name="origin" x="17" y="47"/>
<int name="z" value="0"/>
<int name="delay" value="150"/>
<vector name="lt" x="-19" y="-43"/>
<vector name="rb" x="21" y="1"/>
<string name="_hash" value="49e75d58bafa99f5c91a38023e98874c7fa93550a4ccb6662b26034a3aa8080c"/>
<string name="_outlink" value="Item/Pet/5000931.img/what/3"/>
</canvas>
</imgdir>
</imgdir>
