<?xml version="1.0" encoding="UTF-8" standalone="yes"?><imgdir name="5002606.img"><imgdir name="info"><canvas name="icon" width="32" height="33"><vector name="origin" x="0" y="33"/><int name="z" value="0"/><string name="_hash" value="71efe6bb2a8a995c7ab006a982340367571ed17f2a457dbdca1646c18bf8bef1"/></canvas><canvas name="iconRaw" width="32" height="31"><vector name="origin" x="0" y="33"/><int name="z" value="0"/><string name="_hash" value="26908d12feb545815d0558f11e6a08de922abde40179784a9ed7161fc3ddfd6e"/></canvas><canvas name="iconD" width="33" height="32"><vector name="origin" x="0" y="32"/><int name="z" value="0"/><string name="_hash" value="adfbc9fa2976cfb55147be644193365b8c41cae932895efc03ead2265fc7f07e"/></canvas><canvas name="iconRawD" width="33" height="32"><vector name="origin" x="0" y="32"/><int name="z" value="0"/><string name="_hash" value="c19e38caeecd0d39a852ac59d6b2fdf2541752a945ffcb06f10ee6416c2a3aaa"/></canvas><int name="hungry" value="2"/><int name="cash" value="1"/><int name="life" value="90"/><int name="chatBalloon" value="722"/><int name="nameTag" value="724"/><int name="pickupItem" value="1"/><int name="multiPet" value="1"/><int name="sweepForDrop" value="1"/><int name="wonderGrade" value="1"/><int name="autoBuff" value="1"/><int name="setItemID" value="966"/></imgdir><imgdir name="interact"><imgdir name="0"><string name="command" value="c1"/><int name="inc" value="1"/><int name="prob" value="45"/><int name="l0" value="1"/><int name="l1" value="9"/><imgdir name="success"><imgdir name="0"><string name="act" value="rest0"/><string name="0" value="c1_s1"/><string name="1" value="c1_s2"/></imgdir></imgdir><imgdir name="fail"><imgdir name="0"><string name="act" value="stand0"/><string name="0" value="c1_f1"/><string name="1" value="c1_f2"/></imgdir></imgdir></imgdir><imgdir name="1"><string name="command" value="c2"/><int name="inc" value="1"/><int name="prob" value="60"/><int name="l0" value="10"/><int name="l1" value="19"/><imgdir name="success"><imgdir name="0"><string name="act" value="rest0"/><string name="0" value="c2_s1"/><string name="1" value="c2_s2"/><string name="2" value="c2_s3"/><string name="3" value="c2_s4"/></imgdir></imgdir><imgdir name="fail"><imgdir name="0"><string name="act" value="stand1"/><string name="0" value="c2_f1"/><string name="1" value="c2_f2"/><string name="2" value="c2_f3"/><string name="3" value="c2_f4"/></imgdir></imgdir></imgdir><imgdir name="2"><string name="command" value="c3"/><int name="inc" value="1"/><int name="prob" value="80"/><int name="l0" value="20"/><int name="l1" value="29"/><imgdir name="success"><imgdir name="0"><string name="act" value="rest0"/><string name="0" value="c3_s1"/><string name="1" value="c3_s2"/><string name="2" value="c3_s3"/><string name="3" value="c3_s4"/></imgdir></imgdir><imgdir name="fail"><imgdir name="0"><string name="act" value="stand1"/><string name="0" value="c3_f1"/><string name="1" value="c3_f2"/><string name="2" value="c3_f3"/><string name="3" value="c3_f4"/></imgdir></imgdir></imgdir><imgdir name="3"><string name="command" value="c4"/><int name="inc" value="1"/><int name="prob" value="90"/><int name="l0" value="30"/><int name="l1" value="30"/><imgdir name="success"><imgdir name="0"><string name="act" value="rest0"/><string name="0" value="c4_s1"/><string name="1" value="c4_s2"/><string name="2" value="c4_s3"/><string name="3" value="c4_s4"/></imgdir></imgdir><imgdir name="fail"><imgdir name="0"><string name="act" value="what"/><string name="0" value="c4_f1"/><string name="1" value="c4_f2"/><string name="2" value="c4_f3"/><string name="3" value="c4_f4"/></imgdir></imgdir></imgdir><imgdir name="4"><string name="command" value="c5"/><int name="inc" value="1"/><int name="prob" value="45"/><int name="l0" value="1"/><int name="l1" value="9"/><imgdir name="success"><imgdir name="0"><string name="act" value="cry"/><string name="0" value="c5_s1"/><string name="1" value="c5_s2"/></imgdir></imgdir><imgdir name="fail"><imgdir name="0"><string name="act" value="stand1"/><string name="0" value="c5_f1"/><string name="1" value="c5_f2"/></imgdir></imgdir></imgdir><imgdir name="5"><string name="command" value="c6"/><int name="inc" value="1"/><int name="prob" value="60"/><int name="l0" value="10"/><int name="l1" value="19"/><imgdir name="success"><imgdir name="0"><string name="act" value="cry"/><string name="0" value="c6_s1"/><string name="1" value="c6_s2"/><string name="2" value="c6_s3"/><string name="3" value="c6_s4"/></imgdir></imgdir><imgdir name="fail"><imgdir name="0"><string name="act" value="stand1"/><string name="0" value="c6_f1"/><string name="1" value="c6_f2"/><string name="2" value="c6_f3"/><string name="3" value="c6_f4"/></imgdir></imgdir></imgdir><imgdir name="6"><string name="command" value="c7"/><int name="inc" value="1"/><int name="prob" value="80"/><int name="l0" value="20"/><int name="l1" value="29"/><imgdir name="success"><imgdir name="0"><string name="act" value="cry"/><string name="0" value="c7_s1"/><string name="1" value="c7_s2"/><string name="2" value="c7_s3"/><string name="3" value="c7_s4"/></imgdir></imgdir><imgdir name="fail"><imgdir name="0"><string name="act" value="stand1"/><string name="0" value="c7_f1"/><string name="1" value="c7_f2"/><string name="2" value="c7_f3"/><string name="3" value="c7_f4"/></imgdir></imgdir></imgdir><imgdir name="7"><string name="command" value="c8"/><int name="inc" value="1"/><int name="prob" value="90"/><int name="l0" value="30"/><int name="l1" value="30"/><imgdir name="success"><imgdir name="0"><string name="act" value="cry"/><string name="0" value="c8_s1"/><string name="1" value="c8_s2"/><string name="2" value="c8_s3"/><string name="3" value="c8_s4"/></imgdir></imgdir><imgdir name="fail"><imgdir name="0"><string name="act" value="stand1"/><string name="0" value="c8_f1"/><string name="1" value="c8_f2"/><string name="2" value="c8_f3"/><string name="3" value="c8_f4"/></imgdir></imgdir></imgdir><imgdir name="8"><string name="command" value="c9"/><int name="inc" value="1"/><int name="prob" value="45"/><int name="l0" value="1"/><int name="l1" value="9"/><imgdir name="success"><imgdir name="0"><string name="act" value="love"/><string name="0" value="c9_s1"/><string name="1" value="c9_s2"/></imgdir></imgdir><imgdir name="fail"><imgdir name="0"><string name="act" value="stand0"/><string name="0" value="c9_f1"/><string name="1" value="c9_f2"/></imgdir></imgdir></imgdir><imgdir name="9"><string name="command" value="c10"/><int name="inc" value="1"/><int name="prob" value="60"/><int name="l0" value="10"/><int name="l1" value="19"/><imgdir name="success"><imgdir name="0"><string name="act" value="love"/><string name="0" value="c10_s1"/><string name="1" value="c10_s2"/><string name="2" value="c10_s3"/><string name="3" value="c10_s4"/></imgdir></imgdir><imgdir name="fail"><imgdir name="0"><string name="act" value="stand0"/><string name="0" value="c10_f1"/><string name="1" value="c10_f2"/><string name="2" value="c10_f3"/><string name="3" value="c10_f4"/></imgdir></imgdir></imgdir><imgdir name="10"><string name="command" value="c11"/><int name="inc" value="1"/><int name="prob" value="80"/><int name="l0" value="20"/><int name="l1" value="29"/><imgdir name="success"><imgdir name="0"><string name="act" value="love"/><string name="0" value="c11_s1"/><string name="1" value="c11_s2"/><string name="2" value="c11_s3"/><string name="3" value="c11_s4"/></imgdir></imgdir><imgdir name="fail"><imgdir name="0"><string name="act" value="what"/><string name="0" value="c11_f1"/><string name="1" value="c11_f2"/><string name="2" value="c11_f3"/><string name="3" value="c11_f4"/></imgdir></imgdir></imgdir><imgdir name="11"><string name="command" value="c12"/><int name="inc" value="1"/><int name="prob" value="90"/><int name="l0" value="30"/><int name="l1" value="30"/><imgdir name="success"><imgdir name="0"><string name="act" value="love"/><string name="0" value="c12_s1"/><string name="1" value="c12_s2"/><string name="2" value="c12_s3"/><string name="3" value="c12_s4"/></imgdir></imgdir><imgdir name="fail"><imgdir name="0"><string name="act" value="stand0"/><string name="0" value="c12_f1"/><string name="1" value="c12_f2"/><string name="2" value="c12_f3"/><string name="3" value="c12_f4"/></imgdir></imgdir></imgdir><imgdir name="12"><string name="command" value="c13"/><int name="inc" value="1"/><int name="prob" value="60"/><int name="l0" value="10"/><int name="l1" value="19"/><imgdir name="success"><imgdir name="0"><string name="act" value="dung"/><string name="0" value="c13_s1"/><string name="1" value="c13_s2"/><string name="2" value="c13_s3"/><string name="3" value="c13_s4"/></imgdir></imgdir><imgdir name="fail"><imgdir name="0"><string name="act" value="what"/><string name="0" value="c13_f1"/><string name="1" value="c13_f2"/><string name="2" value="c13_f3"/><string name="3" value="c13_f4"/></imgdir></imgdir></imgdir><imgdir name="13"><string name="command" value="c14"/><int name="inc" value="1"/><int name="prob" value="80"/><int name="l0" value="20"/><int name="l1" value="29"/><imgdir name="success"><imgdir name="0"><string name="act" value="dung"/><string name="0" value="c14_s1"/><string name="1" value="c14_s2"/><string name="2" value="c14_s3"/><string name="3" value="c14_s4"/></imgdir></imgdir><imgdir name="fail"><imgdir name="0"><string name="act" value="cry"/><string name="0" value="c14_f1"/><string name="1" value="c14_f2"/><string name="2" value="c14_f3"/><string name="3" value="c14_f4"/></imgdir></imgdir></imgdir><imgdir name="14"><string name="command" value="c15"/><int name="inc" value="1"/><int name="prob" value="90"/><int name="l0" value="30"/><int name="l1" value="30"/><imgdir name="success"><imgdir name="0"><string name="act" value="dung"/><string name="0" value="c15_s1"/><string name="1" value="c15_s2"/><string name="2" value="c15_s3"/><string name="3" value="c15_s4"/></imgdir></imgdir><imgdir name="fail"><imgdir name="0"><string name="act" value="chat"/><string name="0" value="c15_f1"/><string name="1" value="c15_f2"/><string name="2" value="c15_f3"/><string name="3" value="c15_f4"/></imgdir></imgdir></imgdir><imgdir name="15"><string name="command" value="c16"/><int name="inc" value="1"/><int name="prob" value="60"/><int name="l0" value="10"/><int name="l1" value="19"/><imgdir name="success"><imgdir name="0"><string name="act" value="sleep"/><string name="0" value="c16_s1"/><string name="1" value="c16_s2"/><string name="2" value="c16_s3"/><string name="3" value="c16_s4"/></imgdir></imgdir><imgdir name="fail"><imgdir name="0"><string name="act" value="hungry"/><string name="0" value="c16_f1"/><string name="1" value="c16_f2"/><string name="2" value="c16_f3"/><string name="3" value="c16_f4"/></imgdir></imgdir></imgdir><imgdir name="16"><string name="command" value="c17"/><int name="inc" value="2"/><int name="prob" value="80"/><int name="l0" value="20"/><int name="l1" value="29"/><imgdir name="success"><imgdir name="0"><string name="act" value="sleep"/><string name="0" value="c17_s1"/><string name="1" value="c17_s2"/><string name="2" value="c17_s3"/><string name="3" value="c17_s4"/></imgdir></imgdir><imgdir name="fail"><imgdir name="0"><string name="act" value="jump"/><string name="0" value="c17_f1"/><string name="1" value="c17_f2"/><string name="2" value="c17_f3"/><string name="3" value="c17_f4"/></imgdir></imgdir></imgdir><imgdir name="17"><string name="command" value="c18"/><int name="inc" value="2"/><int name="prob" value="90"/><int name="l0" value="30"/><int name="l1" value="30"/><imgdir name="success"><imgdir name="0"><string name="act" value="sleep"/><string name="0" value="c18_s1"/><string name="1" value="c18_s2"/><string name="2" value="c18_s3"/><string name="3" value="c18_s4"/></imgdir></imgdir><imgdir name="fail"><imgdir name="0"><string name="act" value="move"/><string name="0" value="c18_f1"/><string name="1" value="c18_f2"/><string name="2" value="c18_f3"/><string name="3" value="c18_f4"/></imgdir></imgdir></imgdir><imgdir name="18"><string name="command" value="c19"/><int name="inc" value="2"/><int name="prob" value="60"/><int name="l0" value="10"/><int name="l1" value="19"/><imgdir name="success"><imgdir name="0"><string name="act" value="chat"/><string name="0" value="c19_s1"/><string name="1" value="c19_s2"/><string name="2" value="c19_s3"/><string name="3" value="c19_s4"/></imgdir></imgdir><imgdir name="fail"><imgdir name="0"><string name="act" value="what"/><string name="0" value="c19_f1"/><string name="1" value="c19_f2"/><string name="2" value="c19_f3"/><string name="3" value="c19_f4"/></imgdir></imgdir></imgdir><imgdir name="19"><string name="command" value="c20"/><int name="inc" value="2"/><int name="prob" value="80"/><int name="l0" value="20"/><int name="l1" value="29"/><imgdir name="success"><imgdir name="0"><string name="act" value="chat"/><string name="0" value="c20_s1"/><string name="1" value="c20_s2"/><string name="2" value="c20_s3"/><string name="3" value="c20_s4"/></imgdir></imgdir><imgdir name="fail"><imgdir name="0"><string name="act" value="what"/><string name="0" value="c20_f1"/><string name="1" value="c20_f2"/><string name="2" value="c20_f3"/><string name="3" value="c20_f4"/></imgdir></imgdir></imgdir><imgdir name="20"><string name="command" value="c21"/><int name="inc" value="2"/><int name="prob" value="90"/><int name="l0" value="30"/><int name="l1" value="30"/><imgdir name="success"><imgdir name="0"><string name="act" value="chat"/><string name="0" value="c21_s1"/><string name="1" value="c21_s2"/><string name="2" value="c21_s3"/><string name="3" value="c21_s4"/></imgdir></imgdir><imgdir name="fail"><imgdir name="0"><string name="act" value="what"/><string name="0" value="c21_f1"/><string name="1" value="c21_f2"/><string name="2" value="c21_f3"/><string name="3" value="c21_f4"/></imgdir></imgdir></imgdir></imgdir><imgdir name="food"><imgdir name="0"><int name="l0" value="1"/><int name="l1" value="9"/><imgdir name="success"><imgdir name="0"><string name="act" value="eat"/><string name="0" value="f1_s"/></imgdir></imgdir><imgdir name="fail"><imgdir name="0"><string name="act" value="cry"/><string name="0" value="f1_f"/></imgdir></imgdir></imgdir><imgdir name="1"><int name="l0" value="10"/><int name="l1" value="19"/><imgdir name="success"><imgdir name="0"><string name="act" value="eat"/><string name="0" value="f2_s"/></imgdir></imgdir><imgdir name="fail"><imgdir name="0"><string name="act" value="cry"/><string name="0" value="f2_f"/></imgdir></imgdir></imgdir><imgdir name="2"><int name="l0" value="20"/><int name="l1" value="29"/><imgdir name="success"><imgdir name="0"><string name="act" value="eat"/><string name="0" value="f3_s"/></imgdir></imgdir><imgdir name="fail"><imgdir name="0"><string name="act" value="cry"/><string name="0" value="f3_f"/></imgdir></imgdir></imgdir><imgdir name="3"><int name="l0" value="30"/><int name="l1" value="30"/><imgdir name="success"><imgdir name="0"><string name="act" value="eat"/><string name="0" value="f4_s"/></imgdir></imgdir><imgdir name="fail"><imgdir name="0"><string name="act" value="cry"/><string name="0" value="f4_f"/></imgdir></imgdir></imgdir></imgdir><imgdir name="slang"><imgdir name="0"><int name="l0" value="1"/><int name="l1" value="9"/><string name="act" value="cry"/><string name="0" value="s1"/></imgdir><imgdir name="1"><int name="l0" value="10"/><int name="l1" value="19"/><string name="act" value="cry"/><string name="0" value="s2"/></imgdir><imgdir name="2"><int name="l0" value="20"/><int name="l1" value="29"/><string name="act" value="what"/><string name="0" value="s3"/></imgdir><imgdir name="3"><int name="l0" value="30"/><int name="l1" value="30"/><string name="act" value="what"/><string name="0" value="s4"/></imgdir></imgdir><imgdir name="stand0"><canvas name="0" width="38" height="37"><vector name="origin" x="20" y="39"/><int name="z" value="0"/><vector name="lt" x="-20" y="-39"/><vector name="rb" x="18" y="-2"/><int name="delay" value="180"/><string name="_hash" value="5b8a229a27dea18d3c5f10625e7230053f974861f33ecd1dd58d9db1912a34e6"/></canvas><canvas name="1" width="38" height="37"><vector name="origin" x="20" y="38"/><int name="z" value="0"/><vector name="lt" x="-20" y="-38"/><vector name="rb" x="18" y="-1"/><int name="delay" value="180"/><string name="_hash" value="27cdfb84b51b4520e2f6c49e7189c41428771a8b59eea31a799e384274132f98"/></canvas><canvas name="2" width="38" height="37"><vector name="origin" x="20" y="39"/><int name="z" value="0"/><vector name="lt" x="-20" y="-39"/><vector name="rb" x="18" y="-2"/><int name="delay" value="180"/><string name="_hash" value="279d95ea85be56337a19832e321cbf5deb14b814492442926a844474ceeafe3c"/></canvas><canvas name="3" width="38" height="37"><vector name="origin" x="20" y="40"/><int name="z" value="0"/><vector name="lt" x="-20" y="-40"/><vector name="rb" x="18" y="-3"/><int name="delay" value="180"/><string name="_hash" value="779c467f60cdd7778e58fc1b0288ae67659105776fb00927674895cda2ccce6b"/></canvas></imgdir><imgdir name="stand1"><canvas name="0" width="1" height="1"><vector name="origin" x="20" y="39"/><int name="z" value="0"/><vector name="lt" x="-20" y="-39"/><vector name="rb" x="18" y="-2"/><int name="delay" value="180"/><string name="_inlink" value="stand0/0"/></canvas><canvas name="1" width="1" height="1"><vector name="origin" x="20" y="38"/><int name="z" value="0"/><vector name="lt" x="-20" y="-38"/><vector name="rb" x="18" y="-1"/><int name="delay" value="180"/><string name="_inlink" value="stand0/1"/></canvas><canvas name="2" width="38" height="37"><vector name="origin" x="20" y="39"/><int name="z" value="0"/><vector name="lt" x="-20" y="-39"/><vector name="rb" x="18" y="-2"/><int name="delay" value="180"/><string name="_hash" value="6f15c2757ad2a3825f76c084c557ef8d2e10a46773f1bb56cc19abfd300fddc8"/></canvas><canvas name="3" width="1" height="1"><vector name="origin" x="20" y="40"/><int name="z" value="0"/><vector name="lt" x="-20" y="-40"/><vector name="rb" x="18" y="-3"/><int name="delay" value="180"/><string name="_inlink" value="stand0/3"/></canvas></imgdir><imgdir name="rest0"><canvas name="0" width="46" height="39"><vector name="origin" x="27" y="41"/><int name="z" value="0"/><vector name="lt" x="-27" y="-41"/><vector name="rb" x="19" y="-2"/><int name="delay" value="180"/><string name="_hash" value="97c5f9e64361a66887316ee1c5a3882aa21149786fdc4fe12aacab73029509c1"/></canvas><canvas name="1" width="46" height="39"><vector name="origin" x="27" y="40"/><int name="z" value="0"/><vector name="lt" x="-27" y="-40"/><vector name="rb" x="19" y="-1"/><int name="delay" value="180"/><string name="_hash" value="e5e715c15dc86ccc808acb7ec891f46cd319f717a10830826baf8833ff3edfab"/></canvas><canvas name="2" width="46" height="39"><vector name="origin" x="27" y="41"/><int name="z" value="0"/><vector name="lt" x="-27" y="-41"/><vector name="rb" x="19" y="-2"/><int name="delay" value="180"/><string name="_hash" value="ddbc148e759b991a6ede9a423ff0cdecbf926adf8af6b892a0891ba9c1f17f17"/></canvas><canvas name="3" width="46" height="39"><vector name="origin" x="27" y="42"/><int name="z" value="0"/><vector name="lt" x="-27" y="-42"/><vector name="rb" x="19" y="-3"/><int name="delay" value="180"/><string name="_hash" value="3d9c6ea7a57e762a869931da66167f14b219f695f379e28169d82f721535552a"/></canvas></imgdir><imgdir name="move"><canvas name="0" width="38" height="37"><vector name="origin" x="20" y="39"/><int name="z" value="0"/><vector name="lt" x="-20" y="-39"/><vector name="rb" x="18" y="-2"/><int name="delay" value="180"/><string name="_hash" value="f312c719e7080aa0e905239719920a3a91daae4b9da125ad3c4da65582f572eb"/></canvas><canvas name="1" width="38" height="37"><vector name="origin" x="20" y="39"/><int name="z" value="0"/><vector name="lt" x="-20" y="-39"/><vector name="rb" x="18" y="-2"/><int name="delay" value="180"/><string name="_hash" value="529d2205c92e1299a4d86b1a035c6961b2d11673f93532c7bb4bd3c3ea3bb47a"/></canvas><canvas name="2" width="38" height="37"><vector name="origin" x="20" y="39"/><int name="z" value="0"/><vector name="lt" x="-20" y="-39"/><vector name="rb" x="18" y="-2"/><int name="delay" value="180"/><string name="_hash" value="88239bd43e340fcdaed687b87ca693d52ae8ec8be155eddc33ed92154ec3b309"/></canvas><canvas name="3" width="39" height="37"><vector name="origin" x="20" y="39"/><int name="z" value="0"/><vector name="lt" x="-20" y="-39"/><vector name="rb" x="19" y="-2"/><int name="delay" value="180"/><string name="_hash" value="3d909a528c450e7a5aa17a00eae03f780b1b106cde55de8197055f96f0b70ba7"/></canvas></imgdir><imgdir name="jump"><canvas name="0" width="38" height="37"><vector name="origin" x="20" y="42"/><int name="z" value="0"/><vector name="lt" x="-20" y="-42"/><vector name="rb" x="18" y="-5"/><int name="delay" value="180"/><string name="_hash" value="37c0ce0aff59b695b45004bb267448c083053825e17721e0c2c142097accddba"/></canvas></imgdir><imgdir name="hungry"><canvas name="0" width="44" height="37"><vector name="origin" x="23" y="39"/><int name="z" value="0"/><vector name="lt" x="-23" y="-39"/><vector name="rb" x="21" y="-2"/><int name="delay" value="180"/><string name="_hash" value="99eaf1566c814dce59a42913e6165def1f789bdcc31d4bd30d0e197ae3f13323"/></canvas><canvas name="1" width="44" height="37"><vector name="origin" x="23" y="38"/><int name="z" value="0"/><vector name="lt" x="-23" y="-38"/><vector name="rb" x="21" y="-1"/><int name="delay" value="180"/><string name="_hash" value="65d3adcf45121d49d2838264e07de1551b17c5672e411b602f68fb4d3af01e18"/></canvas><canvas name="2" width="44" height="37"><vector name="origin" x="23" y="39"/><int name="z" value="0"/><vector name="lt" x="-23" y="-39"/><vector name="rb" x="21" y="-2"/><int name="delay" value="180"/><string name="_hash" value="972deb1a72f687e802815d60e965a607015604100db0dd8c9c2bf14deea40a35"/></canvas><canvas name="3" width="44" height="37"><vector name="origin" x="23" y="40"/><int name="z" value="0"/><vector name="lt" x="-23" y="-40"/><vector name="rb" x="21" y="-3"/><int name="delay" value="180"/><string name="_hash" value="92f5f06d6dcb5a76d9c206360ad035b2c857e71cbb2f3eed8588db491bec1f61"/></canvas></imgdir><imgdir name="hang"><canvas name="0" width="41" height="39"><vector name="origin" x="18" y="46"/><int name="z" value="0"/><vector name="lt" x="-18" y="-46"/><vector name="rb" x="23" y="-7"/><int name="delay" value="180"/><string name="_hash" value="9cfba7b2abc40d834e326cd136617d31469989bbf811629a6fd83fcc862a1a31"/></canvas></imgdir><imgdir name="eat"><canvas name="0" width="38" height="37"><vector name="origin" x="20" y="39"/><int name="z" value="0"/><vector name="lt" x="-20" y="-39"/><vector name="rb" x="18" y="-2"/><int name="delay" value="180"/><string name="_hash" value="51e861d0f6a8d9af351217c9e140c88cf6fb3034074823f1f6707981168bed3c"/></canvas><canvas name="1" width="38" height="37"><vector name="origin" x="20" y="40"/><int name="z" value="0"/><vector name="lt" x="-20" y="-40"/><vector name="rb" x="18" y="-3"/><int name="delay" value="180"/><string name="_hash" value="dcd7d2a9fe662e7d54b2320da4ac6a830e2e7c94d280f5c32070c4434e8430ae"/></canvas><canvas name="2" width="1" height="1"><vector name="origin" x="20" y="41"/><int name="z" value="0"/><vector name="lt" x="-20" y="-41"/><vector name="rb" x="18" y="-4"/><int name="delay" value="180"/><string name="_inlink" value="eat/0"/></canvas><canvas name="3" width="40" height="37"><vector name="origin" x="22" y="40"/><int name="z" value="0"/><vector name="lt" x="-22" y="-40"/><vector name="rb" x="18" y="-3"/><int name="delay" value="180"/><string name="_hash" value="f0dc37463aa264da1ea2c6e229afb62dea6a8d0a7b603a6bc7544ba3a65615ab"/></canvas><canvas name="4" width="40" height="37"><vector name="origin" x="22" y="39"/><int name="z" value="0"/><vector name="lt" x="-22" y="-39"/><vector name="rb" x="18" y="-2"/><int name="delay" value="180"/><string name="_hash" value="6b1e6c25c71e7c6641a72db2d4cee40d7934ed548b1bda2608d14c1b4f97f31d"/></canvas><canvas name="5" width="40" height="37"><vector name="origin" x="22" y="38"/><int name="z" value="0"/><vector name="lt" x="-22" y="-38"/><vector name="rb" x="18" y="-1"/><int name="delay" value="180"/><string name="_hash" value="6a77f218a2c457a977ac39c8fa8715fefffe76029f65081df61f55947a99b2b2"/></canvas></imgdir><imgdir name="chat"><canvas name="0" width="42" height="37"><vector name="origin" x="24" y="39"/><int name="z" value="0"/><vector name="lt" x="-24" y="-39"/><vector name="rb" x="18" y="-2"/><int name="delay" value="180"/><string name="_hash" value="ebfb1e238503ba34dde5f9a9996f85e758c818a7504e3921cb8dc7355ee063c8"/></canvas><canvas name="1" width="43" height="37"><vector name="origin" x="25" y="38"/><int name="z" value="0"/><vector name="lt" x="-25" y="-38"/><vector name="rb" x="18" y="-1"/><int name="delay" value="180"/><string name="_hash" value="212819e7e53a2650be323e2f0b0888f90075d93127593df0ecef044f074cf10c"/></canvas><canvas name="2" width="42" height="37"><vector name="origin" x="24" y="39"/><int name="z" value="0"/><vector name="lt" x="-24" y="-39"/><vector name="rb" x="18" y="-2"/><int name="delay" value="180"/><string name="_hash" value="49f44f317957693113da133fc3431151c56466fda1bf3e09e81ee8e34049b77b"/></canvas><canvas name="3" width="43" height="37"><vector name="origin" x="25" y="40"/><int name="z" value="0"/><vector name="lt" x="-25" y="-40"/><vector name="rb" x="18" y="-3"/><int name="delay" value="180"/><string name="_hash" value="a71abeaaf96cf3944d47f916fefc3042a784bf2a0ec4f7aef3f056ee8248e75d"/></canvas></imgdir><imgdir name="love"><canvas name="0" width="49" height="37"><vector name="origin" x="27" y="39"/><int name="z" value="0"/><vector name="lt" x="-27" y="-39"/><vector name="rb" x="22" y="-2"/><int name="delay" value="180"/><string name="_hash" value="72a4a98919f545fe859626dd842b6b5b1515811a521ff09f7bfdd322a8775643"/></canvas><canvas name="1" width="47" height="39"><vector name="origin" x="25" y="40"/><int name="z" value="0"/><vector name="lt" x="-25" y="-40"/><vector name="rb" x="22" y="-1"/><int name="delay" value="180"/><string name="_hash" value="c33e859f99b8fc3d62ec3efa0367fa0053c867e823d0242db3ab8bf6d5cd922a"/></canvas><canvas name="2" width="49" height="37"><vector name="origin" x="27" y="39"/><int name="z" value="0"/><vector name="lt" x="-27" y="-39"/><vector name="rb" x="22" y="-2"/><int name="delay" value="180"/><string name="_hash" value="b80d8766337605d95c2e87143c374adc09bc708c0c13f14c74cca7f08ea342cc"/></canvas><canvas name="3" width="47" height="39"><vector name="origin" x="25" y="42"/><int name="z" value="0"/><vector name="lt" x="-25" y="-42"/><vector name="rb" x="22" y="-3"/><int name="delay" value="180"/><string name="_hash" value="25dc5ce416715b6c798bd7200453b7f6cdc43e1895cf9b92e4f5169829017e68"/></canvas></imgdir><imgdir name="cry"><canvas name="0" width="38" height="39"><vector name="origin" x="20" y="39"/><int name="z" value="0"/><vector name="lt" x="-20" y="-39"/><vector name="rb" x="18" y="0"/><int name="delay" value="180"/><string name="_hash" value="6848e8f3b1d18f882d05d27ee577eddba9d9ab711b0a755251fbada3b6a9225a"/></canvas><canvas name="1" width="38" height="38"><vector name="origin" x="20" y="38"/><int name="z" value="0"/><vector name="lt" x="-20" y="-38"/><vector name="rb" x="18" y="0"/><int name="delay" value="180"/><string name="_hash" value="e0c77db41d1426b8fc47e0be9e24c65980705b1827f76cd92406f8788e931035"/></canvas><canvas name="2" width="38" height="39"><vector name="origin" x="20" y="39"/><int name="z" value="0"/><vector name="lt" x="-20" y="-39"/><vector name="rb" x="18" y="0"/><int name="delay" value="180"/><string name="_hash" value="eaf64539e64893a3395809e0b2335fd96637cea53c58a28258ee4f4669dbc2b9"/></canvas><canvas name="3" width="38" height="40"><vector name="origin" x="20" y="40"/><int name="z" value="0"/><vector name="lt" x="-20" y="-40"/><vector name="rb" x="18" y="0"/><int name="delay" value="180"/><string name="_hash" value="61c4145de9486f0231d5db605c097235ac25177f4c773805597242cd8a7914c8"/></canvas></imgdir><imgdir name="dung"><canvas name="0" width="38" height="40"><vector name="origin" x="20" y="42"/><int name="z" value="0"/><vector name="lt" x="-20" y="-42"/><vector name="rb" x="18" y="-2"/><int name="delay" value="180"/><string name="_hash" value="28715f0c39ee8c9e1fb44ed9e77a4c020a9c6ad3291874518930b43dbb52611d"/></canvas><canvas name="1" width="41" height="41"><vector name="origin" x="20" y="41"/><int name="z" value="0"/><vector name="lt" x="-20" y="-41"/><vector name="rb" x="21" y="0"/><int name="delay" value="180"/><string name="_hash" value="6cd44a331e55e6939ed7b8c2f06d4917d08489d4bf3090cbd832334e4d769a29"/></canvas><canvas name="2" width="46" height="40"><vector name="origin" x="20" y="41"/><int name="z" value="0"/><vector name="lt" x="-20" y="-41"/><vector name="rb" x="26" y="-1"/><int name="delay" value="180"/><string name="_hash" value="3d9538b6db970adcf3ab52874864728a6ec9eaf2df06aa3800147755219bad9b"/></canvas><canvas name="3" width="48" height="44"><vector name="origin" x="20" y="42"/><int name="z" value="0"/><vector name="lt" x="-20" y="-42"/><vector name="rb" x="28" y="2"/><int name="delay" value="180"/><string name="_hash" value="43a0c91bed67a5bdac433b06f4efe0b2e47d71b245e5260084a7fff50296a4a0"/></canvas><canvas name="4" width="49" height="48"><vector name="origin" x="20" y="42"/><int name="z" value="0"/><vector name="lt" x="-20" y="-42"/><vector name="rb" x="29" y="6"/><int name="delay" value="180"/><string name="_hash" value="11b3aeff4b1a4c922eda6d07397481c376e29a9bfbad6025f1e92b06a7ab657b"/></canvas><canvas name="5" width="48" height="48"><vector name="origin" x="20" y="42"/><int name="z" value="0"/><vector name="lt" x="-20" y="-42"/><vector name="rb" x="28" y="6"/><int name="delay" value="180"/><string name="_hash" value="b03196073409256b6bfe41d42a7f7a5226fa609a88a711d5d94f231d199a8721"/></canvas></imgdir><imgdir name="sleep"><canvas name="0" width="41" height="43"><vector name="origin" x="23" y="39"/><int name="z" value="0"/><vector name="lt" x="-23" y="-39"/><vector name="rb" x="18" y="4"/><int name="delay" value="180"/><string name="_hash" value="6243dc3acc921b971fdefa46aa627517962516f575978443b63ca7cac376ad08"/></canvas><canvas name="1" width="41" height="43"><vector name="origin" x="23" y="40"/><int name="z" value="0"/><vector name="lt" x="-23" y="-40"/><vector name="rb" x="18" y="3"/><int name="delay" value="180"/><string name="_hash" value="9067dc903a9e2f4a7a63d4f8c6d0dd41e32d762d294391424e015d9a7c83b664"/></canvas><canvas name="2" width="41" height="43"><vector name="origin" x="23" y="41"/><int name="z" value="0"/><vector name="lt" x="-23" y="-41"/><vector name="rb" x="18" y="2"/><int name="delay" value="180"/><string name="_hash" value="401ed428a361ceae0e6d20bf0375bc08577c792cccbfb9b361e7651fa2b7aac3"/></canvas><canvas name="3" width="41" height="43"><vector name="origin" x="23" y="40"/><int name="z" value="0"/><vector name="lt" x="-23" y="-40"/><vector name="rb" x="18" y="3"/><int name="delay" value="180"/><string name="_hash" value="d1817ceda86b1eff94ef92fb288f4ee0ff68328e34caf7e372bc8541bcd4aefa"/></canvas><canvas name="4" width="41" height="43"><vector name="origin" x="23" y="39"/><int name="z" value="0"/><vector name="lt" x="-23" y="-39"/><vector name="rb" x="18" y="4"/><int name="delay" value="180"/><string name="_hash" value="b40ba75e52ce79dbc6e2cc3a4ae0c90b08f4e9a1e0af7c34e15883f9be848b63"/></canvas><canvas name="5" width="41" height="43"><vector name="origin" x="23" y="38"/><int name="z" value="0"/><vector name="lt" x="-23" y="-38"/><vector name="rb" x="18" y="5"/><int name="delay" value="180"/><string name="_hash" value="c94b0274d1de439be4223ada5e38acf9dbd0edfe92c5282e864d02198d93797d"/></canvas></imgdir><imgdir name="angry"><canvas name="0" width="38" height="41"><vector name="origin" x="20" y="43"/><int name="z" value="0"/><vector name="lt" x="-20" y="-43"/><vector name="rb" x="18" y="-2"/><int name="delay" value="180"/><string name="_hash" value="8dc5091129ede5ca03b6aa7e0a5def858561fa697760d13646ffac9bdc839e4b"/></canvas><canvas name="1" width="38" height="41"><vector name="origin" x="20" y="42"/><int name="z" value="0"/><vector name="lt" x="-20" y="-42"/><vector name="rb" x="18" y="-1"/><int name="delay" value="180"/><string name="_hash" value="ec080430e1661f63beda4c82eb10c7e6e542e4bd5618ce35376c2901a359a682"/></canvas><canvas name="2" width="38" height="40"><vector name="origin" x="20" y="42"/><int name="z" value="0"/><vector name="lt" x="-20" y="-42"/><vector name="rb" x="18" y="-2"/><int name="delay" value="180"/><string name="_hash" value="b4e5f295b0adf01ebe56dfe57b103e47d7546fa6a755c1050587787e502e98ca"/></canvas><canvas name="3" width="38" height="41"><vector name="origin" x="20" y="44"/><int name="z" value="0"/><vector name="lt" x="-20" y="-44"/><vector name="rb" x="18" y="-3"/><int name="delay" value="180"/><string name="_hash" value="8a9bc3e2812e0200260947442b0a63b50aed968526b2d008179c1061862a1eac"/></canvas></imgdir><imgdir name="what"><canvas name="0" width="39" height="43"><vector name="origin" x="21" y="45"/><int name="z" value="0"/><vector name="lt" x="-21" y="-45"/><vector name="rb" x="18" y="-2"/><int name="delay" value="180"/><string name="_hash" value="3870bad09289f47ce5cf3805d99af82c34c94ebe3b8fb7335d6a28978ad25f64"/></canvas><canvas name="1" width="39" height="45"><vector name="origin" x="21" y="46"/><int name="z" value="0"/><vector name="lt" x="-21" y="-46"/><vector name="rb" x="18" y="-1"/><int name="delay" value="180"/><string name="_hash" value="8a3032107c46b86b2bfb80976e1fbfe1c0841cdb1863f88a8ec7535689b203f6"/></canvas><canvas name="2" width="39" height="43"><vector name="origin" x="21" y="45"/><int name="z" value="0"/><vector name="lt" x="-21" y="-45"/><vector name="rb" x="18" y="-2"/><int name="delay" value="180"/><string name="_hash" value="2ccbfa01344da8dce7dbe288ea207d14dadef23bbf6082948d2eabd749f0e20e"/></canvas><canvas name="3" width="39" height="44"><vector name="origin" x="21" y="47"/><int name="z" value="0"/><vector name="lt" x="-21" y="-47"/><vector name="rb" x="18" y="-3"/><int name="delay" value="180"/><string name="_hash" value="d2a1410cd632ea6c87e87208ac2897293c498bfcd478afab478cfce9a8793e08"/></canvas><canvas name="4" width="1" height="1"><vector name="origin" x="21" y="45"/><int name="z" value="0"/><vector name="lt" x="-21" y="-45"/><vector name="rb" x="18" y="-2"/><int name="delay" value="180"/><string name="_inlink" value="what/0"/></canvas><canvas name="5" width="1" height="1"><vector name="origin" x="21" y="46"/><int name="z" value="0"/><vector name="lt" x="-21" y="-46"/><vector name="rb" x="18" y="-1"/><int name="delay" value="180"/><string name="_inlink" value="what/1"/></canvas><canvas name="6" width="39" height="43"><vector name="origin" x="21" y="45"/><int name="z" value="0"/><vector name="lt" x="-21" y="-45"/><vector name="rb" x="18" y="-2"/><int name="delay" value="180"/><string name="_hash" value="e7932dc1612aa6b12287b6b68594a4a5469fd92464a2a809f920087b701dc3be"/></canvas><canvas name="7" width="1" height="1"><vector name="origin" x="21" y="47"/><int name="z" value="0"/><vector name="lt" x="-21" y="-47"/><vector name="rb" x="18" y="-3"/><int name="delay" value="180"/><string name="_inlink" value="what/3"/></canvas></imgdir><uol name="sit" value="rest0"/><uol name="fly" value="jump"/></imgdir>