<?xml version="1.0" encoding="UTF-8" standalone="yes"?>
<imgdir name="5002514.img">
<imgdir name="info">
<canvas name="icon" width="34" height="31">
<vector name="origin" x="2" y="31"/>
<string name="_hash" value="a4a6091de5ac6a635e168096f38c1fa8263d7d877d7a776d2c57aa1e52fdb0bf"/>
</canvas>
<canvas name="iconRaw" width="34" height="30">
<vector name="origin" x="2" y="31"/>
<string name="_hash" value="eabf41d312c7261e93c09afdbc17bd628403f9dbf9213da142b01af2d44e866c"/>
</canvas>
<canvas name="iconD" width="31" height="29">
<vector name="origin" x="-1" y="29"/>
<string name="_hash" value="dfc412bd9aea454dd0b1a4c1c81a67416ed85dad3a1eaadc4f89d252ea98b473"/>
</canvas>
<canvas name="iconRawD" width="31" height="29">
<vector name="origin" x="-1" y="29"/>
<string name="_hash" value="65cb81cff1bd0ed5842de64d6e5f837e755622f064cd615dd2a0363c3049c0c7"/>
</canvas>
<int name="sweepForDrop" value="1"/>
<int name="wonderGrade" value="1"/>
<int name="hungry" value="2"/>
<int name="cash" value="1"/>
<int name="life" value="90"/>
<int name="chatBalloon" value="644"/>
<int name="nameTag" value="644"/>
<int name="pickupItem" value="1"/>
<int name="multiPet" value="1"/>
<int name="autoBuff" value="1"/>
<int name="setItemID" value="911"/>
</imgdir>
<imgdir name="interact">
<imgdir name="0">
<string name="command" value="c1"/>
<int name="inc" value="1"/>
<int name="prob" value="45"/>
<int name="l0" value="1"/>
<int name="l1" value="9"/>
<imgdir name="success">
<imgdir name="0">
<string name="act" value="rest0"/>
<string name="0" value="c1_s1"/>
<string name="1" value="c1_s2"/>
</imgdir>
</imgdir>
<imgdir name="fail">
<imgdir name="0">
<string name="act" value="stand0"/>
<string name="0" value="c1_f1"/>
<string name="1" value="c1_f2"/>
</imgdir>
</imgdir>
</imgdir>
<imgdir name="1">
<string name="command" value="c2"/>
<int name="inc" value="1"/>
<int name="prob" value="60"/>
<int name="l0" value="10"/>
<int name="l1" value="19"/>
<imgdir name="success">
<imgdir name="0">
<string name="act" value="rest0"/>
<string name="0" value="c2_s1"/>
<string name="1" value="c2_s2"/>
<string name="2" value="c2_s3"/>
<string name="3" value="c2_s4"/>
</imgdir>
</imgdir>
<imgdir name="fail">
<imgdir name="0">
<string name="act" value="stand1"/>
<string name="0" value="c2_f1"/>
<string name="1" value="c2_f2"/>
<string name="2" value="c2_f3"/>
<string name="3" value="c2_f4"/>
</imgdir>
</imgdir>
</imgdir>
<imgdir name="2">
<string name="command" value="c3"/>
<int name="inc" value="1"/>
<int name="prob" value="80"/>
<int name="l0" value="20"/>
<int name="l1" value="29"/>
<imgdir name="success">
<imgdir name="0">
<string name="act" value="rest0"/>
<string name="0" value="c3_s1"/>
<string name="1" value="c3_s2"/>
<string name="2" value="c3_s3"/>
<string name="3" value="c3_s4"/>
</imgdir>
</imgdir>
<imgdir name="fail">
<imgdir name="0">
<string name="act" value="stand1"/>
<string name="0" value="c3_f1"/>
<string name="1" value="c3_f2"/>
<string name="2" value="c3_f3"/>
<string name="3" value="c3_f4"/>
</imgdir>
</imgdir>
</imgdir>
<imgdir name="3">
<string name="command" value="c4"/>
<int name="inc" value="1"/>
<int name="prob" value="90"/>
<int name="l0" value="30"/>
<int name="l1" value="30"/>
<imgdir name="success">
<imgdir name="0">
<string name="act" value="rest0"/>
<string name="0" value="c4_s1"/>
<string name="1" value="c4_s2"/>
<string name="2" value="c4_s3"/>
<string name="3" value="c4_s4"/>
</imgdir>
</imgdir>
<imgdir name="fail">
<imgdir name="0">
<string name="act" value="what"/>
<string name="0" value="c4_f1"/>
<string name="1" value="c4_f2"/>
<string name="2" value="c4_f3"/>
<string name="3" value="c4_f4"/>
</imgdir>
</imgdir>
</imgdir>
<imgdir name="4">
<string name="command" value="c5"/>
<int name="inc" value="1"/>
<int name="prob" value="45"/>
<int name="l0" value="1"/>
<int name="l1" value="9"/>
<imgdir name="success">
<imgdir name="0">
<string name="act" value="cry"/>
<string name="0" value="c5_s1"/>
<string name="1" value="c5_s2"/>
</imgdir>
</imgdir>
<imgdir name="fail">
<imgdir name="0">
<string name="act" value="stand1"/>
<string name="0" value="c5_f1"/>
<string name="1" value="c5_f2"/>
</imgdir>
</imgdir>
</imgdir>
<imgdir name="5">
<string name="command" value="c6"/>
<int name="inc" value="1"/>
<int name="prob" value="60"/>
<int name="l0" value="10"/>
<int name="l1" value="19"/>
<imgdir name="success">
<imgdir name="0">
<string name="act" value="cry"/>
<string name="0" value="c6_s1"/>
<string name="1" value="c6_s2"/>
<string name="2" value="c6_s3"/>
<string name="3" value="c6_s4"/>
</imgdir>
</imgdir>
<imgdir name="fail">
<imgdir name="0">
<string name="act" value="stand1"/>
<string name="0" value="c6_f1"/>
<string name="1" value="c6_f2"/>
<string name="2" value="c6_f3"/>
<string name="3" value="c6_f4"/>
</imgdir>
</imgdir>
</imgdir>
<imgdir name="6">
<string name="command" value="c7"/>
<int name="inc" value="1"/>
<int name="prob" value="80"/>
<int name="l0" value="20"/>
<int name="l1" value="29"/>
<imgdir name="success">
<imgdir name="0">
<string name="act" value="cry"/>
<string name="0" value="c7_s1"/>
<string name="1" value="c7_s2"/>
<string name="2" value="c7_s3"/>
<string name="3" value="c7_s4"/>
</imgdir>
</imgdir>
<imgdir name="fail">
<imgdir name="0">
<string name="act" value="stand1"/>
<string name="0" value="c7_f1"/>
<string name="1" value="c7_f2"/>
<string name="2" value="c7_f3"/>
<string name="3" value="c7_f4"/>
</imgdir>
</imgdir>
</imgdir>
<imgdir name="7">
<string name="command" value="c8"/>
<int name="inc" value="1"/>
<int name="prob" value="90"/>
<int name="l0" value="30"/>
<int name="l1" value="30"/>
<imgdir name="success">
<imgdir name="0">
<string name="act" value="cry"/>
<string name="0" value="c8_s1"/>
<string name="1" value="c8_s2"/>
<string name="2" value="c8_s3"/>
<string name="3" value="c8_s4"/>
</imgdir>
</imgdir>
<imgdir name="fail">
<imgdir name="0">
<string name="act" value="stand1"/>
<string name="0" value="c8_f1"/>
<string name="1" value="c8_f2"/>
<string name="2" value="c8_f3"/>
<string name="3" value="c8_f4"/>
</imgdir>
</imgdir>
</imgdir>
<imgdir name="8">
<string name="command" value="c9"/>
<int name="inc" value="1"/>
<int name="prob" value="45"/>
<int name="l0" value="1"/>
<int name="l1" value="9"/>
<imgdir name="success">
<imgdir name="0">
<string name="act" value="love"/>
<string name="0" value="c9_s1"/>
<string name="1" value="c9_s2"/>
</imgdir>
</imgdir>
<imgdir name="fail">
<imgdir name="0">
<string name="act" value="stand0"/>
<string name="0" value="c9_f1"/>
<string name="1" value="c9_f2"/>
</imgdir>
</imgdir>
</imgdir>
<imgdir name="9">
<string name="command" value="c10"/>
<int name="inc" value="1"/>
<int name="prob" value="60"/>
<int name="l0" value="10"/>
<int name="l1" value="19"/>
<imgdir name="success">
<imgdir name="0">
<string name="act" value="love"/>
<string name="0" value="c10_s1"/>
<string name="1" value="c10_s2"/>
<string name="2" value="c10_s3"/>
<string name="3" value="c10_s4"/>
</imgdir>
</imgdir>
<imgdir name="fail">
<imgdir name="0">
<string name="act" value="stand0"/>
<string name="0" value="c10_f1"/>
<string name="1" value="c10_f2"/>
<string name="2" value="c10_f3"/>
<string name="3" value="c10_f4"/>
</imgdir>
</imgdir>
</imgdir>
<imgdir name="10">
<string name="command" value="c11"/>
<int name="inc" value="1"/>
<int name="prob" value="80"/>
<int name="l0" value="20"/>
<int name="l1" value="29"/>
<imgdir name="success">
<imgdir name="0">
<string name="act" value="love"/>
<string name="0" value="c11_s1"/>
<string name="1" value="c11_s2"/>
<string name="2" value="c11_s3"/>
<string name="3" value="c11_s4"/>
</imgdir>
</imgdir>
<imgdir name="fail">
<imgdir name="0">
<string name="act" value="what"/>
<string name="0" value="c11_f1"/>
<string name="1" value="c11_f2"/>
<string name="2" value="c11_f3"/>
<string name="3" value="c11_f4"/>
</imgdir>
</imgdir>
</imgdir>
<imgdir name="11">
<string name="command" value="c12"/>
<int name="inc" value="1"/>
<int name="prob" value="90"/>
<int name="l0" value="30"/>
<int name="l1" value="30"/>
<imgdir name="success">
<imgdir name="0">
<string name="act" value="love"/>
<string name="0" value="c12_s1"/>
<string name="1" value="c12_s2"/>
<string name="2" value="c12_s3"/>
<string name="3" value="c12_s4"/>
</imgdir>
</imgdir>
<imgdir name="fail">
<imgdir name="0">
<string name="act" value="stand0"/>
<string name="0" value="c12_f1"/>
<string name="1" value="c12_f2"/>
<string name="2" value="c12_f3"/>
<string name="3" value="c12_f4"/>
</imgdir>
</imgdir>
</imgdir>
<imgdir name="12">
<string name="command" value="c13"/>
<int name="inc" value="1"/>
<int name="prob" value="60"/>
<int name="l0" value="10"/>
<int name="l1" value="19"/>
<imgdir name="success">
<imgdir name="0">
<string name="act" value="dung"/>
<string name="0" value="c13_s1"/>
<string name="1" value="c13_s2"/>
<string name="2" value="c13_s3"/>
<string name="3" value="c13_s4"/>
</imgdir>
</imgdir>
<imgdir name="fail">
<imgdir name="0">
<string name="act" value="what"/>
<string name="0" value="c13_f1"/>
<string name="1" value="c13_f2"/>
<string name="2" value="c13_f3"/>
<string name="3" value="c13_f4"/>
</imgdir>
</imgdir>
</imgdir>
<imgdir name="13">
<string name="command" value="c14"/>
<int name="inc" value="1"/>
<int name="prob" value="80"/>
<int name="l0" value="20"/>
<int name="l1" value="29"/>
<imgdir name="success">
<imgdir name="0">
<string name="act" value="dung"/>
<string name="0" value="c14_s1"/>
<string name="1" value="c14_s2"/>
<string name="2" value="c14_s3"/>
<string name="3" value="c14_s4"/>
</imgdir>
</imgdir>
<imgdir name="fail">
<imgdir name="0">
<string name="act" value="cry"/>
<string name="0" value="c14_f1"/>
<string name="1" value="c14_f2"/>
<string name="2" value="c14_f3"/>
<string name="3" value="c14_f4"/>
</imgdir>
</imgdir>
</imgdir>
<imgdir name="14">
<string name="command" value="c15"/>
<int name="inc" value="1"/>
<int name="prob" value="90"/>
<int name="l0" value="30"/>
<int name="l1" value="30"/>
<imgdir name="success">
<imgdir name="0">
<string name="act" value="dung"/>
<string name="0" value="c15_s1"/>
<string name="1" value="c15_s2"/>
<string name="2" value="c15_s3"/>
<string name="3" value="c15_s4"/>
</imgdir>
</imgdir>
<imgdir name="fail">
<imgdir name="0">
<string name="act" value="chat"/>
<string name="0" value="c15_f1"/>
<string name="1" value="c15_f2"/>
<string name="2" value="c15_f3"/>
<string name="3" value="c15_f4"/>
</imgdir>
</imgdir>
</imgdir>
<imgdir name="15">
<string name="command" value="c16"/>
<int name="inc" value="1"/>
<int name="prob" value="60"/>
<int name="l0" value="10"/>
<int name="l1" value="19"/>
<imgdir name="success">
<imgdir name="0">
<string name="act" value="sleep"/>
<string name="0" value="c16_s1"/>
<string name="1" value="c16_s2"/>
<string name="2" value="c16_s3"/>
<string name="3" value="c16_s4"/>
</imgdir>
</imgdir>
<imgdir name="fail">
<imgdir name="0">
<string name="act" value="hungry"/>
<string name="0" value="c16_f1"/>
<string name="1" value="c16_f2"/>
<string name="2" value="c16_f3"/>
<string name="3" value="c16_f4"/>
</imgdir>
</imgdir>
</imgdir>
<imgdir name="16">
<string name="command" value="c17"/>
<int name="inc" value="2"/>
<int name="prob" value="80"/>
<int name="l0" value="20"/>
<int name="l1" value="29"/>
<imgdir name="success">
<imgdir name="0">
<string name="act" value="sleep"/>
<string name="0" value="c17_s1"/>
<string name="1" value="c17_s2"/>
<string name="2" value="c17_s3"/>
<string name="3" value="c17_s4"/>
</imgdir>
</imgdir>
<imgdir name="fail">
<imgdir name="0">
<string name="act" value="jump"/>
<string name="0" value="c17_f1"/>
<string name="1" value="c17_f2"/>
<string name="2" value="c17_f3"/>
<string name="3" value="c17_f4"/>
</imgdir>
</imgdir>
</imgdir>
<imgdir name="17">
<string name="command" value="c18"/>
<int name="inc" value="2"/>
<int name="prob" value="90"/>
<int name="l0" value="30"/>
<int name="l1" value="30"/>
<imgdir name="success">
<imgdir name="0">
<string name="act" value="sleep"/>
<string name="0" value="c18_s1"/>
<string name="1" value="c18_s2"/>
<string name="2" value="c18_s3"/>
<string name="3" value="c18_s4"/>
</imgdir>
</imgdir>
<imgdir name="fail">
<imgdir name="0">
<string name="act" value="move"/>
<string name="0" value="c18_f1"/>
<string name="1" value="c18_f2"/>
<string name="2" value="c18_f3"/>
<string name="3" value="c18_f4"/>
</imgdir>
</imgdir>
</imgdir>
<imgdir name="18">
<string name="command" value="c19"/>
<int name="inc" value="2"/>
<int name="prob" value="60"/>
<int name="l0" value="10"/>
<int name="l1" value="19"/>
<imgdir name="success">
<imgdir name="0">
<string name="act" value="chat"/>
<string name="0" value="c19_s1"/>
<string name="1" value="c19_s2"/>
<string name="2" value="c19_s3"/>
<string name="3" value="c19_s4"/>
</imgdir>
</imgdir>
<imgdir name="fail">
<imgdir name="0">
<string name="act" value="what"/>
<string name="0" value="c19_f1"/>
<string name="1" value="c19_f2"/>
<string name="2" value="c19_f3"/>
<string name="3" value="c19_f4"/>
</imgdir>
</imgdir>
</imgdir>
<imgdir name="19">
<string name="command" value="c20"/>
<int name="inc" value="2"/>
<int name="prob" value="80"/>
<int name="l0" value="20"/>
<int name="l1" value="29"/>
<imgdir name="success">
<imgdir name="0">
<string name="act" value="chat"/>
<string name="0" value="c20_s1"/>
<string name="1" value="c20_s2"/>
<string name="2" value="c20_s3"/>
<string name="3" value="c20_s4"/>
</imgdir>
</imgdir>
<imgdir name="fail">
<imgdir name="0">
<string name="act" value="what"/>
<string name="0" value="c20_f1"/>
<string name="1" value="c20_f2"/>
<string name="2" value="c20_f3"/>
<string name="3" value="c20_f4"/>
</imgdir>
</imgdir>
</imgdir>
<imgdir name="20">
<string name="command" value="c21"/>
<int name="inc" value="2"/>
<int name="prob" value="90"/>
<int name="l0" value="30"/>
<int name="l1" value="30"/>
<imgdir name="success">
<imgdir name="0">
<string name="act" value="chat"/>
<string name="0" value="c21_s1"/>
<string name="1" value="c21_s2"/>
<string name="2" value="c21_s3"/>
<string name="3" value="c21_s4"/>
</imgdir>
</imgdir>
<imgdir name="fail">
<imgdir name="0">
<string name="act" value="what"/>
<string name="0" value="c21_f1"/>
<string name="1" value="c21_f2"/>
<string name="2" value="c21_f3"/>
<string name="3" value="c21_f4"/>
</imgdir>
</imgdir>
</imgdir>
</imgdir>
<imgdir name="food">
<imgdir name="0">
<int name="l0" value="1"/>
<int name="l1" value="9"/>
<imgdir name="success">
<imgdir name="0">
<string name="act" value="eat"/>
<string name="0" value="f1_s"/>
</imgdir>
</imgdir>
<imgdir name="fail">
<imgdir name="0">
<string name="act" value="cry"/>
<string name="0" value="f1_f"/>
</imgdir>
</imgdir>
</imgdir>
<imgdir name="1">
<int name="l0" value="10"/>
<int name="l1" value="19"/>
<imgdir name="success">
<imgdir name="0">
<string name="act" value="eat"/>
<string name="0" value="f2_s"/>
</imgdir>
</imgdir>
<imgdir name="fail">
<imgdir name="0">
<string name="act" value="cry"/>
<string name="0" value="f2_f"/>
</imgdir>
</imgdir>
</imgdir>
<imgdir name="2">
<int name="l0" value="20"/>
<int name="l1" value="29"/>
<imgdir name="success">
<imgdir name="0">
<string name="act" value="eat"/>
<string name="0" value="f3_s"/>
</imgdir>
</imgdir>
<imgdir name="fail">
<imgdir name="0">
<string name="act" value="cry"/>
<string name="0" value="f3_f"/>
</imgdir>
</imgdir>
</imgdir>
<imgdir name="3">
<int name="l0" value="30"/>
<int name="l1" value="30"/>
<imgdir name="success">
<imgdir name="0">
<string name="act" value="eat"/>
<string name="0" value="f4_s"/>
</imgdir>
</imgdir>
<imgdir name="fail">
<imgdir name="0">
<string name="act" value="cry"/>
<string name="0" value="f4_f"/>
</imgdir>
</imgdir>
</imgdir>
</imgdir>
<imgdir name="slang">
<imgdir name="0">
<int name="l0" value="1"/>
<int name="l1" value="9"/>
<string name="act" value="angry"/>
<string name="0" value="s1"/>
</imgdir>
<imgdir name="1">
<int name="l0" value="10"/>
<int name="l1" value="19"/>
<string name="act" value="angry"/>
<string name="0" value="s2"/>
</imgdir>
<imgdir name="2">
<int name="l0" value="20"/>
<int name="l1" value="29"/>
<string name="act" value="angry"/>
<string name="0" value="s3"/>
</imgdir>
<imgdir name="3">
<int name="l0" value="30"/>
<int name="l1" value="30"/>
<string name="act" value="angry"/>
<string name="0" value="s4"/>
</imgdir>
</imgdir>
<imgdir name="stand0">
<canvas name="0" width="39" height="33">
<vector name="origin" x="19" y="27"/>
<int name="z" value="0"/>
<vector name="lt" x="-15" y="-24"/>
<vector name="rb" x="19" y="0"/>
<int name="delay" value="210"/>
<string name="_hash" value="21af035f4a764fd7c212c236cdea4dbb77908295950c6537a1cc6d4e506ad0e9"/>
</canvas>
<canvas name="1" width="42" height="33">
<vector name="origin" x="22" y="27"/>
<int name="z" value="0"/>
<vector name="lt" x="-15" y="-24"/>
<vector name="rb" x="19" y="0"/>
<int name="delay" value="210"/>
<string name="_hash" value="0ea16e7f24d825d2333d785ad31d78fea8754d71a7936ef0e1b7c95bdb542e96"/>
</canvas>
<canvas name="2" width="43" height="33">
<vector name="origin" x="23" y="27"/>
<int name="z" value="0"/>
<vector name="lt" x="-15" y="-24"/>
<vector name="rb" x="19" y="0"/>
<int name="delay" value="210"/>
<string name="_hash" value="6e9e598018129cee4f73f1c9d5b001fd7201da1f70d9ab8c8c5561092b24bab6"/>
</canvas>
<canvas name="3" width="42" height="33">
<vector name="origin" x="22" y="27"/>
<int name="z" value="0"/>
<vector name="lt" x="-15" y="-24"/>
<vector name="rb" x="19" y="0"/>
<int name="delay" value="210"/>
<string name="_hash" value="316313e09490f4d0376c034b301039cffc0ce2c0e6aa956418fda929462073a7"/>
</canvas>
<canvas name="4" width="37" height="33">
<vector name="origin" x="17" y="27"/>
<int name="z" value="0"/>
<vector name="lt" x="-15" y="-24"/>
<vector name="rb" x="19" y="0"/>
<int name="delay" value="210"/>
<string name="_hash" value="be7e783ee1c04898413cce9261657ebd35dde1a7ab405f3e64b9f8e5cca7db79"/>
</canvas>
<canvas name="5" width="1" height="1">
<vector name="origin" x="17" y="27"/>
<int name="z" value="0"/>
<vector name="lt" x="-15" y="-24"/>
<vector name="rb" x="19" y="0"/>
<int name="delay" value="210"/>
<string name="_inlink" value="stand0/4"/>
</canvas>
</imgdir>
<imgdir name="stand1">
<canvas name="0" width="36" height="33">
<vector name="origin" x="16" y="27"/>
<int name="z" value="0"/>
<vector name="lt" x="-15" y="-24"/>
<vector name="rb" x="19" y="0"/>
<int name="delay" value="210"/>
<string name="_hash" value="1b4a8baf7c1e62fd5e2c3517fb13d5fa7e134a3fa66b89fc4bdcf1c3533dcf0a"/>
</canvas>
<canvas name="1" width="36" height="33">
<vector name="origin" x="16" y="27"/>
<int name="z" value="0"/>
<vector name="lt" x="-15" y="-24"/>
<vector name="rb" x="19" y="0"/>
<int name="delay" value="210"/>
<string name="_hash" value="14ed96ac8fdc5a6a98d0bdf4351f08b563ca1cb7680b80e55d78e3f920bb662c"/>
</canvas>
<canvas name="2" width="36" height="33">
<vector name="origin" x="16" y="27"/>
<int name="z" value="0"/>
<vector name="lt" x="-15" y="-24"/>
<vector name="rb" x="19" y="0"/>
<int name="delay" value="210"/>
<string name="_hash" value="c414e9d501c6cd4b4b88f08a834e299085e29ba7620218d6f60178b1a0c78fc9"/>
</canvas>
<canvas name="3" width="37" height="32">
<vector name="origin" x="17" y="26"/>
<int name="z" value="0"/>
<vector name="lt" x="-15" y="-24"/>
<vector name="rb" x="19" y="0"/>
<int name="delay" value="210"/>
<string name="_hash" value="36bf929219524160ad21dcf22e9b8982a4183e1e8108c2455839347bb303c339"/>
</canvas>
<canvas name="4" width="41" height="31">
<vector name="origin" x="21" y="25"/>
<int name="z" value="0"/>
<vector name="lt" x="-15" y="-24"/>
<vector name="rb" x="19" y="0"/>
<int name="delay" value="210"/>
<string name="_hash" value="8a9df7aa1da24eff63b2410d2f83b4e1bdd02ffe59dba591a8ffa32da8e12ac5"/>
</canvas>
<canvas name="5" width="44" height="32">
<vector name="origin" x="24" y="26"/>
<int name="z" value="0"/>
<vector name="lt" x="-15" y="-24"/>
<vector name="rb" x="19" y="0"/>
<int name="delay" value="210"/>
<string name="_hash" value="613a41e7a7aa1415641818a7264ac2cf1ec23cf6fd78420bf9810e5fbcb3a843"/>
</canvas>
<canvas name="6" width="45" height="31">
<vector name="origin" x="25" y="25"/>
<int name="z" value="0"/>
<vector name="lt" x="-15" y="-24"/>
<vector name="rb" x="19" y="0"/>
<int name="delay" value="210"/>
<string name="_hash" value="ac3b4028626b1935583752ccb9a10b1bda60b6e6dc93f29679c2993b68cd75d2"/>
</canvas>
<canvas name="7" width="44" height="31">
<vector name="origin" x="24" y="25"/>
<int name="z" value="0"/>
<vector name="lt" x="-15" y="-24"/>
<vector name="rb" x="19" y="0"/>
<int name="delay" value="210"/>
<string name="_hash" value="de8ebccfbfe582bb52fc56594227e267e24630acbbc335c8c8ee354c73797917"/>
</canvas>
<canvas name="8" width="37" height="31">
<vector name="origin" x="17" y="25"/>
<int name="z" value="0"/>
<vector name="lt" x="-15" y="-24"/>
<vector name="rb" x="19" y="0"/>
<int name="delay" value="300"/>
<string name="_hash" value="7041690ba043f732cc4e5976fb1fd4ba40fce3e4aa0222cee0720762d8413087"/>
</canvas>
<canvas name="9" width="38" height="31">
<vector name="origin" x="18" y="25"/>
<int name="z" value="0"/>
<vector name="lt" x="-15" y="-24"/>
<vector name="rb" x="19" y="0"/>
<int name="delay" value="210"/>
<string name="_hash" value="668200060d5d3e31f085b48adb257d44818f2b79ae016c1213dd71a2975e6152"/>
</canvas>
</imgdir>
<imgdir name="rest0">
<canvas name="0" width="48" height="38">
<vector name="origin" x="23" y="32"/>
<int name="z" value="0"/>
<vector name="lt" x="-15" y="-24"/>
<vector name="rb" x="19" y="0"/>
<int name="delay" value="210"/>
<string name="_hash" value="501673333201a786bb95e2c8937b72e3cd05c7c169c861083faa4a969afdab8c"/>
</canvas>
<canvas name="1" width="48" height="39">
<vector name="origin" x="23" y="33"/>
<int name="z" value="0"/>
<vector name="lt" x="-15" y="-24"/>
<vector name="rb" x="19" y="0"/>
<int name="delay" value="210"/>
<string name="_hash" value="1b8d8a566f0d10ba0123661effba85e270a30632682e70d4df0e1694aec27dc1"/>
</canvas>
<canvas name="2" width="48" height="38">
<vector name="origin" x="23" y="32"/>
<int name="z" value="0"/>
<vector name="lt" x="-15" y="-24"/>
<vector name="rb" x="19" y="0"/>
<int name="delay" value="210"/>
<string name="_hash" value="4856f47503c4bd40bdfe164886ba111477a7154bfc3401041978a0bd730d5528"/>
</canvas>
<canvas name="3" width="48" height="37">
<vector name="origin" x="23" y="31"/>
<int name="z" value="0"/>
<vector name="lt" x="-15" y="-24"/>
<vector name="rb" x="19" y="0"/>
<int name="delay" value="210"/>
<string name="_hash" value="10bab916b78be554cdfb875c0342bf7932cfaef7a2b81fd0d1a008ffc8283a59"/>
</canvas>
<canvas name="4" width="48" height="36">
<vector name="origin" x="23" y="30"/>
<int name="z" value="0"/>
<vector name="lt" x="-15" y="-24"/>
<vector name="rb" x="19" y="0"/>
<int name="delay" value="210"/>
<string name="_hash" value="9254a0495a4ad2dd748f69b7f5cd6e924d4723bc731c62a9788cf1dcbceac77d"/>
</canvas>
<canvas name="5" width="48" height="37">
<vector name="origin" x="23" y="31"/>
<int name="z" value="0"/>
<vector name="lt" x="-15" y="-24"/>
<vector name="rb" x="19" y="0"/>
<int name="delay" value="210"/>
<string name="_hash" value="8cd6b0d526bde0ac691775a1e450268bed9413ca570f4b918528895894671809"/>
</canvas>
</imgdir>
<imgdir name="move">
<canvas name="0" width="38" height="34">
<vector name="origin" x="18" y="28"/>
<int name="z" value="0"/>
<vector name="lt" x="-15" y="-24"/>
<vector name="rb" x="19" y="0"/>
<int name="delay" value="150"/>
<string name="_hash" value="708c51495b903a2e1436e0a2249b4d02f1578cd04a955183088b30e528e883f0"/>
</canvas>
<canvas name="1" width="36" height="35">
<vector name="origin" x="17" y="29"/>
<int name="z" value="0"/>
<vector name="lt" x="-15" y="-24"/>
<vector name="rb" x="19" y="0"/>
<int name="delay" value="150"/>
<string name="_hash" value="66ca5ee0385eaf785755577dce787553dfbf9ee23517f699390cf1a575a4c010"/>
</canvas>
<canvas name="2" width="1" height="1">
<vector name="origin" x="18" y="28"/>
<int name="z" value="0"/>
<vector name="lt" x="-15" y="-24"/>
<vector name="rb" x="19" y="0"/>
<int name="delay" value="150"/>
<string name="_inlink" value="move/0"/>
</canvas>
<canvas name="3" width="1" height="1">
<vector name="origin" x="17" y="29"/>
<int name="z" value="0"/>
<vector name="lt" x="-15" y="-24"/>
<vector name="rb" x="19" y="0"/>
<int name="delay" value="150"/>
<string name="_inlink" value="move/1"/>
</canvas>
</imgdir>
<imgdir name="jump">
<canvas name="0" width="42" height="36">
<vector name="origin" x="20" y="38"/>
<int name="z" value="0"/>
<vector name="lt" x="-15" y="-24"/>
<vector name="rb" x="19" y="0"/>
<string name="_hash" value="bfe2c1600185e60ab062a7cd4f63a9a9a65fc5fb0b0598f11833680cb94b5e31"/>
</canvas>
</imgdir>
<imgdir name="hungry">
<canvas name="0" width="34" height="32">
<vector name="origin" x="17" y="26"/>
<int name="z" value="0"/>
<vector name="lt" x="-15" y="-24"/>
<vector name="rb" x="19" y="0"/>
<int name="delay" value="210"/>
<string name="_hash" value="3d6d96223ee4a4e6fab5a24df5fa02c978cb1d3afb2d9db1048a86a184a6f57d"/>
</canvas>
<canvas name="1" width="34" height="32">
<vector name="origin" x="17" y="26"/>
<int name="z" value="0"/>
<vector name="lt" x="-15" y="-24"/>
<vector name="rb" x="19" y="0"/>
<int name="delay" value="210"/>
<string name="_hash" value="aaf8dad09993e980466aea769a88337b77398aac736e5dda91d3561b24cfd99d"/>
</canvas>
<canvas name="2" width="1" height="1">
<vector name="origin" x="17" y="26"/>
<int name="z" value="0"/>
<vector name="lt" x="-15" y="-24"/>
<vector name="rb" x="19" y="0"/>
<int name="delay" value="210"/>
<string name="_inlink" value="hungry/0"/>
</canvas>
<canvas name="3" width="1" height="1">
<vector name="origin" x="17" y="26"/>
<int name="z" value="0"/>
<vector name="lt" x="-15" y="-24"/>
<vector name="rb" x="19" y="0"/>
<int name="delay" value="210"/>
<string name="_inlink" value="hungry/1"/>
</canvas>
<canvas name="4" width="1" height="1">
<vector name="origin" x="17" y="26"/>
<int name="z" value="0"/>
<vector name="lt" x="-15" y="-24"/>
<vector name="rb" x="19" y="0"/>
<int name="delay" value="210"/>
<string name="_inlink" value="hungry/0"/>
</canvas>
<canvas name="5" width="1" height="1">
<vector name="origin" x="17" y="26"/>
<int name="z" value="0"/>
<vector name="lt" x="-15" y="-24"/>
<vector name="rb" x="19" y="0"/>
<int name="delay" value="210"/>
<string name="_inlink" value="hungry/1"/>
</canvas>
</imgdir>
<imgdir name="hang">
<canvas name="0" width="35" height="37">
<vector name="origin" x="16" y="48"/>
<int name="z" value="0"/>
<vector name="lt" x="-15" y="-24"/>
<vector name="rb" x="19" y="0"/>
<string name="_hash" value="fd00269fecf52556e9611353793cbc60ec7fe0d60cded6cee3c9645652529785"/>
</canvas>
</imgdir>
<imgdir name="eat">
<canvas name="0" width="36" height="33">
<vector name="origin" x="16" y="27"/>
<int name="z" value="0"/>
<vector name="lt" x="-15" y="-24"/>
<vector name="rb" x="19" y="0"/>
<int name="delay" value="210"/>
<string name="_hash" value="aeee00ee753770fe3c81bf9ed7c8a61a7924555d4a83dbc198121dbdcb86251e"/>
</canvas>
<canvas name="1" width="36" height="33">
<vector name="origin" x="16" y="27"/>
<int name="z" value="0"/>
<vector name="lt" x="-15" y="-24"/>
<vector name="rb" x="19" y="0"/>
<int name="delay" value="210"/>
<string name="_hash" value="0e32a379e72706344aec9dfe72fc682ae3b6b0c5641ea6c9c7e9b5dba5797841"/>
</canvas>
<canvas name="2" width="36" height="33">
<vector name="origin" x="16" y="27"/>
<int name="z" value="0"/>
<vector name="lt" x="-15" y="-24"/>
<vector name="rb" x="19" y="0"/>
<int name="delay" value="210"/>
<string name="_hash" value="f2890ff23993b6b31718a66662fd9bfb18002e94b619bef75bc09ec4b576b93d"/>
</canvas>
<canvas name="3" width="36" height="33">
<vector name="origin" x="16" y="27"/>
<int name="z" value="0"/>
<vector name="lt" x="-15" y="-24"/>
<vector name="rb" x="19" y="0"/>
<int name="delay" value="210"/>
<string name="_hash" value="d7538471398f0a10a35b4d9c9e02d7af48debba936f0b9f638b6c1b0dac8add2"/>
</canvas>
<canvas name="4" width="36" height="33">
<vector name="origin" x="16" y="27"/>
<int name="z" value="0"/>
<vector name="lt" x="-15" y="-24"/>
<vector name="rb" x="19" y="0"/>
<int name="delay" value="210"/>
<string name="_hash" value="d70e886328bf88f533c25bc8d7272bd4115ab67f613e726822a2f111823549bf"/>
</canvas>
<canvas name="5" width="36" height="33">
<vector name="origin" x="16" y="27"/>
<int name="z" value="0"/>
<vector name="lt" x="-15" y="-24"/>
<vector name="rb" x="19" y="0"/>
<int name="delay" value="210"/>
<string name="_hash" value="627b2362d2bd2a8a591d5b0b6793059836b7df6509e03574ee943b9bbdea0808"/>
</canvas>
</imgdir>
<imgdir name="chat">
<canvas name="0" width="1" height="1">
<vector name="origin" x="16" y="27"/>
<int name="z" value="0"/>
<vector name="lt" x="-15" y="-24"/>
<vector name="rb" x="19" y="0"/>
<int name="delay" value="210"/>
<string name="_inlink" value="stand1/0"/>
</canvas>
<canvas name="1" width="40" height="33">
<vector name="origin" x="20" y="27"/>
<int name="z" value="0"/>
<vector name="lt" x="-15" y="-24"/>
<vector name="rb" x="19" y="0"/>
<int name="delay" value="210"/>
<string name="_hash" value="2457474cd95b1031f6c4125ced0b2dc72fffe3d854c16346f2e40fa4a35217f2"/>
</canvas>
<canvas name="2" width="40" height="33">
<vector name="origin" x="20" y="27"/>
<int name="z" value="0"/>
<vector name="lt" x="-15" y="-24"/>
<vector name="rb" x="19" y="0"/>
<int name="delay" value="210"/>
<string name="_hash" value="01e9728816572b2f5efdfeae6b5643ced5cacc66b078eccaecb67624e9d7e0e2"/>
</canvas>
<canvas name="3" width="40" height="33">
<vector name="origin" x="20" y="27"/>
<int name="z" value="0"/>
<vector name="lt" x="-15" y="-24"/>
<vector name="rb" x="19" y="0"/>
<int name="delay" value="210"/>
<string name="_hash" value="a5c37a123240a0be043c7f84e9ba79b1bce9f0c0f22fc45f3d752acf882d1540"/>
</canvas>
<canvas name="4" width="40" height="33">
<vector name="origin" x="20" y="27"/>
<int name="z" value="0"/>
<vector name="lt" x="-15" y="-24"/>
<vector name="rb" x="19" y="0"/>
<int name="delay" value="210"/>
<string name="_hash" value="fb078e06f3432056e9da3ee6c4a843b6b265053c1210280ff52820b2127af587"/>
</canvas>
<canvas name="5" width="38" height="33">
<vector name="origin" x="18" y="27"/>
<int name="z" value="0"/>
<vector name="lt" x="-15" y="-24"/>
<vector name="rb" x="19" y="0"/>
<int name="delay" value="210"/>
<string name="_hash" value="44de1a12c36cd325c035a4e3866816d9d8d15f9d0172b48a8f73d987c3bc5297"/>
</canvas>
</imgdir>
<imgdir name="dung">
<canvas name="0" width="38" height="37">
<vector name="origin" x="19" y="31"/>
<int name="z" value="0"/>
<vector name="lt" x="-15" y="-24"/>
<vector name="rb" x="19" y="0"/>
<int name="delay" value="210"/>
<string name="_hash" value="7b84c99e37945c87daa730be62def478e1b4dea0808eec5caca6701d23f30a3c"/>
</canvas>
<canvas name="1" width="38" height="37">
<vector name="origin" x="19" y="31"/>
<int name="z" value="0"/>
<vector name="lt" x="-15" y="-24"/>
<vector name="rb" x="19" y="0"/>
<int name="delay" value="210"/>
<string name="_hash" value="589b9630b53a69d114d9403ae8ed79ec80c58e6bcd5a4148644b7302563bdbf8"/>
</canvas>
<canvas name="2" width="38" height="37">
<vector name="origin" x="19" y="31"/>
<int name="z" value="0"/>
<vector name="lt" x="-15" y="-24"/>
<vector name="rb" x="19" y="0"/>
<int name="delay" value="210"/>
<string name="_hash" value="2020aab118e8368d9d48523812892ea1c5dc176742f93ac39960e624d76cb144"/>
</canvas>
<canvas name="3" width="1" height="1">
<vector name="origin" x="19" y="31"/>
<int name="z" value="0"/>
<vector name="lt" x="-15" y="-24"/>
<vector name="rb" x="19" y="0"/>
<int name="delay" value="210"/>
<string name="_inlink" value="dung/1"/>
</canvas>
<canvas name="4" width="1" height="1">
<vector name="origin" x="19" y="31"/>
<int name="z" value="0"/>
<vector name="lt" x="-15" y="-24"/>
<vector name="rb" x="19" y="0"/>
<int name="delay" value="210"/>
<string name="_inlink" value="dung/2"/>
</canvas>
<canvas name="5" width="38" height="37">
<vector name="origin" x="19" y="31"/>
<int name="z" value="0"/>
<vector name="lt" x="-15" y="-24"/>
<vector name="rb" x="19" y="0"/>
<int name="delay" value="210"/>
<string name="_hash" value="a5cab44011a8894ea0b082be2e43f45adc8840e80fe60daa29e4d74b2af3d79b"/>
</canvas>
</imgdir>
<imgdir name="angry">
<canvas name="0" width="35" height="38">
<vector name="origin" x="16" y="32"/>
<int name="z" value="0"/>
<vector name="lt" x="-15" y="-24"/>
<vector name="rb" x="19" y="0"/>
<int name="delay" value="210"/>
<string name="_hash" value="7ae5a08ccb22042c30c4e669b0ef48ca10f83b1cc3de86993298280a01b7e705"/>
</canvas>
<canvas name="1" width="38" height="38">
<vector name="origin" x="17" y="32"/>
<int name="z" value="0"/>
<vector name="lt" x="-15" y="-24"/>
<vector name="rb" x="19" y="0"/>
<int name="delay" value="210"/>
<string name="_hash" value="dd03e0b71f6a57a1f01ba7c5e1a13c678201dc97f391643365ac6a2e82ea4a3d"/>
</canvas>
<canvas name="2" width="38" height="38">
<vector name="origin" x="17" y="32"/>
<int name="z" value="0"/>
<vector name="lt" x="-15" y="-24"/>
<vector name="rb" x="19" y="0"/>
<int name="delay" value="210"/>
<string name="_hash" value="2a9a37ecb2d63cf493971748ebf20204ec3c1abe0018f55815a51b4783428e07"/>
</canvas>
<canvas name="3" width="38" height="38">
<vector name="origin" x="17" y="32"/>
<int name="z" value="0"/>
<vector name="lt" x="-15" y="-24"/>
<vector name="rb" x="19" y="0"/>
<int name="delay" value="210"/>
<string name="_hash" value="7d8e2dec321e4442ddc0819a5e9c37dd61fe37c4f7e864bedf143c02ba804860"/>
</canvas>
<canvas name="4" width="38" height="38">
<vector name="origin" x="17" y="32"/>
<int name="z" value="0"/>
<vector name="lt" x="-15" y="-24"/>
<vector name="rb" x="19" y="0"/>
<int name="delay" value="210"/>
<string name="_hash" value="f23b385b6cf6039e7e23ab7191adf21daff44526dab40b9e94a52ac2288b9830"/>
</canvas>
<canvas name="5" width="38" height="38">
<vector name="origin" x="17" y="32"/>
<int name="z" value="0"/>
<vector name="lt" x="-15" y="-24"/>
<vector name="rb" x="19" y="0"/>
<int name="delay" value="210"/>
<string name="_hash" value="f7535d5756c546162904bfa1962cee663e7254315a6c3d7f33f72ea40520d184"/>
</canvas>
</imgdir>
<imgdir name="cry">
<canvas name="0" width="36" height="33">
<vector name="origin" x="16" y="27"/>
<int name="z" value="0"/>
<vector name="lt" x="-15" y="-24"/>
<vector name="rb" x="19" y="0"/>
<int name="delay" value="210"/>
<string name="_hash" value="630fd5996608d130c173ebc95db7ad59e2896bb51b261b4d31104c488e125ded"/>
</canvas>
<canvas name="1" width="39" height="32">
<vector name="origin" x="20" y="26"/>
<int name="z" value="0"/>
<vector name="lt" x="-15" y="-24"/>
<vector name="rb" x="19" y="0"/>
<int name="delay" value="210"/>
<string name="_hash" value="2c36d4a102b28e886a66001c017d11905f9c751f0d34d70cf55ae0dc8250795e"/>
</canvas>
<canvas name="2" width="39" height="32">
<vector name="origin" x="20" y="26"/>
<int name="z" value="0"/>
<vector name="lt" x="-15" y="-24"/>
<vector name="rb" x="19" y="0"/>
<int name="delay" value="210"/>
<string name="_hash" value="37807d4a1e5eb0e6037b64fe9748e169e06ff863b73cfd0a4c2421c09aec0171"/>
</canvas>
<canvas name="3" width="39" height="32">
<vector name="origin" x="20" y="26"/>
<int name="z" value="0"/>
<vector name="lt" x="-15" y="-24"/>
<vector name="rb" x="19" y="0"/>
<int name="delay" value="210"/>
<string name="_hash" value="36e2111d0a915fe66e5e5043b6e39c3ca06ff23702a1e01b5d490bb0433d2f9c"/>
</canvas>
<canvas name="4" width="39" height="32">
<vector name="origin" x="20" y="26"/>
<int name="z" value="0"/>
<vector name="lt" x="-15" y="-24"/>
<vector name="rb" x="19" y="0"/>
<int name="delay" value="210"/>
<string name="_hash" value="be203e4fe41803e066e4a7a2ba8751815ff8864be270f25f2cd6978aedf3eb63"/>
</canvas>
<canvas name="5" width="39" height="32">
<vector name="origin" x="20" y="26"/>
<int name="z" value="0"/>
<vector name="lt" x="-15" y="-24"/>
<vector name="rb" x="19" y="0"/>
<int name="delay" value="210"/>
<string name="_hash" value="9ec76d3825a4a3cc2c9c16cfd580244155851f14635a96f0c67a9f20a3aea9c4"/>
</canvas>
</imgdir>
<imgdir name="love">
<canvas name="0" width="1" height="1">
<vector name="origin" x="16" y="27"/>
<int name="z" value="0"/>
<vector name="lt" x="-15" y="-24"/>
<vector name="rb" x="19" y="0"/>
<int name="delay" value="210"/>
<string name="_inlink" value="stand1/0"/>
</canvas>
<canvas name="1" width="36" height="35">
<vector name="origin" x="17" y="29"/>
<int name="z" value="0"/>
<vector name="lt" x="-15" y="-24"/>
<vector name="rb" x="19" y="0"/>
<int name="delay" value="210"/>
<string name="_hash" value="015c99b88f0faaa819235201525e7642d37d4ffdd5b2ac4151384ea6d5c505e5"/>
</canvas>
<canvas name="2" width="40" height="36">
<vector name="origin" x="19" y="30"/>
<int name="z" value="0"/>
<vector name="lt" x="-15" y="-24"/>
<vector name="rb" x="19" y="0"/>
<int name="delay" value="210"/>
<string name="_hash" value="6a2f83e903e5f5ac831557743219826ffdfe8c87dc9fe74ed58d621b197706a5"/>
</canvas>
<canvas name="3" width="44" height="40">
<vector name="origin" x="23" y="34"/>
<int name="z" value="0"/>
<vector name="lt" x="-15" y="-24"/>
<vector name="rb" x="19" y="0"/>
<int name="delay" value="210"/>
<string name="_hash" value="a08aeade4eaf8e8d79c9a977b8a649460bad74560cb38908e06aba89b3cd1a8a"/>
</canvas>
<canvas name="4" width="47" height="43">
<vector name="origin" x="26" y="37"/>
<int name="z" value="0"/>
<vector name="lt" x="-15" y="-24"/>
<vector name="rb" x="19" y="0"/>
<int name="delay" value="210"/>
<string name="_hash" value="59df8ab0cba2a4761fb5018c9bb4c98dccb5e775e6d0c5fe2841866e7e92c1d1"/>
</canvas>
<canvas name="5" width="47" height="43">
<vector name="origin" x="26" y="37"/>
<int name="z" value="0"/>
<vector name="lt" x="-15" y="-24"/>
<vector name="rb" x="19" y="0"/>
<int name="delay" value="210"/>
<string name="_hash" value="cd856daa86dce6b7635f28e56a0b9a4fde440cd02a6bc387af5a9e1be6ac62c0"/>
</canvas>
</imgdir>
<imgdir name="sleep">
<canvas name="0" width="48" height="33">
<vector name="origin" x="24" y="27"/>
<int name="z" value="0"/>
<vector name="lt" x="-15" y="-24"/>
<vector name="rb" x="19" y="0"/>
<int name="delay" value="210"/>
<string name="_hash" value="af4dac036662d848f53669b1bb359352a76470d3d50439b70782b7633ace9d4d"/>
</canvas>
<canvas name="1" width="48" height="34">
<vector name="origin" x="24" y="28"/>
<int name="z" value="0"/>
<vector name="lt" x="-15" y="-24"/>
<vector name="rb" x="19" y="0"/>
<int name="delay" value="210"/>
<string name="_hash" value="4b0196638cf8d629f52019be5b581ac17657fb65379cf3dd97bc9f24a49a6861"/>
</canvas>
<canvas name="2" width="48" height="35">
<vector name="origin" x="24" y="29"/>
<int name="z" value="0"/>
<vector name="lt" x="-15" y="-24"/>
<vector name="rb" x="19" y="0"/>
<int name="delay" value="210"/>
<string name="_hash" value="be88a56a427f78fc3d9189d98d9973c136604d54ed5c8fd7b41870515c817977"/>
</canvas>
<canvas name="3" width="48" height="34">
<vector name="origin" x="24" y="28"/>
<int name="z" value="0"/>
<vector name="lt" x="-15" y="-24"/>
<vector name="rb" x="19" y="0"/>
<int name="delay" value="210"/>
<string name="_hash" value="6fe552603a3a8dc74ff246e37cb8f9ade403441c849447e6d81c09c8dc5d53a2"/>
</canvas>
<canvas name="4" width="48" height="31">
<vector name="origin" x="24" y="25"/>
<int name="z" value="0"/>
<vector name="lt" x="-15" y="-24"/>
<vector name="rb" x="19" y="0"/>
<int name="delay" value="210"/>
<string name="_hash" value="4ca77e059e5595437ae5cd759e0f3f9034ec60f7764d1a4b7551565ce748c3f1"/>
</canvas>
<canvas name="5" width="48" height="31">
<vector name="origin" x="24" y="25"/>
<int name="z" value="0"/>
<vector name="lt" x="-15" y="-24"/>
<vector name="rb" x="19" y="0"/>
<int name="delay" value="210"/>
<string name="_hash" value="c7f0302c483d18b2f89b35da3e4018fdc1e56adf4d4fd5c941abba39564ddfda"/>
</canvas>
</imgdir>
<imgdir name="sit">
<canvas name="0" width="1" height="1">
<vector name="origin" x="17" y="27"/>
<int name="z" value="0"/>
<vector name="lt" x="-15" y="-24"/>
<vector name="rb" x="19" y="0"/>
<string name="_inlink" value="stand0/4"/>
</canvas>
</imgdir>
<imgdir name="what">
<canvas name="0" width="36" height="33">
<vector name="origin" x="16" y="27"/>
<int name="z" value="0"/>
<vector name="lt" x="-15" y="-24"/>
<vector name="rb" x="19" y="0"/>
<int name="delay" value="210"/>
<string name="_hash" value="0f1aa98e69b77543f02e7062099175df0697afacfe629b8423b20a9276945f7a"/>
</canvas>
<canvas name="1" width="36" height="32">
<vector name="origin" x="17" y="26"/>
<int name="z" value="0"/>
<vector name="lt" x="-15" y="-24"/>
<vector name="rb" x="19" y="0"/>
<int name="delay" value="210"/>
<string name="_hash" value="acfd2032ec4539308f0b3e756dcca128e1c5362860eca61b697d88de8e01152a"/>
</canvas>
<canvas name="2" width="36" height="32">
<vector name="origin" x="17" y="26"/>
<int name="z" value="0"/>
<vector name="lt" x="-15" y="-24"/>
<vector name="rb" x="19" y="0"/>
<int name="delay" value="210"/>
<string name="_hash" value="47b4ea69d11adfe99a9d75d04d57107cdaf1d003f3b5c71f90e45cab754c8709"/>
</canvas>
<canvas name="3" width="36" height="32">
<vector name="origin" x="17" y="26"/>
<int name="z" value="0"/>
<vector name="lt" x="-15" y="-24"/>
<vector name="rb" x="19" y="0"/>
<int name="delay" value="210"/>
<string name="_hash" value="e5d208322c325e145103ef52af0aad5b9ed60dc1768ca753dcaec6ae04053e2f"/>
</canvas>
<canvas name="4" width="36" height="32">
<vector name="origin" x="17" y="26"/>
<int name="z" value="0"/>
<vector name="lt" x="-15" y="-24"/>
<vector name="rb" x="19" y="0"/>
<int name="delay" value="210"/>
<string name="_hash" value="47356a8c5102fcc906369fa54078f7b0415da0c4a0915d7107298955169e6060"/>
</canvas>
<canvas name="5" width="36" height="32">
<vector name="origin" x="17" y="26"/>
<int name="z" value="0"/>
<vector name="lt" x="-15" y="-24"/>
<vector name="rb" x="19" y="0"/>
<int name="delay" value="210"/>
<string name="_hash" value="649bfb15b68a5f3d0462543a1d653213cc04fb1a78d39feff89db82208210d16"/>
</canvas>
<canvas name="6" width="36" height="32">
<vector name="origin" x="17" y="26"/>
<int name="z" value="0"/>
<vector name="lt" x="-15" y="-24"/>
<vector name="rb" x="19" y="0"/>
<int name="delay" value="210"/>
<string name="_hash" value="087b1986e3461401f549f6f2fbdd9eacc272f9d5b20e2c69cf607bdcc25b96b8"/>
</canvas>
</imgdir>
<uol name="fly" value="move"/>
<uol name="roll" value="hang"/>
</imgdir>
