<?xml version="1.0" encoding="UTF-8" standalone="yes"?>
<imgdir name="5002345.img">
<imgdir name="info">
<canvas name="icon" width="31" height="31">
<vector name="origin" x="-1" y="31"/>
<int name="z" value="0"/>
<string name="_hash" value="31095760a41b786973c6f35a8988a9ccd43d024092c75354523161335ad700c9"/>
</canvas>
<canvas name="iconRaw" width="31" height="31">
<vector name="origin" x="-1" y="31"/>
<int name="z" value="0"/>
<string name="_hash" value="0067e6eaefd37942f7f5a89322ed8a0c6758bd5f4bca12297fc5ca284d550808"/>
</canvas>
<canvas name="iconD" width="31" height="31">
<vector name="origin" x="-1" y="31"/>
<int name="z" value="0"/>
<string name="_hash" value="6e995a5e2fc215a4b50dd92dc2ca6dbf2a294ee8c11c102a8c71e11fcf6f446d"/>
</canvas>
<canvas name="iconRawD" width="31" height="31">
<vector name="origin" x="-1" y="31"/>
<int name="z" value="0"/>
<string name="_hash" value="96936f2975e57cd8277c58f95136fd956897e831fbccdfc6889f3b77d2dca883"/>
</canvas>
<int name="hungry" value="2"/>
<int name="cash" value="1"/>
<int name="life" value="90"/>
<int name="pickupItem" value="1"/>
<int name="multiPet" value="1"/>
<int name="autoBuff" value="1"/>
<int name="chatBalloon" value="589"/>
<int name="nameTag" value="589"/>
<int name="setItemID" value="873"/>
</imgdir>
<imgdir name="interact">
<imgdir name="0">
<string name="command" value="c1"/>
<int name="inc" value="1"/>
<int name="prob" value="30"/>
<int name="l0" value="1"/>
<int name="l1" value="9"/>
<imgdir name="success">
<imgdir name="0">
<string name="act" value="rest0"/>
<string name="0" value="c1_s1"/>
<string name="1" value="c1_s2"/>
</imgdir>
</imgdir>
<imgdir name="fail">
<imgdir name="0">
<string name="act" value="stand0"/>
<string name="0" value="c1_f1"/>
<string name="1" value="c1_f2"/>
</imgdir>
</imgdir>
</imgdir>
<imgdir name="1">
<string name="command" value="c2"/>
<int name="inc" value="2"/>
<int name="prob" value="45"/>
<int name="l0" value="10"/>
<int name="l1" value="19"/>
<imgdir name="success">
<imgdir name="0">
<string name="act" value="rest0"/>
<string name="0" value="c2_s1"/>
<string name="1" value="c2_s2"/>
<string name="2" value="c2_s3"/>
<string name="3" value="c2_s4"/>
</imgdir>
</imgdir>
<imgdir name="fail">
<imgdir name="0">
<string name="act" value="stand0"/>
<string name="0" value="c2_f1"/>
<string name="1" value="c2_f2"/>
<string name="2" value="c2_f3"/>
<string name="3" value="c2_f4"/>
</imgdir>
</imgdir>
</imgdir>
<imgdir name="2">
<string name="command" value="c3"/>
<int name="inc" value="3"/>
<int name="prob" value="60"/>
<int name="l0" value="20"/>
<int name="l1" value="29"/>
<imgdir name="success">
<imgdir name="0">
<string name="act" value="rest0"/>
<string name="0" value="c3_s1"/>
<string name="1" value="c3_s2"/>
<string name="2" value="c3_s3"/>
<string name="3" value="c3_s4"/>
</imgdir>
</imgdir>
<imgdir name="fail">
<imgdir name="0">
<string name="act" value="stand0"/>
<string name="0" value="c3_f1"/>
<string name="1" value="c3_f2"/>
<string name="2" value="c3_f3"/>
<string name="3" value="c3_f4"/>
</imgdir>
</imgdir>
</imgdir>
<imgdir name="3">
<string name="command" value="c4"/>
<int name="inc" value="2"/>
<int name="prob" value="70"/>
<int name="l0" value="30"/>
<int name="l1" value="30"/>
<imgdir name="success">
<imgdir name="0">
<string name="act" value="rest0"/>
<string name="0" value="c4_s1"/>
<string name="1" value="c4_s2"/>
<string name="2" value="c4_s3"/>
<string name="3" value="c4_s4"/>
</imgdir>
</imgdir>
<imgdir name="fail">
<imgdir name="0">
<string name="act" value="stand0"/>
<string name="0" value="c4_f1"/>
<string name="1" value="c4_f2"/>
<string name="2" value="c4_f3"/>
<string name="3" value="c4_f4"/>
</imgdir>
</imgdir>
</imgdir>
<imgdir name="4">
<string name="command" value="c5"/>
<int name="inc" value="1"/>
<int name="prob" value="30"/>
<int name="l0" value="1"/>
<int name="l1" value="9"/>
<imgdir name="success">
<imgdir name="0">
<string name="act" value="cry"/>
<string name="0" value="c5_s1"/>
<string name="1" value="c5_s2"/>
</imgdir>
</imgdir>
<imgdir name="fail">
<imgdir name="0">
<string name="act" value="stand0"/>
<string name="0" value="c5_f1"/>
<string name="1" value="c5_f2"/>
</imgdir>
</imgdir>
</imgdir>
<imgdir name="5">
<string name="command" value="c6"/>
<int name="inc" value="2"/>
<int name="prob" value="50"/>
<int name="l0" value="10"/>
<int name="l1" value="19"/>
<imgdir name="success">
<imgdir name="0">
<string name="act" value="cry"/>
<string name="0" value="c6_s1"/>
<string name="1" value="c6_s2"/>
<string name="2" value="c6_s3"/>
<string name="3" value="c6_s4"/>
</imgdir>
</imgdir>
<imgdir name="fail">
<imgdir name="0">
<string name="act" value="angry"/>
<string name="0" value="c6_f1"/>
<string name="1" value="c6_f2"/>
<string name="2" value="c6_f3"/>
<string name="3" value="c6_f4"/>
</imgdir>
</imgdir>
</imgdir>
<imgdir name="6">
<string name="command" value="c7"/>
<int name="inc" value="2"/>
<int name="prob" value="60"/>
<int name="l0" value="20"/>
<int name="l1" value="29"/>
<imgdir name="success">
<imgdir name="0">
<string name="act" value="cry"/>
<string name="0" value="c7_s1"/>
<string name="1" value="c7_s2"/>
<string name="2" value="c7_s3"/>
<string name="3" value="c7_s4"/>
</imgdir>
</imgdir>
<imgdir name="fail">
<imgdir name="0">
<string name="act" value="angry"/>
<string name="0" value="c7_f1"/>
<string name="1" value="c7_f2"/>
<string name="2" value="c7_f3"/>
<string name="3" value="c7_f4"/>
</imgdir>
</imgdir>
</imgdir>
<imgdir name="7">
<string name="command" value="c8"/>
<int name="inc" value="3"/>
<int name="prob" value="70"/>
<int name="l0" value="30"/>
<int name="l1" value="30"/>
<imgdir name="success">
<imgdir name="0">
<string name="act" value="cry"/>
<string name="0" value="c8_s1"/>
<string name="1" value="c8_s2"/>
<string name="2" value="c8_s3"/>
<string name="3" value="c8_s4"/>
</imgdir>
</imgdir>
<imgdir name="fail">
<imgdir name="0">
<string name="act" value="angry"/>
<string name="0" value="c8_f1"/>
<string name="1" value="c8_f2"/>
<string name="2" value="c8_f3"/>
<string name="3" value="c8_f4"/>
</imgdir>
</imgdir>
</imgdir>
<imgdir name="8">
<string name="command" value="c9"/>
<int name="inc" value="1"/>
<int name="prob" value="30"/>
<int name="l0" value="1"/>
<int name="l1" value="9"/>
<imgdir name="success">
<imgdir name="0">
<string name="act" value="love"/>
<string name="0" value="c9_s1"/>
<string name="1" value="c9_s2"/>
</imgdir>
</imgdir>
<imgdir name="fail">
<imgdir name="0">
<string name="act" value="no"/>
<string name="0" value="c9_f1"/>
<string name="1" value="c9_f2"/>
</imgdir>
</imgdir>
</imgdir>
<imgdir name="9">
<string name="command" value="c10"/>
<int name="inc" value="2"/>
<int name="prob" value="50"/>
<int name="l0" value="10"/>
<int name="l1" value="19"/>
<imgdir name="success">
<imgdir name="0">
<string name="act" value="love"/>
<string name="0" value="c10_s1"/>
<string name="1" value="c10_s2"/>
<string name="2" value="c10_s3"/>
<string name="3" value="c10_s4"/>
</imgdir>
</imgdir>
<imgdir name="fail">
<imgdir name="0">
<string name="act" value="no"/>
<string name="0" value="c10_f1"/>
<string name="1" value="c10_f2"/>
<string name="2" value="c10_f3"/>
<string name="3" value="c10_f4"/>
</imgdir>
</imgdir>
</imgdir>
<imgdir name="10">
<string name="command" value="c11"/>
<int name="inc" value="2"/>
<int name="prob" value="60"/>
<int name="l0" value="20"/>
<int name="l1" value="29"/>
<imgdir name="success">
<imgdir name="0">
<string name="act" value="love"/>
<string name="0" value="c11_s1"/>
<string name="1" value="c11_s2"/>
<string name="2" value="c11_s3"/>
<string name="3" value="c11_s4"/>
</imgdir>
</imgdir>
<imgdir name="fail">
<imgdir name="0">
<string name="act" value="no"/>
<string name="0" value="c11_f1"/>
<string name="1" value="c11_f2"/>
<string name="2" value="c11_f3"/>
<string name="4" value="c11_f4"/>
</imgdir>
</imgdir>
</imgdir>
<imgdir name="11">
<string name="command" value="c12"/>
<int name="inc" value="3"/>
<int name="prob" value="70"/>
<int name="l0" value="30"/>
<int name="l1" value="30"/>
<imgdir name="success">
<imgdir name="0">
<string name="act" value="love"/>
<string name="0" value="c12_s1"/>
<string name="1" value="c12_s2"/>
<string name="2" value="c12_s3"/>
<string name="3" value="c12_s4"/>
</imgdir>
</imgdir>
<imgdir name="fail">
<imgdir name="0">
<string name="act" value="no"/>
<string name="0" value="c12_f1"/>
<string name="1" value="c12_f2"/>
<string name="2" value="c12_f3"/>
<string name="3" value="c12_f4"/>
</imgdir>
</imgdir>
</imgdir>
<imgdir name="12">
<string name="command" value="c13"/>
<int name="inc" value="1"/>
<int name="prob" value="30"/>
<int name="l0" value="10"/>
<int name="l1" value="19"/>
<imgdir name="success">
<imgdir name="0">
<string name="act" value="dung"/>
<string name="0" value="c13_s1"/>
<string name="1" value="c13_s2"/>
<string name="2" value="c13_s3"/>
<string name="3" value="c13_s4"/>
</imgdir>
</imgdir>
<imgdir name="fail">
<imgdir name="0">
<string name="act" value="stand0"/>
<string name="0" value="c13_f1"/>
<string name="1" value="c13_f2"/>
<string name="2" value="c13_f3"/>
<string name="3" value="c13_f4"/>
</imgdir>
</imgdir>
</imgdir>
<imgdir name="13">
<string name="command" value="c14"/>
<int name="inc" value="2"/>
<int name="prob" value="50"/>
<int name="l0" value="20"/>
<int name="l1" value="29"/>
<imgdir name="success">
<imgdir name="0">
<string name="act" value="dung"/>
<string name="0" value="c14_s1"/>
<string name="1" value="c14_s2"/>
<string name="2" value="c14_s3"/>
<string name="3" value="c14_s4"/>
</imgdir>
</imgdir>
<imgdir name="fail">
<imgdir name="0">
<string name="act" value="stand0"/>
<string name="0" value="c14_f1"/>
<string name="1" value="c14_f2"/>
<string name="2" value="c14_f3"/>
<string name="3" value="c14_f4"/>
</imgdir>
</imgdir>
</imgdir>
<imgdir name="14">
<string name="command" value="c15"/>
<int name="inc" value="3"/>
<int name="prob" value="70"/>
<int name="l0" value="30"/>
<int name="l1" value="30"/>
<imgdir name="success">
<imgdir name="0">
<string name="act" value="dung"/>
<string name="0" value="c15_s1"/>
<string name="1" value="c15_s2"/>
<string name="2" value="c15_s3"/>
<string name="3" value="c15_s4"/>
</imgdir>
</imgdir>
<imgdir name="fail">
<imgdir name="0">
<string name="act" value="angry"/>
<string name="0" value="c15_f1"/>
<string name="1" value="c15_f2"/>
<string name="2" value="c15_f3"/>
<string name="3" value="c15_f4"/>
</imgdir>
</imgdir>
</imgdir>
<imgdir name="15">
<string name="command" value="c16"/>
<int name="inc" value="1"/>
<int name="prob" value="30"/>
<int name="l0" value="10"/>
<int name="l1" value="19"/>
<imgdir name="success">
<imgdir name="0">
<string name="act" value="sleep"/>
<string name="0" value="c16_s1"/>
<string name="1" value="c16_s2"/>
<string name="2" value="c16_s3"/>
<string name="3" value="c16_s4"/>
</imgdir>
</imgdir>
<imgdir name="fail">
<imgdir name="0">
<string name="act" value="angry"/>
<string name="0" value="c16_f1"/>
<string name="1" value="c16_f2"/>
<string name="2" value="c16_f3"/>
<string name="3" value="c16_f4"/>
</imgdir>
</imgdir>
</imgdir>
<imgdir name="16">
<string name="command" value="c17"/>
<int name="inc" value="2"/>
<int name="prob" value="45"/>
<int name="l0" value="20"/>
<int name="l1" value="29"/>
<imgdir name="success">
<imgdir name="0">
<string name="act" value="sleep"/>
<string name="0" value="c17_s1"/>
<string name="1" value="c17_s2"/>
<string name="2" value="c17_s3"/>
<string name="3" value="c17_s4"/>
</imgdir>
</imgdir>
<imgdir name="fail">
<imgdir name="0">
<string name="act" value="no"/>
<string name="0" value="c17_f1"/>
<string name="1" value="c17_f2"/>
<string name="2" value="c17_f3"/>
<string name="3" value="c17_f4"/>
</imgdir>
</imgdir>
</imgdir>
<imgdir name="17">
<string name="command" value="c18"/>
<int name="inc" value="3"/>
<int name="prob" value="60"/>
<int name="l0" value="30"/>
<int name="l1" value="30"/>
<imgdir name="success">
<imgdir name="0">
<string name="act" value="sleep"/>
<string name="0" value="c18_s1"/>
<string name="1" value="c18_s2"/>
<string name="2" value="c18_s3"/>
<string name="3" value="c18_s4"/>
</imgdir>
</imgdir>
<imgdir name="fail">
<imgdir name="0">
<string name="act" value="no"/>
<string name="0" value="c18_f1"/>
<string name="1" value="c18_f2"/>
<string name="2" value="c18_f3"/>
<string name="3" value="c18_f4"/>
</imgdir>
</imgdir>
</imgdir>
<imgdir name="18">
<string name="command" value="c19"/>
<int name="inc" value="1"/>
<int name="prob" value="30"/>
<int name="l0" value="10"/>
<int name="l1" value="19"/>
<imgdir name="success">
<imgdir name="0">
<string name="act" value="chat"/>
<string name="0" value="c19_s1"/>
<string name="1" value="c19_s2"/>
<string name="2" value="c19_s3"/>
<string name="3" value="c19_s4"/>
</imgdir>
</imgdir>
<imgdir name="fail">
<imgdir name="0">
<string name="act" value="no"/>
<string name="0" value="c19_f1"/>
<string name="1" value="c19_f2"/>
<string name="2" value="c19_f3"/>
<string name="3" value="c19_f4"/>
</imgdir>
</imgdir>
</imgdir>
<imgdir name="19">
<string name="command" value="c20"/>
<int name="inc" value="2"/>
<int name="prob" value="45"/>
<int name="l0" value="20"/>
<int name="l1" value="29"/>
<imgdir name="success">
<imgdir name="0">
<string name="act" value="chat"/>
<string name="0" value="c20_s1"/>
<string name="1" value="c20_s2"/>
<string name="2" value="c20_s3"/>
<string name="3" value="c20_s4"/>
</imgdir>
</imgdir>
<imgdir name="fail">
<imgdir name="0">
<string name="act" value="no"/>
<string name="0" value="c20_f1"/>
<string name="1" value="c20_f2"/>
<string name="2" value="c20_f3"/>
<string name="3" value="c20_f4"/>
</imgdir>
</imgdir>
</imgdir>
<imgdir name="20">
<string name="command" value="c21"/>
<int name="inc" value="3"/>
<int name="prob" value="60"/>
<int name="l0" value="30"/>
<int name="l1" value="30"/>
<imgdir name="success">
<imgdir name="0">
<string name="act" value="chat"/>
<string name="0" value="c21_s1"/>
<string name="1" value="c21_s2"/>
<string name="2" value="c21_s3"/>
<string name="3" value="c21_s4"/>
</imgdir>
</imgdir>
<imgdir name="fail">
<imgdir name="0">
<string name="act" value="no"/>
<string name="0" value="c21_f1"/>
<string name="1" value="c21_f2"/>
<string name="2" value="c21_f3"/>
<string name="3" value="c21_f4"/>
</imgdir>
</imgdir>
</imgdir>
</imgdir>
<imgdir name="food">
<imgdir name="0">
<int name="l0" value="1"/>
<int name="l1" value="9"/>
<imgdir name="success">
<imgdir name="0">
<string name="act" value="eat"/>
<string name="0" value="f1_s"/>
</imgdir>
</imgdir>
<imgdir name="fail">
<imgdir name="0">
<string name="act" value="cry"/>
<string name="0" value="f1_f"/>
</imgdir>
</imgdir>
</imgdir>
<imgdir name="1">
<int name="l0" value="10"/>
<int name="l1" value="19"/>
<imgdir name="success">
<imgdir name="0">
<string name="act" value="eat"/>
<string name="0" value="f2_s"/>
</imgdir>
</imgdir>
<imgdir name="fail">
<imgdir name="0">
<string name="act" value="cry"/>
<string name="0" value="f2_f"/>
</imgdir>
</imgdir>
</imgdir>
<imgdir name="2">
<int name="l0" value="20"/>
<int name="l1" value="29"/>
<imgdir name="success">
<imgdir name="0">
<string name="act" value="eat"/>
<string name="0" value="f3_s"/>
</imgdir>
</imgdir>
<imgdir name="fail">
<imgdir name="0">
<string name="act" value="cry"/>
<string name="0" value="f3_f"/>
</imgdir>
</imgdir>
</imgdir>
<imgdir name="3">
<int name="l0" value="30"/>
<int name="l1" value="30"/>
<imgdir name="success">
<imgdir name="0">
<string name="act" value="eat"/>
<string name="0" value="f4_s"/>
</imgdir>
</imgdir>
<imgdir name="fail">
<imgdir name="0">
<string name="act" value="cry"/>
<string name="0" value="f4_f"/>
</imgdir>
</imgdir>
</imgdir>
</imgdir>
<imgdir name="slang">
<imgdir name="0">
<int name="l0" value="1"/>
<int name="l1" value="9"/>
<string name="act" value="cry"/>
<string name="0" value="s1"/>
</imgdir>
<imgdir name="1">
<int name="l0" value="10"/>
<int name="l1" value="19"/>
<string name="act" value="cry"/>
<string name="0" value="s2"/>
</imgdir>
<imgdir name="2">
<int name="l0" value="20"/>
<int name="l1" value="29"/>
<string name="act" value="angry"/>
<string name="0" value="s3"/>
</imgdir>
<imgdir name="3">
<int name="l0" value="30"/>
<int name="l1" value="30"/>
<string name="act" value="angry"/>
<string name="0" value="s4"/>
</imgdir>
</imgdir>
<imgdir name="stand0">
<canvas name="0" width="43" height="41">
<vector name="origin" x="19" y="41"/>
<int name="z" value="0"/>
<vector name="lt" x="-19" y="-41"/>
<vector name="rb" x="24" y="1"/>
<int name="delay" value="300"/>
<string name="_hash" value="fc8904ae21db7451a823d6b8ba1fd47f624e0560bbf55c0e678a8d88efc17fae"/>
</canvas>
<canvas name="1" width="45" height="41">
<vector name="origin" x="20" y="42"/>
<int name="z" value="0"/>
<vector name="lt" x="-19" y="-41"/>
<vector name="rb" x="24" y="1"/>
<int name="delay" value="300"/>
<string name="_hash" value="e41d971972116bf1fa9aea30165469c7e8de03101b6c2633922309c397a6dd10"/>
</canvas>
<canvas name="2" width="43" height="41">
<vector name="origin" x="19" y="43"/>
<int name="z" value="0"/>
<vector name="lt" x="-19" y="-41"/>
<vector name="rb" x="24" y="1"/>
<int name="delay" value="300"/>
<string name="_hash" value="dbac300649a3e89f8ce36b206f8b840d8ae6fccb4ce3e987fee82b24a96ed65c"/>
</canvas>
<canvas name="3" width="41" height="41">
<vector name="origin" x="18" y="42"/>
<int name="z" value="0"/>
<vector name="lt" x="-19" y="-41"/>
<vector name="rb" x="24" y="1"/>
<int name="delay" value="300"/>
<string name="_hash" value="326f621136f9bc4b3034f466c1ce1c6b5aba9729526ce1918b47ac3f221602b3"/>
</canvas>
</imgdir>
<imgdir name="stand1">
<uol name="0" value="../stand0/0"/>
<uol name="1" value="../stand0/1"/>
<uol name="2" value="../stand0/2"/>
<uol name="3" value="../stand0/3"/>
</imgdir>
<imgdir name="rest0">
<uol name="0" value="../stand0/0"/>
<uol name="1" value="../stand0/1"/>
<uol name="2" value="../stand0/2"/>
<uol name="3" value="../stand0/3"/>
</imgdir>
<imgdir name="move">
<canvas name="0" width="43" height="40">
<vector name="origin" x="19" y="40"/>
<int name="z" value="0"/>
<vector name="lt" x="-19" y="-41"/>
<vector name="rb" x="24" y="1"/>
<int name="delay" value="300"/>
<string name="_hash" value="709e615c9012f37ef14c62c100ef1736739976c7ffa19190da805abfcdd1af7b"/>
</canvas>
<canvas name="1" width="45" height="41">
<vector name="origin" x="20" y="41"/>
<int name="z" value="0"/>
<vector name="lt" x="-19" y="-41"/>
<vector name="rb" x="24" y="1"/>
<int name="delay" value="300"/>
<string name="_hash" value="aa2ca5f629141cde0b9090dcc982b03f94635088767285cbf31255dd78b40272"/>
</canvas>
<canvas name="2" width="43" height="40">
<vector name="origin" x="19" y="42"/>
<int name="z" value="0"/>
<vector name="lt" x="-19" y="-41"/>
<vector name="rb" x="24" y="1"/>
<int name="delay" value="300"/>
<string name="_hash" value="abe184913fec943e7942194891c42c92544e17ba00499f4d06754117c83b2d9c"/>
</canvas>
<canvas name="3" width="41" height="41">
<vector name="origin" x="18" y="41"/>
<int name="z" value="0"/>
<vector name="lt" x="-19" y="-41"/>
<vector name="rb" x="24" y="1"/>
<int name="delay" value="300"/>
<string name="_hash" value="44608933bc247516968f75f468317f1e19c25f3d9127ab7fee9b9275c2e91ce5"/>
</canvas>
</imgdir>
<imgdir name="jump">
<canvas name="0" width="45" height="40">
<vector name="origin" x="20" y="46"/>
<int name="z" value="0"/>
<vector name="lt" x="-21" y="-45"/>
<vector name="rb" x="25" y="-6"/>
<string name="_hash" value="6f2481713d1ae362abdf0262ce6b2212f3eb331b1f52dfc0294eaeba1d094c7f"/>
</canvas>
</imgdir>
<imgdir name="hungry">
<uol name="0" value="../angry/0"/>
<uol name="1" value="../angry/1"/>
<uol name="2" value="../angry/2"/>
<uol name="3" value="../angry/3"/>
</imgdir>
<imgdir name="hang">
<canvas name="0" width="41" height="39">
<vector name="origin" x="20" y="44"/>
<int name="z" value="0"/>
<vector name="lt" x="-21" y="-44"/>
<vector name="rb" x="22" y="-4"/>
<string name="_hash" value="e9c466a3b7223dec3ad664fd2755de4b75e549dbcce49c845b69230377d91813"/>
</canvas>
</imgdir>
<imgdir name="eat">
<uol name="0" value="../chat/0"/>
<uol name="1" value="../chat/1"/>
<uol name="2" value="../chat/2"/>
<uol name="3" value="../chat/3"/>
</imgdir>
<imgdir name="chat">
<canvas name="0" width="44" height="41">
<vector name="origin" x="20" y="41"/>
<int name="z" value="0"/>
<vector name="lt" x="-19" y="-41"/>
<vector name="rb" x="24" y="1"/>
<int name="delay" value="300"/>
<string name="_hash" value="243cc7ddbc3aef29af7493b529bd319ee09c8548de48a672d6f59f468e199f8d"/>
</canvas>
<canvas name="1" width="47" height="41">
<vector name="origin" x="22" y="42"/>
<int name="z" value="0"/>
<vector name="lt" x="-19" y="-41"/>
<vector name="rb" x="24" y="1"/>
<int name="delay" value="300"/>
<string name="_hash" value="3258184c8f193613026c50d3c3c0a579c563edd21861da3f9f971da902aba694"/>
</canvas>
<canvas name="2" width="47" height="41">
<vector name="origin" x="23" y="41"/>
<int name="z" value="0"/>
<vector name="lt" x="-22" y="-41"/>
<vector name="rb" x="24" y="1"/>
<int name="delay" value="300"/>
<string name="_hash" value="345ac90c8216df4043969593504223248fb258fdec4fe60bc9cb9846fc7c3652"/>
</canvas>
<canvas name="3" width="41" height="41">
<vector name="origin" x="18" y="40"/>
<int name="z" value="0"/>
<vector name="lt" x="-19" y="-41"/>
<vector name="rb" x="24" y="1"/>
<int name="delay" value="300"/>
<string name="_hash" value="29c174dee10eb1c876fafc2cb49ddfbcb49ed4b16bfbfa532023fd48775942e6"/>
</canvas>
</imgdir>
<imgdir name="love">
<canvas name="0" width="43" height="48">
<vector name="origin" x="19" y="48"/>
<int name="z" value="0"/>
<vector name="lt" x="-19" y="-48"/>
<vector name="rb" x="24" y="1"/>
<int name="delay" value="300"/>
<string name="_hash" value="05ab7e00b22e76481c0acf25af9a858f587c29c0ad988498fc475ecb9d9cbaf6"/>
</canvas>
<canvas name="1" width="45" height="46">
<vector name="origin" x="20" y="51"/>
<int name="z" value="0"/>
<vector name="lt" x="-20" y="-51"/>
<vector name="rb" x="24" y="-5"/>
<int name="delay" value="300"/>
<string name="_hash" value="5dd7808578b90253b58a519ceade4536b1996d183a758d4432c492d663497ac8"/>
</canvas>
<canvas name="2" width="43" height="47">
<vector name="origin" x="19" y="50"/>
<int name="z" value="0"/>
<vector name="lt" x="-20" y="-50"/>
<vector name="rb" x="24" y="1"/>
<int name="delay" value="300"/>
<string name="_hash" value="cca02dd34c9580432e8382d6a32dd09c049183cafa0807693608149740934913"/>
</canvas>
<canvas name="3" width="41" height="48">
<vector name="origin" x="18" y="49"/>
<int name="z" value="0"/>
<vector name="lt" x="-18" y="-50"/>
<vector name="rb" x="24" y="1"/>
<int name="delay" value="300"/>
<string name="_hash" value="161773d3a51eb97c7c6d97628e4999ca61e5c5379a59668ceda9804c214b4670"/>
</canvas>
</imgdir>
<imgdir name="cry">
<canvas name="0" width="43" height="41">
<vector name="origin" x="19" y="41"/>
<int name="z" value="0"/>
<vector name="lt" x="-19" y="-41"/>
<vector name="rb" x="24" y="1"/>
<int name="delay" value="300"/>
<string name="_hash" value="6e81bf2ee094f484b357f1ececbf44578a0cf0832ab5a211d17e717e777564d4"/>
</canvas>
<canvas name="1" width="45" height="41">
<vector name="origin" x="20" y="42"/>
<int name="z" value="0"/>
<vector name="lt" x="-19" y="-41"/>
<vector name="rb" x="24" y="1"/>
<int name="delay" value="300"/>
<string name="_hash" value="271a22f5ef2c48c28d902c662032697e17444b3d51ea49fba25ed2fea4c38d09"/>
</canvas>
<canvas name="2" width="43" height="41">
<vector name="origin" x="19" y="43"/>
<int name="z" value="0"/>
<vector name="lt" x="-19" y="-41"/>
<vector name="rb" x="24" y="1"/>
<int name="delay" value="300"/>
<string name="_hash" value="c64c80d12516b853176bb2a60f286ad1eb412ad306f6c2d8d97eba2aeaaa936b"/>
</canvas>
<canvas name="3" width="41" height="41">
<vector name="origin" x="18" y="42"/>
<int name="z" value="0"/>
<vector name="lt" x="-19" y="-41"/>
<vector name="rb" x="24" y="1"/>
<int name="delay" value="300"/>
<string name="_hash" value="530f937aac2a5e7b700e103638c4111bea50774f7086c8f17f74137fb49406d6"/>
</canvas>
</imgdir>
<imgdir name="dung">
<uol name="0" value="../stand0/0"/>
<uol name="1" value="../stand0/1"/>
<uol name="2" value="../stand0/2"/>
<uol name="3" value="../stand0/3"/>
</imgdir>
<imgdir name="sleep">
<uol name="0" value="../stand0/0"/>
<uol name="1" value="../stand0/1"/>
<uol name="2" value="../stand0/2"/>
<uol name="3" value="../stand0/3"/>
</imgdir>
<imgdir name="angry">
<canvas name="0" width="45" height="46">
<vector name="origin" x="21" y="46"/>
<int name="z" value="0"/>
<vector name="lt" x="-21" y="-46"/>
<vector name="rb" x="23" y="-1"/>
<int name="delay" value="300"/>
<string name="_hash" value="2b54abcfe7bbd5277c71ffcd0bc58e02e8f93df1bf2d35c484ec8ce6ebb03763"/>
</canvas>
<canvas name="1" width="44" height="44">
<vector name="origin" x="21" y="44"/>
<int name="z" value="0"/>
<vector name="lt" x="-21" y="-44"/>
<vector name="rb" x="23" y="-1"/>
<int name="delay" value="300"/>
<string name="_hash" value="6974ebee9a9b9be8a233378da4fd5e7431daa2ec63d9e04a68f33743c67f860d"/>
</canvas>
<canvas name="2" width="45" height="44">
<vector name="origin" x="21" y="44"/>
<int name="z" value="0"/>
<vector name="lt" x="-21" y="-44"/>
<vector name="rb" x="23" y="-1"/>
<int name="delay" value="300"/>
<string name="_hash" value="0e9a141bec321d41c54d9241337eef4e17ec7c047d3e9bd50f5517f7dd21d75c"/>
</canvas>
<canvas name="3" width="41" height="40">
<vector name="origin" x="18" y="40"/>
<int name="z" value="0"/>
<vector name="lt" x="-18" y="-40"/>
<vector name="rb" x="23" y="-1"/>
<int name="delay" value="300"/>
<string name="_hash" value="2311ef715d721d2d9a3ed6a9f9e8d66b59d23f8253dd2a4d1a79b694ece82083"/>
</canvas>
</imgdir>
<imgdir name="no">
<uol name="0" value="../angry/0"/>
<uol name="1" value="../angry/1"/>
<uol name="2" value="../angry/2"/>
<uol name="3" value="../angry/3"/>
</imgdir>
<imgdir name="sit">
<uol name="0" value="../stand0/0"/>
<uol name="1" value="../stand0/1"/>
<uol name="2" value="../stand0/2"/>
<uol name="3" value="../stand0/3"/>
</imgdir>
<imgdir name="fly">
<uol name="0" value="../jump/0"/>
</imgdir>
</imgdir>
