<?xml version="1.0" encoding="UTF-8" standalone="yes"?>
<imgdir name="5002316.img">
<imgdir name="info">
<canvas name="icon" width="30" height="26">
<vector name="origin" x="-2" y="27"/>
<string name="_hash" value="558f4b83d9518a8079f610353b5c36f56d88ba1cbcbf7162ed97cb63cf3a1efb"/>
</canvas>
<canvas name="iconRaw" width="30" height="25">
<vector name="origin" x="-2" y="27"/>
<string name="_hash" value="55a88272027a65371364bef9d5cfa94b8c396fd5e7ec4581c928bf4966e7db05"/>
</canvas>
<canvas name="iconD" width="30" height="26">
<vector name="origin" x="-2" y="27"/>
<string name="_hash" value="1f71bc66cf3e072ac51a3d48231d6186fed014c84512d1165a2748799dccc232"/>
</canvas>
<canvas name="iconRawD" width="26" height="25">
<vector name="origin" x="-3" y="27"/>
<string name="_hash" value="1e6b487e6479c3f752f60ac3cbe799df573e520075952b74201fea1acb00d863"/>
</canvas>
<int name="hungry" value="2"/>
<int name="cash" value="1"/>
<int name="life" value="90"/>
<int name="pickupItem" value="1"/>
<int name="multiPet" value="1"/>
<int name="autoBuff" value="1"/>
<int name="chatBalloon" value="564"/>
<int name="nameTag" value="564"/>
<int name="setItemID" value="862"/>
</imgdir>
<imgdir name="interact">
<imgdir name="0">
<string name="command" value="c1"/>
<int name="inc" value="1"/>
<int name="prob" value="30"/>
<int name="l0" value="1"/>
<int name="l1" value="9"/>
<imgdir name="success">
<imgdir name="0">
<string name="act" value="rest0"/>
<string name="0" value="c1_s1"/>
<string name="1" value="c1_s2"/>
</imgdir>
</imgdir>
<imgdir name="fail">
<imgdir name="0">
<string name="act" value="stand0"/>
<string name="0" value="c1_f1"/>
<string name="1" value="c1_f2"/>
</imgdir>
</imgdir>
</imgdir>
<imgdir name="1">
<string name="command" value="c2"/>
<int name="inc" value="2"/>
<int name="prob" value="45"/>
<int name="l0" value="10"/>
<int name="l1" value="19"/>
<imgdir name="success">
<imgdir name="0">
<string name="act" value="rest0"/>
<string name="0" value="c2_s1"/>
<string name="1" value="c2_s2"/>
<string name="2" value="c2_s3"/>
<string name="3" value="c2_s4"/>
</imgdir>
</imgdir>
<imgdir name="fail">
<imgdir name="0">
<string name="act" value="stand0"/>
<string name="0" value="c2_f1"/>
<string name="1" value="c2_f2"/>
<string name="2" value="c2_f3"/>
<string name="3" value="c2_f4"/>
</imgdir>
</imgdir>
</imgdir>
<imgdir name="2">
<string name="command" value="c3"/>
<int name="inc" value="3"/>
<int name="prob" value="60"/>
<int name="l0" value="20"/>
<int name="l1" value="29"/>
<imgdir name="success">
<imgdir name="0">
<string name="act" value="rest0"/>
<string name="0" value="c3_s1"/>
<string name="1" value="c3_s2"/>
<string name="2" value="c3_s3"/>
<string name="3" value="c3_s4"/>
</imgdir>
</imgdir>
<imgdir name="fail">
<imgdir name="0">
<string name="act" value="stand0"/>
<string name="0" value="c3_f1"/>
<string name="1" value="c3_f2"/>
<string name="2" value="c3_f3"/>
<string name="3" value="c3_f4"/>
</imgdir>
</imgdir>
</imgdir>
<imgdir name="3">
<string name="command" value="c4"/>
<int name="inc" value="2"/>
<int name="prob" value="70"/>
<int name="l0" value="30"/>
<int name="l1" value="30"/>
<imgdir name="success">
<imgdir name="0">
<string name="act" value="rest0"/>
<string name="0" value="c4_s1"/>
<string name="1" value="c4_s2"/>
<string name="2" value="c4_s3"/>
<string name="3" value="c4_s4"/>
</imgdir>
</imgdir>
<imgdir name="fail">
<imgdir name="0">
<string name="act" value="stand0"/>
<string name="0" value="c4_f1"/>
<string name="1" value="c4_f2"/>
<string name="2" value="c4_f3"/>
<string name="3" value="c4_f4"/>
</imgdir>
</imgdir>
</imgdir>
<imgdir name="4">
<string name="command" value="c5"/>
<int name="inc" value="1"/>
<int name="prob" value="30"/>
<int name="l0" value="1"/>
<int name="l1" value="9"/>
<imgdir name="success">
<imgdir name="0">
<string name="act" value="cry"/>
<string name="0" value="c5_s1"/>
<string name="1" value="c5_s2"/>
</imgdir>
</imgdir>
<imgdir name="fail">
<imgdir name="0">
<string name="act" value="stand0"/>
<string name="0" value="c5_f1"/>
<string name="1" value="c5_f2"/>
</imgdir>
</imgdir>
</imgdir>
<imgdir name="5">
<string name="command" value="c6"/>
<int name="inc" value="2"/>
<int name="prob" value="50"/>
<int name="l0" value="10"/>
<int name="l1" value="19"/>
<imgdir name="success">
<imgdir name="0">
<string name="act" value="cry"/>
<string name="0" value="c6_s1"/>
<string name="1" value="c6_s2"/>
<string name="2" value="c6_s3"/>
<string name="3" value="c6_s4"/>
</imgdir>
</imgdir>
<imgdir name="fail">
<imgdir name="0">
<string name="act" value="angry"/>
<string name="0" value="c6_f1"/>
<string name="1" value="c6_f2"/>
<string name="2" value="c6_f3"/>
<string name="3" value="c6_f4"/>
</imgdir>
</imgdir>
</imgdir>
<imgdir name="6">
<string name="command" value="c7"/>
<int name="inc" value="2"/>
<int name="prob" value="60"/>
<int name="l0" value="20"/>
<int name="l1" value="29"/>
<imgdir name="success">
<imgdir name="0">
<string name="act" value="cry"/>
<string name="0" value="c7_s1"/>
<string name="1" value="c7_s2"/>
<string name="2" value="c7_s3"/>
<string name="3" value="c7_s4"/>
</imgdir>
</imgdir>
<imgdir name="fail">
<imgdir name="0">
<string name="act" value="angry"/>
<string name="0" value="c7_f1"/>
<string name="1" value="c7_f2"/>
<string name="2" value="c7_f3"/>
<string name="3" value="c7_f4"/>
</imgdir>
</imgdir>
</imgdir>
<imgdir name="7">
<string name="command" value="c8"/>
<int name="inc" value="3"/>
<int name="prob" value="70"/>
<int name="l0" value="30"/>
<int name="l1" value="30"/>
<imgdir name="success">
<imgdir name="0">
<string name="act" value="cry"/>
<string name="0" value="c8_s1"/>
<string name="1" value="c8_s2"/>
<string name="2" value="c8_s3"/>
<string name="3" value="c8_s4"/>
</imgdir>
</imgdir>
<imgdir name="fail">
<imgdir name="0">
<string name="act" value="angry"/>
<string name="0" value="c8_f1"/>
<string name="1" value="c8_f2"/>
<string name="2" value="c8_f3"/>
<string name="3" value="c8_f4"/>
</imgdir>
</imgdir>
</imgdir>
<imgdir name="8">
<string name="command" value="c9"/>
<int name="inc" value="1"/>
<int name="prob" value="30"/>
<int name="l0" value="1"/>
<int name="l1" value="9"/>
<imgdir name="success">
<imgdir name="0">
<string name="act" value="love"/>
<string name="0" value="c9_s1"/>
<string name="1" value="c9_s2"/>
</imgdir>
</imgdir>
<imgdir name="fail">
<imgdir name="0">
<string name="act" value="no"/>
<string name="0" value="c9_f1"/>
<string name="1" value="c9_f2"/>
</imgdir>
</imgdir>
</imgdir>
<imgdir name="9">
<string name="command" value="c10"/>
<int name="inc" value="2"/>
<int name="prob" value="50"/>
<int name="l0" value="10"/>
<int name="l1" value="19"/>
<imgdir name="success">
<imgdir name="0">
<string name="act" value="love"/>
<string name="0" value="c10_s1"/>
<string name="1" value="c10_s2"/>
<string name="2" value="c10_s3"/>
<string name="3" value="c10_s4"/>
</imgdir>
</imgdir>
<imgdir name="fail">
<imgdir name="0">
<string name="act" value="no"/>
<string name="0" value="c10_f1"/>
<string name="1" value="c10_f2"/>
<string name="2" value="c10_f3"/>
<string name="3" value="c10_f4"/>
</imgdir>
</imgdir>
</imgdir>
<imgdir name="10">
<string name="command" value="c11"/>
<int name="inc" value="2"/>
<int name="prob" value="60"/>
<int name="l0" value="20"/>
<int name="l1" value="29"/>
<imgdir name="success">
<imgdir name="0">
<string name="act" value="love"/>
<string name="0" value="c11_s1"/>
<string name="1" value="c11_s2"/>
<string name="2" value="c11_s3"/>
<string name="3" value="c11_s4"/>
</imgdir>
</imgdir>
<imgdir name="fail">
<imgdir name="0">
<string name="act" value="no"/>
<string name="0" value="c11_f1"/>
<string name="1" value="c11_f2"/>
<string name="2" value="c11_f3"/>
<string name="4" value="c11_f4"/>
</imgdir>
</imgdir>
</imgdir>
<imgdir name="11">
<string name="command" value="c12"/>
<int name="inc" value="3"/>
<int name="prob" value="70"/>
<int name="l0" value="30"/>
<int name="l1" value="30"/>
<imgdir name="success">
<imgdir name="0">
<string name="act" value="love"/>
<string name="0" value="c12_s1"/>
<string name="1" value="c12_s2"/>
<string name="2" value="c12_s3"/>
<string name="3" value="c12_s4"/>
</imgdir>
</imgdir>
<imgdir name="fail">
<imgdir name="0">
<string name="act" value="no"/>
<string name="0" value="c12_f1"/>
<string name="1" value="c12_f2"/>
<string name="2" value="c12_f3"/>
<string name="3" value="c12_f4"/>
</imgdir>
</imgdir>
</imgdir>
<imgdir name="12">
<string name="command" value="c13"/>
<int name="inc" value="1"/>
<int name="prob" value="30"/>
<int name="l0" value="10"/>
<int name="l1" value="19"/>
<imgdir name="success">
<imgdir name="0">
<string name="act" value="dung"/>
<string name="0" value="c13_s1"/>
<string name="1" value="c13_s2"/>
<string name="2" value="c13_s3"/>
<string name="3" value="c13_s4"/>
</imgdir>
</imgdir>
<imgdir name="fail">
<imgdir name="0">
<string name="act" value="stand0"/>
<string name="0" value="c13_f1"/>
<string name="1" value="c13_f2"/>
<string name="2" value="c13_f3"/>
<string name="3" value="c13_f4"/>
</imgdir>
</imgdir>
</imgdir>
<imgdir name="13">
<string name="command" value="c14"/>
<int name="inc" value="2"/>
<int name="prob" value="50"/>
<int name="l0" value="20"/>
<int name="l1" value="29"/>
<imgdir name="success">
<imgdir name="0">
<string name="act" value="dung"/>
<string name="0" value="c14_s1"/>
<string name="1" value="c14_s2"/>
<string name="2" value="c14_s3"/>
<string name="3" value="c14_s4"/>
</imgdir>
</imgdir>
<imgdir name="fail">
<imgdir name="0">
<string name="act" value="stand0"/>
<string name="0" value="c14_f1"/>
<string name="1" value="c14_f2"/>
<string name="2" value="c14_f3"/>
<string name="3" value="c14_f4"/>
</imgdir>
</imgdir>
</imgdir>
<imgdir name="14">
<string name="command" value="c15"/>
<int name="inc" value="3"/>
<int name="prob" value="70"/>
<int name="l0" value="30"/>
<int name="l1" value="30"/>
<imgdir name="success">
<imgdir name="0">
<string name="act" value="dung"/>
<string name="0" value="c15_s1"/>
<string name="1" value="c15_s2"/>
<string name="2" value="c15_s3"/>
<string name="3" value="c15_s4"/>
</imgdir>
</imgdir>
<imgdir name="fail">
<imgdir name="0">
<string name="act" value="angry"/>
<string name="0" value="c15_f1"/>
<string name="1" value="c15_f2"/>
<string name="2" value="c15_f3"/>
<string name="3" value="c15_f4"/>
</imgdir>
</imgdir>
</imgdir>
<imgdir name="15">
<string name="command" value="c16"/>
<int name="inc" value="1"/>
<int name="prob" value="30"/>
<int name="l0" value="10"/>
<int name="l1" value="19"/>
<imgdir name="success">
<imgdir name="0">
<string name="act" value="sleep"/>
<string name="0" value="c16_s1"/>
<string name="1" value="c16_s2"/>
<string name="2" value="c16_s3"/>
<string name="3" value="c16_s4"/>
</imgdir>
</imgdir>
<imgdir name="fail">
<imgdir name="0">
<string name="act" value="angry"/>
<string name="0" value="c16_f1"/>
<string name="1" value="c16_f2"/>
<string name="2" value="c16_f3"/>
<string name="3" value="c16_f4"/>
</imgdir>
</imgdir>
</imgdir>
<imgdir name="16">
<string name="command" value="c17"/>
<int name="inc" value="2"/>
<int name="prob" value="45"/>
<int name="l0" value="20"/>
<int name="l1" value="29"/>
<imgdir name="success">
<imgdir name="0">
<string name="act" value="sleep"/>
<string name="0" value="c17_s1"/>
<string name="1" value="c17_s2"/>
<string name="2" value="c17_s3"/>
<string name="3" value="c17_s4"/>
</imgdir>
</imgdir>
<imgdir name="fail">
<imgdir name="0">
<string name="act" value="no"/>
<string name="0" value="c17_f1"/>
<string name="1" value="c17_f2"/>
<string name="2" value="c17_f3"/>
<string name="3" value="c17_f4"/>
</imgdir>
</imgdir>
</imgdir>
<imgdir name="17">
<string name="command" value="c18"/>
<int name="inc" value="3"/>
<int name="prob" value="60"/>
<int name="l0" value="30"/>
<int name="l1" value="30"/>
<imgdir name="success">
<imgdir name="0">
<string name="act" value="sleep"/>
<string name="0" value="c18_s1"/>
<string name="1" value="c18_s2"/>
<string name="2" value="c18_s3"/>
<string name="3" value="c18_s4"/>
</imgdir>
</imgdir>
<imgdir name="fail">
<imgdir name="0">
<string name="act" value="no"/>
<string name="0" value="c18_f1"/>
<string name="1" value="c18_f2"/>
<string name="2" value="c18_f3"/>
<string name="3" value="c18_f4"/>
</imgdir>
</imgdir>
</imgdir>
<imgdir name="18">
<string name="command" value="c19"/>
<int name="inc" value="1"/>
<int name="prob" value="30"/>
<int name="l0" value="10"/>
<int name="l1" value="19"/>
<imgdir name="success">
<imgdir name="0">
<string name="act" value="chat"/>
<string name="0" value="c19_s1"/>
<string name="1" value="c19_s2"/>
<string name="2" value="c19_s3"/>
<string name="3" value="c19_s4"/>
</imgdir>
</imgdir>
<imgdir name="fail">
<imgdir name="0">
<string name="act" value="no"/>
<string name="0" value="c19_f1"/>
<string name="1" value="c19_f2"/>
<string name="2" value="c19_f3"/>
<string name="3" value="c19_f4"/>
</imgdir>
</imgdir>
</imgdir>
<imgdir name="19">
<string name="command" value="c20"/>
<int name="inc" value="2"/>
<int name="prob" value="45"/>
<int name="l0" value="20"/>
<int name="l1" value="29"/>
<imgdir name="success">
<imgdir name="0">
<string name="act" value="chat"/>
<string name="0" value="c20_s1"/>
<string name="1" value="c20_s2"/>
<string name="2" value="c20_s3"/>
<string name="3" value="c20_s4"/>
</imgdir>
</imgdir>
<imgdir name="fail">
<imgdir name="0">
<string name="act" value="no"/>
<string name="0" value="c20_f1"/>
<string name="1" value="c20_f2"/>
<string name="2" value="c20_f3"/>
<string name="3" value="c20_f4"/>
</imgdir>
</imgdir>
</imgdir>
<imgdir name="20">
<string name="command" value="c21"/>
<int name="inc" value="3"/>
<int name="prob" value="60"/>
<int name="l0" value="30"/>
<int name="l1" value="30"/>
<imgdir name="success">
<imgdir name="0">
<string name="act" value="chat"/>
<string name="0" value="c21_s1"/>
<string name="1" value="c21_s2"/>
<string name="2" value="c21_s3"/>
<string name="3" value="c21_s4"/>
</imgdir>
</imgdir>
<imgdir name="fail">
<imgdir name="0">
<string name="act" value="no"/>
<string name="0" value="c21_f1"/>
<string name="1" value="c21_f2"/>
<string name="2" value="c21_f3"/>
<string name="3" value="c21_f4"/>
</imgdir>
</imgdir>
</imgdir>
</imgdir>
<imgdir name="food">
<imgdir name="0">
<int name="l0" value="1"/>
<int name="l1" value="9"/>
<imgdir name="success">
<imgdir name="0">
<string name="act" value="eat"/>
<string name="0" value="f1_s"/>
</imgdir>
</imgdir>
<imgdir name="fail">
<imgdir name="0">
<string name="act" value="cry"/>
<string name="0" value="f1_f"/>
</imgdir>
</imgdir>
</imgdir>
<imgdir name="1">
<int name="l0" value="10"/>
<int name="l1" value="19"/>
<imgdir name="success">
<imgdir name="0">
<string name="act" value="eat"/>
<string name="0" value="f2_s"/>
</imgdir>
</imgdir>
<imgdir name="fail">
<imgdir name="0">
<string name="act" value="cry"/>
<string name="0" value="f2_f"/>
</imgdir>
</imgdir>
</imgdir>
<imgdir name="2">
<int name="l0" value="20"/>
<int name="l1" value="29"/>
<imgdir name="success">
<imgdir name="0">
<string name="act" value="eat"/>
<string name="0" value="f3_s"/>
</imgdir>
</imgdir>
<imgdir name="fail">
<imgdir name="0">
<string name="act" value="cry"/>
<string name="0" value="f3_f"/>
</imgdir>
</imgdir>
</imgdir>
<imgdir name="3">
<int name="l0" value="30"/>
<int name="l1" value="30"/>
<imgdir name="success">
<imgdir name="0">
<string name="act" value="eat"/>
<string name="0" value="f4_s"/>
</imgdir>
</imgdir>
<imgdir name="fail">
<imgdir name="0">
<string name="act" value="cry"/>
<string name="0" value="f4_f"/>
</imgdir>
</imgdir>
</imgdir>
</imgdir>
<imgdir name="slang">
<imgdir name="0">
<int name="l0" value="1"/>
<int name="l1" value="9"/>
<string name="act" value="cry"/>
<string name="0" value="s1"/>
</imgdir>
<imgdir name="1">
<int name="l0" value="10"/>
<int name="l1" value="19"/>
<string name="act" value="cry"/>
<string name="0" value="s2"/>
</imgdir>
<imgdir name="2">
<int name="l0" value="20"/>
<int name="l1" value="29"/>
<string name="act" value="angry"/>
<string name="0" value="s3"/>
</imgdir>
<imgdir name="3">
<int name="l0" value="30"/>
<int name="l1" value="30"/>
<string name="act" value="angry"/>
<string name="0" value="s4"/>
</imgdir>
</imgdir>
<imgdir name="stand0">
<canvas name="0" width="47" height="32">
<vector name="origin" x="22" y="35"/>
<int name="z" value="0"/>
<int name="delay" value="200"/>
<vector name="lt" x="-20" y="-36"/>
<vector name="rb" x="26" y="-2"/>
<string name="_hash" value="267f5999820b8901f461210415864ba579625eb42e69260adc48bf067d63a723"/>
</canvas>
<canvas name="1" width="43" height="32">
<vector name="origin" x="19" y="36"/>
<int name="z" value="0"/>
<int name="delay" value="200"/>
<vector name="lt" x="-20" y="-36"/>
<vector name="rb" x="26" y="-2"/>
<string name="_hash" value="9e88cf7af9b18e58a017495af0cc1decf4130f860b4dffe24da9805797d73219"/>
</canvas>
<canvas name="2" width="1" height="1">
<vector name="origin" x="22" y="37"/>
<int name="z" value="0"/>
<int name="delay" value="200"/>
<vector name="lt" x="-19" y="-39"/>
<vector name="rb" x="23" y="-6"/>
<string name="_inlink" value="stand0/0"/>
</canvas>
<canvas name="3" width="1" height="1">
<vector name="origin" x="19" y="38"/>
<int name="z" value="0"/>
<int name="delay" value="200"/>
<vector name="lt" x="-19" y="-39"/>
<vector name="rb" x="23" y="-6"/>
<string name="_inlink" value="stand0/1"/>
</canvas>
<canvas name="4" width="1" height="1">
<vector name="origin" x="22" y="37"/>
<int name="z" value="0"/>
<int name="delay" value="200"/>
<vector name="lt" x="-20" y="-36"/>
<vector name="rb" x="26" y="-2"/>
<string name="_inlink" value="stand0/0"/>
</canvas>
<canvas name="5" width="1" height="1">
<vector name="origin" x="19" y="36"/>
<int name="z" value="0"/>
<int name="delay" value="200"/>
<vector name="lt" x="-20" y="-36"/>
<vector name="rb" x="26" y="-2"/>
<string name="_inlink" value="stand0/1"/>
</canvas>
</imgdir>
<imgdir name="stand1">
<uol name="0" value="../stand0/0"/>
<uol name="1" value="../stand0/1"/>
<uol name="2" value="../stand0/2"/>
<uol name="3" value="../stand0/3"/>
<uol name="4" value="../stand0/4"/>
<uol name="5" value="../stand0/5"/>
</imgdir>
<imgdir name="rest0">
<uol name="0" value="../stand0/0"/>
<uol name="1" value="../stand0/1"/>
<uol name="2" value="../stand0/2"/>
<uol name="3" value="../stand0/3"/>
<uol name="4" value="../stand0/4"/>
<uol name="5" value="../stand0/5"/>
</imgdir>
<imgdir name="move">
<canvas name="0" width="52" height="45">
<vector name="origin" x="27" y="47"/>
<int name="z" value="0"/>
<int name="delay" value="200"/>
<vector name="lt" x="-27" y="-45"/>
<vector name="rb" x="23" y="-6"/>
<string name="_hash" value="76b13b967199cf7c9a7701f1b880f7858db68529f4a100112d56d98ce53cbc3f"/>
</canvas>
<canvas name="1" width="51" height="42">
<vector name="origin" x="27" y="45"/>
<int name="z" value="0"/>
<int name="delay" value="200"/>
<vector name="lt" x="-27" y="-45"/>
<vector name="rb" x="23" y="-6"/>
<string name="_hash" value="a60f8e0f5d501707f301561b8921ca2f8d2cba47319808f4435e2809df4930f0"/>
</canvas>
<canvas name="2" width="52" height="45">
<vector name="origin" x="27" y="47"/>
<int name="z" value="0"/>
<int name="delay" value="200"/>
<vector name="lt" x="-27" y="-45"/>
<vector name="rb" x="23" y="-6"/>
<string name="_hash" value="f158b279d3f9cf9d81a9772d234684db6d2769289258ae89360a9b2cb6e663cf"/>
</canvas>
<canvas name="3" width="51" height="42">
<vector name="origin" x="27" y="45"/>
<int name="z" value="0"/>
<int name="delay" value="200"/>
<vector name="lt" x="-27" y="-45"/>
<vector name="rb" x="23" y="-6"/>
<string name="_hash" value="56b2ae05561934df674203dd8e5704a2882497809ac20350323ad35a154c28c9"/>
</canvas>
<canvas name="4" width="1" height="1">
<vector name="origin" x="27" y="47"/>
<int name="z" value="0"/>
<int name="delay" value="200"/>
<vector name="lt" x="-27" y="-45"/>
<vector name="rb" x="23" y="-6"/>
<string name="_inlink" value="move/2"/>
</canvas>
<canvas name="5" width="1" height="1">
<vector name="origin" x="27" y="45"/>
<int name="z" value="0"/>
<int name="delay" value="200"/>
<vector name="lt" x="-27" y="-45"/>
<vector name="rb" x="23" y="-6"/>
<string name="_inlink" value="move/1"/>
</canvas>
</imgdir>
<imgdir name="jump">
<canvas name="0" width="47" height="32">
<vector name="origin" x="22" y="45"/>
<int name="z" value="0"/>
<vector name="lt" x="-19" y="-45"/>
<vector name="rb" x="25" y="-12"/>
<string name="_hash" value="c726aaf1a9ef7100972a37d3f8d295e4b8df32cc6ce01f9a2c936598434bc129"/>
</canvas>
</imgdir>
<imgdir name="hungry">
<uol name="0" value="../angry/0"/>
<uol name="1" value="../angry/1"/>
<uol name="2" value="../angry/2"/>
<uol name="3" value="../angry/3"/>
<uol name="4" value="../angry/4"/>
<uol name="5" value="../angry/5"/>
</imgdir>
<imgdir name="hang">
<canvas name="0" width="27" height="45">
<vector name="origin" x="13" y="54"/>
<int name="z" value="0"/>
<vector name="lt" x="-20" y="-54"/>
<vector name="rb" x="6" y="-8"/>
<string name="_hash" value="1880fe8ed93ee6778f11c613b7655f59c9969e511f33072d709ab9e3135c38f4"/>
</canvas>
</imgdir>
<imgdir name="eat">
<uol name="0" value="../chat/0"/>
<uol name="1" value="../chat/1"/>
<uol name="2" value="../chat/2"/>
<uol name="3" value="../chat/3"/>
<uol name="4" value="../chat/4"/>
<uol name="5" value="../chat/5"/>
</imgdir>
<imgdir name="chat">
<canvas name="0" width="1" height="1">
<vector name="origin" x="22" y="35"/>
<int name="z" value="0"/>
<int name="delay" value="200"/>
<vector name="lt" x="-24" y="-37"/>
<vector name="rb" x="26" y="-2"/>
<string name="_inlink" value="stand0/0"/>
</canvas>
<canvas name="1" width="43" height="32">
<vector name="origin" x="19" y="36"/>
<int name="z" value="0"/>
<int name="delay" value="200"/>
<vector name="lt" x="-24" y="-37"/>
<vector name="rb" x="26" y="-2"/>
<string name="_hash" value="71947d54282533bbf621a1c70210701a864ade9574dbab907e59ca83f6d4b137"/>
</canvas>
<canvas name="2" width="1" height="1">
<vector name="origin" x="22" y="37"/>
<int name="z" value="0"/>
<int name="delay" value="200"/>
<vector name="lt" x="-24" y="-37"/>
<vector name="rb" x="26" y="-2"/>
<string name="_inlink" value="stand0/0"/>
</canvas>
<canvas name="3" width="1" height="1">
<vector name="origin" x="19" y="38"/>
<int name="z" value="0"/>
<int name="delay" value="200"/>
<vector name="lt" x="-24" y="-37"/>
<vector name="rb" x="26" y="-2"/>
<string name="_inlink" value="chat/1"/>
</canvas>
<canvas name="4" width="1" height="1">
<vector name="origin" x="22" y="37"/>
<int name="z" value="0"/>
<int name="delay" value="200"/>
<vector name="lt" x="-24" y="-37"/>
<vector name="rb" x="26" y="-2"/>
<string name="_inlink" value="stand0/0"/>
</canvas>
<canvas name="5" width="1" height="1">
<vector name="origin" x="19" y="36"/>
<int name="z" value="0"/>
<int name="delay" value="200"/>
<vector name="lt" x="-24" y="-37"/>
<vector name="rb" x="26" y="-2"/>
<string name="_inlink" value="stand0/1"/>
</canvas>
</imgdir>
<imgdir name="love">
<canvas name="0" width="57" height="43">
<vector name="origin" x="28" y="49"/>
<int name="z" value="0"/>
<int name="delay" value="200"/>
<vector name="lt" x="-29" y="-50"/>
<vector name="rb" x="30" y="-6"/>
<string name="_hash" value="f4bea07d9fe709244e35426c68c3544667804db21dfb7381aa71bbcd68cce933"/>
</canvas>
<canvas name="1" width="56" height="41">
<vector name="origin" x="27" y="48"/>
<int name="z" value="0"/>
<int name="delay" value="200"/>
<vector name="lt" x="-29" y="-50"/>
<vector name="rb" x="30" y="-6"/>
<string name="_hash" value="ad63fd38ed2c037b7c46fd38aecd75a0f47dbcae49787b0c9ad51de604466400"/>
</canvas>
<canvas name="2" width="55" height="39">
<vector name="origin" x="26" y="47"/>
<int name="z" value="0"/>
<int name="delay" value="200"/>
<vector name="lt" x="-29" y="-50"/>
<vector name="rb" x="30" y="-6"/>
<string name="_hash" value="46e3cefa1c60ba1956812f60cb46165f09ab965d1a690d6c8a5449eb56330c2b"/>
</canvas>
<canvas name="3" width="52" height="38">
<vector name="origin" x="23" y="47"/>
<int name="z" value="0"/>
<int name="delay" value="200"/>
<vector name="lt" x="-29" y="-50"/>
<vector name="rb" x="30" y="-6"/>
<string name="_hash" value="4a15d240bd3124cbbec612e7dae44dbb41f0d95c6862bfa66e039248fa18dcf3"/>
</canvas>
<canvas name="4" width="55" height="39">
<vector name="origin" x="26" y="47"/>
<int name="z" value="0"/>
<int name="delay" value="200"/>
<vector name="lt" x="-29" y="-50"/>
<vector name="rb" x="30" y="-6"/>
<string name="_hash" value="a63484c5de076cc7734e66daa3080bfaac26e4cf7acb29c206faa4f6da94ce4a"/>
</canvas>
<canvas name="5" width="56" height="41">
<vector name="origin" x="27" y="48"/>
<int name="z" value="0"/>
<int name="delay" value="200"/>
<vector name="lt" x="-29" y="-50"/>
<vector name="rb" x="30" y="-6"/>
<string name="_hash" value="1b0d241bc9ba891e7839453b68741ed11130397f4a79b3e443c0cd960a60a74c"/>
</canvas>
</imgdir>
<imgdir name="cry">
<canvas name="0" width="48" height="27">
<vector name="origin" x="29" y="25"/>
<int name="z" value="0"/>
<int name="delay" value="200"/>
<vector name="lt" x="-29" y="-25"/>
<vector name="rb" x="19" y="2"/>
<string name="_hash" value="1b95e117ad8e9301aab3828abbfe855602f6c963973229226d04519a30bde99e"/>
</canvas>
<canvas name="1" width="46" height="27">
<vector name="origin" x="27" y="25"/>
<int name="z" value="0"/>
<int name="delay" value="200"/>
<vector name="lt" x="-29" y="-25"/>
<vector name="rb" x="19" y="2"/>
<string name="_hash" value="a5884e52cace63e22591b85f42a04ff12411885534719d55506e360b7f23d93f"/>
</canvas>
<canvas name="2" width="48" height="26">
<vector name="origin" x="29" y="24"/>
<int name="z" value="0"/>
<int name="delay" value="200"/>
<vector name="lt" x="-29" y="-25"/>
<vector name="rb" x="19" y="2"/>
<string name="_hash" value="7287643aaf37087457446a3b416006a4c70bfb23adb7726c7ede727d68fc0f58"/>
</canvas>
<canvas name="3" width="46" height="26">
<vector name="origin" x="27" y="24"/>
<int name="z" value="0"/>
<int name="delay" value="200"/>
<vector name="lt" x="-29" y="-25"/>
<vector name="rb" x="19" y="2"/>
<string name="_hash" value="fd9edbb6a26d34a9a4b4ad7a976c11576f6503c44a840d78fb418819263345e8"/>
</canvas>
</imgdir>
<imgdir name="dung">
<uol name="0" value="../stand0/0"/>
<uol name="1" value="../stand0/1"/>
<uol name="2" value="../stand0/2"/>
<uol name="3" value="../stand0/3"/>
<uol name="4" value="../stand0/4"/>
<uol name="5" value="../stand0/5"/>
</imgdir>
<imgdir name="sleep">
<uol name="0" value="../stand0/0"/>
<uol name="1" value="../stand0/1"/>
<uol name="2" value="../stand0/2"/>
<uol name="3" value="../stand0/3"/>
<uol name="4" value="../stand0/4"/>
<uol name="5" value="../stand0/5"/>
</imgdir>
<imgdir name="angry">
<canvas name="0" width="43" height="33">
<vector name="origin" x="16" y="30"/>
<int name="z" value="0"/>
<int name="delay" value="200"/>
<vector name="lt" x="-15" y="-36"/>
<vector name="rb" x="27" y="4"/>
<string name="_hash" value="0237a37cf9148e1419533201590b347e4225096dd1e70a280841a20601a81e86"/>
</canvas>
<canvas name="1" width="43" height="34">
<vector name="origin" x="16" y="31"/>
<int name="z" value="0"/>
<int name="delay" value="200"/>
<vector name="lt" x="-15" y="-36"/>
<vector name="rb" x="27" y="4"/>
<string name="_hash" value="2eaad1f2fb767855a6325423b2fa0f840f1840090f3802a0ad8761612195f8a4"/>
</canvas>
<canvas name="2" width="44" height="33">
<vector name="origin" x="16" y="30"/>
<int name="z" value="0"/>
<int name="delay" value="200"/>
<vector name="lt" x="-15" y="-36"/>
<vector name="rb" x="27" y="4"/>
<string name="_hash" value="d48a2eddcf69105347032b95df9081eb4c611d8ad4168de2d25a444b087e8b4e"/>
</canvas>
<canvas name="3" width="43" height="34">
<vector name="origin" x="16" y="31"/>
<int name="z" value="0"/>
<int name="delay" value="200"/>
<vector name="lt" x="-15" y="-36"/>
<vector name="rb" x="27" y="4"/>
<string name="_hash" value="a5a2b65043812a236fb83a86d45f5cd5486d4ca3352b44c1d1a290ccee2818bb"/>
</canvas>
<canvas name="4" width="43" height="33">
<vector name="origin" x="16" y="30"/>
<int name="z" value="0"/>
<int name="delay" value="200"/>
<vector name="lt" x="-15" y="-36"/>
<vector name="rb" x="27" y="4"/>
<string name="_hash" value="79694d4e7f481ca1832c05e49b3fc9b09f2d1074d69f0f513e3046d6d0acddbb"/>
</canvas>
<canvas name="5" width="44" height="34">
<vector name="origin" x="16" y="31"/>
<int name="z" value="0"/>
<int name="delay" value="200"/>
<vector name="lt" x="-15" y="-36"/>
<vector name="rb" x="27" y="4"/>
<string name="_hash" value="5989041bdbcc806ff3c9ac3a4c794a0588f35703173056a3776cc56b11677b8f"/>
</canvas>
</imgdir>
<imgdir name="no">
<uol name="0" value="../angry/0"/>
<uol name="1" value="../angry/1"/>
<uol name="2" value="../angry/2"/>
<uol name="3" value="../angry/3"/>
<uol name="4" value="../angry/4"/>
<uol name="5" value="../angry/5"/>
</imgdir>
<imgdir name="sit">
<uol name="0" value="../stand0/0"/>
<uol name="1" value="../stand0/1"/>
<uol name="2" value="../stand0/2"/>
<uol name="3" value="../stand0/3"/>
<uol name="4" value="../stand0/4"/>
<uol name="5" value="../stand0/5"/>
</imgdir>
<imgdir name="fly">
<uol name="0" value="../jump/0"/>
</imgdir>
</imgdir>
