<?xml version="1.0" encoding="UTF-8" standalone="yes"?><imgdir name="5002578.img"><imgdir name="info"><canvas name="icon" width="31" height="25"><vector name="origin" x="-1" y="25"/><int name="z" value="0"/><string name="_hash" value="f833a58773554d746c96bf178a48aafe23c58b95ff89f5ba35271621972459dc"/></canvas><canvas name="iconRaw" width="31" height="25"><vector name="origin" x="-1" y="25"/><int name="z" value="0"/><string name="_hash" value="3111eb0f76d41fb4e706b3a0047f2971da71efa8ef4ac852f0cd2ce3a923e7c9"/></canvas><canvas name="iconD" width="32" height="34"><vector name="origin" x="-1" y="33"/><int name="z" value="0"/><string name="_hash" value="149faaf1ce27c7fe463ace1e2b323b3fa42b71329c9698f99d3ad76058050ff5"/></canvas><canvas name="iconRawD" width="32" height="34"><vector name="origin" x="-1" y="33"/><int name="z" value="0"/><string name="_hash" value="e3e637b8a65b80e777c97d45f6abf94c302c9d31a9533e306b5aaae0b131bc5f"/></canvas><int name="hungry" value="2"/><int name="cash" value="1"/><int name="life" value="90"/><int name="chatBalloon" value="705"/><int name="nameTag" value="707"/><int name="pickupItem" value="1"/><int name="multiPet" value="1"/><int name="sweepForDrop" value="1"/><int name="wonderGrade" value="1"/><int name="autoBuff" value="1"/><int name="setItemID" value="951"/></imgdir><imgdir name="interact"><imgdir name="0"><string name="command" value="c1"/><int name="inc" value="1"/><int name="prob" value="45"/><int name="l0" value="1"/><int name="l1" value="9"/><imgdir name="success"><imgdir name="0"><string name="act" value="rest0"/><string name="0" value="c1_s1"/><string name="1" value="c1_s2"/></imgdir></imgdir><imgdir name="fail"><imgdir name="0"><string name="act" value="stand0"/><string name="0" value="c1_f1"/><string name="1" value="c1_f2"/></imgdir></imgdir></imgdir><imgdir name="1"><string name="command" value="c2"/><int name="inc" value="1"/><int name="prob" value="60"/><int name="l0" value="10"/><int name="l1" value="19"/><imgdir name="success"><imgdir name="0"><string name="act" value="rest0"/><string name="0" value="c2_s2"/><string name="1" value="c2_s3"/><string name="2" value="c2_s4"/><string name="3" value="c2_s5"/></imgdir></imgdir><imgdir name="fail"><imgdir name="0"><string name="act" value="stand0"/><string name="0" value="c2_f2"/><string name="1" value="c2_f3"/><string name="2" value="c2_f4"/><string name="3" value="c2_f5"/></imgdir></imgdir></imgdir><imgdir name="2"><string name="command" value="c3"/><int name="inc" value="1"/><int name="prob" value="75"/><int name="l0" value="20"/><int name="l1" value="29"/><imgdir name="success"><imgdir name="0"><string name="act" value="rest0"/><string name="0" value="c3_s3"/><string name="1" value="c3_s4"/><string name="2" value="c3_s5"/><string name="3" value="c3_s6"/></imgdir></imgdir><imgdir name="fail"><imgdir name="0"><string name="act" value="stand0"/><string name="0" value="c3_f3"/><string name="1" value="c3_f4"/><string name="2" value="c3_f5"/><string name="3" value="c3_f6"/></imgdir></imgdir></imgdir><imgdir name="3"><string name="command" value="c4"/><int name="inc" value="1"/><int name="prob" value="60"/><int name="l0" value="30"/><int name="l1" value="30"/><imgdir name="success"><imgdir name="0"><string name="act" value="rest0"/><string name="0" value="c4_s4"/><string name="1" value="c4_s5"/><string name="2" value="c4_s6"/><string name="3" value="c4_s7"/></imgdir></imgdir><imgdir name="fail"><imgdir name="0"><string name="act" value="what"/><string name="0" value="c4_f4"/><string name="1" value="c4_f5"/><string name="2" value="c4_f6"/><string name="3" value="c4_f7"/></imgdir></imgdir></imgdir><imgdir name="4"><string name="command" value="c5"/><int name="inc" value="1"/><int name="prob" value="60"/><int name="l0" value="1"/><int name="l1" value="9"/><imgdir name="success"><imgdir name="0"><string name="act" value="cry"/><string name="0" value="c5_s5"/><string name="1" value="c5_s6"/></imgdir></imgdir><imgdir name="fail"><imgdir name="0"><string name="act" value="stand1"/><string name="0" value="c5_f5"/><string name="1" value="c5_f6"/></imgdir></imgdir></imgdir><imgdir name="5"><string name="command" value="c6"/><int name="inc" value="1"/><int name="prob" value="75"/><int name="l0" value="10"/><int name="l1" value="19"/><imgdir name="success"><imgdir name="0"><string name="act" value="cry"/><string name="0" value="c6_s6"/><string name="1" value="c6_s7"/><string name="2" value="c6_s8"/><string name="3" value="c6_s9"/></imgdir></imgdir><imgdir name="fail"><imgdir name="0"><string name="act" value="stand1"/><string name="0" value="c6_f6"/><string name="1" value="c6_f7"/><string name="2" value="c6_f8"/><string name="3" value="c6_f9"/></imgdir></imgdir></imgdir><imgdir name="6"><string name="command" value="c7"/><int name="inc" value="1"/><int name="prob" value="45"/><int name="l0" value="20"/><int name="l1" value="29"/><imgdir name="success"><imgdir name="0"><string name="act" value="cry"/><string name="0" value="c7_s7"/><string name="1" value="c7_s8"/><string name="2" value="c7_s9"/><string name="3" value="c7_s10"/></imgdir></imgdir><imgdir name="fail"><imgdir name="0"><string name="act" value="stand1"/><string name="0" value="c7_f7"/><string name="1" value="c7_f8"/><string name="2" value="c7_f9"/><string name="3" value="c7_f10"/></imgdir></imgdir></imgdir><imgdir name="7"><string name="command" value="c8"/><int name="inc" value="1"/><int name="prob" value="60"/><int name="l0" value="30"/><int name="l1" value="30"/><imgdir name="success"><imgdir name="0"><string name="act" value="cry"/><string name="0" value="c8_s8"/><string name="1" value="c8_s9"/><string name="2" value="c8_s10"/><string name="3" value="c8_s11"/></imgdir></imgdir><imgdir name="fail"><imgdir name="0"><string name="act" value="stand1"/><string name="0" value="c8_f8"/><string name="1" value="c8_f9"/><string name="2" value="c8_f10"/><string name="3" value="c8_f11"/></imgdir></imgdir></imgdir><imgdir name="8"><string name="command" value="c9"/><int name="inc" value="1"/><int name="prob" value="75"/><int name="l0" value="1"/><int name="l1" value="9"/><imgdir name="success"><imgdir name="0"><string name="act" value="love"/><string name="0" value="c9_s9"/><string name="1" value="c9_s10"/></imgdir></imgdir><imgdir name="fail"><imgdir name="0"><string name="act" value="stand0"/><string name="0" value="c9_f9"/><string name="1" value="c9_f10"/></imgdir></imgdir></imgdir><imgdir name="9"><string name="command" value="c10"/><int name="inc" value="1"/><int name="prob" value="55"/><int name="l0" value="10"/><int name="l1" value="19"/><imgdir name="success"><imgdir name="0"><string name="act" value="love"/><string name="0" value="c10_s10"/><string name="1" value="c10_s11"/><string name="2" value="c10_s12"/><string name="3" value="c10_s13"/></imgdir></imgdir><imgdir name="fail"><imgdir name="0"><string name="act" value="stand0"/><string name="0" value="c10_f10"/><string name="1" value="c10_f11"/><string name="2" value="c10_f12"/><string name="3" value="c10_f13"/></imgdir></imgdir></imgdir><imgdir name="10"><string name="command" value="c11"/><int name="inc" value="1"/><int name="prob" value="60"/><int name="l0" value="20"/><int name="l1" value="29"/><imgdir name="success"><imgdir name="0"><string name="act" value="love"/><string name="0" value="c11_s11"/><string name="1" value="c11_s12"/><string name="2" value="c11_s13"/><string name="3" value="c11_s14"/></imgdir></imgdir><imgdir name="fail"><imgdir name="0"><string name="act" value="what"/><string name="0" value="c11_f11"/><string name="1" value="c11_f12"/><string name="2" value="c11_f13"/><string name="3" value="c11_f14"/></imgdir></imgdir></imgdir><imgdir name="11"><string name="command" value="c12"/><int name="inc" value="1"/><int name="prob" value="75"/><int name="l0" value="30"/><int name="l1" value="30"/><imgdir name="success"><imgdir name="0"><string name="act" value="love"/><string name="0" value="c12_s12"/><string name="1" value="c12_s13"/><string name="2" value="c12_s14"/><string name="3" value="c12_s15"/></imgdir></imgdir><imgdir name="fail"><imgdir name="0"><string name="act" value="stand0"/><string name="0" value="c12_f12"/><string name="1" value="c12_f13"/><string name="2" value="c12_f14"/><string name="3" value="c12_f15"/></imgdir></imgdir></imgdir><imgdir name="12"><string name="command" value="c13"/><int name="inc" value="1"/><int name="prob" value="45"/><int name="l0" value="10"/><int name="l1" value="19"/><imgdir name="success"><imgdir name="0"><string name="act" value="dung"/><string name="0" value="c13_s13"/><string name="1" value="c13_s14"/><string name="2" value="c13_s15"/><string name="3" value="c13_s16"/></imgdir></imgdir><imgdir name="fail"><imgdir name="0"><string name="act" value="what"/><string name="0" value="c13_f13"/><string name="1" value="c13_f14"/><string name="2" value="c13_f15"/><string name="3" value="c13_f16"/></imgdir></imgdir></imgdir><imgdir name="13"><string name="command" value="c14"/><int name="inc" value="1"/><int name="prob" value="60"/><int name="l0" value="20"/><int name="l1" value="29"/><imgdir name="success"><imgdir name="0"><string name="act" value="dung"/><string name="0" value="c14_s14"/><string name="1" value="c14_s15"/><string name="2" value="c14_s16"/><string name="3" value="c14_s17"/></imgdir></imgdir><imgdir name="fail"><imgdir name="0"><string name="act" value="cry"/><string name="0" value="c14_f14"/><string name="1" value="c14_f15"/><string name="2" value="c14_f16"/><string name="3" value="c14_f17"/></imgdir></imgdir></imgdir><imgdir name="14"><string name="command" value="c15"/><int name="inc" value="1"/><int name="prob" value="75"/><int name="l0" value="30"/><int name="l1" value="30"/><imgdir name="success"><imgdir name="0"><string name="act" value="dung"/><string name="0" value="c15_s15"/><string name="1" value="c15_s16"/><string name="2" value="c15_s17"/><string name="3" value="c15_s18"/></imgdir></imgdir><imgdir name="fail"><imgdir name="0"><string name="act" value="chat"/><string name="0" value="c15_f15"/><string name="1" value="c15_f16"/><string name="2" value="c15_f17"/><string name="3" value="c15_f18"/></imgdir></imgdir></imgdir><imgdir name="15"><string name="command" value="c16"/><int name="inc" value="1"/><int name="prob" value="80"/><int name="l0" value="10"/><int name="l1" value="19"/><imgdir name="success"><imgdir name="0"><string name="act" value="sleep"/><string name="0" value="c16_s16"/><string name="1" value="c16_s17"/><string name="2" value="c16_s18"/><string name="3" value="c16_s19"/></imgdir></imgdir><imgdir name="fail"><imgdir name="0"><string name="act" value="hungry"/><string name="0" value="c16_f16"/><string name="1" value="c16_f17"/><string name="2" value="c16_f18"/><string name="3" value="c16_f19"/></imgdir></imgdir></imgdir><imgdir name="16"><string name="command" value="c17"/><int name="inc" value="2"/><int name="prob" value="80"/><int name="l0" value="20"/><int name="l1" value="29"/><imgdir name="success"><imgdir name="0"><string name="act" value="sleep"/><string name="0" value="c17_s17"/><string name="1" value="c17_s18"/><string name="2" value="c17_s19"/><string name="3" value="c17_s20"/></imgdir></imgdir><imgdir name="fail"><imgdir name="0"><string name="act" value="jump"/><string name="0" value="c17_f17"/><string name="1" value="c17_f18"/><string name="2" value="c17_f19"/><string name="3" value="c17_f20"/></imgdir></imgdir></imgdir><imgdir name="17"><string name="command" value="c18"/><int name="inc" value="2"/><int name="prob" value="80"/><int name="l0" value="30"/><int name="l1" value="30"/><imgdir name="success"><imgdir name="0"><string name="act" value="chat"/><string name="0" value="c18_s18"/><string name="1" value="c18_s19"/><string name="2" value="c18_s20"/><string name="3" value="c18_s21"/></imgdir></imgdir><imgdir name="fail"><imgdir name="0"><string name="act" value="move"/><string name="0" value="c18_f18"/><string name="1" value="c18_f19"/><string name="2" value="c18_f20"/><string name="3" value="c18_f21"/></imgdir></imgdir></imgdir><imgdir name="18"><string name="command" value="c19"/><int name="inc" value="1"/><int name="prob" value="50"/><int name="l0" value="10"/><int name="l1" value="19"/><imgdir name="success"><imgdir name="0"><string name="act" value="chat"/><string name="0" value="c19_s19"/><string name="1" value="c19_s20"/><string name="2" value="c19_s21"/><string name="3" value="c19_s22"/></imgdir></imgdir><imgdir name="fail"><imgdir name="0"><string name="act" value="what"/><string name="0" value="c19_f19"/><string name="1" value="c19_f20"/><string name="2" value="c19_f21"/><string name="3" value="c19_f22"/></imgdir></imgdir></imgdir><imgdir name="19"><string name="command" value="c20"/><int name="inc" value="2"/><int name="prob" value="65"/><int name="l0" value="20"/><int name="l1" value="29"/><imgdir name="success"><imgdir name="0"><string name="act" value="chat"/><string name="0" value="c20_s20"/><string name="1" value="c20_s21"/><string name="2" value="c20_s22"/><string name="3" value="c20_s23"/></imgdir></imgdir><imgdir name="fail"><imgdir name="0"><string name="act" value="what"/><string name="0" value="c20_f20"/><string name="1" value="c20_f21"/><string name="2" value="c20_f22"/><string name="3" value="c20_f23"/></imgdir></imgdir></imgdir><imgdir name="20"><string name="command" value="c21"/><int name="inc" value="2"/><int name="prob" value="80"/><int name="l0" value="30"/><int name="l1" value="30"/><imgdir name="success"><imgdir name="0"><string name="act" value="chat"/><string name="0" value="c21_s21"/><string name="1" value="c21_s22"/><string name="2" value="c21_s23"/><string name="3" value="c21_s24"/></imgdir></imgdir><imgdir name="fail"><imgdir name="0"><string name="act" value="what"/><string name="0" value="c21_f21"/><string name="1" value="c21_f22"/><string name="2" value="c21_f23"/><string name="3" value="c21_f24"/></imgdir></imgdir></imgdir></imgdir><imgdir name="food"><imgdir name="0"><int name="l0" value="1"/><int name="l1" value="9"/><imgdir name="success"><imgdir name="0"><string name="act" value="eat"/><string name="0" value="f1_s"/></imgdir></imgdir><imgdir name="fail"><imgdir name="0"><string name="act" value="cry"/><string name="0" value="f1_f"/></imgdir></imgdir></imgdir><imgdir name="1"><int name="l0" value="10"/><int name="l1" value="19"/><imgdir name="success"><imgdir name="0"><string name="act" value="eat"/><string name="0" value="f2_s"/></imgdir></imgdir><imgdir name="fail"><imgdir name="0"><string name="act" value="cry"/><string name="0" value="f2_f"/></imgdir></imgdir></imgdir><imgdir name="2"><int name="l0" value="20"/><int name="l1" value="29"/><imgdir name="success"><imgdir name="0"><string name="act" value="eat"/><string name="0" value="f3_s"/></imgdir></imgdir><imgdir name="fail"><imgdir name="0"><string name="act" value="cry"/><string name="0" value="f3_f"/></imgdir></imgdir></imgdir><imgdir name="3"><int name="l0" value="30"/><int name="l1" value="30"/><imgdir name="success"><imgdir name="0"><string name="act" value="eat"/><string name="0" value="f4_s"/></imgdir></imgdir><imgdir name="fail"><imgdir name="0"><string name="act" value="cry"/><string name="0" value="f4_f"/></imgdir></imgdir></imgdir></imgdir><imgdir name="slang"><imgdir name="0"><int name="l0" value="1"/><int name="l1" value="9"/><string name="act" value="cry"/><string name="0" value="s1"/></imgdir><imgdir name="1"><int name="l0" value="10"/><int name="l1" value="19"/><string name="act" value="cry"/><string name="0" value="s2"/></imgdir><imgdir name="2"><int name="l0" value="20"/><int name="l1" value="29"/><string name="act" value="what"/><string name="0" value="s3"/></imgdir><imgdir name="3"><int name="l0" value="30"/><int name="l1" value="30"/><string name="act" value="what"/><string name="0" value="s4"/></imgdir></imgdir><imgdir name="stand0"><canvas name="0" width="44" height="46"><vector name="origin" x="21" y="45"/><int name="z" value="0"/><vector name="lt" x="-21" y="-45"/><vector name="rb" x="23" y="1"/><int name="delay" value="180"/><string name="_hash" value="cd39f5db0af90437cb3f91876d5bdb8e19e7f3d518297340ac61b3769d5286db"/></canvas><canvas name="1" width="44" height="46"><vector name="origin" x="21" y="44"/><int name="z" value="0"/><vector name="lt" x="-21" y="-44"/><vector name="rb" x="23" y="2"/><int name="delay" value="180"/><string name="_hash" value="c75f5295e43e59ed8bba1cd41255f0421cf1694d6f4f4418bc11f8434f561240"/></canvas><canvas name="2" width="46" height="46"><vector name="origin" x="22" y="43"/><int name="z" value="0"/><vector name="lt" x="-22" y="-43"/><vector name="rb" x="24" y="3"/><int name="delay" value="180"/><string name="_hash" value="524126ad2ff392e6f229ec766949a46df6a033a0c4f03ad7e25194df9d11d40b"/></canvas><canvas name="3" width="1" height="1"><vector name="origin" x="21" y="44"/><int name="z" value="0"/><vector name="lt" x="-21" y="-44"/><vector name="rb" x="23" y="2"/><int name="delay" value="180"/><string name="_inlink" value="stand0/1"/></canvas></imgdir><imgdir name="stand1"><canvas name="0" width="1" height="1"><vector name="origin" x="21" y="45"/><int name="z" value="0"/><vector name="lt" x="-21" y="-45"/><vector name="rb" x="23" y="1"/><int name="delay" value="180"/><string name="_inlink" value="stand0/0"/></canvas><canvas name="1" width="1" height="1"><vector name="origin" x="21" y="44"/><int name="z" value="0"/><vector name="lt" x="-21" y="-44"/><vector name="rb" x="23" y="2"/><int name="delay" value="180"/><string name="_inlink" value="stand0/1"/></canvas><canvas name="2" width="46" height="46"><vector name="origin" x="22" y="43"/><int name="z" value="0"/><vector name="lt" x="-22" y="-43"/><vector name="rb" x="24" y="3"/><int name="delay" value="180"/><string name="_hash" value="4a9a821517f82e36353b4f841e556524d0d8fc0e4437689c5c5b978e89146d47"/></canvas><canvas name="3" width="44" height="46"><vector name="origin" x="21" y="44"/><int name="z" value="0"/><vector name="lt" x="-21" y="-44"/><vector name="rb" x="23" y="2"/><int name="delay" value="180"/><string name="_hash" value="ec7e3d191cc72d13e9d2954e9ffc0d9f64ee5f122fc22e65a994f72b4b273f6f"/></canvas></imgdir><imgdir name="rest0"><canvas name="0" width="53" height="47"><vector name="origin" x="27" y="41"/><int name="z" value="0"/><vector name="lt" x="-27" y="-41"/><vector name="rb" x="26" y="6"/><int name="delay" value="180"/><string name="_hash" value="05b08e4641e0f2a33a8b817f30650e7d35697d19d731c840b9ddc5c143de187a"/></canvas><canvas name="1" width="1" height="1"><vector name="origin" x="27" y="41"/><int name="z" value="0"/><vector name="lt" x="-27" y="-41"/><vector name="rb" x="26" y="6"/><int name="delay" value="180"/><string name="_inlink" value="rest0/0"/></canvas><canvas name="2" width="53" height="47"><vector name="origin" x="27" y="41"/><int name="z" value="0"/><vector name="lt" x="-27" y="-41"/><vector name="rb" x="26" y="6"/><int name="delay" value="180"/><string name="_hash" value="1761e73cfc76d4956db180374c1a2c5bf0b357db3e8c7dd014cc9fb417719743"/></canvas><canvas name="3" width="53" height="47"><vector name="origin" x="27" y="41"/><int name="z" value="0"/><vector name="lt" x="-27" y="-41"/><vector name="rb" x="26" y="6"/><int name="delay" value="180"/><string name="_hash" value="9018ec69f458c09881b59ed191aa1079a5c3e4e2baafff421854760fe20adacc"/></canvas></imgdir><imgdir name="move"><canvas name="0" width="1" height="1"><vector name="origin" x="21" y="45"/><int name="z" value="0"/><vector name="lt" x="-21" y="-45"/><vector name="rb" x="23" y="1"/><int name="delay" value="180"/><string name="_inlink" value="stand0/0"/></canvas><canvas name="1" width="44" height="46"><vector name="origin" x="20" y="45"/><int name="z" value="0"/><vector name="lt" x="-20" y="-45"/><vector name="rb" x="24" y="1"/><int name="delay" value="180"/><string name="_hash" value="e60514a3305e8c0becfc05d06f29a5b4e447a8226b62943e38b3ef7b3e300cb9"/></canvas><canvas name="2" width="45" height="46"><vector name="origin" x="20" y="45"/><int name="z" value="0"/><vector name="lt" x="-20" y="-45"/><vector name="rb" x="25" y="1"/><int name="delay" value="180"/><string name="_hash" value="91cd7412b98227d8c82591de8bef5ebfa3ea8d0b97e936d57d09ab217fa800b5"/></canvas><canvas name="3" width="1" height="1"><vector name="origin" x="20" y="45"/><int name="z" value="0"/><vector name="lt" x="-20" y="-45"/><vector name="rb" x="24" y="1"/><int name="delay" value="180"/><string name="_inlink" value="move/1"/></canvas></imgdir><imgdir name="jump"><canvas name="0" width="44" height="46"><vector name="origin" x="21" y="46"/><int name="z" value="0"/><vector name="lt" x="-21" y="-46"/><vector name="rb" x="23" y="0"/><int name="delay" value="180"/><string name="_hash" value="0aec2d23635d329b52111809346de5995f46a01cd5ecbe2a3e65138b629b3a52"/></canvas></imgdir><imgdir name="hungry"><canvas name="0" width="44" height="46"><vector name="origin" x="21" y="45"/><int name="z" value="0"/><vector name="lt" x="-21" y="-45"/><vector name="rb" x="23" y="1"/><int name="delay" value="180"/><string name="_hash" value="0f4a29afc2df17071d9edfe532367ef89d67b24f2ad1084c50379927feeb01f6"/></canvas><canvas name="1" width="44" height="46"><vector name="origin" x="21" y="44"/><int name="z" value="0"/><vector name="lt" x="-21" y="-44"/><vector name="rb" x="23" y="2"/><int name="delay" value="180"/><string name="_hash" value="0ef382aedfd1a6f0a7bf09000e8efd8b5f6537b0db8ae15d04f06518fbcafb33"/></canvas><canvas name="2" width="46" height="46"><vector name="origin" x="22" y="43"/><int name="z" value="0"/><vector name="lt" x="-22" y="-43"/><vector name="rb" x="24" y="3"/><int name="delay" value="180"/><string name="_hash" value="6288bd46b9b7a3f03a78a7799b7e1becf7141b194425735e934f1b0602264de5"/></canvas><canvas name="3" width="1" height="1"><vector name="origin" x="21" y="44"/><int name="z" value="0"/><vector name="lt" x="-21" y="-44"/><vector name="rb" x="23" y="2"/><int name="delay" value="180"/><string name="_inlink" value="hungry/1"/></canvas></imgdir><imgdir name="hang"><canvas name="0" width="43" height="46"><vector name="origin" x="20" y="45"/><int name="z" value="0"/><vector name="lt" x="-20" y="-45"/><vector name="rb" x="23" y="1"/><int name="delay" value="180"/><string name="_hash" value="9e1d2f3f8f58d16b016d6c5f4b1e943b741c38d14115cfaa9d006de9a55366c1"/></canvas></imgdir><imgdir name="eat"><canvas name="0" width="59" height="46"><vector name="origin" x="27" y="45"/><int name="z" value="0"/><vector name="lt" x="-27" y="-45"/><vector name="rb" x="32" y="1"/><int name="delay" value="180"/><string name="_hash" value="42599a4f50402f54a0a49c4a9a14ab2343fbc83c8b2ad67fd3620a7248633fd1"/></canvas><canvas name="1" width="59" height="46"><vector name="origin" x="27" y="44"/><int name="z" value="0"/><vector name="lt" x="-27" y="-44"/><vector name="rb" x="32" y="2"/><int name="delay" value="180"/><string name="_hash" value="83ca5da8d9649e808695f7cd3f0aa94b992ad6b3ce626f0cfd11aa15a13bdb57"/></canvas><canvas name="2" width="59" height="46"><vector name="origin" x="27" y="43"/><int name="z" value="0"/><vector name="lt" x="-27" y="-43"/><vector name="rb" x="32" y="3"/><int name="delay" value="180"/><string name="_hash" value="627dee4cae104492d275ccafc0f00c36456df941933c590a1bfb30eb06c6c3c2"/></canvas><canvas name="3" width="1" height="1"><vector name="origin" x="27" y="44"/><int name="z" value="0"/><vector name="lt" x="-27" y="-44"/><vector name="rb" x="32" y="2"/><int name="delay" value="180"/><string name="_inlink" value="eat/1"/></canvas></imgdir><imgdir name="chat"><canvas name="0" width="44" height="46"><vector name="origin" x="21" y="45"/><int name="z" value="0"/><vector name="lt" x="-21" y="-45"/><vector name="rb" x="23" y="1"/><int name="delay" value="180"/><string name="_hash" value="8e44765f8bbc6293c82015605fb663b25337ebbd6d88be78ada9545112a46716"/></canvas><canvas name="1" width="44" height="46"><vector name="origin" x="21" y="44"/><int name="z" value="0"/><vector name="lt" x="-21" y="-44"/><vector name="rb" x="23" y="2"/><int name="delay" value="180"/><string name="_hash" value="eeec4ff0c3071282b9ca72eef8d34d79b7b69642550222f3c3595aea7c9a07b2"/></canvas><canvas name="2" width="1" height="1"><vector name="origin" x="22" y="43"/><int name="z" value="0"/><vector name="lt" x="-22" y="-43"/><vector name="rb" x="24" y="3"/><int name="delay" value="180"/><string name="_inlink" value="stand1/2"/></canvas><canvas name="3" width="44" height="46"><vector name="origin" x="21" y="44"/><int name="z" value="0"/><vector name="lt" x="-21" y="-44"/><vector name="rb" x="23" y="2"/><int name="delay" value="180"/><string name="_hash" value="b931dbe4744ac2c58e74a24c5b0392bd24072dca6bde613ee2aac6b19680e5e6"/></canvas></imgdir><imgdir name="love"><canvas name="0" width="46" height="46"><vector name="origin" x="23" y="45"/><int name="z" value="0"/><vector name="lt" x="-23" y="-45"/><vector name="rb" x="23" y="1"/><int name="delay" value="180"/><string name="_hash" value="bc055188f9009e4753fc1d0a93f0d6e852e361f0c7e7cddf1c3051a5a2c3424d"/></canvas><canvas name="1" width="46" height="46"><vector name="origin" x="22" y="44"/><int name="z" value="0"/><vector name="lt" x="-22" y="-44"/><vector name="rb" x="24" y="2"/><int name="delay" value="180"/><string name="_hash" value="2a037872c2fbe5b6cea6798cdd38915d04bfb9a0b48632f0a6e674cdd37bf9d1"/></canvas><canvas name="2" width="47" height="46"><vector name="origin" x="23" y="43"/><int name="z" value="0"/><vector name="lt" x="-23" y="-43"/><vector name="rb" x="24" y="3"/><int name="delay" value="180"/><string name="_hash" value="f193fb9726b361a49a3b250399869ba750f2343f2c022cba5fa8317b14e175cb"/></canvas><canvas name="3" width="46" height="46"><vector name="origin" x="22" y="44"/><int name="z" value="0"/><vector name="lt" x="-22" y="-44"/><vector name="rb" x="24" y="2"/><int name="delay" value="180"/><string name="_hash" value="c5b986766a5bfc09ad6607b4c8281fd2ed56289c266a0b00dd91df5a0b719967"/></canvas></imgdir><imgdir name="cry"><canvas name="0" width="44" height="57"><vector name="origin" x="21" y="56"/><int name="z" value="0"/><vector name="lt" x="-21" y="-56"/><vector name="rb" x="23" y="1"/><int name="delay" value="180"/><string name="_hash" value="7ea0d638c359373a895177fb8756a66faf11f9946dcd3914d3dfd209dd6d2520"/></canvas><canvas name="1" width="45" height="58"><vector name="origin" x="22" y="56"/><int name="z" value="0"/><vector name="lt" x="-22" y="-56"/><vector name="rb" x="23" y="2"/><int name="delay" value="180"/><string name="_hash" value="ee0ee9a3e1cff5649a01c2e53e6aac57e696e5f97ebd294c3f77a7584ac62ed6"/></canvas><canvas name="2" width="46" height="59"><vector name="origin" x="22" y="56"/><int name="z" value="0"/><vector name="lt" x="-22" y="-56"/><vector name="rb" x="24" y="3"/><int name="delay" value="180"/><string name="_hash" value="e6a50a48d44dfee93c2426f378cd5ac97687d8ab92f0f429ad22e6d7d2238919"/></canvas><canvas name="3" width="1" height="1"><vector name="origin" x="22" y="56"/><int name="z" value="0"/><vector name="lt" x="-22" y="-56"/><vector name="rb" x="23" y="2"/><int name="delay" value="180"/><string name="_inlink" value="cry/1"/></canvas></imgdir><imgdir name="dung"><canvas name="0" width="44" height="46"><vector name="origin" x="21" y="45"/><int name="z" value="0"/><vector name="lt" x="-21" y="-45"/><vector name="rb" x="23" y="1"/><int name="delay" value="180"/><string name="_hash" value="1d021a7c2e9b8dadd6a22f76cb75395d981ff6c6fdaab4be61a5f7d74e468f25"/></canvas><canvas name="1" width="44" height="45"><vector name="origin" x="21" y="43"/><int name="z" value="0"/><vector name="lt" x="-21" y="-43"/><vector name="rb" x="23" y="2"/><int name="delay" value="180"/><string name="_hash" value="9687ebbf41b42e00c6c664d23e4080adae692712cf77f8acce54e077bcd1550e"/></canvas><canvas name="2" width="46" height="45"><vector name="origin" x="22" y="42"/><int name="z" value="0"/><vector name="lt" x="-22" y="-42"/><vector name="rb" x="24" y="3"/><int name="delay" value="180"/><string name="_hash" value="0dbd7b5ac872bbd36c2fcf50558e2d33c3021ac169f51d4a8d56b1e5c40e4835"/></canvas><canvas name="3" width="44" height="45"><vector name="origin" x="21" y="43"/><int name="z" value="0"/><vector name="lt" x="-21" y="-43"/><vector name="rb" x="23" y="2"/><int name="delay" value="180"/><string name="_hash" value="38f9e8492068ac8e1ca2becfd6748f665c1f2736d476f5e7f37f4374ce5e7111"/></canvas><canvas name="4" width="44" height="46"><vector name="origin" x="21" y="45"/><int name="z" value="0"/><vector name="lt" x="-21" y="-45"/><vector name="rb" x="23" y="1"/><int name="delay" value="180"/><string name="_hash" value="2ae78a9473571919b6a981a17df4ff5d657a22052b81e1c34592c8cca740f544"/></canvas><canvas name="5" width="44" height="46"><vector name="origin" x="21" y="44"/><int name="z" value="0"/><vector name="lt" x="-21" y="-44"/><vector name="rb" x="23" y="2"/><int name="delay" value="180"/><string name="_hash" value="80521905825d86ca065d785b7671c02339cdc6ad041343dd3b3b9fdacb66f069"/></canvas><canvas name="6" width="48" height="46"><vector name="origin" x="22" y="43"/><int name="z" value="0"/><vector name="lt" x="-22" y="-43"/><vector name="rb" x="26" y="3"/><int name="delay" value="180"/><string name="_hash" value="5cd28c29b5bb593ad04b1b37dcd8dc83b8ef53935fb912950f3d0d29656afc0a"/></canvas><canvas name="7" width="44" height="46"><vector name="origin" x="21" y="44"/><int name="z" value="0"/><vector name="lt" x="-21" y="-44"/><vector name="rb" x="23" y="2"/><int name="delay" value="180"/><string name="_hash" value="f74bb4d3246e38597d617037ca4b9b53980de32da02e3a188649a5cba3a99d6a"/></canvas></imgdir><imgdir name="sleep"><canvas name="0" width="51" height="46"><vector name="origin" x="28" y="45"/><int name="z" value="0"/><vector name="lt" x="-28" y="-45"/><vector name="rb" x="23" y="1"/><int name="delay" value="180"/><string name="_hash" value="87f77b4d9fd904b3af95c117d1b5cf62bce920aa41a9ece1ff1f92489ce43abd"/></canvas><canvas name="1" width="52" height="46"><vector name="origin" x="29" y="44"/><int name="z" value="0"/><vector name="lt" x="-29" y="-44"/><vector name="rb" x="23" y="2"/><int name="delay" value="180"/><string name="_hash" value="d626f4ca662a9888b771034d964612f75ffb752123246387f7a35bb001c2bbed"/></canvas><canvas name="2" width="52" height="46"><vector name="origin" x="28" y="43"/><int name="z" value="0"/><vector name="lt" x="-28" y="-43"/><vector name="rb" x="24" y="3"/><int name="delay" value="180"/><string name="_hash" value="1e0e76bb570e859bcde925d6dc3fd6c16020f90d8ec188a8b48557f5632e6f06"/></canvas><canvas name="3" width="52" height="46"><vector name="origin" x="29" y="44"/><int name="z" value="0"/><vector name="lt" x="-29" y="-44"/><vector name="rb" x="23" y="2"/><int name="delay" value="180"/><string name="_hash" value="4ebfec6fd25e6729186b8108168e6a93d60eb07186e104fcb34882f31e53155f"/></canvas></imgdir><imgdir name="angry"><canvas name="0" width="44" height="46"><vector name="origin" x="21" y="45"/><int name="z" value="0"/><vector name="lt" x="-21" y="-45"/><vector name="rb" x="23" y="1"/><int name="delay" value="180"/><string name="_hash" value="2a7855776354f8c72a0355c13c05bc9cddf2e2021fecdf33c9d9d7839ee3df58"/></canvas><canvas name="1" width="44" height="46"><vector name="origin" x="21" y="44"/><int name="z" value="0"/><vector name="lt" x="-21" y="-44"/><vector name="rb" x="23" y="2"/><int name="delay" value="180"/><string name="_hash" value="539acf0d97b619f2149dc5433f38dc66d97bd8c756b625a05b8d012aac3efc08"/></canvas><canvas name="2" width="46" height="46"><vector name="origin" x="22" y="43"/><int name="z" value="0"/><vector name="lt" x="-22" y="-43"/><vector name="rb" x="24" y="3"/><int name="delay" value="180"/><string name="_hash" value="8c8ba837e0dc637b41e5b1d2a388b1628e14515535a9e09555ac53a2749d9298"/></canvas><canvas name="3" width="1" height="1"><vector name="origin" x="21" y="44"/><int name="z" value="0"/><vector name="lt" x="-21" y="-44"/><vector name="rb" x="23" y="2"/><int name="delay" value="180"/><string name="_inlink" value="angry/1"/></canvas></imgdir><imgdir name="what"><canvas name="0" width="47" height="46"><vector name="origin" x="24" y="45"/><int name="z" value="0"/><vector name="lt" x="-24" y="-45"/><vector name="rb" x="23" y="1"/><int name="delay" value="180"/><string name="_hash" value="d0e08920097495d706c31e9cb59b9840e3594d5f07becb9083517e1b869b845d"/></canvas><canvas name="1" width="47" height="46"><vector name="origin" x="24" y="44"/><int name="z" value="0"/><vector name="lt" x="-24" y="-44"/><vector name="rb" x="23" y="2"/><int name="delay" value="180"/><string name="_hash" value="c325b4e9d56b6337b912a76e4414c2830bf156ea98453b5d4c10b343ece348da"/></canvas><canvas name="2" width="48" height="46"><vector name="origin" x="24" y="43"/><int name="z" value="0"/><vector name="lt" x="-24" y="-43"/><vector name="rb" x="24" y="3"/><int name="delay" value="180"/><string name="_hash" value="a5b61d795f9722eee3866b192629a6e0109efbaaccbc9087855c235baf24f20c"/></canvas><canvas name="3" width="47" height="46"><vector name="origin" x="24" y="44"/><int name="z" value="0"/><vector name="lt" x="-24" y="-44"/><vector name="rb" x="23" y="2"/><int name="delay" value="180"/><string name="_hash" value="cbbb9921cbb7cf83e6b0420da1872f645907d7aa524684dea5c3dfb7a4dec778"/></canvas></imgdir><uol name="sit" value="rest0"/><uol name="fly" value="jump"/></imgdir>