<?xml version="1.0" encoding="UTF-8" standalone="yes"?>
<imgdir name="5002277.img">
<imgdir name="info">
<canvas name="iconD" width="30" height="26">
<vector name="origin" x="-2" y="27"/>
<string name="_hash" value="27a3a216af94bf6696d3af0e7832a118cd9da68eeeace4cce20ce8488dc46fdb"/>
</canvas>
<canvas name="iconRawD" width="22" height="23">
<vector name="origin" x="-5" y="27"/>
<string name="_hash" value="4d352935a281ce1bea6f1ed64456011cd5673a5428168e067bcd9b6add4d543b"/>
</canvas>
<canvas name="icon" width="30" height="26">
<vector name="origin" x="-2" y="27"/>
<string name="_hash" value="d48e4f4e490a96d8d3ab788fc6dae2cc289c32f0ec887df80a6a3d4c6e0cdb7f"/>
</canvas>
<canvas name="iconRaw" width="30" height="23">
<vector name="origin" x="-2" y="27"/>
<string name="_hash" value="0d4eda88b47f576efe1a9c4b6977f470ec26bfcaab69e09e4c3f155bd39494a2"/>
</canvas>
<int name="hungry" value="2"/>
<int name="cash" value="1"/>
<int name="life" value="90"/>
<int name="chatBalloon" value="538"/>
<int name="nameTag" value="538"/>
<int name="pickupItem" value="1"/>
<int name="multiPet" value="1"/>
<int name="autoBuff" value="1"/>
<int name="sweepForDrop" value="1"/>
<int name="wonderGrade" value="2"/>
</imgdir>
<imgdir name="interact">
<imgdir name="0">
<string name="command" value="c1"/>
<int name="inc" value="1"/>
<int name="prob" value="45"/>
<int name="l0" value="1"/>
<int name="l1" value="9"/>
<imgdir name="success">
<imgdir name="0">
<string name="act" value="rest0"/>
<string name="0" value="c1_s1"/>
<string name="1" value="c1_s2"/>
</imgdir>
</imgdir>
<imgdir name="fail">
<imgdir name="0">
<string name="act" value="stand0"/>
<string name="0" value="c1_f1"/>
<string name="1" value="c1_f2"/>
</imgdir>
</imgdir>
</imgdir>
<imgdir name="1">
<string name="command" value="c2"/>
<int name="inc" value="1"/>
<int name="prob" value="60"/>
<int name="l0" value="10"/>
<int name="l1" value="19"/>
<imgdir name="success">
<imgdir name="0">
<string name="act" value="rest0"/>
<string name="0" value="c2_s1"/>
<string name="1" value="c2_s2"/>
<string name="2" value="c2_s3"/>
<string name="3" value="c2_s4"/>
</imgdir>
</imgdir>
<imgdir name="fail">
<imgdir name="0">
<string name="act" value="stand1"/>
<string name="0" value="c2_f1"/>
<string name="1" value="c2_f2"/>
<string name="2" value="c2_f3"/>
<string name="3" value="c2_f4"/>
</imgdir>
</imgdir>
</imgdir>
<imgdir name="2">
<string name="command" value="c3"/>
<int name="inc" value="1"/>
<int name="prob" value="80"/>
<int name="l0" value="20"/>
<int name="l1" value="29"/>
<imgdir name="success">
<imgdir name="0">
<string name="act" value="rest0"/>
<string name="0" value="c3_s1"/>
<string name="1" value="c3_s2"/>
<string name="2" value="c3_s3"/>
<string name="3" value="c3_s4"/>
</imgdir>
</imgdir>
<imgdir name="fail">
<imgdir name="0">
<string name="act" value="stand1"/>
<string name="0" value="c3_f1"/>
<string name="1" value="c3_f2"/>
<string name="2" value="c3_f3"/>
<string name="3" value="c3_f4"/>
</imgdir>
</imgdir>
</imgdir>
<imgdir name="3">
<string name="command" value="c4"/>
<int name="inc" value="1"/>
<int name="prob" value="90"/>
<int name="l0" value="30"/>
<int name="l1" value="30"/>
<imgdir name="success">
<imgdir name="0">
<string name="act" value="rest0"/>
<string name="0" value="c4_s1"/>
<string name="1" value="c4_s2"/>
<string name="2" value="c4_s3"/>
<string name="3" value="c4_s4"/>
</imgdir>
</imgdir>
<imgdir name="fail">
<imgdir name="0">
<string name="act" value="what"/>
<string name="0" value="c4_f1"/>
<string name="1" value="c4_f2"/>
<string name="2" value="c4_f3"/>
<string name="3" value="c4_f4"/>
</imgdir>
</imgdir>
</imgdir>
<imgdir name="4">
<string name="command" value="c5"/>
<int name="inc" value="1"/>
<int name="prob" value="45"/>
<int name="l0" value="1"/>
<int name="l1" value="9"/>
<imgdir name="success">
<imgdir name="0">
<string name="act" value="cry"/>
<string name="0" value="c5_s1"/>
<string name="1" value="c5_s2"/>
</imgdir>
</imgdir>
<imgdir name="fail">
<imgdir name="0">
<string name="act" value="stand1"/>
<string name="0" value="c5_f1"/>
<string name="1" value="c5_f2"/>
</imgdir>
</imgdir>
</imgdir>
<imgdir name="5">
<string name="command" value="c6"/>
<int name="inc" value="1"/>
<int name="prob" value="60"/>
<int name="l0" value="10"/>
<int name="l1" value="19"/>
<imgdir name="success">
<imgdir name="0">
<string name="act" value="cry"/>
<string name="0" value="c6_s1"/>
<string name="1" value="c6_s2"/>
<string name="2" value="c6_s3"/>
<string name="3" value="c6_s4"/>
</imgdir>
</imgdir>
<imgdir name="fail">
<imgdir name="0">
<string name="act" value="stand1"/>
<string name="0" value="c6_f1"/>
<string name="1" value="c6_f2"/>
<string name="2" value="c6_f3"/>
<string name="3" value="c6_f4"/>
</imgdir>
</imgdir>
</imgdir>
<imgdir name="6">
<string name="command" value="c7"/>
<int name="inc" value="1"/>
<int name="prob" value="80"/>
<int name="l0" value="20"/>
<int name="l1" value="29"/>
<imgdir name="success">
<imgdir name="0">
<string name="act" value="cry"/>
<string name="0" value="c7_s1"/>
<string name="1" value="c7_s2"/>
<string name="2" value="c7_s3"/>
<string name="3" value="c7_s4"/>
</imgdir>
</imgdir>
<imgdir name="fail">
<imgdir name="0">
<string name="act" value="stand1"/>
<string name="0" value="c7_f1"/>
<string name="1" value="c7_f2"/>
<string name="2" value="c7_f3"/>
<string name="3" value="c7_f4"/>
</imgdir>
</imgdir>
</imgdir>
<imgdir name="7">
<string name="command" value="c8"/>
<int name="inc" value="1"/>
<int name="prob" value="90"/>
<int name="l0" value="30"/>
<int name="l1" value="30"/>
<imgdir name="success">
<imgdir name="0">
<string name="act" value="cry"/>
<string name="0" value="c8_s1"/>
<string name="1" value="c8_s2"/>
<string name="2" value="c8_s3"/>
<string name="3" value="c8_s4"/>
</imgdir>
</imgdir>
<imgdir name="fail">
<imgdir name="0">
<string name="act" value="stand1"/>
<string name="0" value="c8_f1"/>
<string name="1" value="c8_f2"/>
<string name="2" value="c8_f3"/>
<string name="3" value="c8_f4"/>
</imgdir>
</imgdir>
</imgdir>
<imgdir name="8">
<string name="command" value="c9"/>
<int name="inc" value="1"/>
<int name="prob" value="45"/>
<int name="l0" value="1"/>
<int name="l1" value="9"/>
<imgdir name="success">
<imgdir name="0">
<string name="act" value="love"/>
<string name="0" value="c9_s1"/>
<string name="1" value="c9_s2"/>
</imgdir>
</imgdir>
<imgdir name="fail">
<imgdir name="0">
<string name="act" value="stand0"/>
<string name="0" value="c9_f1"/>
<string name="1" value="c9_f2"/>
</imgdir>
</imgdir>
</imgdir>
<imgdir name="9">
<string name="command" value="c10"/>
<int name="inc" value="1"/>
<int name="prob" value="60"/>
<int name="l0" value="10"/>
<int name="l1" value="19"/>
<imgdir name="success">
<imgdir name="0">
<string name="act" value="love"/>
<string name="0" value="c10_s1"/>
<string name="1" value="c10_s2"/>
<string name="2" value="c10_s3"/>
<string name="3" value="c10_s4"/>
</imgdir>
</imgdir>
<imgdir name="fail">
<imgdir name="0">
<string name="act" value="stand0"/>
<string name="0" value="c10_f1"/>
<string name="1" value="c10_f2"/>
<string name="2" value="c10_f3"/>
<string name="3" value="c10_f4"/>
</imgdir>
</imgdir>
</imgdir>
<imgdir name="10">
<string name="command" value="c11"/>
<int name="inc" value="1"/>
<int name="prob" value="80"/>
<int name="l0" value="20"/>
<int name="l1" value="29"/>
<imgdir name="success">
<imgdir name="0">
<string name="act" value="love"/>
<string name="0" value="c11_s1"/>
<string name="1" value="c11_s2"/>
<string name="2" value="c11_s3"/>
<string name="3" value="c11_s4"/>
</imgdir>
</imgdir>
<imgdir name="fail">
<imgdir name="0">
<string name="act" value="what"/>
<string name="0" value="c11_f1"/>
<string name="1" value="c11_f2"/>
<string name="2" value="c11_f3"/>
<string name="3" value="c11_f4"/>
</imgdir>
</imgdir>
</imgdir>
<imgdir name="11">
<string name="command" value="c12"/>
<int name="inc" value="1"/>
<int name="prob" value="90"/>
<int name="l0" value="30"/>
<int name="l1" value="30"/>
<imgdir name="success">
<imgdir name="0">
<string name="act" value="love"/>
<string name="0" value="c12_s1"/>
<string name="1" value="c12_s2"/>
<string name="2" value="c12_s3"/>
<string name="3" value="c12_s4"/>
</imgdir>
</imgdir>
<imgdir name="fail">
<imgdir name="0">
<string name="act" value="stand0"/>
<string name="0" value="c12_f1"/>
<string name="1" value="c12_f2"/>
<string name="2" value="c12_f3"/>
<string name="3" value="c12_f4"/>
</imgdir>
</imgdir>
</imgdir>
<imgdir name="12">
<string name="command" value="c13"/>
<int name="inc" value="1"/>
<int name="prob" value="60"/>
<int name="l0" value="10"/>
<int name="l1" value="19"/>
<imgdir name="success">
<imgdir name="0">
<string name="act" value="dung"/>
<string name="0" value="c13_s1"/>
<string name="1" value="c13_s2"/>
<string name="2" value="c13_s3"/>
<string name="3" value="c13_s4"/>
</imgdir>
</imgdir>
<imgdir name="fail">
<imgdir name="0">
<string name="act" value="what"/>
<string name="0" value="c13_f1"/>
<string name="1" value="c13_f2"/>
<string name="2" value="c13_f3"/>
<string name="3" value="c13_f4"/>
</imgdir>
</imgdir>
</imgdir>
<imgdir name="13">
<string name="command" value="c14"/>
<int name="inc" value="1"/>
<int name="prob" value="80"/>
<int name="l0" value="20"/>
<int name="l1" value="29"/>
<imgdir name="success">
<imgdir name="0">
<string name="act" value="dung"/>
<string name="0" value="c14_s1"/>
<string name="1" value="c14_s2"/>
<string name="2" value="c14_s3"/>
<string name="3" value="c14_s4"/>
</imgdir>
</imgdir>
<imgdir name="fail">
<imgdir name="0">
<string name="act" value="cry"/>
<string name="0" value="c14_f1"/>
<string name="1" value="c14_f2"/>
<string name="2" value="c14_f3"/>
<string name="3" value="c14_f4"/>
</imgdir>
</imgdir>
</imgdir>
<imgdir name="14">
<string name="command" value="c15"/>
<int name="inc" value="1"/>
<int name="prob" value="90"/>
<int name="l0" value="30"/>
<int name="l1" value="30"/>
<imgdir name="success">
<imgdir name="0">
<string name="act" value="dung"/>
<string name="0" value="c15_s1"/>
<string name="1" value="c15_s2"/>
<string name="2" value="c15_s3"/>
<string name="3" value="c15_s4"/>
</imgdir>
</imgdir>
<imgdir name="fail">
<imgdir name="0">
<string name="act" value="chat"/>
<string name="0" value="c15_f1"/>
<string name="1" value="c15_f2"/>
<string name="2" value="c15_f3"/>
<string name="3" value="c15_f4"/>
</imgdir>
</imgdir>
</imgdir>
<imgdir name="15">
<string name="command" value="c16"/>
<int name="inc" value="1"/>
<int name="prob" value="60"/>
<int name="l0" value="10"/>
<int name="l1" value="19"/>
<imgdir name="success">
<imgdir name="0">
<string name="act" value="sleep"/>
<string name="0" value="c16_s1"/>
<string name="1" value="c16_s2"/>
<string name="2" value="c16_s3"/>
<string name="3" value="c16_s4"/>
</imgdir>
</imgdir>
<imgdir name="fail">
<imgdir name="0">
<string name="act" value="chat"/>
<string name="0" value="c16_f1"/>
<string name="1" value="c16_f2"/>
<string name="2" value="c16_f3"/>
<string name="3" value="c16_f4"/>
</imgdir>
</imgdir>
</imgdir>
<imgdir name="16">
<string name="command" value="c17"/>
<int name="inc" value="2"/>
<int name="prob" value="80"/>
<int name="l0" value="20"/>
<int name="l1" value="29"/>
<imgdir name="success">
<imgdir name="0">
<string name="act" value="sleep"/>
<string name="0" value="c17_s1"/>
<string name="1" value="c17_s2"/>
<string name="2" value="c17_s3"/>
<string name="3" value="c17_s4"/>
</imgdir>
</imgdir>
<imgdir name="fail">
<imgdir name="0">
<string name="act" value="chat"/>
<string name="0" value="c17_f1"/>
<string name="1" value="c17_f2"/>
<string name="2" value="c17_f3"/>
<string name="3" value="c17_f4"/>
</imgdir>
</imgdir>
</imgdir>
<imgdir name="17">
<string name="command" value="c18"/>
<int name="inc" value="2"/>
<int name="prob" value="90"/>
<int name="l0" value="30"/>
<int name="l1" value="30"/>
<imgdir name="success">
<imgdir name="0">
<string name="act" value="sleep"/>
<string name="0" value="c18_s1"/>
<string name="1" value="c18_s2"/>
<string name="2" value="c18_s3"/>
<string name="3" value="c18_s4"/>
</imgdir>
</imgdir>
<imgdir name="fail">
<imgdir name="0">
<string name="act" value="chat"/>
<string name="0" value="c18_f1"/>
<string name="1" value="c18_f2"/>
<string name="2" value="c18_f3"/>
<string name="3" value="c18_f4"/>
</imgdir>
</imgdir>
</imgdir>
<imgdir name="18">
<string name="command" value="c19"/>
<int name="inc" value="2"/>
<int name="prob" value="60"/>
<int name="l0" value="10"/>
<int name="l1" value="19"/>
<imgdir name="success">
<imgdir name="0">
<string name="act" value="chat"/>
<string name="0" value="c19_s1"/>
<string name="1" value="c19_s2"/>
<string name="2" value="c19_s3"/>
<string name="3" value="c19_s4"/>
</imgdir>
</imgdir>
<imgdir name="fail">
<imgdir name="0">
<string name="act" value="what"/>
<string name="0" value="c19_f1"/>
<string name="1" value="c19_f2"/>
<string name="2" value="c19_f3"/>
<string name="3" value="c19_f4"/>
</imgdir>
</imgdir>
</imgdir>
<imgdir name="19">
<string name="command" value="c20"/>
<int name="inc" value="2"/>
<int name="prob" value="80"/>
<int name="l0" value="20"/>
<int name="l1" value="29"/>
<imgdir name="success">
<imgdir name="0">
<string name="act" value="chat"/>
<string name="0" value="c20_s1"/>
<string name="1" value="c20_s2"/>
<string name="2" value="c20_s3"/>
<string name="3" value="c20_s4"/>
</imgdir>
</imgdir>
<imgdir name="fail">
<imgdir name="0">
<string name="act" value="what"/>
<string name="0" value="c20_f1"/>
<string name="1" value="c20_f2"/>
<string name="2" value="c20_f3"/>
<string name="3" value="c20_f4"/>
</imgdir>
</imgdir>
</imgdir>
<imgdir name="20">
<string name="command" value="c21"/>
<int name="inc" value="2"/>
<int name="prob" value="90"/>
<int name="l0" value="30"/>
<int name="l1" value="30"/>
<imgdir name="success">
<imgdir name="0">
<string name="act" value="chat"/>
<string name="0" value="c21_s1"/>
<string name="1" value="c21_s2"/>
<string name="2" value="c21_s3"/>
<string name="3" value="c21_s4"/>
</imgdir>
</imgdir>
<imgdir name="fail">
<imgdir name="0">
<string name="act" value="what"/>
<string name="0" value="c21_f1"/>
<string name="1" value="c21_f2"/>
<string name="2" value="c21_f3"/>
<string name="3" value="c21_f4"/>
</imgdir>
</imgdir>
</imgdir>
</imgdir>
<imgdir name="food">
<imgdir name="0">
<int name="l0" value="1"/>
<int name="l1" value="9"/>
<imgdir name="success">
<imgdir name="0">
<string name="act" value="eat"/>
<string name="0" value="f1_s"/>
</imgdir>
</imgdir>
<imgdir name="fail">
<imgdir name="0">
<string name="act" value="cry"/>
<string name="0" value="f1_f"/>
</imgdir>
</imgdir>
</imgdir>
<imgdir name="1">
<int name="l0" value="10"/>
<int name="l1" value="19"/>
<imgdir name="success">
<imgdir name="0">
<string name="act" value="eat"/>
<string name="0" value="f2_s"/>
</imgdir>
</imgdir>
<imgdir name="fail">
<imgdir name="0">
<string name="act" value="cry"/>
<string name="0" value="f2_f"/>
</imgdir>
</imgdir>
</imgdir>
<imgdir name="2">
<int name="l0" value="20"/>
<int name="l1" value="29"/>
<imgdir name="success">
<imgdir name="0">
<string name="act" value="eat"/>
<string name="0" value="f3_s"/>
</imgdir>
</imgdir>
<imgdir name="fail">
<imgdir name="0">
<string name="act" value="cry"/>
<string name="0" value="f3_f"/>
</imgdir>
</imgdir>
</imgdir>
<imgdir name="3">
<int name="l0" value="30"/>
<int name="l1" value="30"/>
<imgdir name="success">
<imgdir name="0">
<string name="act" value="eat"/>
<string name="0" value="f4_s"/>
</imgdir>
</imgdir>
<imgdir name="fail">
<imgdir name="0">
<string name="act" value="cry"/>
<string name="0" value="f4_f"/>
</imgdir>
</imgdir>
</imgdir>
</imgdir>
<imgdir name="slang">
<imgdir name="0">
<int name="l0" value="1"/>
<int name="l1" value="9"/>
<string name="act" value="angry"/>
<string name="0" value="s1"/>
</imgdir>
<imgdir name="1">
<int name="l0" value="10"/>
<int name="l1" value="19"/>
<string name="act" value="angry"/>
<string name="0" value="s2"/>
</imgdir>
<imgdir name="2">
<int name="l0" value="20"/>
<int name="l1" value="29"/>
<string name="act" value="angry"/>
<string name="0" value="s3"/>
</imgdir>
<imgdir name="3">
<int name="l0" value="30"/>
<int name="l1" value="30"/>
<string name="act" value="angry"/>
<string name="0" value="s4"/>
</imgdir>
</imgdir>
<imgdir name="stand0">
<canvas name="0" width="25" height="23">
<vector name="origin" x="13" y="23"/>
<int name="z" value="0"/>
<int name="delay" value="150"/>
<vector name="lt" x="-13" y="-23"/>
<vector name="rb" x="12" y="0"/>
<string name="_hash" value="63f14d823b37256e39a06477d0078fb5ee05f5eadbe222db1a3c77ac822f159e"/>
</canvas>
<canvas name="1" width="26" height="22">
<vector name="origin" x="13" y="22"/>
<int name="z" value="0"/>
<int name="delay" value="150"/>
<vector name="lt" x="-13" y="-23"/>
<vector name="rb" x="13" y="0"/>
<string name="_hash" value="435bab85fe04e1cef5ff3ed572e04ace3ac84b504435269e8235ec7e54088ec2"/>
</canvas>
<canvas name="2" width="1" height="1">
<vector name="origin" x="13" y="23"/>
<int name="z" value="0"/>
<int name="delay" value="150"/>
<vector name="lt" x="-13" y="-23"/>
<vector name="rb" x="12" y="0"/>
<string name="_inlink" value="stand0/0"/>
</canvas>
</imgdir>
<imgdir name="stand1">
<canvas name="0" width="1" height="1">
<vector name="origin" x="13" y="23"/>
<int name="z" value="0"/>
<int name="delay" value="150"/>
<vector name="lt" x="-13" y="-23"/>
<vector name="rb" x="12" y="0"/>
<string name="_inlink" value="stand0/0"/>
</canvas>
<canvas name="1" width="1" height="1">
<vector name="origin" x="13" y="22"/>
<int name="z" value="0"/>
<int name="delay" value="150"/>
<vector name="lt" x="-13" y="-23"/>
<vector name="rb" x="13" y="0"/>
<string name="_inlink" value="stand0/1"/>
</canvas>
<canvas name="2" width="1" height="1">
<vector name="origin" x="13" y="23"/>
<int name="z" value="0"/>
<int name="delay" value="150"/>
<vector name="lt" x="-13" y="-23"/>
<vector name="rb" x="12" y="0"/>
<string name="_inlink" value="stand0/0"/>
</canvas>
<canvas name="3" width="23" height="24">
<vector name="origin" x="12" y="24"/>
<int name="z" value="0"/>
<int name="delay" value="150"/>
<vector name="lt" x="-12" y="-24"/>
<vector name="rb" x="11" y="0"/>
<string name="_hash" value="4136e5803b05c2d9222dd97797507a2d970556ea78504470d24793250d311f21"/>
</canvas>
</imgdir>
<imgdir name="rest0">
<canvas name="0" width="25" height="23">
<vector name="origin" x="13" y="23"/>
<int name="z" value="0"/>
<int name="delay" value="150"/>
<vector name="lt" x="-13" y="-23"/>
<vector name="rb" x="12" y="0"/>
<string name="_hash" value="fe2146b2ff19f3dca7667b8b8e949193376a9639178f20379c989cb94fb8b0e3"/>
</canvas>
<canvas name="1" width="25" height="24">
<vector name="origin" x="13" y="24"/>
<int name="z" value="0"/>
<int name="delay" value="150"/>
<vector name="lt" x="-13" y="-23"/>
<vector name="rb" x="12" y="0"/>
<string name="_hash" value="c39c13ba972f089eccbf5d01948282669c6db9a9f6f151b2b698d9955a05cca0"/>
</canvas>
<canvas name="2" width="25" height="25">
<vector name="origin" x="13" y="25"/>
<int name="z" value="0"/>
<int name="delay" value="150"/>
<vector name="lt" x="-13" y="-25"/>
<vector name="rb" x="12" y="0"/>
<string name="_hash" value="aff882c3d499e7fec66975f56512bd8c23c3ff0a3094bbf3a2f5ec76f5e65578"/>
</canvas>
<canvas name="3" width="1" height="1">
<vector name="origin" x="13" y="24"/>
<int name="z" value="0"/>
<int name="delay" value="150"/>
<vector name="lt" x="-13" y="-24"/>
<vector name="rb" x="12" y="0"/>
<string name="_inlink" value="rest0/1"/>
</canvas>
</imgdir>
<imgdir name="move">
<canvas name="0" width="1" height="1">
<vector name="origin" x="13" y="23"/>
<int name="z" value="0"/>
<int name="delay" value="150"/>
<vector name="lt" x="-13" y="-23"/>
<vector name="rb" x="12" y="0"/>
<string name="_inlink" value="stand0/0"/>
</canvas>
<canvas name="1" width="26" height="21">
<vector name="origin" x="13" y="21"/>
<int name="z" value="0"/>
<int name="delay" value="150"/>
<vector name="lt" x="-13" y="-21"/>
<vector name="rb" x="14" y="0"/>
<string name="_hash" value="6c681d1388f04ab93584bf12026da6ca03678471973bb1bad11e5485be5dcc6c"/>
</canvas>
<canvas name="2" width="25" height="23">
<vector name="origin" x="13" y="27"/>
<int name="z" value="0"/>
<int name="delay" value="150"/>
<vector name="lt" x="-13" y="-27"/>
<vector name="rb" x="12" y="-4"/>
<string name="_hash" value="3818953a5f310544591c2acebeb8134f4b4549199d80eaa7991b8ae7147a16a6"/>
</canvas>
<canvas name="3" width="23" height="24">
<vector name="origin" x="12" y="27"/>
<int name="z" value="0"/>
<int name="delay" value="150"/>
<vector name="lt" x="-12" y="-27"/>
<vector name="rb" x="11" y="-3"/>
<string name="_hash" value="b22dd6b3936826f0ddbe35b1ccfe91bb0a2309e3f801972857e927f7433f0b68"/>
</canvas>
</imgdir>
<imgdir name="jump">
<canvas name="0" width="25" height="23">
<vector name="origin" x="13" y="31"/>
<int name="z" value="0"/>
<vector name="lt" x="-13" y="-31"/>
<vector name="rb" x="12" y="-8"/>
<string name="_hash" value="1a91183a7f46b603f162728fe758dc62915dba99e7f026921c21cd7bf954214c"/>
</canvas>
</imgdir>
<imgdir name="hungry">
<canvas name="0" width="27" height="22">
<vector name="origin" x="13" y="21"/>
<int name="z" value="0"/>
<int name="delay" value="150"/>
<vector name="lt" x="-13" y="-21"/>
<vector name="rb" x="14" y="1"/>
<string name="_hash" value="7633c7472dcbe7301419341d018b101cb653b4ca2ef345b83c6145766ee68423"/>
</canvas>
<canvas name="1" width="27" height="21">
<vector name="origin" x="13" y="20"/>
<int name="z" value="0"/>
<int name="delay" value="150"/>
<vector name="lt" x="-13" y="-20"/>
<vector name="rb" x="14" y="0"/>
<string name="_hash" value="649d7f8dba5f7514bea20e5764ca4a2585dbfa24794bfc8a444eb7aefb62067e"/>
</canvas>
<canvas name="2" width="27" height="20">
<vector name="origin" x="13" y="19"/>
<int name="z" value="0"/>
<int name="delay" value="150"/>
<vector name="lt" x="-13" y="-19"/>
<vector name="rb" x="14" y="1"/>
<string name="_hash" value="9a049d20bb0614df6f2af698c6eca7bf9e7b8596945ba00557a07e9c8ae3a6ac"/>
</canvas>
<canvas name="3" width="27" height="20">
<vector name="origin" x="13" y="19"/>
<int name="z" value="0"/>
<int name="delay" value="150"/>
<vector name="lt" x="-13" y="-19"/>
<vector name="rb" x="14" y="1"/>
<string name="_hash" value="6b5bed2e60b6b36225e0f0641bdeb1e29415f324398bae504d8ee9530294a335"/>
</canvas>
<canvas name="4" width="27" height="20">
<vector name="origin" x="13" y="19"/>
<int name="z" value="0"/>
<int name="delay" value="150"/>
<vector name="lt" x="-13" y="-19"/>
<vector name="rb" x="14" y="1"/>
<string name="_hash" value="194b27825682e079e76edacc00d926f25ab64e5dec790a32d1da567c40d5cb3a"/>
</canvas>
<canvas name="5" width="27" height="21">
<vector name="origin" x="13" y="19"/>
<int name="z" value="0"/>
<int name="delay" value="150"/>
<vector name="lt" x="-13" y="-19"/>
<vector name="rb" x="14" y="2"/>
<string name="_hash" value="39fff6eeacc9036719d734ee82e671f523eb8b5d64777b183d3da0354c567d98"/>
</canvas>
</imgdir>
<imgdir name="hang">
<canvas name="0" width="21" height="34">
<vector name="origin" x="11" y="45"/>
<int name="z" value="0"/>
<vector name="lt" x="-11" y="-45"/>
<vector name="rb" x="10" y="-11"/>
<string name="_hash" value="b04d5e99f55906c511ccf7a5838c5549665bcf8e73397b6fa1c795fd0b0e2380"/>
</canvas>
</imgdir>
<imgdir name="eat">
<canvas name="0" width="46" height="25">
<vector name="origin" x="13" y="25"/>
<int name="z" value="0"/>
<int name="delay" value="150"/>
<vector name="lt" x="-12" y="-24"/>
<vector name="rb" x="33" y="0"/>
<string name="_hash" value="d10664ce85bf503e2002895d2d0709be2eec235231ff9eb0c77ce58b46cd4c7f"/>
</canvas>
<canvas name="1" width="46" height="26">
<vector name="origin" x="13" y="26"/>
<int name="z" value="0"/>
<int name="delay" value="150"/>
<vector name="lt" x="-13" y="-26"/>
<vector name="rb" x="33" y="0"/>
<string name="_hash" value="0331b6b5c3aa9331cdae51f7662c19bc8f106147608c1a2dc4b930679e94053e"/>
</canvas>
<canvas name="2" width="46" height="25">
<vector name="origin" x="13" y="25"/>
<int name="z" value="0"/>
<int name="delay" value="150"/>
<vector name="lt" x="-13" y="-25"/>
<vector name="rb" x="32" y="0"/>
<string name="_hash" value="500add9a8bf44f4063124571e1e7145a57dc88180cee595103c281f752adb099"/>
</canvas>
<canvas name="3" width="46" height="25">
<vector name="origin" x="13" y="25"/>
<int name="z" value="0"/>
<int name="delay" value="150"/>
<vector name="lt" x="-13" y="-25"/>
<vector name="rb" x="32" y="0"/>
<string name="_hash" value="829d7f2e951f28f55d1ea1c471c2771e70dab26bb3d42f98049f13dd13bd2f8d"/>
</canvas>
<canvas name="4" width="46" height="25">
<vector name="origin" x="13" y="25"/>
<int name="z" value="0"/>
<int name="delay" value="150"/>
<vector name="lt" x="-13" y="-25"/>
<vector name="rb" x="32" y="0"/>
<string name="_hash" value="e47320bee742f2828b65dcabe4123e326e10d5777d76e3f353d8269f5c069331"/>
</canvas>
</imgdir>
<imgdir name="chat">
<canvas name="0" width="1" height="1">
<vector name="origin" x="13" y="23"/>
<int name="z" value="0"/>
<int name="delay" value="150"/>
<vector name="lt" x="-13" y="-23"/>
<vector name="rb" x="12" y="0"/>
<string name="_inlink" value="stand0/0"/>
</canvas>
<canvas name="1" width="30" height="23">
<vector name="origin" x="18" y="23"/>
<int name="z" value="0"/>
<int name="delay" value="150"/>
<vector name="lt" x="-16" y="-23"/>
<vector name="rb" x="12" y="0"/>
<string name="_hash" value="e62cfb87edb2b87c402bcb2e5ceed60a4ec65dc220538e060d629cccaf4dd439"/>
</canvas>
<canvas name="2" width="32" height="23">
<vector name="origin" x="20" y="23"/>
<int name="z" value="0"/>
<int name="delay" value="150"/>
<vector name="lt" x="-18" y="-23"/>
<vector name="rb" x="12" y="0"/>
<string name="_hash" value="5d675e9f0c592899395a8c57cc2a246d2cd45bfc252a1931fa258b1eb69612b1"/>
</canvas>
<canvas name="3" width="1" height="1">
<vector name="origin" x="18" y="23"/>
<int name="z" value="0"/>
<int name="delay" value="150"/>
<vector name="lt" x="-17" y="-23"/>
<vector name="rb" x="12" y="0"/>
<string name="_inlink" value="chat/1"/>
</canvas>
<canvas name="4" width="32" height="23">
<vector name="origin" x="20" y="23"/>
<int name="z" value="0"/>
<int name="delay" value="150"/>
<vector name="lt" x="-19" y="-23"/>
<vector name="rb" x="12" y="0"/>
<string name="_hash" value="63212f5e843cd5b9d9af1c73695e5e9699f01125dd9e94a8204adf1fd1b39bf5"/>
</canvas>
<canvas name="5" width="1" height="1">
<vector name="origin" x="13" y="23"/>
<int name="z" value="0"/>
<int name="delay" value="150"/>
<vector name="lt" x="-13" y="-23"/>
<vector name="rb" x="12" y="0"/>
<string name="_inlink" value="stand0/0"/>
</canvas>
</imgdir>
<imgdir name="dung">
<canvas name="0" width="1" height="1">
<vector name="origin" x="13" y="23"/>
<int name="z" value="0"/>
<int name="delay" value="150"/>
<vector name="lt" x="-13" y="-23"/>
<vector name="rb" x="12" y="0"/>
<string name="_inlink" value="stand0/0"/>
</canvas>
<canvas name="1" width="25" height="24">
<vector name="origin" x="13" y="24"/>
<int name="z" value="0"/>
<int name="delay" value="150"/>
<vector name="lt" x="-13" y="-24"/>
<vector name="rb" x="12" y="0"/>
<string name="_hash" value="d06fe3118f715c4f6a2e2d9d82b2f35fdb82d0df87dbca3f76c15043c76f3e27"/>
</canvas>
<canvas name="2" width="28" height="20">
<vector name="origin" x="13" y="20"/>
<int name="z" value="0"/>
<int name="delay" value="150"/>
<vector name="lt" x="-13" y="-20"/>
<vector name="rb" x="14" y="0"/>
<string name="_hash" value="1465d5f3190017d066dd2deb5fe400b1ab9e07c74c032410c89998f438532552"/>
</canvas>
<canvas name="3" width="31" height="23">
<vector name="origin" x="13" y="23"/>
<int name="z" value="0"/>
<int name="delay" value="150"/>
<vector name="lt" x="-13" y="-23"/>
<vector name="rb" x="14" y="0"/>
<string name="_hash" value="ef52edf37e8c714651a646020599445fbc50bfb72cdb13a7d79ae8adad3c5601"/>
</canvas>
<canvas name="4" width="34" height="23">
<vector name="origin" x="13" y="23"/>
<int name="z" value="0"/>
<int name="delay" value="150"/>
<vector name="lt" x="-13" y="-23"/>
<vector name="rb" x="19" y="0"/>
<string name="_hash" value="b974784d357e476011c5cf7168ba53cd845bf5dca6ece0c39104f6d0a35b8bb2"/>
</canvas>
<canvas name="5" width="36" height="23">
<vector name="origin" x="13" y="23"/>
<int name="z" value="0"/>
<int name="delay" value="150"/>
<vector name="lt" x="-13" y="-23"/>
<vector name="rb" x="21" y="0"/>
<string name="_hash" value="a20605351f54a70b98e6c0d24904d55d9507234fb39dd08d4430478756f9a6c1"/>
</canvas>
<canvas name="6" width="1" height="1">
<vector name="origin" x="13" y="23"/>
<int name="z" value="0"/>
<int name="delay" value="150"/>
<vector name="lt" x="-13" y="-23"/>
<vector name="rb" x="12" y="0"/>
<string name="_inlink" value="stand0/0"/>
</canvas>
</imgdir>
<imgdir name="angry">
<canvas name="0" width="25" height="23">
<vector name="origin" x="12" y="23"/>
<int name="z" value="0"/>
<int name="delay" value="150"/>
<vector name="lt" x="-13" y="-23"/>
<vector name="rb" x="12" y="0"/>
<string name="_hash" value="e5eb1070743bafa3d744fedf83322e4ea3d89700118c15b9b76fd13a1ce87391"/>
</canvas>
<canvas name="1" width="24" height="23">
<vector name="origin" x="10" y="23"/>
<int name="z" value="0"/>
<int name="delay" value="150"/>
<vector name="lt" x="-10" y="-23"/>
<vector name="rb" x="14" y="0"/>
<string name="_hash" value="7301f1a58c2fad0aeb6ec69722d3588dbbacb7c420f21d29615dc9e3b410e535"/>
</canvas>
<canvas name="2" width="39" height="23">
<vector name="origin" x="27" y="23"/>
<int name="z" value="0"/>
<int name="delay" value="150"/>
<vector name="lt" x="-24" y="-23"/>
<vector name="rb" x="12" y="0"/>
<string name="_hash" value="f32643ce5b19cd656401e5a7e8072507b6356baa86354371b3cf004db6644c45"/>
</canvas>
<canvas name="3" width="40" height="23">
<vector name="origin" x="28" y="23"/>
<int name="z" value="0"/>
<int name="delay" value="150"/>
<vector name="lt" x="-27" y="-23"/>
<vector name="rb" x="12" y="0"/>
<string name="_hash" value="164d9c787aec1d6245d2b4e763341346fd4653eae592bd9fe991ff2c6f2c339c"/>
</canvas>
</imgdir>
<imgdir name="cry">
<canvas name="0" width="25" height="23">
<vector name="origin" x="13" y="23"/>
<int name="z" value="0"/>
<int name="delay" value="150"/>
<vector name="lt" x="-13" y="-23"/>
<vector name="rb" x="12" y="0"/>
<string name="_hash" value="28a505c1644b038149eabd1b313c65e5edf6103e65a973df2f929985863711d7"/>
</canvas>
<canvas name="1" width="25" height="22">
<vector name="origin" x="13" y="22"/>
<int name="z" value="0"/>
<int name="delay" value="150"/>
<vector name="lt" x="-13" y="-23"/>
<vector name="rb" x="12" y="0"/>
<string name="_hash" value="b7c61133e77392afd0cdb6d81d56cd8a723bfb09da45de3f2c314ef1439ce873"/>
</canvas>
<canvas name="2" width="25" height="24">
<vector name="origin" x="13" y="24"/>
<int name="z" value="0"/>
<int name="delay" value="150"/>
<vector name="lt" x="-13" y="-24"/>
<vector name="rb" x="12" y="0"/>
<string name="_hash" value="6afda5f1d48f2df5c691876a6c7872895e0dcbfabe4a17a0ab62ba592a8c3305"/>
</canvas>
<canvas name="3" width="26" height="23">
<vector name="origin" x="14" y="23"/>
<int name="z" value="0"/>
<int name="delay" value="150"/>
<vector name="lt" x="-13" y="-23"/>
<vector name="rb" x="12" y="0"/>
<string name="_hash" value="7500ac4fd51dd7fb73b67178a01a9756744e3bc898b34dae3cd58c217465c143"/>
</canvas>
<canvas name="4" width="27" height="23">
<vector name="origin" x="15" y="23"/>
<int name="z" value="0"/>
<int name="delay" value="150"/>
<vector name="lt" x="-15" y="-23"/>
<vector name="rb" x="12" y="0"/>
<string name="_hash" value="4b253a1cc125f94ea3b01deaef232bbd6d02d35ec87962616f683ac58c426df7"/>
</canvas>
<canvas name="5" width="25" height="23">
<vector name="origin" x="13" y="23"/>
<int name="z" value="0"/>
<int name="delay" value="150"/>
<vector name="lt" x="-13" y="-23"/>
<vector name="rb" x="12" y="0"/>
<string name="_hash" value="3f6fa39990601319a4eed860de238e76ec7983864eb882a7355a83581580832e"/>
</canvas>
</imgdir>
<imgdir name="love">
<canvas name="0" width="1" height="1">
<vector name="origin" x="13" y="23"/>
<int name="z" value="0"/>
<int name="delay" value="150"/>
<vector name="lt" x="-13" y="-23"/>
<vector name="rb" x="12" y="0"/>
<string name="_inlink" value="stand0/0"/>
</canvas>
<canvas name="1" width="27" height="21">
<vector name="origin" x="14" y="21"/>
<int name="z" value="0"/>
<int name="delay" value="150"/>
<vector name="lt" x="-14" y="-21"/>
<vector name="rb" x="13" y="0"/>
<string name="_hash" value="13490e0aa451076eb46de91e0442188e513bce766b526dbb2e8489e55ce71b00"/>
</canvas>
<canvas name="2" width="26" height="43">
<vector name="origin" x="14" y="54"/>
<int name="z" value="0"/>
<int name="delay" value="150"/>
<vector name="lt" x="-14" y="-35"/>
<vector name="rb" x="12" y="-11"/>
<string name="_hash" value="8fb53fe2b31ecb2a7099a6bf90b829fda808289e2fba4b86c21e150524e54400"/>
</canvas>
<canvas name="3" width="27" height="47">
<vector name="origin" x="16" y="56"/>
<int name="z" value="0"/>
<int name="delay" value="150"/>
<vector name="lt" x="-16" y="-35"/>
<vector name="rb" x="11" y="-9"/>
<string name="_hash" value="425852021d105063c8ab16901ffaf3cb772b421cc6d518a9a752be5117931eea"/>
</canvas>
<canvas name="4" width="31" height="52">
<vector name="origin" x="18" y="59"/>
<int name="z" value="0"/>
<int name="delay" value="150"/>
<vector name="lt" x="-17" y="-32"/>
<vector name="rb" x="13" y="-7"/>
<string name="_hash" value="0cc0ccd6f18163202d37cd35e70d79e75ba5bc8c9d8f3476464fabd611812689"/>
</canvas>
<canvas name="5" width="23" height="25">
<vector name="origin" x="11" y="29"/>
<int name="z" value="0"/>
<int name="delay" value="150"/>
<vector name="lt" x="-11" y="-30"/>
<vector name="rb" x="12" y="-4"/>
<string name="_hash" value="5cf13e97de7c0e6c71da620dc7caeae3ff91ced335b445e79a47fb4d83a838f9"/>
</canvas>
<canvas name="6" width="25" height="23">
<vector name="origin" x="13" y="26"/>
<int name="z" value="0"/>
<int name="delay" value="150"/>
<vector name="lt" x="-13" y="-26"/>
<vector name="rb" x="12" y="-3"/>
<string name="_hash" value="d4b5655a8bd7840fe0d77d0bd37cf1894f082e7bfd1cac12a8a3021a4aa4afc5"/>
</canvas>
<canvas name="7" width="25" height="22">
<vector name="origin" x="13" y="22"/>
<int name="z" value="0"/>
<int name="delay" value="150"/>
<vector name="lt" x="-13" y="-23"/>
<vector name="rb" x="12" y="0"/>
<string name="_hash" value="bc0f05ec4d8bba2a308b1710c4cde4a5b079621e98c0ee5ddad4df189fac64fd"/>
</canvas>
<canvas name="8" width="1" height="1">
<vector name="origin" x="13" y="23"/>
<int name="z" value="0"/>
<int name="delay" value="150"/>
<vector name="lt" x="-13" y="-23"/>
<vector name="rb" x="12" y="0"/>
<string name="_inlink" value="stand0/0"/>
</canvas>
</imgdir>
<imgdir name="sleep">
<canvas name="0" width="28" height="24">
<vector name="origin" x="13" y="24"/>
<int name="z" value="0"/>
<int name="delay" value="150"/>
<vector name="lt" x="-13" y="-23"/>
<vector name="rb" x="14" y="0"/>
<string name="_hash" value="80f277f5839432ae53c3f831ab4d65e811dd0b6fa83a8bdd59e34cea4ed0db55"/>
</canvas>
<canvas name="1" width="28" height="24">
<vector name="origin" x="13" y="24"/>
<int name="z" value="0"/>
<int name="delay" value="150"/>
<vector name="lt" x="-13" y="-24"/>
<vector name="rb" x="13" y="0"/>
<string name="_hash" value="048af8f37d478a9d9fc24185b217b7d66ce18ef13202a0394783db65dca318c4"/>
</canvas>
<canvas name="2" width="28" height="25">
<vector name="origin" x="13" y="25"/>
<int name="z" value="0"/>
<int name="delay" value="150"/>
<vector name="lt" x="-13" y="-25"/>
<vector name="rb" x="14" y="0"/>
<string name="_hash" value="d610618aee08e2c8e2cb96266b9f20dc1548cb78fa60c0d6d8dd94c864bfcb20"/>
</canvas>
<canvas name="3" width="28" height="25">
<vector name="origin" x="13" y="25"/>
<int name="z" value="0"/>
<int name="delay" value="150"/>
<vector name="lt" x="-13" y="-25"/>
<vector name="rb" x="14" y="0"/>
<string name="_hash" value="57a730f87fb9c4042d65e6996c93a6333c2e170386241a40cd2768ea6ac8e025"/>
</canvas>
<canvas name="4" width="28" height="25">
<vector name="origin" x="13" y="25"/>
<int name="z" value="0"/>
<int name="delay" value="150"/>
<vector name="lt" x="-13" y="-25"/>
<vector name="rb" x="14" y="0"/>
<string name="_hash" value="97c3b28b7e40ec97c32b13bf0f0b4ccdaa78f796fe5b5fd773f3f1a5c6839add"/>
</canvas>
<canvas name="5" width="28" height="25">
<vector name="origin" x="13" y="25"/>
<int name="z" value="0"/>
<int name="delay" value="150"/>
<vector name="lt" x="-13" y="-25"/>
<vector name="rb" x="13" y="0"/>
<string name="_hash" value="c1e9b7deeebece48822e4ca31a30f04c103666eaf1cbc8d026860bc75b6f25b2"/>
</canvas>
<canvas name="6" width="25" height="25">
<vector name="origin" x="13" y="25"/>
<int name="z" value="0"/>
<int name="delay" value="150"/>
<vector name="lt" x="-13" y="-25"/>
<vector name="rb" x="12" y="0"/>
<string name="_hash" value="f47f8fbb08ddffb652e0274269a921504b72041242f9ea766d8454870b71b906"/>
</canvas>
<canvas name="7" width="25" height="24">
<vector name="origin" x="13" y="24"/>
<int name="z" value="0"/>
<int name="delay" value="150"/>
<vector name="lt" x="-13" y="-24"/>
<vector name="rb" x="12" y="0"/>
<string name="_hash" value="8d82b969bf352bd335fdffcb9f681fe0ce74b6c62e81488c3d1a18578e667b38"/>
</canvas>
<canvas name="8" width="1" height="1">
<vector name="origin" x="13" y="23"/>
<int name="z" value="0"/>
<int name="delay" value="150"/>
<vector name="lt" x="-13" y="-23"/>
<vector name="rb" x="12" y="0"/>
<string name="_inlink" value="rest0/0"/>
</canvas>
</imgdir>
<imgdir name="what">
<canvas name="0" width="37" height="25">
<vector name="origin" x="13" y="25"/>
<int name="z" value="0"/>
<int name="delay" value="150"/>
<vector name="lt" x="-13" y="-25"/>
<vector name="rb" x="15" y="0"/>
<string name="_hash" value="c544c63b2eeb2cc7bb3538a4b4cb4553a591dfc52d1aa327ab328cd9886d958e"/>
</canvas>
<canvas name="1" width="37" height="25">
<vector name="origin" x="13" y="25"/>
<int name="z" value="0"/>
<int name="delay" value="150"/>
<vector name="lt" x="-13" y="-25"/>
<vector name="rb" x="15" y="0"/>
<string name="_hash" value="e876761eab42db2b7edf4605dea67cb01d5cb3d96ffd6860b6d17b3dc546f3ed"/>
</canvas>
<canvas name="2" width="37" height="25">
<vector name="origin" x="13" y="25"/>
<int name="z" value="0"/>
<int name="delay" value="150"/>
<vector name="lt" x="-13" y="-25"/>
<vector name="rb" x="15" y="0"/>
<string name="_hash" value="28f8762293e9682ae8c0b4a91c1cc69138804f7ec4494f0db6f4da7a4260f2e2"/>
</canvas>
<canvas name="3" width="37" height="27">
<vector name="origin" x="13" y="27"/>
<int name="z" value="0"/>
<int name="delay" value="150"/>
<vector name="lt" x="-13" y="-25"/>
<vector name="rb" x="15" y="0"/>
<string name="_hash" value="e1b9363c56b12f410280c1092686ac55db93d1b349a9e88d82c567a581c4020a"/>
</canvas>
<canvas name="4" width="37" height="25">
<vector name="origin" x="13" y="25"/>
<int name="z" value="0"/>
<int name="delay" value="150"/>
<vector name="lt" x="-13" y="-25"/>
<vector name="rb" x="15" y="0"/>
<string name="_hash" value="bc0df45e1259e26d97de27a715776149765f31d6b2fff2a017e02a2051fb6426"/>
</canvas>
<canvas name="5" width="37" height="27">
<vector name="origin" x="13" y="27"/>
<int name="z" value="0"/>
<int name="delay" value="150"/>
<vector name="lt" x="-13" y="-25"/>
<vector name="rb" x="15" y="0"/>
<string name="_hash" value="8f04a1ea027b65dd6a645ddca32b23b39bd9ef8241c3d923d8b0301c8baedec0"/>
</canvas>
<canvas name="6" width="1" height="1">
<vector name="origin" x="13" y="25"/>
<int name="z" value="0"/>
<int name="delay" value="150"/>
<vector name="lt" x="-13" y="-25"/>
<vector name="rb" x="15" y="0"/>
<string name="_inlink" value="what/0"/>
</canvas>
<canvas name="7" width="37" height="25">
<vector name="origin" x="13" y="25"/>
<int name="z" value="0"/>
<int name="delay" value="150"/>
<vector name="lt" x="-13" y="-25"/>
<vector name="rb" x="15" y="0"/>
<string name="_hash" value="bfb7ca698d40b46575c3e967ba2798e3dcb8748e0d15a489e8ff245b34676391"/>
</canvas>
<canvas name="8" width="37" height="27">
<vector name="origin" x="13" y="27"/>
<int name="z" value="0"/>
<int name="delay" value="150"/>
<vector name="lt" x="-13" y="-25"/>
<vector name="rb" x="15" y="0"/>
<string name="_hash" value="b0f27d676962a61302de17aa84379dab2dfa6e470a90b2adb244bc2efe45f19b"/>
</canvas>
<canvas name="9" width="1" height="1">
<vector name="origin" x="13" y="25"/>
<int name="z" value="0"/>
<int name="delay" value="150"/>
<vector name="lt" x="-13" y="-25"/>
<vector name="rb" x="15" y="0"/>
<string name="_inlink" value="what/0"/>
</canvas>
<canvas name="10" width="1" height="1">
<vector name="origin" x="13" y="25"/>
<int name="z" value="0"/>
<int name="delay" value="150"/>
<vector name="lt" x="-13" y="-25"/>
<vector name="rb" x="15" y="0"/>
<string name="_inlink" value="what/0"/>
</canvas>
<canvas name="11" width="1" height="1">
<vector name="origin" x="13" y="25"/>
<int name="z" value="0"/>
<int name="delay" value="150"/>
<vector name="lt" x="-13" y="-25"/>
<vector name="rb" x="15" y="0"/>
<string name="_inlink" value="what/0"/>
</canvas>
</imgdir>
<imgdir name="fly">
<canvas name="0" width="1" height="1">
<vector name="origin" x="13" y="31"/>
<int name="z" value="0"/>
<vector name="lt" x="-13" y="-31"/>
<vector name="rb" x="12" y="-8"/>
<string name="_inlink" value="jump/0"/>
</canvas>
</imgdir>
<imgdir name="sit">
<canvas name="0" width="1" height="1">
<vector name="origin" x="13" y="23"/>
<int name="z" value="0"/>
<int name="delay" value="150"/>
<vector name="lt" x="-13" y="-23"/>
<vector name="rb" x="12" y="0"/>
<string name="_inlink" value="rest0/0"/>
</canvas>
</imgdir>
</imgdir>
