<?xml version="1.0" encoding="UTF-8" standalone="yes"?><imgdir name="5002604.img"><imgdir name="info"><canvas name="icon" width="32" height="32"><vector name="origin" x="0" y="32"/><int name="z" value="0"/><string name="_hash" value="fb02b2a3fe76125f9cf1930e2c567aae4aa346a7a62624231a6c4f31e84bafb3"/></canvas><canvas name="iconRaw" width="32" height="30"><vector name="origin" x="0" y="32"/><int name="z" value="0"/><string name="_hash" value="0ea5ce5497a9a13e550a035ea856c63ecf7da84262d55b3e4d9bef3f35152849"/></canvas><canvas name="iconD" width="34" height="34"><vector name="origin" x="1" y="33"/><int name="z" value="0"/><string name="_hash" value="cbc60ebb9539d4ffe210879cbfa26eed5ffdb354d635f989398c7a2578f70cd0"/></canvas><canvas name="iconRawD" width="34" height="34"><vector name="origin" x="1" y="33"/><int name="z" value="0"/><string name="_hash" value="f8dbb8c3626073a7c0880a894a8e107c766ac74e5ac12ca1d1f56cf282f90daa"/></canvas><int name="hungry" value="2"/><int name="cash" value="1"/><int name="life" value="90"/><int name="chatBalloon" value="720"/><int name="nameTag" value="722"/><int name="pickupItem" value="1"/><int name="multiPet" value="1"/><int name="sweepForDrop" value="1"/><int name="wonderGrade" value="1"/><int name="autoBuff" value="1"/><int name="setItemID" value="966"/></imgdir><imgdir name="interact"><imgdir name="0"><string name="command" value="c1"/><int name="inc" value="1"/><int name="prob" value="45"/><int name="l0" value="1"/><int name="l1" value="9"/><imgdir name="success"><imgdir name="0"><string name="act" value="rest0"/><string name="0" value="c1_s1"/><string name="1" value="c1_s2"/></imgdir></imgdir><imgdir name="fail"><imgdir name="0"><string name="act" value="stand0"/><string name="0" value="c1_f1"/><string name="1" value="c1_f2"/></imgdir></imgdir></imgdir><imgdir name="1"><string name="command" value="c2"/><int name="inc" value="1"/><int name="prob" value="60"/><int name="l0" value="10"/><int name="l1" value="19"/><imgdir name="success"><imgdir name="0"><string name="act" value="rest0"/><string name="0" value="c2_s1"/><string name="1" value="c2_s2"/><string name="2" value="c2_s3"/><string name="3" value="c2_s4"/></imgdir></imgdir><imgdir name="fail"><imgdir name="0"><string name="act" value="stand1"/><string name="0" value="c2_f1"/><string name="1" value="c2_f2"/><string name="2" value="c2_f3"/><string name="3" value="c2_f4"/></imgdir></imgdir></imgdir><imgdir name="2"><string name="command" value="c3"/><int name="inc" value="1"/><int name="prob" value="80"/><int name="l0" value="20"/><int name="l1" value="29"/><imgdir name="success"><imgdir name="0"><string name="act" value="rest0"/><string name="0" value="c3_s1"/><string name="1" value="c3_s2"/><string name="2" value="c3_s3"/><string name="3" value="c3_s4"/></imgdir></imgdir><imgdir name="fail"><imgdir name="0"><string name="act" value="stand1"/><string name="0" value="c3_f1"/><string name="1" value="c3_f2"/><string name="2" value="c3_f3"/><string name="3" value="c3_f4"/></imgdir></imgdir></imgdir><imgdir name="3"><string name="command" value="c4"/><int name="inc" value="1"/><int name="prob" value="90"/><int name="l0" value="30"/><int name="l1" value="30"/><imgdir name="success"><imgdir name="0"><string name="act" value="rest0"/><string name="0" value="c4_s1"/><string name="1" value="c4_s2"/><string name="2" value="c4_s3"/><string name="3" value="c4_s4"/></imgdir></imgdir><imgdir name="fail"><imgdir name="0"><string name="act" value="what"/><string name="0" value="c4_f1"/><string name="1" value="c4_f2"/><string name="2" value="c4_f3"/><string name="3" value="c4_f4"/></imgdir></imgdir></imgdir><imgdir name="4"><string name="command" value="c5"/><int name="inc" value="1"/><int name="prob" value="45"/><int name="l0" value="1"/><int name="l1" value="9"/><imgdir name="success"><imgdir name="0"><string name="act" value="cry"/><string name="0" value="c5_s1"/><string name="1" value="c5_s2"/></imgdir></imgdir><imgdir name="fail"><imgdir name="0"><string name="act" value="stand1"/><string name="0" value="c5_f1"/><string name="1" value="c5_f2"/></imgdir></imgdir></imgdir><imgdir name="5"><string name="command" value="c6"/><int name="inc" value="1"/><int name="prob" value="60"/><int name="l0" value="10"/><int name="l1" value="19"/><imgdir name="success"><imgdir name="0"><string name="act" value="cry"/><string name="0" value="c6_s1"/><string name="1" value="c6_s2"/><string name="2" value="c6_s3"/><string name="3" value="c6_s4"/></imgdir></imgdir><imgdir name="fail"><imgdir name="0"><string name="act" value="stand1"/><string name="0" value="c6_f1"/><string name="1" value="c6_f2"/><string name="2" value="c6_f3"/><string name="3" value="c6_f4"/></imgdir></imgdir></imgdir><imgdir name="6"><string name="command" value="c7"/><int name="inc" value="1"/><int name="prob" value="80"/><int name="l0" value="20"/><int name="l1" value="29"/><imgdir name="success"><imgdir name="0"><string name="act" value="cry"/><string name="0" value="c7_s1"/><string name="1" value="c7_s2"/><string name="2" value="c7_s3"/><string name="3" value="c7_s4"/></imgdir></imgdir><imgdir name="fail"><imgdir name="0"><string name="act" value="stand1"/><string name="0" value="c7_f1"/><string name="1" value="c7_f2"/><string name="2" value="c7_f3"/><string name="3" value="c7_f4"/></imgdir></imgdir></imgdir><imgdir name="7"><string name="command" value="c8"/><int name="inc" value="1"/><int name="prob" value="90"/><int name="l0" value="30"/><int name="l1" value="30"/><imgdir name="success"><imgdir name="0"><string name="act" value="cry"/><string name="0" value="c8_s1"/><string name="1" value="c8_s2"/><string name="2" value="c8_s3"/><string name="3" value="c8_s4"/></imgdir></imgdir><imgdir name="fail"><imgdir name="0"><string name="act" value="stand1"/><string name="0" value="c8_f1"/><string name="1" value="c8_f2"/><string name="2" value="c8_f3"/><string name="3" value="c8_f4"/></imgdir></imgdir></imgdir><imgdir name="8"><string name="command" value="c9"/><int name="inc" value="1"/><int name="prob" value="45"/><int name="l0" value="1"/><int name="l1" value="9"/><imgdir name="success"><imgdir name="0"><string name="act" value="love"/><string name="0" value="c9_s1"/><string name="1" value="c9_s2"/></imgdir></imgdir><imgdir name="fail"><imgdir name="0"><string name="act" value="stand0"/><string name="0" value="c9_f1"/><string name="1" value="c9_f2"/></imgdir></imgdir></imgdir><imgdir name="9"><string name="command" value="c10"/><int name="inc" value="1"/><int name="prob" value="60"/><int name="l0" value="10"/><int name="l1" value="19"/><imgdir name="success"><imgdir name="0"><string name="act" value="love"/><string name="0" value="c10_s1"/><string name="1" value="c10_s2"/><string name="2" value="c10_s3"/><string name="3" value="c10_s4"/></imgdir></imgdir><imgdir name="fail"><imgdir name="0"><string name="act" value="stand0"/><string name="0" value="c10_f1"/><string name="1" value="c10_f2"/><string name="2" value="c10_f3"/><string name="3" value="c10_f4"/></imgdir></imgdir></imgdir><imgdir name="10"><string name="command" value="c11"/><int name="inc" value="1"/><int name="prob" value="80"/><int name="l0" value="20"/><int name="l1" value="29"/><imgdir name="success"><imgdir name="0"><string name="act" value="love"/><string name="0" value="c11_s1"/><string name="1" value="c11_s2"/><string name="2" value="c11_s3"/><string name="3" value="c11_s4"/></imgdir></imgdir><imgdir name="fail"><imgdir name="0"><string name="act" value="what"/><string name="0" value="c11_f1"/><string name="1" value="c11_f2"/><string name="2" value="c11_f3"/><string name="3" value="c11_f4"/></imgdir></imgdir></imgdir><imgdir name="11"><string name="command" value="c12"/><int name="inc" value="1"/><int name="prob" value="90"/><int name="l0" value="30"/><int name="l1" value="30"/><imgdir name="success"><imgdir name="0"><string name="act" value="love"/><string name="0" value="c12_s1"/><string name="1" value="c12_s2"/><string name="2" value="c12_s3"/><string name="3" value="c12_s4"/></imgdir></imgdir><imgdir name="fail"><imgdir name="0"><string name="act" value="stand0"/><string name="0" value="c12_f1"/><string name="1" value="c12_f2"/><string name="2" value="c12_f3"/><string name="3" value="c12_f4"/></imgdir></imgdir></imgdir><imgdir name="12"><string name="command" value="c13"/><int name="inc" value="1"/><int name="prob" value="60"/><int name="l0" value="10"/><int name="l1" value="19"/><imgdir name="success"><imgdir name="0"><string name="act" value="dung"/><string name="0" value="c13_s1"/><string name="1" value="c13_s2"/><string name="2" value="c13_s3"/><string name="3" value="c13_s4"/></imgdir></imgdir><imgdir name="fail"><imgdir name="0"><string name="act" value="what"/><string name="0" value="c13_f1"/><string name="1" value="c13_f2"/><string name="2" value="c13_f3"/><string name="3" value="c13_f4"/></imgdir></imgdir></imgdir><imgdir name="13"><string name="command" value="c14"/><int name="inc" value="1"/><int name="prob" value="80"/><int name="l0" value="20"/><int name="l1" value="29"/><imgdir name="success"><imgdir name="0"><string name="act" value="dung"/><string name="0" value="c14_s1"/><string name="1" value="c14_s2"/><string name="2" value="c14_s3"/><string name="3" value="c14_s4"/></imgdir></imgdir><imgdir name="fail"><imgdir name="0"><string name="act" value="cry"/><string name="0" value="c14_f1"/><string name="1" value="c14_f2"/><string name="2" value="c14_f3"/><string name="3" value="c14_f4"/></imgdir></imgdir></imgdir><imgdir name="14"><string name="command" value="c15"/><int name="inc" value="1"/><int name="prob" value="90"/><int name="l0" value="30"/><int name="l1" value="30"/><imgdir name="success"><imgdir name="0"><string name="act" value="dung"/><string name="0" value="c15_s1"/><string name="1" value="c15_s2"/><string name="2" value="c15_s3"/><string name="3" value="c15_s4"/></imgdir></imgdir><imgdir name="fail"><imgdir name="0"><string name="act" value="chat"/><string name="0" value="c15_f1"/><string name="1" value="c15_f2"/><string name="2" value="c15_f3"/><string name="3" value="c15_f4"/></imgdir></imgdir></imgdir><imgdir name="15"><string name="command" value="c16"/><int name="inc" value="1"/><int name="prob" value="60"/><int name="l0" value="10"/><int name="l1" value="19"/><imgdir name="success"><imgdir name="0"><string name="act" value="sleep"/><string name="0" value="c16_s1"/><string name="1" value="c16_s2"/><string name="2" value="c16_s3"/><string name="3" value="c16_s4"/></imgdir></imgdir><imgdir name="fail"><imgdir name="0"><string name="act" value="hungry"/><string name="0" value="c16_f1"/><string name="1" value="c16_f2"/><string name="2" value="c16_f3"/><string name="3" value="c16_f4"/></imgdir></imgdir></imgdir><imgdir name="16"><string name="command" value="c17"/><int name="inc" value="2"/><int name="prob" value="80"/><int name="l0" value="20"/><int name="l1" value="29"/><imgdir name="success"><imgdir name="0"><string name="act" value="sleep"/><string name="0" value="c17_s1"/><string name="1" value="c17_s2"/><string name="2" value="c17_s3"/><string name="3" value="c17_s4"/></imgdir></imgdir><imgdir name="fail"><imgdir name="0"><string name="act" value="jump"/><string name="0" value="c17_f1"/><string name="1" value="c17_f2"/><string name="2" value="c17_f3"/><string name="3" value="c17_f4"/></imgdir></imgdir></imgdir><imgdir name="17"><string name="command" value="c18"/><int name="inc" value="2"/><int name="prob" value="90"/><int name="l0" value="30"/><int name="l1" value="30"/><imgdir name="success"><imgdir name="0"><string name="act" value="sleep"/><string name="0" value="c18_s1"/><string name="1" value="c18_s2"/><string name="2" value="c18_s3"/><string name="3" value="c18_s4"/></imgdir></imgdir><imgdir name="fail"><imgdir name="0"><string name="act" value="move"/><string name="0" value="c18_f1"/><string name="1" value="c18_f2"/><string name="2" value="c18_f3"/><string name="3" value="c18_f4"/></imgdir></imgdir></imgdir><imgdir name="18"><string name="command" value="c19"/><int name="inc" value="2"/><int name="prob" value="60"/><int name="l0" value="10"/><int name="l1" value="19"/><imgdir name="success"><imgdir name="0"><string name="act" value="chat"/><string name="0" value="c19_s1"/><string name="1" value="c19_s2"/><string name="2" value="c19_s3"/><string name="3" value="c19_s4"/></imgdir></imgdir><imgdir name="fail"><imgdir name="0"><string name="act" value="what"/><string name="0" value="c19_f1"/><string name="1" value="c19_f2"/><string name="2" value="c19_f3"/><string name="3" value="c19_f4"/></imgdir></imgdir></imgdir><imgdir name="19"><string name="command" value="c20"/><int name="inc" value="2"/><int name="prob" value="80"/><int name="l0" value="20"/><int name="l1" value="29"/><imgdir name="success"><imgdir name="0"><string name="act" value="chat"/><string name="0" value="c20_s1"/><string name="1" value="c20_s2"/><string name="2" value="c20_s3"/><string name="3" value="c20_s4"/></imgdir></imgdir><imgdir name="fail"><imgdir name="0"><string name="act" value="what"/><string name="0" value="c20_f1"/><string name="1" value="c20_f2"/><string name="2" value="c20_f3"/><string name="3" value="c20_f4"/></imgdir></imgdir></imgdir><imgdir name="20"><string name="command" value="c21"/><int name="inc" value="2"/><int name="prob" value="90"/><int name="l0" value="30"/><int name="l1" value="30"/><imgdir name="success"><imgdir name="0"><string name="act" value="chat"/><string name="0" value="c21_s1"/><string name="1" value="c21_s2"/><string name="2" value="c21_s3"/><string name="3" value="c21_s4"/></imgdir></imgdir><imgdir name="fail"><imgdir name="0"><string name="act" value="what"/><string name="0" value="c21_f1"/><string name="1" value="c21_f2"/><string name="2" value="c21_f3"/><string name="3" value="c21_f4"/></imgdir></imgdir></imgdir></imgdir><imgdir name="food"><imgdir name="0"><int name="l0" value="1"/><int name="l1" value="9"/><imgdir name="success"><imgdir name="0"><string name="act" value="eat"/><string name="0" value="f1_s"/></imgdir></imgdir><imgdir name="fail"><imgdir name="0"><string name="act" value="cry"/><string name="0" value="f1_f"/></imgdir></imgdir></imgdir><imgdir name="1"><int name="l0" value="10"/><int name="l1" value="19"/><imgdir name="success"><imgdir name="0"><string name="act" value="eat"/><string name="0" value="f2_s"/></imgdir></imgdir><imgdir name="fail"><imgdir name="0"><string name="act" value="cry"/><string name="0" value="f2_f"/></imgdir></imgdir></imgdir><imgdir name="2"><int name="l0" value="20"/><int name="l1" value="29"/><imgdir name="success"><imgdir name="0"><string name="act" value="eat"/><string name="0" value="f3_s"/></imgdir></imgdir><imgdir name="fail"><imgdir name="0"><string name="act" value="cry"/><string name="0" value="f3_f"/></imgdir></imgdir></imgdir><imgdir name="3"><int name="l0" value="30"/><int name="l1" value="30"/><imgdir name="success"><imgdir name="0"><string name="act" value="eat"/><string name="0" value="f4_s"/></imgdir></imgdir><imgdir name="fail"><imgdir name="0"><string name="act" value="cry"/><string name="0" value="f4_f"/></imgdir></imgdir></imgdir></imgdir><imgdir name="slang"><imgdir name="0"><int name="l0" value="1"/><int name="l1" value="9"/><string name="act" value="cry"/><string name="0" value="s1"/></imgdir><imgdir name="1"><int name="l0" value="10"/><int name="l1" value="19"/><string name="act" value="cry"/><string name="0" value="s2"/></imgdir><imgdir name="2"><int name="l0" value="20"/><int name="l1" value="29"/><string name="act" value="what"/><string name="0" value="s3"/></imgdir><imgdir name="3"><int name="l0" value="30"/><int name="l1" value="30"/><string name="act" value="what"/><string name="0" value="s4"/></imgdir></imgdir><imgdir name="stand0"><canvas name="0" width="43" height="45"><vector name="origin" x="21" y="45"/><int name="z" value="0"/><vector name="lt" x="-21" y="-45"/><vector name="rb" x="22" y="0"/><int name="delay" value="180"/><string name="_hash" value="79fa45658f4695b57a3069b26f61c2c8f6bf448bdaf1d7dc216461a5a6b45e18"/></canvas><canvas name="1" width="43" height="45"><vector name="origin" x="21" y="44"/><int name="z" value="0"/><vector name="lt" x="-21" y="-44"/><vector name="rb" x="22" y="1"/><int name="delay" value="180"/><string name="_hash" value="f74bac1ff9158bff2d067ec105a7c655eb5d8162b0f2424fcba0d7ada1346f2e"/></canvas><canvas name="2" width="44" height="45"><vector name="origin" x="22" y="45"/><int name="z" value="0"/><vector name="lt" x="-22" y="-45"/><vector name="rb" x="22" y="0"/><int name="delay" value="180"/><string name="_hash" value="cb7b7adc9fb855e24f6634229eab07cf005901c7e8b778008ac2238d54542cf7"/></canvas><canvas name="3" width="44" height="44"><vector name="origin" x="22" y="45"/><int name="z" value="0"/><vector name="lt" x="-22" y="-45"/><vector name="rb" x="22" y="-1"/><int name="delay" value="180"/><string name="_hash" value="db68cedd9fc0b8c6861de9d38234131a77d033cdbc135cf2ef1a8ed2dacd4480"/></canvas></imgdir><imgdir name="stand1"><canvas name="0" width="1" height="1"><vector name="origin" x="21" y="45"/><int name="z" value="0"/><vector name="lt" x="-21" y="-45"/><vector name="rb" x="22" y="0"/><int name="delay" value="180"/><string name="_inlink" value="stand0/0"/></canvas><canvas name="1" width="1" height="1"><vector name="origin" x="21" y="44"/><int name="z" value="0"/><vector name="lt" x="-21" y="-44"/><vector name="rb" x="22" y="1"/><int name="delay" value="180"/><string name="_inlink" value="stand0/1"/></canvas><canvas name="2" width="43" height="45"><vector name="origin" x="21" y="45"/><int name="z" value="0"/><vector name="lt" x="-21" y="-45"/><vector name="rb" x="22" y="0"/><int name="delay" value="180"/><string name="_hash" value="bf1d98c14d2d4811eed5fe5f998bf6dc7d31c7a1a1a84208156b378e435facaa"/></canvas><canvas name="3" width="44" height="44"><vector name="origin" x="22" y="45"/><int name="z" value="0"/><vector name="lt" x="-22" y="-45"/><vector name="rb" x="22" y="-1"/><int name="delay" value="180"/><string name="_hash" value="9311b642e81f790098a0968d10ed116f0f78e13dff184a860b384562729ed461"/></canvas></imgdir><imgdir name="rest0"><canvas name="0" width="41" height="48"><vector name="origin" x="19" y="48"/><int name="z" value="0"/><vector name="lt" x="-19" y="-48"/><vector name="rb" x="22" y="0"/><int name="delay" value="180"/><string name="_hash" value="1c618668d01a4405850295e4ab0e553f1a86a3012ffe9f53967c949eebee34df"/></canvas><canvas name="1" width="41" height="48"><vector name="origin" x="19" y="47"/><int name="z" value="0"/><vector name="lt" x="-19" y="-47"/><vector name="rb" x="22" y="1"/><int name="delay" value="180"/><string name="_hash" value="71bf401440ecf720f15c70eeec78175a6f7b5473ed6cbcba4a1c3f0b2fd9ecea"/></canvas><canvas name="2" width="41" height="48"><vector name="origin" x="19" y="48"/><int name="z" value="0"/><vector name="lt" x="-19" y="-48"/><vector name="rb" x="22" y="0"/><int name="delay" value="180"/><string name="_hash" value="1cb52889750f1d4ef3753588ee666af216bc08b0a6d22259fad675fb70333dc3"/></canvas><canvas name="3" width="41" height="48"><vector name="origin" x="19" y="49"/><int name="z" value="0"/><vector name="lt" x="-19" y="-49"/><vector name="rb" x="22" y="-1"/><int name="delay" value="180"/><string name="_hash" value="c35a761dcd96cfcb678723c4320dc45d5df4bbc90e6c988af2ac7fe2935df07c"/></canvas></imgdir><imgdir name="move"><canvas name="0" width="43" height="45"><vector name="origin" x="21" y="45"/><int name="z" value="0"/><vector name="lt" x="-21" y="-45"/><vector name="rb" x="22" y="0"/><int name="delay" value="180"/><string name="_hash" value="868cb1511aec9c8a14be98f796fde29318487710ca11b50f5adebb0af5956ae3"/></canvas><canvas name="1" width="43" height="45"><vector name="origin" x="21" y="45"/><int name="z" value="0"/><vector name="lt" x="-21" y="-45"/><vector name="rb" x="22" y="0"/><int name="delay" value="180"/><string name="_hash" value="b0925f8c66a6d5bec27a145eab17aea2ac6902b57580cef2c13ca484d38f0896"/></canvas><canvas name="2" width="44" height="45"><vector name="origin" x="21" y="45"/><int name="z" value="0"/><vector name="lt" x="-21" y="-45"/><vector name="rb" x="23" y="0"/><int name="delay" value="180"/><string name="_hash" value="b7a1386ed619c9cdac7771b03ba66e066fc880015f51f74dcf0bdb712bdbf993"/></canvas><canvas name="3" width="48" height="44"><vector name="origin" x="22" y="44"/><int name="z" value="0"/><vector name="lt" x="-22" y="-44"/><vector name="rb" x="26" y="0"/><int name="delay" value="180"/><string name="_hash" value="1b78f6f49273aebc6e2df5183242b2689a19d141ad3a05617c5d2ecc2af9f9d7"/></canvas></imgdir><imgdir name="jump"><canvas name="0" width="43" height="45"><vector name="origin" x="21" y="48"/><int name="z" value="0"/><vector name="lt" x="-21" y="-48"/><vector name="rb" x="22" y="-3"/><int name="delay" value="180"/><string name="_hash" value="779c653ea06f465b5226b943bbcada37e993407c08c90a7220d9de0e06754b9e"/></canvas></imgdir><imgdir name="hungry"><canvas name="0" width="44" height="36"><vector name="origin" x="23" y="36"/><int name="z" value="0"/><vector name="lt" x="-23" y="-36"/><vector name="rb" x="21" y="0"/><int name="delay" value="180"/><string name="_hash" value="240eada114a473ecdde1a19c9046b53610f2f269b62f05870b23412cfae81ef9"/></canvas><canvas name="1" width="44" height="36"><vector name="origin" x="23" y="37"/><int name="z" value="0"/><vector name="lt" x="-23" y="-37"/><vector name="rb" x="21" y="-1"/><int name="delay" value="180"/><string name="_hash" value="b235ca0e948dc029c672e05a0af7ec124bcdcb699d22fb29038042184441e433"/></canvas><canvas name="2" width="44" height="36"><vector name="origin" x="23" y="36"/><int name="z" value="0"/><vector name="lt" x="-23" y="-36"/><vector name="rb" x="21" y="0"/><int name="delay" value="180"/><string name="_hash" value="732fc323470ae11ba1a071fb70dd195d622900a9cbbd8357d381dcf703791b57"/></canvas><canvas name="3" width="44" height="36"><vector name="origin" x="23" y="35"/><int name="z" value="0"/><vector name="lt" x="-23" y="-35"/><vector name="rb" x="21" y="1"/><int name="delay" value="180"/><string name="_hash" value="8604a5cb7394f7ef088b71319a508d6d1fba9caee9c2890b3aa759cc4d298ffe"/></canvas></imgdir><imgdir name="hang"><canvas name="0" width="44" height="43"><vector name="origin" x="20" y="48"/><int name="z" value="0"/><vector name="lt" x="-20" y="-48"/><vector name="rb" x="24" y="-5"/><int name="delay" value="180"/><string name="_hash" value="26e6d1247299e6f6a995a34a4dbb81b733d9d8211be3a8da4f578df855a8778a"/></canvas></imgdir><imgdir name="eat"><canvas name="0" width="41" height="45"><vector name="origin" x="21" y="45"/><int name="z" value="0"/><vector name="lt" x="-21" y="-45"/><vector name="rb" x="20" y="0"/><int name="delay" value="180"/><string name="_hash" value="917e7c793aef3d95bbb6260406938011da1fd736ca8b6833ee115c47309fb001"/></canvas><canvas name="1" width="41" height="45"><vector name="origin" x="21" y="46"/><int name="z" value="0"/><vector name="lt" x="-21" y="-46"/><vector name="rb" x="20" y="-1"/><int name="delay" value="180"/><string name="_hash" value="36f740ae5ac60ee5ffdc64c3e4777d8b54df9152a7ef923a01c917f1d0810314"/></canvas><canvas name="2" width="41" height="45"><vector name="origin" x="21" y="47"/><int name="z" value="0"/><vector name="lt" x="-21" y="-47"/><vector name="rb" x="20" y="-2"/><int name="delay" value="180"/><string name="_hash" value="3f1267d1af3d31d22c6fe5c59e8dcb95f42732d29ec661282081d520b1fe87c7"/></canvas><canvas name="3" width="43" height="45"><vector name="origin" x="21" y="46"/><int name="z" value="0"/><vector name="lt" x="-21" y="-46"/><vector name="rb" x="22" y="-1"/><int name="delay" value="180"/><string name="_hash" value="370e47e09cc06d0bb930db8e7f748125156e80620de332d7b656e120acc39001"/></canvas><canvas name="4" width="41" height="45"><vector name="origin" x="21" y="45"/><int name="z" value="0"/><vector name="lt" x="-21" y="-45"/><vector name="rb" x="20" y="0"/><int name="delay" value="180"/><string name="_hash" value="2c9025cf88924ffda7a3dacb28819baa517e1c27c8a39649a92ccf103551f08b"/></canvas><canvas name="5" width="41" height="45"><vector name="origin" x="21" y="44"/><int name="z" value="0"/><vector name="lt" x="-21" y="-44"/><vector name="rb" x="20" y="1"/><int name="delay" value="180"/><string name="_hash" value="9fd214eaba507ca19892e96e4a37bef07b1233b67747a229351842dbb84a8dc7"/></canvas></imgdir><imgdir name="chat"><canvas name="0" width="41" height="45"><vector name="origin" x="21" y="45"/><int name="z" value="0"/><vector name="lt" x="-21" y="-45"/><vector name="rb" x="20" y="0"/><int name="delay" value="180"/><string name="_hash" value="5032cbaa473740cafd038ee9b5270863a44a1318bf30db38f76b67e7e7322d8c"/></canvas><canvas name="1" width="42" height="45"><vector name="origin" x="22" y="44"/><int name="z" value="0"/><vector name="lt" x="-22" y="-44"/><vector name="rb" x="20" y="1"/><int name="delay" value="180"/><string name="_hash" value="708170ce7a822716ab0ca45445f4e91472bba387713fbe449fe8a14ff8739ccf"/></canvas><canvas name="2" width="41" height="45"><vector name="origin" x="21" y="45"/><int name="z" value="0"/><vector name="lt" x="-21" y="-45"/><vector name="rb" x="20" y="0"/><int name="delay" value="180"/><string name="_hash" value="4f7c9e807b32eb4a4798e0b581828f6d166221426fd3a6cde6539dc113c8ec0c"/></canvas><canvas name="3" width="42" height="45"><vector name="origin" x="22" y="46"/><int name="z" value="0"/><vector name="lt" x="-22" y="-46"/><vector name="rb" x="20" y="-1"/><int name="delay" value="180"/><string name="_hash" value="caf8e42f9233b6eb7f4584863e02187d4614c60ee7b547149d50953c1adf1e58"/></canvas></imgdir><imgdir name="love"><canvas name="0" width="48" height="45"><vector name="origin" x="25" y="45"/><int name="z" value="0"/><vector name="lt" x="-25" y="-45"/><vector name="rb" x="23" y="0"/><int name="delay" value="180"/><string name="_hash" value="1577bfb1c5fbc5cefc6c7158aed58ac49b9845f8dd0e601e9c4b2d9673784b58"/></canvas><canvas name="1" width="46" height="45"><vector name="origin" x="23" y="44"/><int name="z" value="0"/><vector name="lt" x="-23" y="-44"/><vector name="rb" x="23" y="1"/><int name="delay" value="180"/><string name="_hash" value="38849ede3fb62ae64821092df3d75fe7f256c5f42470508daaf40c23b850b869"/></canvas><canvas name="2" width="1" height="1"><vector name="origin" x="25" y="45"/><int name="z" value="0"/><vector name="lt" x="-25" y="-45"/><vector name="rb" x="23" y="0"/><int name="delay" value="180"/><string name="_inlink" value="love/0"/></canvas><canvas name="3" width="46" height="45"><vector name="origin" x="23" y="46"/><int name="z" value="0"/><vector name="lt" x="-23" y="-46"/><vector name="rb" x="23" y="-1"/><int name="delay" value="180"/><string name="_hash" value="ee1912868c52332b0d2758dbce5d1f13add6b58cf91467216c7cc41266b34fa0"/></canvas></imgdir><imgdir name="cry"><canvas name="0" width="43" height="45"><vector name="origin" x="21" y="45"/><int name="z" value="0"/><vector name="lt" x="-21" y="-45"/><vector name="rb" x="22" y="0"/><int name="delay" value="180"/><string name="_hash" value="4ad1a7a1b96a2251ffbd21549d5c1c67ce26025d52f9d1ef7d33b055d0c1eedc"/></canvas><canvas name="1" width="43" height="45"><vector name="origin" x="21" y="44"/><int name="z" value="0"/><vector name="lt" x="-21" y="-44"/><vector name="rb" x="22" y="1"/><int name="delay" value="180"/><string name="_hash" value="bb83fb2618395c01fad71aa23fd95e5c897b0a29b82a39befbd8e75b0844c843"/></canvas><canvas name="2" width="43" height="45"><vector name="origin" x="21" y="45"/><int name="z" value="0"/><vector name="lt" x="-21" y="-45"/><vector name="rb" x="22" y="0"/><int name="delay" value="180"/><string name="_hash" value="1d5b56f417f9944ea8e5d50ed6a97815f63aea65a92340a798601646a5e75942"/></canvas><canvas name="3" width="43" height="46"><vector name="origin" x="21" y="46"/><int name="z" value="0"/><vector name="lt" x="-21" y="-46"/><vector name="rb" x="22" y="0"/><int name="delay" value="180"/><string name="_hash" value="4b1b2bd8a6e85be4c2c2d24b75e56cba6f8d38acfbbc7f2decb56130447b84e7"/></canvas></imgdir><imgdir name="dung"><canvas name="0" width="40" height="42"><vector name="origin" x="20" y="42"/><int name="z" value="0"/><vector name="lt" x="-20" y="-42"/><vector name="rb" x="20" y="0"/><int name="delay" value="180"/><string name="_hash" value="948ed560fbacc0353dfb5ad2d116d913604e8b2e29c24a69a49aeef187a92116"/></canvas><canvas name="1" width="41" height="43"><vector name="origin" x="20" y="41"/><int name="z" value="0"/><vector name="lt" x="-20" y="-41"/><vector name="rb" x="21" y="2"/><int name="delay" value="180"/><string name="_hash" value="1ec5a24d88932f1c90dc152c3d06e08b4ae1afe28975defd7df0656422f8d445"/></canvas><canvas name="2" width="45" height="42"><vector name="origin" x="19" y="41"/><int name="z" value="0"/><vector name="lt" x="-19" y="-41"/><vector name="rb" x="26" y="1"/><int name="delay" value="180"/><string name="_hash" value="6d0e6c8d479307417365e3d729e4d872efcfd6efc73d84350c630abbe28e9ad2"/></canvas><canvas name="3" width="48" height="44"><vector name="origin" x="19" y="42"/><int name="z" value="0"/><vector name="lt" x="-19" y="-42"/><vector name="rb" x="29" y="2"/><int name="delay" value="180"/><string name="_hash" value="de8727c60277c5436e29a2461b901aba250e5f76fc9d78e1b9d3c8c02a4760c8"/></canvas><canvas name="4" width="49" height="48"><vector name="origin" x="19" y="42"/><int name="z" value="0"/><vector name="lt" x="-19" y="-42"/><vector name="rb" x="30" y="6"/><int name="delay" value="180"/><string name="_hash" value="2d0fa545e9350cf58b47ee3f134f6c9b4752d2c032a176f01568c4783b6e9481"/></canvas><canvas name="5" width="49" height="48"><vector name="origin" x="20" y="42"/><int name="z" value="0"/><vector name="lt" x="-20" y="-42"/><vector name="rb" x="29" y="6"/><int name="delay" value="180"/><string name="_hash" value="52343d60472482dc51415545b671983c6b1cd7863bcfdab6ee59c969f1876742"/></canvas></imgdir><imgdir name="sleep"><canvas name="0" width="48" height="37"><vector name="origin" x="28" y="34"/><int name="z" value="0"/><vector name="lt" x="-28" y="-34"/><vector name="rb" x="20" y="3"/><int name="delay" value="180"/><string name="_hash" value="7abda79bb615fe037b9b5bad762d05d5ac4a81a47cea29743fcbd5bd76e77ee0"/></canvas><canvas name="1" width="48" height="37"><vector name="origin" x="28" y="35"/><int name="z" value="0"/><vector name="lt" x="-28" y="-35"/><vector name="rb" x="20" y="2"/><int name="delay" value="180"/><string name="_hash" value="94a9d411af72087ecd988ffc76e38b0ef4707f741e6f35e4f6c758045616c270"/></canvas><canvas name="2" width="47" height="37"><vector name="origin" x="27" y="36"/><int name="z" value="0"/><vector name="lt" x="-27" y="-36"/><vector name="rb" x="20" y="1"/><int name="delay" value="180"/><string name="_hash" value="2882bd377a8c775341b7103df200b9968d79cb8062bd12e0e9cedf69d51633b0"/></canvas><canvas name="3" width="47" height="37"><vector name="origin" x="27" y="35"/><int name="z" value="0"/><vector name="lt" x="-27" y="-35"/><vector name="rb" x="20" y="2"/><int name="delay" value="180"/><string name="_hash" value="af465d7b2229d3657a522bad6b054b166e12d2190060c4c6ddf1112fec02e69f"/></canvas><canvas name="4" width="47" height="37"><vector name="origin" x="27" y="34"/><int name="z" value="0"/><vector name="lt" x="-27" y="-34"/><vector name="rb" x="20" y="3"/><int name="delay" value="180"/><string name="_hash" value="9e72895577c8009a412f4ca2d509fa60873be3cfbb491c1965dffb3d5f79524f"/></canvas><canvas name="5" width="48" height="37"><vector name="origin" x="28" y="33"/><int name="z" value="0"/><vector name="lt" x="-28" y="-33"/><vector name="rb" x="20" y="4"/><int name="delay" value="180"/><string name="_hash" value="fff8c2b5b8c51526a91bfa5ac82dcdcefd91c0bfa4171351279410b8914c33b5"/></canvas></imgdir><imgdir name="angry"><canvas name="0" width="43" height="45"><vector name="origin" x="21" y="45"/><int name="z" value="0"/><vector name="lt" x="-21" y="-45"/><vector name="rb" x="22" y="0"/><int name="delay" value="180"/><string name="_hash" value="c521a232995421a5343695d7e00c4f54665dda45591026e4503b3dbb9df4ba10"/></canvas><canvas name="1" width="43" height="45"><vector name="origin" x="21" y="44"/><int name="z" value="0"/><vector name="lt" x="-21" y="-44"/><vector name="rb" x="22" y="1"/><int name="delay" value="180"/><string name="_hash" value="378a854ba583b5eed88d2ab4ebe69e726c63ace3d6b99d262e667f57d9924d62"/></canvas><canvas name="2" width="43" height="45"><vector name="origin" x="21" y="45"/><int name="z" value="0"/><vector name="lt" x="-21" y="-45"/><vector name="rb" x="22" y="0"/><int name="delay" value="180"/><string name="_hash" value="565c0faef0e44b89487572c555ba01bb3e6e1adc675fb11245556f4be411e13e"/></canvas><canvas name="3" width="43" height="45"><vector name="origin" x="21" y="46"/><int name="z" value="0"/><vector name="lt" x="-21" y="-46"/><vector name="rb" x="22" y="-1"/><int name="delay" value="180"/><string name="_hash" value="36725347674d70fd0c2e4452d9d9b02be2af5b179113a274258c7f5110fc6396"/></canvas></imgdir><imgdir name="what"><canvas name="0" width="43" height="47"><vector name="origin" x="21" y="47"/><int name="z" value="0"/><vector name="lt" x="-21" y="-47"/><vector name="rb" x="22" y="0"/><int name="delay" value="180"/><string name="_hash" value="d5b68e24870962686d9648e422be0077f4771bd3daf61b1fa45dae1cb01ea937"/></canvas><canvas name="1" width="43" height="49"><vector name="origin" x="21" y="48"/><int name="z" value="0"/><vector name="lt" x="-21" y="-48"/><vector name="rb" x="22" y="1"/><int name="delay" value="180"/><string name="_hash" value="d3abd17bb2c647b768bdea2b67d983001a15ba6776091502c07ed04c83139062"/></canvas><canvas name="2" width="43" height="47"><vector name="origin" x="21" y="47"/><int name="z" value="0"/><vector name="lt" x="-21" y="-47"/><vector name="rb" x="22" y="0"/><int name="delay" value="180"/><string name="_hash" value="81f01907466f253a171034cb92b84afd104e590fcb5bb9c664b20af394e6040b"/></canvas><canvas name="3" width="43" height="48"><vector name="origin" x="21" y="49"/><int name="z" value="0"/><vector name="lt" x="-21" y="-49"/><vector name="rb" x="22" y="-1"/><int name="delay" value="180"/><string name="_hash" value="5dcabc8fa41b947f0581483d9cd18fc07d8831e93c56e7697149da5fa06f517c"/></canvas><canvas name="4" width="1" height="1"><vector name="origin" x="21" y="47"/><int name="z" value="0"/><vector name="lt" x="-21" y="-47"/><vector name="rb" x="22" y="0"/><int name="delay" value="180"/><string name="_inlink" value="what/0"/></canvas><canvas name="5" width="1" height="1"><vector name="origin" x="21" y="48"/><int name="z" value="0"/><vector name="lt" x="-21" y="-48"/><vector name="rb" x="22" y="1"/><int name="delay" value="180"/><string name="_inlink" value="what/1"/></canvas><canvas name="6" width="43" height="47"><vector name="origin" x="21" y="47"/><int name="z" value="0"/><vector name="lt" x="-21" y="-47"/><vector name="rb" x="22" y="0"/><int name="delay" value="180"/><string name="_hash" value="a51ab66872c20733ee06e1d277345bbff865950577b818f7a58169f8521ae555"/></canvas><canvas name="7" width="1" height="1"><vector name="origin" x="21" y="49"/><int name="z" value="0"/><vector name="lt" x="-21" y="-49"/><vector name="rb" x="22" y="-1"/><int name="delay" value="180"/><string name="_inlink" value="what/3"/></canvas></imgdir><uol name="sit" value="rest0"/><uol name="fly" value="jump"/></imgdir>