<?xml version="1.0" encoding="UTF-8" standalone="yes"?><imgdir name="5002563.img"><imgdir name="info"><canvas name="icon" width="34" height="36"><vector name="origin" x="1" y="34"/><int name="z" value="0"/><string name="_hash" value="820f1ee5d4912186f9c89225ea77038b674438292a5cad7f8a35fd316f5a460a"/></canvas><canvas name="iconRaw" width="34" height="36"><vector name="origin" x="1" y="34"/><int name="z" value="0"/><string name="_hash" value="097663d1b67b5c71582f9944d6a1d840d85cd2f8c3965054344e82996367ffad"/></canvas><canvas name="iconD" width="34" height="36"><vector name="origin" x="2" y="34"/><int name="z" value="0"/><string name="_hash" value="09840c6be138e6214851f9535179634dcbc769f24d5d6f30a53154f57b5d3d6e"/></canvas><canvas name="iconRawD" width="33" height="36"><vector name="origin" x="2" y="34"/><int name="z" value="0"/><string name="_hash" value="eb84650f181a65e393e228ab6522ba47e24049deb53696324b7b1affbdca272c"/></canvas><int name="hungry" value="2"/><int name="cash" value="1"/><int name="life" value="90"/><int name="chatBalloon" value="687"/><int name="nameTag" value="687"/><int name="pickupItem" value="1"/><int name="multiPet" value="1"/><int name="autoBuff" value="1"/><int name="setItemID" value="940"/><int name="sweepForDrop" value="1"/><int name="wonderGrade" value="6"/></imgdir><imgdir name="interact"><imgdir name="0"><string name="command" value="c1"/><int name="inc" value="1"/><int name="prob" value="45"/><int name="l0" value="1"/><int name="l1" value="9"/><imgdir name="success"><imgdir name="0"><string name="act" value="rest0"/><string name="0" value="c1_s1"/><string name="1" value="c1_s2"/></imgdir></imgdir><imgdir name="fail"><imgdir name="0"><string name="act" value="stand0"/><string name="0" value="c1_f1"/><string name="1" value="c1_f2"/></imgdir></imgdir></imgdir><imgdir name="1"><string name="command" value="c2"/><int name="inc" value="1"/><int name="prob" value="60"/><int name="l0" value="10"/><int name="l1" value="19"/><imgdir name="success"><imgdir name="0"><string name="act" value="rest0"/><string name="0" value="c2_s1"/><string name="1" value="c2_s2"/><string name="2" value="c2_s3"/><string name="3" value="c2_s4"/></imgdir></imgdir><imgdir name="fail"><imgdir name="0"><string name="act" value="stand1"/><string name="0" value="c2_f1"/><string name="1" value="c2_f2"/><string name="2" value="c2_f3"/><string name="3" value="c2_f4"/></imgdir></imgdir></imgdir><imgdir name="2"><string name="command" value="c3"/><int name="inc" value="1"/><int name="prob" value="75"/><int name="l0" value="20"/><int name="l1" value="29"/><imgdir name="success"><imgdir name="0"><string name="act" value="rest0"/><string name="0" value="c3_s1"/><string name="1" value="c3_s2"/><string name="2" value="c3_s3"/><string name="3" value="c3_s4"/></imgdir></imgdir><imgdir name="fail"><imgdir name="0"><string name="act" value="stand1"/><string name="0" value="c3_f1"/><string name="1" value="c3_f2"/><string name="2" value="c3_f3"/><string name="3" value="c3_f4"/></imgdir></imgdir></imgdir><imgdir name="3"><string name="command" value="c4"/><int name="inc" value="1"/><int name="prob" value="45"/><int name="l0" value="30"/><int name="l1" value="30"/><imgdir name="success"><imgdir name="0"><string name="act" value="rest0"/><string name="0" value="c4_s1"/><string name="1" value="c4_s2"/><string name="2" value="c4_s3"/><string name="3" value="c4_s4"/></imgdir></imgdir><imgdir name="fail"><imgdir name="0"><string name="act" value="stand0"/><string name="0" value="c4_f1"/><string name="1" value="c4_f2"/><string name="2" value="c4_f3"/><string name="3" value="c4_f4"/></imgdir></imgdir></imgdir><imgdir name="4"><string name="command" value="c5"/><int name="inc" value="1"/><int name="prob" value="60"/><int name="l0" value="1"/><int name="l1" value="9"/><imgdir name="success"><imgdir name="0"><string name="act" value="cry"/><string name="0" value="c5_s1"/><string name="1" value="c5_s2"/></imgdir></imgdir><imgdir name="fail"><imgdir name="0"><string name="act" value="stand1"/><string name="0" value="c5_f1"/><string name="1" value="c5_f2"/></imgdir></imgdir></imgdir><imgdir name="5"><string name="command" value="c6"/><int name="inc" value="1"/><int name="prob" value="75"/><int name="l0" value="10"/><int name="l1" value="19"/><imgdir name="success"><imgdir name="0"><string name="act" value="cry"/><string name="0" value="c6_s1"/><string name="1" value="c6_s2"/><string name="2" value="c6_s3"/><string name="3" value="c6_s4"/></imgdir></imgdir><imgdir name="fail"><imgdir name="0"><string name="act" value="stand1"/><string name="0" value="c6_f1"/><string name="1" value="c6_f2"/><string name="2" value="c6_f3"/><string name="3" value="c6_f4"/></imgdir></imgdir></imgdir><imgdir name="6"><string name="command" value="c7"/><int name="inc" value="1"/><int name="prob" value="45"/><int name="l0" value="20"/><int name="l1" value="29"/><imgdir name="success"><imgdir name="0"><string name="act" value="cry"/><string name="0" value="c7_s1"/><string name="1" value="c7_s2"/><string name="2" value="c7_s3"/><string name="3" value="c7_s4"/></imgdir></imgdir><imgdir name="fail"><imgdir name="0"><string name="act" value="stand1"/><string name="0" value="c7_f1"/><string name="1" value="c7_f2"/><string name="2" value="c7_f3"/><string name="3" value="c7_f4"/></imgdir></imgdir></imgdir><imgdir name="7"><string name="command" value="c8"/><int name="inc" value="1"/><int name="prob" value="60"/><int name="l0" value="30"/><int name="l1" value="30"/><imgdir name="success"><imgdir name="0"><string name="act" value="cry"/><string name="0" value="c8_s1"/><string name="1" value="c8_s2"/><string name="2" value="c8_s3"/><string name="3" value="c8_s4"/></imgdir></imgdir><imgdir name="fail"><imgdir name="0"><string name="act" value="stand1"/><string name="0" value="c8_f1"/><string name="1" value="c8_f2"/><string name="2" value="c8_f3"/><string name="3" value="c8_f4"/></imgdir></imgdir></imgdir><imgdir name="8"><string name="command" value="c9"/><int name="inc" value="1"/><int name="prob" value="75"/><int name="l0" value="1"/><int name="l1" value="9"/><imgdir name="success"><imgdir name="0"><string name="act" value="love"/><string name="0" value="c9_s1"/><string name="1" value="c9_s2"/></imgdir></imgdir><imgdir name="fail"><imgdir name="0"><string name="act" value="stand0"/><string name="0" value="c9_f1"/><string name="1" value="c9_f2"/></imgdir></imgdir></imgdir><imgdir name="9"><string name="command" value="c10"/><int name="inc" value="1"/><int name="prob" value="55"/><int name="l0" value="10"/><int name="l1" value="19"/><imgdir name="success"><imgdir name="0"><string name="act" value="love"/><string name="0" value="c10_s1"/><string name="1" value="c10_s2"/><string name="2" value="c10_s3"/><string name="3" value="c10_s4"/></imgdir></imgdir><imgdir name="fail"><imgdir name="0"><string name="act" value="stand0"/><string name="0" value="c10_f1"/><string name="1" value="c10_f2"/><string name="2" value="c10_f3"/><string name="3" value="c10_f4"/></imgdir></imgdir></imgdir><imgdir name="10"><string name="command" value="c11"/><int name="inc" value="1"/><int name="prob" value="60"/><int name="l0" value="20"/><int name="l1" value="29"/><imgdir name="success"><imgdir name="0"><string name="act" value="love"/><string name="0" value="c11_s1"/><string name="1" value="c11_s2"/><string name="2" value="c11_s3"/><string name="3" value="c11_s4"/></imgdir></imgdir><imgdir name="fail"><imgdir name="0"><string name="act" value="what"/><string name="0" value="c11_f1"/><string name="1" value="c11_f2"/><string name="2" value="c11_f3"/><string name="3" value="c11_f4"/></imgdir></imgdir></imgdir><imgdir name="11"><string name="command" value="c12"/><int name="inc" value="1"/><int name="prob" value="75"/><int name="l0" value="30"/><int name="l1" value="30"/><imgdir name="success"><imgdir name="0"><string name="act" value="love"/><string name="0" value="c12_s1"/><string name="1" value="c12_s2"/><string name="2" value="c12_s3"/><string name="3" value="c12_s4"/></imgdir></imgdir><imgdir name="fail"><imgdir name="0"><string name="act" value="stand0"/><string name="0" value="c12_f1"/><string name="1" value="c12_f2"/><string name="2" value="c12_f3"/><string name="3" value="c12_f4"/></imgdir></imgdir></imgdir><imgdir name="12"><string name="command" value="c13"/><int name="inc" value="1"/><int name="prob" value="45"/><int name="l0" value="10"/><int name="l1" value="19"/><imgdir name="success"><imgdir name="0"><string name="act" value="dung"/><string name="0" value="c13_s1"/><string name="1" value="c13_s2"/><string name="2" value="c13_s3"/><string name="3" value="c13_s4"/></imgdir></imgdir><imgdir name="fail"><imgdir name="0"><string name="act" value="what"/><string name="0" value="c13_f1"/><string name="1" value="c13_f2"/><string name="2" value="c13_f3"/><string name="3" value="c13_f4"/></imgdir></imgdir></imgdir><imgdir name="13"><string name="command" value="c14"/><int name="inc" value="1"/><int name="prob" value="60"/><int name="l0" value="20"/><int name="l1" value="29"/><imgdir name="success"><imgdir name="0"><string name="act" value="dung"/><string name="0" value="c14_s1"/><string name="1" value="c14_s2"/><string name="2" value="c14_s3"/><string name="3" value="c14_s4"/></imgdir></imgdir><imgdir name="fail"><imgdir name="0"><string name="act" value="cry"/><string name="0" value="c14_f1"/><string name="1" value="c14_f2"/><string name="2" value="c14_f3"/><string name="3" value="c14_f4"/></imgdir></imgdir></imgdir><imgdir name="14"><string name="command" value="c15"/><int name="inc" value="1"/><int name="prob" value="75"/><int name="l0" value="30"/><int name="l1" value="30"/><imgdir name="success"><imgdir name="0"><string name="act" value="dung"/><string name="0" value="c15_s1"/><string name="1" value="c15_s2"/><string name="2" value="c15_s3"/><string name="3" value="c15_s4"/></imgdir></imgdir><imgdir name="fail"><imgdir name="0"><string name="act" value="chat"/><string name="0" value="c15_f1"/><string name="1" value="c15_f2"/><string name="2" value="c15_f3"/><string name="3" value="c15_f4"/></imgdir></imgdir></imgdir><imgdir name="15"><string name="command" value="c16"/><int name="inc" value="1"/><int name="prob" value="80"/><int name="l0" value="10"/><int name="l1" value="19"/><imgdir name="success"><imgdir name="0"><string name="act" value="sleep"/><string name="0" value="c16_s1"/><string name="1" value="c16_s2"/><string name="2" value="c16_s3"/><string name="3" value="c16_s4"/></imgdir></imgdir><imgdir name="fail"><imgdir name="0"><string name="act" value="hungry"/><string name="0" value="c16_f1"/><string name="1" value="c16_f2"/><string name="2" value="c16_f3"/><string name="3" value="c16_f4"/></imgdir></imgdir></imgdir><imgdir name="16"><string name="command" value="c17"/><int name="inc" value="2"/><int name="prob" value="80"/><int name="l0" value="20"/><int name="l1" value="29"/><imgdir name="success"><imgdir name="0"><string name="act" value="sleep"/><string name="0" value="c17_s1"/><string name="1" value="c17_s2"/><string name="2" value="c17_s3"/><string name="3" value="c17_s4"/></imgdir></imgdir><imgdir name="fail"><imgdir name="0"><string name="act" value="jump"/><string name="0" value="c17_f1"/><string name="1" value="c17_f2"/><string name="2" value="c17_f3"/><string name="3" value="c17_f4"/></imgdir></imgdir></imgdir><imgdir name="17"><string name="command" value="c18"/><int name="inc" value="2"/><int name="prob" value="80"/><int name="l0" value="30"/><int name="l1" value="30"/><imgdir name="success"><imgdir name="0"><string name="act" value="sleep"/><string name="0" value="c18_s1"/><string name="1" value="c18_s2"/><string name="2" value="c18_s3"/><string name="3" value="c18_s4"/></imgdir></imgdir><imgdir name="fail"><imgdir name="0"><string name="act" value="move"/><string name="0" value="c18_f1"/><string name="1" value="c18_f2"/><string name="2" value="c18_f3"/><string name="3" value="c18_f4"/></imgdir></imgdir></imgdir><imgdir name="18"><string name="command" value="c19"/><int name="inc" value="2"/><int name="prob" value="50"/><int name="l0" value="10"/><int name="l1" value="19"/><imgdir name="success"><imgdir name="0"><string name="act" value="chat"/><string name="0" value="c19_s1"/><string name="1" value="c19_s2"/><string name="2" value="c19_s3"/><string name="3" value="c19_s4"/></imgdir></imgdir><imgdir name="fail"><imgdir name="0"><string name="act" value="what"/><string name="0" value="c19_f1"/><string name="1" value="c19_f2"/><string name="2" value="c19_f3"/><string name="3" value="c19_f4"/></imgdir></imgdir></imgdir><imgdir name="19"><string name="command" value="c20"/><int name="inc" value="2"/><int name="prob" value="65"/><int name="l0" value="20"/><int name="l1" value="29"/><imgdir name="success"><imgdir name="0"><string name="act" value="chat"/><string name="0" value="c20_s1"/><string name="1" value="c20_s2"/><string name="2" value="c20_s3"/><string name="3" value="c20_s4"/></imgdir></imgdir><imgdir name="fail"><imgdir name="0"><string name="act" value="what"/><string name="0" value="c20_f1"/><string name="1" value="c20_f2"/><string name="2" value="c20_f3"/><string name="3" value="c20_f4"/></imgdir></imgdir></imgdir><imgdir name="20"><string name="command" value="c21"/><int name="inc" value="2"/><int name="prob" value="80"/><int name="l0" value="30"/><int name="l1" value="30"/><imgdir name="success"><imgdir name="0"><string name="act" value="chat"/><string name="0" value="c21_s1"/><string name="1" value="c21_s2"/><string name="2" value="c21_s3"/><string name="3" value="c21_s4"/></imgdir></imgdir><imgdir name="fail"><imgdir name="0"><string name="act" value="what"/><string name="0" value="c21_f1"/><string name="1" value="c21_f2"/><string name="2" value="c21_f3"/><string name="3" value="c21_f4"/></imgdir></imgdir></imgdir></imgdir><imgdir name="food"><imgdir name="0"><int name="l0" value="1"/><int name="l1" value="9"/><imgdir name="success"><imgdir name="0"><string name="act" value="eat"/><string name="0" value="f1_s"/></imgdir></imgdir><imgdir name="fail"><imgdir name="0"><string name="act" value="cry"/><string name="0" value="f1_f"/></imgdir></imgdir></imgdir><imgdir name="1"><int name="l0" value="10"/><int name="l1" value="19"/><imgdir name="success"><imgdir name="0"><string name="act" value="eat"/><string name="0" value="f2_s"/></imgdir></imgdir><imgdir name="fail"><imgdir name="0"><string name="act" value="cry"/><string name="0" value="f2_f"/></imgdir></imgdir></imgdir><imgdir name="2"><int name="l0" value="20"/><int name="l1" value="29"/><imgdir name="success"><imgdir name="0"><string name="act" value="eat"/><string name="0" value="f3_s"/></imgdir></imgdir><imgdir name="fail"><imgdir name="0"><string name="act" value="cry"/><string name="0" value="f3_f"/></imgdir></imgdir></imgdir><imgdir name="3"><int name="l0" value="30"/><int name="l1" value="30"/><imgdir name="success"><imgdir name="0"><string name="act" value="eat"/><string name="0" value="f4_s"/></imgdir></imgdir><imgdir name="fail"><imgdir name="0"><string name="act" value="cry"/><string name="0" value="f4_f"/></imgdir></imgdir></imgdir></imgdir><imgdir name="slang"><imgdir name="0"><int name="l0" value="1"/><int name="l1" value="9"/><string name="act" value="cry"/><string name="0" value="s1"/></imgdir><imgdir name="1"><int name="l0" value="10"/><int name="l1" value="19"/><string name="act" value="cry"/><string name="0" value="s2"/></imgdir><imgdir name="2"><int name="l0" value="20"/><int name="l1" value="29"/><string name="act" value="angry"/><string name="0" value="s3"/></imgdir><imgdir name="3"><int name="l0" value="30"/><int name="l1" value="30"/><string name="act" value="angry"/><string name="0" value="s4"/></imgdir></imgdir><imgdir name="stand0"><canvas name="0" width="33" height="44"><vector name="origin" x="18" y="42"/><int name="z" value="0"/><vector name="lt" x="-18" y="-42"/><vector name="rb" x="15" y="2"/><int name="delay" value="210"/><string name="_hash" value="4889c09888cd74c2f8b2571e13c507559048076b7563fd5a645f988d1a2ad2cf"/></canvas><canvas name="1" width="33" height="44"><vector name="origin" x="18" y="41"/><int name="z" value="0"/><vector name="lt" x="-18" y="-41"/><vector name="rb" x="15" y="3"/><int name="delay" value="210"/><string name="_hash" value="a4ddc4963ba362ad6753272269ea3c0e24bdcca9feba6b43b2d95dd671cb1471"/></canvas><canvas name="2" width="33" height="44"><vector name="origin" x="18" y="40"/><int name="z" value="0"/><vector name="lt" x="-18" y="-40"/><vector name="rb" x="15" y="4"/><int name="delay" value="210"/><string name="_hash" value="2a7cd4ba01e86b8fa3d2a2453c0417c2d0656a8bd1eaea47d0d3fe2bd60acfff"/></canvas><canvas name="3" width="33" height="44"><vector name="origin" x="18" y="41"/><int name="z" value="0"/><vector name="lt" x="-18" y="-41"/><vector name="rb" x="15" y="3"/><int name="delay" value="210"/><string name="_hash" value="a7e220aed5ab3205683c09980b9933c53634f8b24861b17b76de021d2cd7fd06"/></canvas><canvas name="4" width="1" height="1"><vector name="origin" x="18" y="42"/><int name="z" value="0"/><vector name="lt" x="-18" y="-42"/><vector name="rb" x="15" y="2"/><int name="delay" value="210"/><string name="_inlink" value="stand0/0"/></canvas><canvas name="5" width="1" height="1"><vector name="origin" x="18" y="41"/><int name="z" value="0"/><vector name="lt" x="-18" y="-41"/><vector name="rb" x="15" y="3"/><int name="delay" value="210"/><string name="_inlink" value="stand0/1"/></canvas><canvas name="6" width="1" height="1"><vector name="origin" x="18" y="40"/><int name="z" value="0"/><vector name="lt" x="-18" y="-40"/><vector name="rb" x="15" y="4"/><int name="delay" value="210"/><string name="_inlink" value="stand0/2"/></canvas><canvas name="7" width="1" height="1"><vector name="origin" x="18" y="41"/><int name="z" value="0"/><vector name="lt" x="-18" y="-41"/><vector name="rb" x="15" y="3"/><int name="delay" value="210"/><string name="_inlink" value="stand0/3"/></canvas><canvas name="8" width="1" height="1"><vector name="origin" x="18" y="42"/><int name="z" value="0"/><vector name="lt" x="-18" y="-42"/><vector name="rb" x="15" y="2"/><int name="delay" value="210"/><string name="_inlink" value="stand0/0"/></canvas><canvas name="9" width="1" height="1"><vector name="origin" x="18" y="41"/><int name="z" value="0"/><vector name="lt" x="-18" y="-41"/><vector name="rb" x="15" y="3"/><int name="delay" value="210"/><string name="_inlink" value="stand0/1"/></canvas><canvas name="10" width="1" height="1"><vector name="origin" x="18" y="40"/><int name="z" value="0"/><vector name="lt" x="-18" y="-40"/><vector name="rb" x="15" y="4"/><int name="delay" value="210"/><string name="_inlink" value="stand0/2"/></canvas><canvas name="11" width="1" height="1"><vector name="origin" x="18" y="41"/><int name="z" value="0"/><vector name="lt" x="-18" y="-41"/><vector name="rb" x="15" y="3"/><int name="delay" value="210"/><string name="_inlink" value="stand0/3"/></canvas></imgdir><imgdir name="stand1"><canvas name="0" width="1" height="1"><vector name="origin" x="18" y="42"/><int name="z" value="0"/><vector name="lt" x="-18" y="-42"/><vector name="rb" x="15" y="2"/><int name="delay" value="210"/><string name="_inlink" value="stand0/0"/></canvas><canvas name="1" width="33" height="44"><vector name="origin" x="18" y="41"/><int name="z" value="0"/><vector name="lt" x="-18" y="-41"/><vector name="rb" x="15" y="3"/><int name="delay" value="210"/><string name="_hash" value="1da1c1f7b3789d01dee15f1a669c9a9eeee588dee62bcd80254297aa79fe251e"/></canvas><canvas name="2" width="34" height="44"><vector name="origin" x="18" y="40"/><int name="z" value="0"/><vector name="lt" x="-18" y="-40"/><vector name="rb" x="16" y="4"/><int name="delay" value="210"/><string name="_hash" value="6e87317fb8fc2cb44b6a6a1f4abc6dbd73637a35825f74fa8408a802dedbef0f"/></canvas><canvas name="3" width="33" height="45"><vector name="origin" x="18" y="41"/><int name="z" value="0"/><vector name="lt" x="-18" y="-41"/><vector name="rb" x="15" y="4"/><int name="delay" value="210"/><string name="_hash" value="57471f4c912651a548bf1534141ea38390c6fbce7be22efc67237425ab1a6bbd"/></canvas><canvas name="4" width="33" height="46"><vector name="origin" x="18" y="43"/><int name="z" value="0"/><vector name="lt" x="-18" y="-43"/><vector name="rb" x="15" y="3"/><int name="delay" value="210"/><string name="_hash" value="4f7fe0c28d568e0f8029fb58c62cfad8c85c0af7aaac046d1d606817b390e351"/></canvas><canvas name="5" width="33" height="44"><vector name="origin" x="18" y="41"/><int name="z" value="0"/><vector name="lt" x="-18" y="-41"/><vector name="rb" x="15" y="3"/><int name="delay" value="210"/><string name="_hash" value="4deed65939b5b65fb716a79928d0416003627da17a5b1401f96f19a826e78086"/></canvas><canvas name="6" width="33" height="44"><vector name="origin" x="18" y="40"/><int name="z" value="0"/><vector name="lt" x="-18" y="-40"/><vector name="rb" x="15" y="4"/><int name="delay" value="210"/><string name="_hash" value="2504e16ecebae3fad0e5b31ade124884899e241a6b277924dfb009e4b2421f20"/></canvas><canvas name="7" width="1" height="1"><vector name="origin" x="18" y="41"/><int name="z" value="0"/><vector name="lt" x="-18" y="-41"/><vector name="rb" x="15" y="3"/><int name="delay" value="210"/><string name="_inlink" value="stand0/3"/></canvas><canvas name="8" width="1" height="1"><vector name="origin" x="18" y="42"/><int name="z" value="0"/><vector name="lt" x="-18" y="-42"/><vector name="rb" x="15" y="2"/><int name="delay" value="210"/><string name="_inlink" value="stand0/0"/></canvas><canvas name="9" width="1" height="1"><vector name="origin" x="18" y="41"/><int name="z" value="0"/><vector name="lt" x="-18" y="-41"/><vector name="rb" x="15" y="3"/><int name="delay" value="210"/><string name="_inlink" value="stand0/1"/></canvas><canvas name="10" width="1" height="1"><vector name="origin" x="18" y="40"/><int name="z" value="0"/><vector name="lt" x="-18" y="-40"/><vector name="rb" x="15" y="4"/><int name="delay" value="210"/><string name="_inlink" value="stand1/6"/></canvas><canvas name="11" width="1" height="1"><vector name="origin" x="18" y="41"/><int name="z" value="0"/><vector name="lt" x="-18" y="-41"/><vector name="rb" x="15" y="3"/><int name="delay" value="210"/><string name="_inlink" value="stand0/3"/></canvas></imgdir><imgdir name="rest0"><canvas name="0" width="62" height="50"><vector name="origin" x="19" y="44"/><int name="z" value="0"/><vector name="lt" x="-19" y="-44"/><vector name="rb" x="43" y="6"/><int name="delay" value="210"/><string name="_hash" value="dcbe9962798159eb5dc7c341d133d2bd10c6477a6f054a6700f09c29bb86dcd6"/></canvas><canvas name="1" width="62" height="50"><vector name="origin" x="19" y="44"/><int name="z" value="0"/><vector name="lt" x="-19" y="-44"/><vector name="rb" x="43" y="6"/><int name="delay" value="210"/><string name="_hash" value="53d4406c12b08b1601d25b98f870ad759e7665379adf03f9d383b07962baa7e9"/></canvas><canvas name="2" width="62" height="50"><vector name="origin" x="19" y="44"/><int name="z" value="0"/><vector name="lt" x="-19" y="-44"/><vector name="rb" x="43" y="6"/><int name="delay" value="210"/><string name="_hash" value="7b6baa6b8b92a32be3314775164dabc38c781bf40000b4c6fc370207b383afe4"/></canvas><canvas name="3" width="62" height="50"><vector name="origin" x="19" y="44"/><int name="z" value="0"/><vector name="lt" x="-19" y="-44"/><vector name="rb" x="43" y="6"/><int name="delay" value="210"/><string name="_hash" value="ae65c830dae4cd382620e4570fb6644408ec91ad9cc48a1b1de6fe5b0fd62a93"/></canvas><canvas name="4" width="62" height="50"><vector name="origin" x="19" y="44"/><int name="z" value="0"/><vector name="lt" x="-19" y="-44"/><vector name="rb" x="43" y="6"/><int name="delay" value="210"/><string name="_hash" value="83cb29ae513b219f3d42103aeaa8b45eab9aaced7b21203eef22a3c2f7acfe2a"/></canvas><canvas name="5" width="62" height="50"><vector name="origin" x="19" y="44"/><int name="z" value="0"/><vector name="lt" x="-19" y="-44"/><vector name="rb" x="43" y="6"/><int name="delay" value="210"/><string name="_hash" value="23705bf74aa4edde531a01c395ccba7a028399eb8773175c8beebdfa284002ac"/></canvas><canvas name="6" width="62" height="50"><vector name="origin" x="19" y="44"/><int name="z" value="0"/><vector name="lt" x="-19" y="-44"/><vector name="rb" x="43" y="6"/><int name="delay" value="210"/><string name="_hash" value="e38cd0d9a59289859b0041a64d6f2756566a67f732d8f967119623fb9361f4af"/></canvas><canvas name="7" width="62" height="50"><vector name="origin" x="19" y="44"/><int name="z" value="0"/><vector name="lt" x="-19" y="-44"/><vector name="rb" x="43" y="6"/><int name="delay" value="210"/><string name="_hash" value="93be21f43f0a8bf4d105424400af8b9a10a6919d78325ea91aa1b271f557bc17"/></canvas><canvas name="8" width="62" height="50"><vector name="origin" x="19" y="44"/><int name="z" value="0"/><vector name="lt" x="-19" y="-44"/><vector name="rb" x="43" y="6"/><int name="delay" value="210"/><string name="_hash" value="18f93e9c63924a3a7a6d42b26998f5c0014bd922a92eb370d0589785132cbf1f"/></canvas><canvas name="9" width="62" height="50"><vector name="origin" x="19" y="44"/><int name="z" value="0"/><vector name="lt" x="-19" y="-44"/><vector name="rb" x="43" y="6"/><int name="delay" value="210"/><string name="_hash" value="167989614c038549faff19eb4d1a04208adf14f15379bccf25306ab1723c04aa"/></canvas><canvas name="10" width="62" height="50"><vector name="origin" x="19" y="44"/><int name="z" value="0"/><vector name="lt" x="-19" y="-44"/><vector name="rb" x="43" y="6"/><int name="delay" value="210"/><string name="_hash" value="ce14f657970be75ab7840f0ccacfafc9c83d718dfe01f9f67fe7accc5c36c0d8"/></canvas><canvas name="11" width="62" height="50"><vector name="origin" x="19" y="44"/><int name="z" value="0"/><vector name="lt" x="-19" y="-44"/><vector name="rb" x="43" y="6"/><int name="delay" value="210"/><string name="_hash" value="3322348542cc6ef70a08a94a587e7a83c4187ed414fb089e6c0d66b32e50725c"/></canvas></imgdir><imgdir name="move"><canvas name="0" width="35" height="44"><vector name="origin" x="20" y="42"/><int name="z" value="0"/><vector name="lt" x="-20" y="-42"/><vector name="rb" x="15" y="2"/><int name="delay" value="210"/><string name="_hash" value="48bae9fb530d52e6f57c11f2f4ec74441baeb1a45e3cde655f9041d1c1a4d0a4"/></canvas><canvas name="1" width="35" height="46"><vector name="origin" x="20" y="42"/><int name="z" value="0"/><vector name="lt" x="-20" y="-42"/><vector name="rb" x="15" y="4"/><int name="delay" value="210"/><string name="_hash" value="65a736f7a12a6dc9eded3e58d39841bef18d13307655fd2886e8189125934f80"/></canvas><canvas name="2" width="35" height="46"><vector name="origin" x="20" y="42"/><int name="z" value="0"/><vector name="lt" x="-20" y="-42"/><vector name="rb" x="15" y="4"/><int name="delay" value="210"/><string name="_hash" value="eaff41279a05be333e02ab2041afa1a01bf0d4aae67a98a0ed7255010147024a"/></canvas><canvas name="3" width="35" height="46"><vector name="origin" x="20" y="42"/><int name="z" value="0"/><vector name="lt" x="-20" y="-42"/><vector name="rb" x="15" y="4"/><int name="delay" value="210"/><string name="_hash" value="c04a4bfb3a75f2084d190f02c4e772803cc7e2688e0a29b98951a1d8bcc8b6fd"/></canvas><canvas name="4" width="39" height="44"><vector name="origin" x="18" y="42"/><int name="z" value="0"/><vector name="lt" x="-18" y="-42"/><vector name="rb" x="21" y="2"/><int name="delay" value="210"/><string name="_hash" value="1509a0a9b179d2f6b47d4ad0cd13499f9469dd052ca352f8e23b8384acfabf3a"/></canvas><canvas name="5" width="46" height="44"><vector name="origin" x="18" y="42"/><int name="z" value="0"/><vector name="lt" x="-18" y="-42"/><vector name="rb" x="28" y="2"/><int name="delay" value="210"/><string name="_hash" value="b5500f7bbda2e08ca40be7e4a6af58485cdfdad1596d5cfbd59d0fb9a2d6f317"/></canvas><canvas name="6" width="53" height="44"><vector name="origin" x="18" y="42"/><int name="z" value="0"/><vector name="lt" x="-18" y="-42"/><vector name="rb" x="35" y="2"/><int name="delay" value="210"/><string name="_hash" value="d4dcccf748d7f14a450ff92e799e545e5275f8e0bf69695f2622b66eb667d73a"/></canvas><canvas name="7" width="53" height="44"><vector name="origin" x="18" y="42"/><int name="z" value="0"/><vector name="lt" x="-18" y="-42"/><vector name="rb" x="35" y="2"/><int name="delay" value="210"/><string name="_hash" value="b72a744955ec7fa44508f6ec063b7774abcafbe26c7722d1b4fc4bdea5be6b6c"/></canvas><canvas name="8" width="53" height="44"><vector name="origin" x="18" y="42"/><int name="z" value="0"/><vector name="lt" x="-18" y="-42"/><vector name="rb" x="35" y="2"/><int name="delay" value="210"/><string name="_hash" value="c4fb4ef7e26aaf4bb0d2abfe1d79c04d8341848efff3ee06a81f5be702ca1e41"/></canvas><canvas name="9" width="53" height="44"><vector name="origin" x="18" y="42"/><int name="z" value="0"/><vector name="lt" x="-18" y="-42"/><vector name="rb" x="35" y="2"/><int name="delay" value="210"/><string name="_hash" value="3272de719e5863f5e7a00814aa7f1df155f559718cf1c8f1503c03bf48643bb2"/></canvas><canvas name="10" width="33" height="44"><vector name="origin" x="18" y="42"/><int name="z" value="0"/><vector name="lt" x="-18" y="-42"/><vector name="rb" x="15" y="2"/><int name="delay" value="210"/><string name="_hash" value="f9495f10b2fb17b1ce3d3595c9480eb535ea310c91836a286e8437602d5d57a3"/></canvas><canvas name="11" width="33" height="44"><vector name="origin" x="18" y="42"/><int name="z" value="0"/><vector name="lt" x="-18" y="-42"/><vector name="rb" x="15" y="2"/><int name="delay" value="210"/><string name="_hash" value="4acd7e8d4203de162e90353b5892549545584fc6d386ec63e1a33175bdd2498f"/></canvas></imgdir><imgdir name="jump"><canvas name="0" width="33" height="44"><vector name="origin" x="18" y="42"/><int name="z" value="0"/><vector name="lt" x="-18" y="-42"/><vector name="rb" x="15" y="2"/><int name="delay" value="210"/><string name="_hash" value="ea6ddf1e5949ab1ffd19931539a7caf034a26c418d526aaecc2e76dccba2822d"/></canvas></imgdir><imgdir name="hungry"><canvas name="0" width="33" height="44"><vector name="origin" x="18" y="42"/><int name="z" value="0"/><vector name="lt" x="-18" y="-42"/><vector name="rb" x="15" y="2"/><int name="delay" value="210"/><string name="_hash" value="f340441a02d05ea6abc6ac28f39117f5fa3f9f0242ace2534242815ae94087c7"/></canvas><canvas name="1" width="33" height="44"><vector name="origin" x="18" y="41"/><int name="z" value="0"/><vector name="lt" x="-18" y="-41"/><vector name="rb" x="15" y="3"/><int name="delay" value="210"/><string name="_hash" value="ac68cba57b2cd6f7c50704ec2656f2cfaf64ab8c56abc0b83cf2cdcd5c50686e"/></canvas><canvas name="2" width="33" height="44"><vector name="origin" x="18" y="40"/><int name="z" value="0"/><vector name="lt" x="-18" y="-40"/><vector name="rb" x="15" y="4"/><int name="delay" value="210"/><string name="_hash" value="739db94d93250f357e71acf7e7fc9a42fa8fd4a213d5335f68f973ea7a1215b4"/></canvas><canvas name="3" width="33" height="44"><vector name="origin" x="18" y="41"/><int name="z" value="0"/><vector name="lt" x="-18" y="-41"/><vector name="rb" x="15" y="3"/><int name="delay" value="210"/><string name="_hash" value="8f0022d6587b808d23e7600da99f11f963868e8f1c011e57bfcb6b698ecd2e50"/></canvas><canvas name="4" width="1" height="1"><vector name="origin" x="18" y="42"/><int name="z" value="0"/><vector name="lt" x="-18" y="-42"/><vector name="rb" x="15" y="2"/><int name="delay" value="210"/><string name="_inlink" value="hungry/0"/></canvas><canvas name="5" width="1" height="1"><vector name="origin" x="18" y="41"/><int name="z" value="0"/><vector name="lt" x="-18" y="-41"/><vector name="rb" x="15" y="3"/><int name="delay" value="210"/><string name="_inlink" value="hungry/1"/></canvas><canvas name="6" width="1" height="1"><vector name="origin" x="18" y="40"/><int name="z" value="0"/><vector name="lt" x="-18" y="-40"/><vector name="rb" x="15" y="4"/><int name="delay" value="210"/><string name="_inlink" value="hungry/2"/></canvas><canvas name="7" width="1" height="1"><vector name="origin" x="18" y="41"/><int name="z" value="0"/><vector name="lt" x="-18" y="-41"/><vector name="rb" x="15" y="3"/><int name="delay" value="210"/><string name="_inlink" value="hungry/3"/></canvas><canvas name="8" width="1" height="1"><vector name="origin" x="18" y="42"/><int name="z" value="0"/><vector name="lt" x="-18" y="-42"/><vector name="rb" x="15" y="2"/><int name="delay" value="210"/><string name="_inlink" value="hungry/0"/></canvas><canvas name="9" width="1" height="1"><vector name="origin" x="18" y="41"/><int name="z" value="0"/><vector name="lt" x="-18" y="-41"/><vector name="rb" x="15" y="3"/><int name="delay" value="210"/><string name="_inlink" value="hungry/1"/></canvas><canvas name="10" width="1" height="1"><vector name="origin" x="18" y="40"/><int name="z" value="0"/><vector name="lt" x="-18" y="-40"/><vector name="rb" x="15" y="4"/><int name="delay" value="210"/><string name="_inlink" value="hungry/2"/></canvas><canvas name="11" width="1" height="1"><vector name="origin" x="18" y="41"/><int name="z" value="0"/><vector name="lt" x="-18" y="-41"/><vector name="rb" x="15" y="3"/><int name="delay" value="210"/><string name="_inlink" value="hungry/3"/></canvas></imgdir><imgdir name="hang"><canvas name="0" width="33" height="44"><vector name="origin" x="18" y="41"/><int name="z" value="0"/><vector name="lt" x="-18" y="-41"/><vector name="rb" x="15" y="3"/><int name="delay" value="210"/><string name="_hash" value="daa3f6e2be65d451de49584e4ce0605b334078e7493365483858e70da02da0df"/></canvas></imgdir><imgdir name="eat"><canvas name="0" width="51" height="46"><vector name="origin" x="29" y="42"/><int name="z" value="0"/><vector name="lt" x="-29" y="-42"/><vector name="rb" x="22" y="4"/><int name="delay" value="210"/><string name="_hash" value="dfe6e41c11f5bd5197270a2696e474d7ad3990f20a260370ec21c9acada71080"/></canvas><canvas name="1" width="51" height="46"><vector name="origin" x="29" y="42"/><int name="z" value="0"/><vector name="lt" x="-29" y="-42"/><vector name="rb" x="22" y="4"/><int name="delay" value="210"/><string name="_hash" value="f88b67870f5b3196a83815774042de335fb61ed43edae63399a07ca5caa76d09"/></canvas><canvas name="2" width="51" height="46"><vector name="origin" x="29" y="42"/><int name="z" value="0"/><vector name="lt" x="-29" y="-42"/><vector name="rb" x="22" y="4"/><int name="delay" value="210"/><string name="_hash" value="81f44843843e2a9c4cb23bf7187e7a3605bfac7a0446fbb492e51a30a0a38a7d"/></canvas><canvas name="3" width="51" height="46"><vector name="origin" x="29" y="42"/><int name="z" value="0"/><vector name="lt" x="-29" y="-42"/><vector name="rb" x="22" y="4"/><int name="delay" value="210"/><string name="_hash" value="6d93176ce201b3d91cf9b7aad21e09f9b409a1f7dd4ab01922ddcfc858bb155e"/></canvas><canvas name="4" width="1" height="1"><vector name="origin" x="29" y="42"/><int name="z" value="0"/><vector name="lt" x="-29" y="-42"/><vector name="rb" x="22" y="4"/><int name="delay" value="210"/><string name="_inlink" value="eat/0"/></canvas><canvas name="5" width="1" height="1"><vector name="origin" x="29" y="42"/><int name="z" value="0"/><vector name="lt" x="-29" y="-42"/><vector name="rb" x="22" y="4"/><int name="delay" value="210"/><string name="_inlink" value="eat/1"/></canvas><canvas name="6" width="1" height="1"><vector name="origin" x="29" y="42"/><int name="z" value="0"/><vector name="lt" x="-29" y="-42"/><vector name="rb" x="22" y="4"/><int name="delay" value="210"/><string name="_inlink" value="eat/2"/></canvas><canvas name="7" width="1" height="1"><vector name="origin" x="29" y="42"/><int name="z" value="0"/><vector name="lt" x="-29" y="-42"/><vector name="rb" x="22" y="4"/><int name="delay" value="210"/><string name="_inlink" value="eat/3"/></canvas><canvas name="8" width="1" height="1"><vector name="origin" x="29" y="42"/><int name="z" value="0"/><vector name="lt" x="-29" y="-42"/><vector name="rb" x="22" y="4"/><int name="delay" value="210"/><string name="_inlink" value="eat/0"/></canvas><canvas name="9" width="1" height="1"><vector name="origin" x="29" y="42"/><int name="z" value="0"/><vector name="lt" x="-29" y="-42"/><vector name="rb" x="22" y="4"/><int name="delay" value="210"/><string name="_inlink" value="eat/1"/></canvas><canvas name="10" width="1" height="1"><vector name="origin" x="29" y="42"/><int name="z" value="0"/><vector name="lt" x="-29" y="-42"/><vector name="rb" x="22" y="4"/><int name="delay" value="210"/><string name="_inlink" value="eat/2"/></canvas><canvas name="11" width="1" height="1"><vector name="origin" x="29" y="42"/><int name="z" value="0"/><vector name="lt" x="-29" y="-42"/><vector name="rb" x="22" y="4"/><int name="delay" value="210"/><string name="_inlink" value="eat/3"/></canvas></imgdir><imgdir name="chat"><canvas name="0" width="1" height="1"><vector name="origin" x="18" y="42"/><int name="z" value="0"/><vector name="lt" x="-18" y="-42"/><vector name="rb" x="15" y="2"/><int name="delay" value="210"/><string name="_inlink" value="stand0/0"/></canvas><canvas name="1" width="1" height="1"><vector name="origin" x="18" y="41"/><int name="z" value="0"/><vector name="lt" x="-18" y="-41"/><vector name="rb" x="15" y="3"/><int name="delay" value="210"/><string name="_inlink" value="stand0/1"/></canvas><canvas name="2" width="1" height="1"><vector name="origin" x="18" y="40"/><int name="z" value="0"/><vector name="lt" x="-18" y="-40"/><vector name="rb" x="15" y="4"/><int name="delay" value="210"/><string name="_inlink" value="stand0/2"/></canvas><canvas name="3" width="1" height="1"><vector name="origin" x="18" y="41"/><int name="z" value="0"/><vector name="lt" x="-18" y="-41"/><vector name="rb" x="15" y="3"/><int name="delay" value="210"/><string name="_inlink" value="stand0/3"/></canvas><canvas name="4" width="1" height="1"><vector name="origin" x="18" y="42"/><int name="z" value="0"/><vector name="lt" x="-18" y="-42"/><vector name="rb" x="15" y="2"/><int name="delay" value="210"/><string name="_inlink" value="stand0/0"/></canvas><canvas name="5" width="1" height="1"><vector name="origin" x="18" y="41"/><int name="z" value="0"/><vector name="lt" x="-18" y="-41"/><vector name="rb" x="15" y="3"/><int name="delay" value="210"/><string name="_inlink" value="stand0/1"/></canvas><canvas name="6" width="33" height="44"><vector name="origin" x="18" y="40"/><int name="z" value="0"/><vector name="lt" x="-18" y="-40"/><vector name="rb" x="15" y="4"/><int name="delay" value="210"/><string name="_hash" value="0d0fe1c0e2109e6bd082f27d2ba32af5b224bf218e4b71e70b857ff5f93c3882"/></canvas><canvas name="7" width="33" height="44"><vector name="origin" x="18" y="41"/><int name="z" value="0"/><vector name="lt" x="-18" y="-41"/><vector name="rb" x="15" y="3"/><int name="delay" value="210"/><string name="_hash" value="7b8d04b915a4bdfa0268509bfa5e356e7437a1393d239180135f6eadd19ba117"/></canvas><canvas name="8" width="1" height="1"><vector name="origin" x="18" y="42"/><int name="z" value="0"/><vector name="lt" x="-18" y="-42"/><vector name="rb" x="15" y="2"/><int name="delay" value="210"/><string name="_inlink" value="stand0/0"/></canvas><canvas name="9" width="1" height="1"><vector name="origin" x="18" y="41"/><int name="z" value="0"/><vector name="lt" x="-18" y="-41"/><vector name="rb" x="15" y="3"/><int name="delay" value="210"/><string name="_inlink" value="stand0/1"/></canvas><canvas name="10" width="1" height="1"><vector name="origin" x="18" y="40"/><int name="z" value="0"/><vector name="lt" x="-18" y="-40"/><vector name="rb" x="15" y="4"/><int name="delay" value="210"/><string name="_inlink" value="chat/6"/></canvas><canvas name="11" width="1" height="1"><vector name="origin" x="18" y="41"/><int name="z" value="0"/><vector name="lt" x="-18" y="-41"/><vector name="rb" x="15" y="3"/><int name="delay" value="210"/><string name="_inlink" value="chat/7"/></canvas></imgdir><imgdir name="love"><canvas name="0" width="37" height="44"><vector name="origin" x="18" y="42"/><int name="z" value="0"/><vector name="lt" x="-18" y="-42"/><vector name="rb" x="19" y="2"/><int name="delay" value="210"/><string name="_hash" value="280f24f86e5d168a0855a6612a48462f90cd0646aaa7bce1aa1bb20ed88fcd01"/></canvas><canvas name="1" width="38" height="44"><vector name="origin" x="18" y="41"/><int name="z" value="0"/><vector name="lt" x="-18" y="-41"/><vector name="rb" x="20" y="3"/><int name="delay" value="210"/><string name="_hash" value="9cc2092111fd5b121652090b362333f184c9b7f52eb5ee26a45d28c07c7d9ec7"/></canvas><canvas name="2" width="39" height="44"><vector name="origin" x="18" y="40"/><int name="z" value="0"/><vector name="lt" x="-18" y="-40"/><vector name="rb" x="21" y="4"/><int name="delay" value="210"/><string name="_hash" value="691531643f6735cec31b4a381c60acbc7c52196f04e86f578e34a68f08311139"/></canvas><canvas name="3" width="40" height="44"><vector name="origin" x="18" y="41"/><int name="z" value="0"/><vector name="lt" x="-18" y="-41"/><vector name="rb" x="22" y="3"/><int name="delay" value="210"/><string name="_hash" value="c2197bf62d4ffef4c51c43503fc64c58870103d41247a5565990bfcbb849967e"/></canvas><canvas name="4" width="39" height="44"><vector name="origin" x="19" y="42"/><int name="z" value="0"/><vector name="lt" x="-19" y="-42"/><vector name="rb" x="20" y="2"/><int name="delay" value="210"/><string name="_hash" value="be8cad2ceba13b00754dac162d7dcbd144e157a7e9b925045e7ca01356f27a7c"/></canvas><canvas name="5" width="39" height="44"><vector name="origin" x="20" y="41"/><int name="z" value="0"/><vector name="lt" x="-20" y="-41"/><vector name="rb" x="19" y="3"/><int name="delay" value="210"/><string name="_hash" value="8590e29335e9fabf7f289225c1fc818d6e2916092bfb17a3fc0ff7474712f9a8"/></canvas><canvas name="6" width="36" height="44"><vector name="origin" x="21" y="40"/><int name="z" value="0"/><vector name="lt" x="-21" y="-40"/><vector name="rb" x="15" y="4"/><int name="delay" value="210"/><string name="_hash" value="f6d0c2f429fd66894d581b91a065ed5e1c693e7bec570c1fd1ee806c05530374"/></canvas><canvas name="7" width="35" height="44"><vector name="origin" x="20" y="41"/><int name="z" value="0"/><vector name="lt" x="-20" y="-41"/><vector name="rb" x="15" y="3"/><int name="delay" value="210"/><string name="_hash" value="761c64711f1b66d5396d4860695cc6444734b181fdd1b774cfb40a48028f0a07"/></canvas><canvas name="8" width="35" height="44"><vector name="origin" x="19" y="42"/><int name="z" value="0"/><vector name="lt" x="-19" y="-42"/><vector name="rb" x="16" y="2"/><int name="delay" value="210"/><string name="_hash" value="163b93a703fdaa2d5ed7814d9c27a99e56256d0e5b86167a5c4af76466d07c8a"/></canvas><canvas name="9" width="35" height="44"><vector name="origin" x="18" y="41"/><int name="z" value="0"/><vector name="lt" x="-18" y="-41"/><vector name="rb" x="17" y="3"/><int name="delay" value="210"/><string name="_hash" value="af3fff4b12bb28945fe440e3efebec5e67725d5c9cded1cce1510f5cfe79ca00"/></canvas><canvas name="10" width="34" height="44"><vector name="origin" x="18" y="40"/><int name="z" value="0"/><vector name="lt" x="-18" y="-40"/><vector name="rb" x="16" y="4"/><int name="delay" value="210"/><string name="_hash" value="61d13a3b05700919894ed5b1c6877294d55098a9347335bd69e81d086b6cc302"/></canvas><canvas name="11" width="33" height="44"><vector name="origin" x="18" y="41"/><int name="z" value="0"/><vector name="lt" x="-18" y="-41"/><vector name="rb" x="15" y="3"/><int name="delay" value="210"/><string name="_hash" value="6aedd0beb9b2fc22e24a896e26fb32bb3f37633c0cdb9499d85d3550a5dc95ce"/></canvas></imgdir><imgdir name="cry"><canvas name="0" width="33" height="40"><vector name="origin" x="18" y="38"/><int name="z" value="0"/><vector name="lt" x="-18" y="-38"/><vector name="rb" x="15" y="2"/><int name="delay" value="210"/><string name="_hash" value="6009da4a97503bb00b2e25f5b09c9f6271271fb5814ce0ae763f639a7e19fafd"/></canvas><canvas name="1" width="33" height="39"><vector name="origin" x="18" y="36"/><int name="z" value="0"/><vector name="lt" x="-18" y="-36"/><vector name="rb" x="15" y="3"/><int name="delay" value="210"/><string name="_hash" value="3b8332c43b6d271b24a27ac162f285de9a7dc70463add06e1266c93bb4c1c0c7"/></canvas><canvas name="2" width="33" height="39"><vector name="origin" x="18" y="35"/><int name="z" value="0"/><vector name="lt" x="-18" y="-35"/><vector name="rb" x="15" y="4"/><int name="delay" value="210"/><string name="_hash" value="764461ebd8cd034879849148e7f80813147e8b5b4bdbbb039fdba4bdddc916c6"/></canvas><canvas name="3" width="33" height="39"><vector name="origin" x="18" y="36"/><int name="z" value="0"/><vector name="lt" x="-18" y="-36"/><vector name="rb" x="15" y="3"/><int name="delay" value="210"/><string name="_hash" value="131e304c9eaa550b137fc7367662f99379a34f1a2c9d257f1fed2a88fa07368b"/></canvas><canvas name="4" width="1" height="1"><vector name="origin" x="18" y="38"/><int name="z" value="0"/><vector name="lt" x="-18" y="-38"/><vector name="rb" x="15" y="2"/><int name="delay" value="210"/><string name="_inlink" value="cry/0"/></canvas><canvas name="5" width="1" height="1"><vector name="origin" x="18" y="36"/><int name="z" value="0"/><vector name="lt" x="-18" y="-36"/><vector name="rb" x="15" y="3"/><int name="delay" value="210"/><string name="_inlink" value="cry/1"/></canvas><canvas name="6" width="1" height="1"><vector name="origin" x="18" y="35"/><int name="z" value="0"/><vector name="lt" x="-18" y="-35"/><vector name="rb" x="15" y="4"/><int name="delay" value="210"/><string name="_inlink" value="cry/2"/></canvas><canvas name="7" width="1" height="1"><vector name="origin" x="18" y="36"/><int name="z" value="0"/><vector name="lt" x="-18" y="-36"/><vector name="rb" x="15" y="3"/><int name="delay" value="210"/><string name="_inlink" value="cry/3"/></canvas><canvas name="8" width="1" height="1"><vector name="origin" x="18" y="38"/><int name="z" value="0"/><vector name="lt" x="-18" y="-38"/><vector name="rb" x="15" y="2"/><int name="delay" value="210"/><string name="_inlink" value="cry/0"/></canvas><canvas name="9" width="1" height="1"><vector name="origin" x="18" y="36"/><int name="z" value="0"/><vector name="lt" x="-18" y="-36"/><vector name="rb" x="15" y="3"/><int name="delay" value="210"/><string name="_inlink" value="cry/1"/></canvas><canvas name="10" width="1" height="1"><vector name="origin" x="18" y="35"/><int name="z" value="0"/><vector name="lt" x="-18" y="-35"/><vector name="rb" x="15" y="4"/><int name="delay" value="210"/><string name="_inlink" value="cry/2"/></canvas><canvas name="11" width="1" height="1"><vector name="origin" x="18" y="36"/><int name="z" value="0"/><vector name="lt" x="-18" y="-36"/><vector name="rb" x="15" y="3"/><int name="delay" value="210"/><string name="_inlink" value="cry/3"/></canvas></imgdir><imgdir name="dung"><canvas name="0" width="33" height="44"><vector name="origin" x="18" y="42"/><int name="z" value="0"/><vector name="lt" x="-18" y="-42"/><vector name="rb" x="15" y="2"/><int name="delay" value="210"/><string name="_hash" value="fe86fba9c133ec9bb9181da93a8fc3c1e44dce9897b0d661f447e18c6011c5bd"/></canvas><canvas name="1" width="33" height="44"><vector name="origin" x="18" y="42"/><int name="z" value="0"/><vector name="lt" x="-18" y="-42"/><vector name="rb" x="15" y="2"/><int name="delay" value="210"/><string name="_hash" value="216acbfbfea63ff4023d0833ea374b62d918a02632aa434e06662edc188689b3"/></canvas><canvas name="2" width="33" height="44"><vector name="origin" x="18" y="42"/><int name="z" value="0"/><vector name="lt" x="-18" y="-42"/><vector name="rb" x="15" y="2"/><int name="delay" value="210"/><string name="_hash" value="1f9208ff209b9a7529697fc14b21247b1d2bff1fc1dec93700a561bd4af753a1"/></canvas><canvas name="3" width="33" height="44"><vector name="origin" x="18" y="42"/><int name="z" value="0"/><vector name="lt" x="-18" y="-42"/><vector name="rb" x="15" y="2"/><int name="delay" value="210"/><string name="_hash" value="c93293534c129ed329f3620372ebe73ae5aa4a87e877f9055d896eee48655ddf"/></canvas><canvas name="4" width="33" height="44"><vector name="origin" x="18" y="42"/><int name="z" value="0"/><vector name="lt" x="-18" y="-42"/><vector name="rb" x="15" y="2"/><int name="delay" value="210"/><string name="_hash" value="af4e66118b8f5a7bc4c0ac8fd312f05c03b7c4f27affc754ee1f73043030b149"/></canvas><canvas name="5" width="33" height="44"><vector name="origin" x="18" y="42"/><int name="z" value="0"/><vector name="lt" x="-18" y="-42"/><vector name="rb" x="15" y="2"/><int name="delay" value="210"/><string name="_hash" value="af1c8f7ad886fdb5af9002815df1777e5899eb60cb24530890ff8757d9b7bb70"/></canvas><canvas name="6" width="33" height="44"><vector name="origin" x="18" y="42"/><int name="z" value="0"/><vector name="lt" x="-18" y="-42"/><vector name="rb" x="15" y="2"/><int name="delay" value="210"/><string name="_hash" value="f85c952de0a4dd00310b64fb3c9c56ab3405f2b5732863db75ee1294b8f3b0e7"/></canvas><canvas name="7" width="33" height="44"><vector name="origin" x="18" y="42"/><int name="z" value="0"/><vector name="lt" x="-18" y="-42"/><vector name="rb" x="15" y="2"/><int name="delay" value="210"/><string name="_hash" value="fe44f069a7ef852813152e2ab0ae0c23493999a55db1bd1b75cf730e237cd70f"/></canvas><canvas name="8" width="1" height="1"><vector name="origin" x="18" y="42"/><int name="z" value="0"/><vector name="lt" x="-18" y="-42"/><vector name="rb" x="15" y="2"/><int name="delay" value="210"/><string name="_inlink" value="dung/4"/></canvas><canvas name="9" width="33" height="44"><vector name="origin" x="18" y="43"/><int name="z" value="0"/><vector name="lt" x="-18" y="-43"/><vector name="rb" x="15" y="1"/><int name="delay" value="210"/><string name="_hash" value="6e6c79f6f4ad26ef56c5a572ea29edd9691d61e5a4873f90994ea146b48846ef"/></canvas><canvas name="10" width="44" height="44"><vector name="origin" x="19" y="44"/><int name="z" value="0"/><vector name="lt" x="-19" y="-44"/><vector name="rb" x="25" y="0"/><int name="delay" value="210"/><string name="_hash" value="8e3d1578370bfb2329266b5ac21af7bd91e2423f66987ce50e43e35af199cfad"/></canvas><canvas name="11" width="44" height="44"><vector name="origin" x="19" y="41"/><int name="z" value="0"/><vector name="lt" x="-19" y="-41"/><vector name="rb" x="25" y="3"/><int name="delay" value="210"/><string name="_hash" value="c759dd87e9cac6160d38f8215510e62904077cefbcbe17ade9f9570796cead58"/></canvas></imgdir><imgdir name="sleep"><canvas name="0" width="56" height="50"><vector name="origin" x="23" y="48"/><int name="z" value="0"/><vector name="lt" x="-23" y="-48"/><vector name="rb" x="33" y="2"/><int name="delay" value="210"/><string name="_hash" value="4312e3df77447d1d7f198fc4f0d0311b8849ca16377bcf8791eb3b176f49efc3"/></canvas><canvas name="1" width="55" height="50"><vector name="origin" x="22" y="47"/><int name="z" value="0"/><vector name="lt" x="-22" y="-47"/><vector name="rb" x="33" y="3"/><int name="delay" value="210"/><string name="_hash" value="fe477ca9a966300c1dd879098d43d534f7807c527aca129003f67763576a3aeb"/></canvas><canvas name="2" width="54" height="50"><vector name="origin" x="21" y="46"/><int name="z" value="0"/><vector name="lt" x="-21" y="-46"/><vector name="rb" x="33" y="4"/><int name="delay" value="210"/><string name="_hash" value="f22852657043be5bdeb279ff3a3a5aac4f6dad9c31041c89527fbd1160978463"/></canvas><canvas name="3" width="55" height="50"><vector name="origin" x="22" y="47"/><int name="z" value="0"/><vector name="lt" x="-22" y="-47"/><vector name="rb" x="33" y="3"/><int name="delay" value="210"/><string name="_hash" value="3979300a2ac20a571b847b2d3a4c5fdb6ce7711a5d23321198b66640b9842943"/></canvas><canvas name="4" width="55" height="50"><vector name="origin" x="23" y="48"/><int name="z" value="0"/><vector name="lt" x="-23" y="-48"/><vector name="rb" x="32" y="2"/><int name="delay" value="210"/><string name="_hash" value="7227690d3713a97f4711c7b16f790bbb02646ffe3ba414e9e4e9c535ef0ae8c8"/></canvas><canvas name="5" width="54" height="50"><vector name="origin" x="23" y="47"/><int name="z" value="0"/><vector name="lt" x="-23" y="-47"/><vector name="rb" x="31" y="3"/><int name="delay" value="210"/><string name="_hash" value="ba34fed111821898d010fe8badd1da7df2cdf05f74bec21d2a478539976dd947"/></canvas><canvas name="6" width="55" height="50"><vector name="origin" x="23" y="46"/><int name="z" value="0"/><vector name="lt" x="-23" y="-46"/><vector name="rb" x="32" y="4"/><int name="delay" value="210"/><string name="_hash" value="65691b6d8404024a2f6dae7f9b41c0e7d2338be28a1f4f4aac92de9abe4bddbf"/></canvas><canvas name="7" width="56" height="50"><vector name="origin" x="23" y="47"/><int name="z" value="0"/><vector name="lt" x="-23" y="-47"/><vector name="rb" x="33" y="3"/><int name="delay" value="210"/><string name="_hash" value="7dd3e89aa18fc4bd49062ac5dcba5862063040b9ec0db3499117367357a291f2"/></canvas><canvas name="8" width="56" height="50"><vector name="origin" x="23" y="48"/><int name="z" value="0"/><vector name="lt" x="-23" y="-48"/><vector name="rb" x="33" y="2"/><int name="delay" value="210"/><string name="_hash" value="b379aaa36b6568622b2e940f61367a36ce910f7b8f88a16d97c04a18273c5639"/></canvas><canvas name="9" width="56" height="50"><vector name="origin" x="23" y="47"/><int name="z" value="0"/><vector name="lt" x="-23" y="-47"/><vector name="rb" x="33" y="3"/><int name="delay" value="210"/><string name="_hash" value="e340163c734917db75763b89d3462a223c70789e307601366d24c78d8a030342"/></canvas><canvas name="10" width="56" height="50"><vector name="origin" x="23" y="46"/><int name="z" value="0"/><vector name="lt" x="-23" y="-46"/><vector name="rb" x="33" y="4"/><int name="delay" value="210"/><string name="_hash" value="6f30148cc264cc48806e50fcb8fb9354d096e9226c058020ab7ee9b3691cb778"/></canvas><canvas name="11" width="56" height="50"><vector name="origin" x="23" y="47"/><int name="z" value="0"/><vector name="lt" x="-23" y="-47"/><vector name="rb" x="33" y="3"/><int name="delay" value="210"/><string name="_hash" value="bfc8a1391bd9aa041db8cf92c81a99f3f1122372b1b97dfad72e44944d0aee12"/></canvas></imgdir><imgdir name="angry"><canvas name="0" width="33" height="44"><vector name="origin" x="18" y="42"/><int name="z" value="0"/><vector name="lt" x="-18" y="-42"/><vector name="rb" x="15" y="2"/><int name="delay" value="210"/><string name="_hash" value="be1fff31c16c0d92da3fdf30c378356caf690c81c5f5443b42ffbb00f4d0e42f"/></canvas><canvas name="1" width="33" height="44"><vector name="origin" x="18" y="41"/><int name="z" value="0"/><vector name="lt" x="-18" y="-41"/><vector name="rb" x="15" y="3"/><int name="delay" value="210"/><string name="_hash" value="099bee06fb5b62808bfa4d9cb5eba7fb2f4dec2c0c773739beb3fe1c0c5db2b2"/></canvas><canvas name="2" width="33" height="44"><vector name="origin" x="18" y="40"/><int name="z" value="0"/><vector name="lt" x="-18" y="-40"/><vector name="rb" x="15" y="4"/><int name="delay" value="210"/><string name="_hash" value="42738e6841c6ad8a9a104f8893ec6d8bd8f14e66898e65ee3f26a6753ffd8551"/></canvas><canvas name="3" width="33" height="44"><vector name="origin" x="18" y="41"/><int name="z" value="0"/><vector name="lt" x="-18" y="-41"/><vector name="rb" x="15" y="3"/><int name="delay" value="210"/><string name="_hash" value="0c4417ee7838e1248afb1016ab07331c9d6a0fc9b88b43ed397a188101f54c80"/></canvas><canvas name="4" width="1" height="1"><vector name="origin" x="18" y="42"/><int name="z" value="0"/><vector name="lt" x="-18" y="-42"/><vector name="rb" x="15" y="2"/><int name="delay" value="210"/><string name="_inlink" value="angry/0"/></canvas><canvas name="5" width="1" height="1"><vector name="origin" x="18" y="41"/><int name="z" value="0"/><vector name="lt" x="-18" y="-41"/><vector name="rb" x="15" y="3"/><int name="delay" value="210"/><string name="_inlink" value="angry/1"/></canvas><canvas name="6" width="1" height="1"><vector name="origin" x="18" y="40"/><int name="z" value="0"/><vector name="lt" x="-18" y="-40"/><vector name="rb" x="15" y="4"/><int name="delay" value="210"/><string name="_inlink" value="angry/2"/></canvas><canvas name="7" width="1" height="1"><vector name="origin" x="18" y="41"/><int name="z" value="0"/><vector name="lt" x="-18" y="-41"/><vector name="rb" x="15" y="3"/><int name="delay" value="210"/><string name="_inlink" value="angry/3"/></canvas><canvas name="8" width="1" height="1"><vector name="origin" x="18" y="42"/><int name="z" value="0"/><vector name="lt" x="-18" y="-42"/><vector name="rb" x="15" y="2"/><int name="delay" value="210"/><string name="_inlink" value="angry/0"/></canvas><canvas name="9" width="1" height="1"><vector name="origin" x="18" y="41"/><int name="z" value="0"/><vector name="lt" x="-18" y="-41"/><vector name="rb" x="15" y="3"/><int name="delay" value="210"/><string name="_inlink" value="angry/1"/></canvas><canvas name="10" width="1" height="1"><vector name="origin" x="18" y="40"/><int name="z" value="0"/><vector name="lt" x="-18" y="-40"/><vector name="rb" x="15" y="4"/><int name="delay" value="210"/><string name="_inlink" value="angry/2"/></canvas><canvas name="11" width="1" height="1"><vector name="origin" x="18" y="41"/><int name="z" value="0"/><vector name="lt" x="-18" y="-41"/><vector name="rb" x="15" y="3"/><int name="delay" value="210"/><string name="_inlink" value="angry/3"/></canvas></imgdir><imgdir name="what"><canvas name="0" width="39" height="44"><vector name="origin" x="18" y="42"/><int name="z" value="0"/><vector name="lt" x="-18" y="-42"/><vector name="rb" x="21" y="2"/><int name="delay" value="210"/><string name="_hash" value="76fd03c64c21e37b225e05e194235484178fbef23d196d9da69f8b227981410b"/></canvas><canvas name="1" width="39" height="44"><vector name="origin" x="18" y="41"/><int name="z" value="0"/><vector name="lt" x="-18" y="-41"/><vector name="rb" x="21" y="3"/><int name="delay" value="210"/><string name="_hash" value="52e220f11f95aa08296b97dd756e1df490952e84adee964143f8dced6b6675f3"/></canvas><canvas name="2" width="39" height="44"><vector name="origin" x="18" y="40"/><int name="z" value="0"/><vector name="lt" x="-18" y="-40"/><vector name="rb" x="21" y="4"/><int name="delay" value="210"/><string name="_hash" value="71d60da2757d31295984003265423ee0b866b318e0e11f24f41719c85c83ae1d"/></canvas><canvas name="3" width="39" height="44"><vector name="origin" x="18" y="41"/><int name="z" value="0"/><vector name="lt" x="-18" y="-41"/><vector name="rb" x="21" y="3"/><int name="delay" value="210"/><string name="_hash" value="ac90f0280fc52251e9f39f9ed1bcfeca67d9264a817a07bd72f5aff12aefb54f"/></canvas><canvas name="4" width="1" height="1"><vector name="origin" x="18" y="42"/><int name="z" value="0"/><vector name="lt" x="-18" y="-42"/><vector name="rb" x="21" y="2"/><int name="delay" value="210"/><string name="_inlink" value="what/0"/></canvas><canvas name="5" width="1" height="1"><vector name="origin" x="18" y="41"/><int name="z" value="0"/><vector name="lt" x="-18" y="-41"/><vector name="rb" x="21" y="3"/><int name="delay" value="210"/><string name="_inlink" value="what/1"/></canvas><canvas name="6" width="1" height="1"><vector name="origin" x="18" y="40"/><int name="z" value="0"/><vector name="lt" x="-18" y="-40"/><vector name="rb" x="21" y="4"/><int name="delay" value="210"/><string name="_inlink" value="what/2"/></canvas><canvas name="7" width="39" height="44"><vector name="origin" x="18" y="41"/><int name="z" value="0"/><vector name="lt" x="-18" y="-41"/><vector name="rb" x="21" y="3"/><int name="delay" value="210"/><string name="_hash" value="ea2a4084d0dd7491a2a139912fc50e9c361e12b641ebfc9a4e9698390181952b"/></canvas><canvas name="8" width="39" height="44"><vector name="origin" x="18" y="42"/><int name="z" value="0"/><vector name="lt" x="-18" y="-42"/><vector name="rb" x="21" y="2"/><int name="delay" value="210"/><string name="_hash" value="7ab56b28da812c6cb75683b78d21b79b601387ba69e100329a18a85913f904d3"/></canvas><canvas name="9" width="1" height="1"><vector name="origin" x="18" y="41"/><int name="z" value="0"/><vector name="lt" x="-18" y="-41"/><vector name="rb" x="21" y="3"/><int name="delay" value="210"/><string name="_inlink" value="what/1"/></canvas><canvas name="10" width="1" height="1"><vector name="origin" x="18" y="40"/><int name="z" value="0"/><vector name="lt" x="-18" y="-40"/><vector name="rb" x="21" y="4"/><int name="delay" value="210"/><string name="_inlink" value="what/2"/></canvas><canvas name="11" width="1" height="1"><vector name="origin" x="18" y="41"/><int name="z" value="0"/><vector name="lt" x="-18" y="-41"/><vector name="rb" x="21" y="3"/><int name="delay" value="210"/><string name="_inlink" value="what/3"/></canvas></imgdir><uol name="sit" value="rest0"/><uol name="fly" value="jump"/></imgdir>