<?xml version="1.0" encoding="UTF-8" standalone="yes"?>
<imgdir name="5002365.img">
<imgdir name="info">
<canvas name="iconD" width="1" height="1">
<vector name="origin" x="0" y="33"/>
<string name="_hash" value="6b52097d2f73b52f66fb0547a04fdceff61f86dd7b705b2e5cd1d29f268a5a94"/>
<string name="_outlink" value="Item/Pet/5002356.img/info/iconD"/>
</canvas>
<canvas name="iconRawD" width="1" height="1">
<vector name="origin" x="1" y="33"/>
<string name="_hash" value="6911f1eb81915c91e7cbf1c289cb07e8062ac6eb2b2bc2979a3d6f915769855b"/>
<string name="_outlink" value="Item/Pet/5002356.img/info/iconRawD"/>
</canvas>
<canvas name="icon" width="1" height="1">
<vector name="origin" x="3" y="34"/>
<string name="_hash" value="945a51357c03fadc5b63daa225efc44becdedce25cd573c7c208ac2c16459014"/>
<string name="_outlink" value="Item/Pet/5002356.img/info/icon"/>
</canvas>
<canvas name="iconRaw" width="1" height="1">
<vector name="origin" x="3" y="34"/>
<int name="z" value="0"/>
<string name="_hash" value="4c29a1dad288731cd23242373ecaf249166add883249c4903191b7567ab55617"/>
<string name="_outlink" value="Item/Pet/5002356.img/info/iconRaw"/>
</canvas>
<int name="hungry" value="2"/>
<int name="cash" value="1"/>
<int name="life" value="90"/>
<int name="chatBalloon" value="605"/>
<int name="nameTag" value="605"/>
<int name="pickupItem" value="1"/>
<int name="multiPet" value="1"/>
<int name="autoBuff" value="1"/>
<int name="setItemID" value="885"/>
<int name="sweepForDrop" value="1"/>
<int name="wonderGrade" value="6"/>
<int name="lifeWaterType" value="1"/>
</imgdir>
<imgdir name="interact">
<imgdir name="0">
<string name="command" value="c1"/>
<int name="inc" value="1"/>
<int name="prob" value="45"/>
<int name="l0" value="1"/>
<int name="l1" value="9"/>
<imgdir name="success">
<imgdir name="0">
<string name="act" value="rest0"/>
<string name="0" value="c1_s1"/>
<string name="1" value="c1_s2"/>
</imgdir>
</imgdir>
<imgdir name="fail">
<imgdir name="0">
<string name="act" value="stand0"/>
<string name="0" value="c1_f1"/>
<string name="1" value="c1_f2"/>
</imgdir>
</imgdir>
</imgdir>
<imgdir name="1">
<string name="command" value="c2"/>
<int name="inc" value="1"/>
<int name="prob" value="60"/>
<int name="l0" value="10"/>
<int name="l1" value="19"/>
<imgdir name="success">
<imgdir name="0">
<string name="act" value="rest0"/>
<string name="0" value="c2_s1"/>
<string name="1" value="c2_s2"/>
<string name="2" value="c2_s3"/>
<string name="3" value="c2_s4"/>
</imgdir>
</imgdir>
<imgdir name="fail">
<imgdir name="0">
<string name="act" value="stand1"/>
<string name="0" value="c2_f1"/>
<string name="1" value="c2_f2"/>
<string name="2" value="c2_f3"/>
<string name="3" value="c2_f4"/>
</imgdir>
</imgdir>
</imgdir>
<imgdir name="2">
<string name="command" value="c3"/>
<int name="inc" value="1"/>
<int name="prob" value="75"/>
<int name="l0" value="20"/>
<int name="l1" value="29"/>
<imgdir name="success">
<imgdir name="0">
<string name="act" value="rest0"/>
<string name="0" value="c3_s1"/>
<string name="1" value="c3_s2"/>
<string name="2" value="c3_s3"/>
<string name="3" value="c3_s4"/>
</imgdir>
</imgdir>
<imgdir name="fail">
<imgdir name="0">
<string name="act" value="stand1"/>
<string name="0" value="c3_f1"/>
<string name="1" value="c3_f2"/>
<string name="2" value="c3_f3"/>
<string name="3" value="c3_f4"/>
</imgdir>
</imgdir>
</imgdir>
<imgdir name="3">
<string name="command" value="c4"/>
<int name="inc" value="1"/>
<int name="prob" value="45"/>
<int name="l0" value="30"/>
<int name="l1" value="30"/>
<imgdir name="success">
<imgdir name="0">
<string name="act" value="rest0"/>
<string name="0" value="c4_s1"/>
<string name="1" value="c4_s2"/>
<string name="2" value="c4_s3"/>
<string name="3" value="c4_s4"/>
</imgdir>
</imgdir>
<imgdir name="fail">
<imgdir name="0">
<string name="act" value="stand0"/>
<string name="0" value="c4_f1"/>
<string name="1" value="c4_f2"/>
<string name="2" value="c4_f3"/>
<string name="3" value="c4_f4"/>
</imgdir>
</imgdir>
</imgdir>
<imgdir name="4">
<string name="command" value="c5"/>
<int name="inc" value="1"/>
<int name="prob" value="60"/>
<int name="l0" value="1"/>
<int name="l1" value="9"/>
<imgdir name="success">
<imgdir name="0">
<string name="act" value="cry"/>
<string name="0" value="c5_s1"/>
<string name="1" value="c5_s2"/>
</imgdir>
</imgdir>
<imgdir name="fail">
<imgdir name="0">
<string name="act" value="stand1"/>
<string name="0" value="c5_f1"/>
<string name="1" value="c5_f2"/>
</imgdir>
</imgdir>
</imgdir>
<imgdir name="5">
<string name="command" value="c6"/>
<int name="inc" value="1"/>
<int name="prob" value="75"/>
<int name="l0" value="10"/>
<int name="l1" value="19"/>
<imgdir name="success">
<imgdir name="0">
<string name="act" value="cry"/>
<string name="0" value="c6_s1"/>
<string name="1" value="c6_s2"/>
<string name="2" value="c6_s3"/>
<string name="3" value="c6_s4"/>
</imgdir>
</imgdir>
<imgdir name="fail">
<imgdir name="0">
<string name="act" value="stand1"/>
<string name="0" value="c6_f1"/>
<string name="1" value="c6_f2"/>
<string name="2" value="c6_f3"/>
<string name="3" value="c6_f4"/>
</imgdir>
</imgdir>
</imgdir>
<imgdir name="6">
<string name="command" value="c7"/>
<int name="inc" value="1"/>
<int name="prob" value="45"/>
<int name="l0" value="20"/>
<int name="l1" value="29"/>
<imgdir name="success">
<imgdir name="0">
<string name="act" value="cry"/>
<string name="0" value="c7_s1"/>
<string name="1" value="c7_s2"/>
<string name="2" value="c7_s3"/>
<string name="3" value="c7_s4"/>
</imgdir>
</imgdir>
<imgdir name="fail">
<imgdir name="0">
<string name="act" value="stand1"/>
<string name="0" value="c7_f1"/>
<string name="1" value="c7_f2"/>
<string name="2" value="c7_f3"/>
<string name="3" value="c7_f4"/>
</imgdir>
</imgdir>
</imgdir>
<imgdir name="7">
<string name="command" value="c8"/>
<int name="inc" value="1"/>
<int name="prob" value="60"/>
<int name="l0" value="30"/>
<int name="l1" value="30"/>
<imgdir name="success">
<imgdir name="0">
<string name="act" value="cry"/>
<string name="0" value="c8_s1"/>
<string name="1" value="c8_s2"/>
<string name="2" value="c8_s3"/>
<string name="3" value="c8_s4"/>
</imgdir>
</imgdir>
<imgdir name="fail">
<imgdir name="0">
<string name="act" value="stand1"/>
<string name="0" value="c8_f1"/>
<string name="1" value="c8_f2"/>
<string name="2" value="c8_f3"/>
<string name="3" value="c8_f4"/>
</imgdir>
</imgdir>
</imgdir>
<imgdir name="8">
<string name="command" value="c9"/>
<int name="inc" value="1"/>
<int name="prob" value="75"/>
<int name="l0" value="1"/>
<int name="l1" value="9"/>
<imgdir name="success">
<imgdir name="0">
<string name="act" value="love"/>
<string name="0" value="c9_s1"/>
<string name="1" value="c9_s2"/>
</imgdir>
</imgdir>
<imgdir name="fail">
<imgdir name="0">
<string name="act" value="stand0"/>
<string name="0" value="c9_f1"/>
<string name="1" value="c9_f2"/>
</imgdir>
</imgdir>
</imgdir>
<imgdir name="9">
<string name="command" value="c10"/>
<int name="inc" value="1"/>
<int name="prob" value="55"/>
<int name="l0" value="10"/>
<int name="l1" value="19"/>
<imgdir name="success">
<imgdir name="0">
<string name="act" value="love"/>
<string name="0" value="c10_s1"/>
<string name="1" value="c10_s2"/>
<string name="2" value="c10_s3"/>
<string name="3" value="c10_s4"/>
</imgdir>
</imgdir>
<imgdir name="fail">
<imgdir name="0">
<string name="act" value="stand0"/>
<string name="0" value="c10_f1"/>
<string name="1" value="c10_f2"/>
<string name="2" value="c10_f3"/>
<string name="3" value="c10_f4"/>
</imgdir>
</imgdir>
</imgdir>
<imgdir name="10">
<string name="command" value="c11"/>
<int name="inc" value="1"/>
<int name="prob" value="60"/>
<int name="l0" value="20"/>
<int name="l1" value="29"/>
<imgdir name="success">
<imgdir name="0">
<string name="act" value="love"/>
<string name="0" value="c11_s1"/>
<string name="1" value="c11_s2"/>
<string name="2" value="c11_s3"/>
<string name="3" value="c11_s4"/>
</imgdir>
</imgdir>
<imgdir name="fail">
<imgdir name="0">
<string name="act" value="what"/>
<string name="0" value="c11_f1"/>
<string name="1" value="c11_f2"/>
<string name="2" value="c11_f3"/>
<string name="3" value="c11_f4"/>
</imgdir>
</imgdir>
</imgdir>
<imgdir name="11">
<string name="command" value="c12"/>
<int name="inc" value="1"/>
<int name="prob" value="75"/>
<int name="l0" value="30"/>
<int name="l1" value="30"/>
<imgdir name="success">
<imgdir name="0">
<string name="act" value="love"/>
<string name="0" value="c12_s1"/>
<string name="1" value="c12_s2"/>
<string name="2" value="c12_s3"/>
<string name="3" value="c12_s4"/>
</imgdir>
</imgdir>
<imgdir name="fail">
<imgdir name="0">
<string name="act" value="stand0"/>
<string name="0" value="c12_f1"/>
<string name="1" value="c12_f2"/>
<string name="2" value="c12_f3"/>
<string name="3" value="c12_f4"/>
</imgdir>
</imgdir>
</imgdir>
<imgdir name="12">
<string name="command" value="c13"/>
<int name="inc" value="1"/>
<int name="prob" value="45"/>
<int name="l0" value="10"/>
<int name="l1" value="19"/>
<imgdir name="success">
<imgdir name="0">
<string name="act" value="dung"/>
<string name="0" value="c13_s1"/>
<string name="1" value="c13_s2"/>
<string name="2" value="c13_s3"/>
<string name="3" value="c13_s4"/>
</imgdir>
</imgdir>
<imgdir name="fail">
<imgdir name="0">
<string name="act" value="what"/>
<string name="0" value="c13_f1"/>
<string name="1" value="c13_f2"/>
<string name="2" value="c13_f3"/>
<string name="3" value="c13_f4"/>
</imgdir>
</imgdir>
</imgdir>
<imgdir name="13">
<string name="command" value="c14"/>
<int name="inc" value="1"/>
<int name="prob" value="60"/>
<int name="l0" value="20"/>
<int name="l1" value="29"/>
<imgdir name="success">
<imgdir name="0">
<string name="act" value="dung"/>
<string name="0" value="c14_s1"/>
<string name="1" value="c14_s2"/>
<string name="2" value="c14_s3"/>
<string name="3" value="c14_s4"/>
</imgdir>
</imgdir>
<imgdir name="fail">
<imgdir name="0">
<string name="act" value="cry"/>
<string name="0" value="c14_f1"/>
<string name="1" value="c14_f2"/>
<string name="2" value="c14_f3"/>
<string name="3" value="c14_f4"/>
</imgdir>
</imgdir>
</imgdir>
<imgdir name="14">
<string name="command" value="c15"/>
<int name="inc" value="1"/>
<int name="prob" value="75"/>
<int name="l0" value="30"/>
<int name="l1" value="30"/>
<imgdir name="success">
<imgdir name="0">
<string name="act" value="dung"/>
<string name="0" value="c15_s1"/>
<string name="1" value="c15_s2"/>
<string name="2" value="c15_s3"/>
<string name="3" value="c15_s4"/>
</imgdir>
</imgdir>
<imgdir name="fail">
<imgdir name="0">
<string name="act" value="chat"/>
<string name="0" value="c15_f1"/>
<string name="1" value="c15_f2"/>
<string name="2" value="c15_f3"/>
<string name="3" value="c15_f4"/>
</imgdir>
</imgdir>
</imgdir>
<imgdir name="15">
<string name="command" value="c16"/>
<int name="inc" value="1"/>
<int name="prob" value="80"/>
<int name="l0" value="10"/>
<int name="l1" value="19"/>
<imgdir name="success">
<imgdir name="0">
<string name="act" value="sleep"/>
<string name="0" value="c16_s1"/>
<string name="1" value="c16_s2"/>
<string name="2" value="c16_s3"/>
<string name="3" value="c16_s4"/>
</imgdir>
</imgdir>
<imgdir name="fail">
<imgdir name="0">
<string name="act" value="hungry"/>
<string name="0" value="c16_f1"/>
<string name="1" value="c16_f2"/>
<string name="2" value="c16_f3"/>
<string name="3" value="c16_f4"/>
</imgdir>
</imgdir>
</imgdir>
<imgdir name="16">
<string name="command" value="c17"/>
<int name="inc" value="2"/>
<int name="prob" value="80"/>
<int name="l0" value="20"/>
<int name="l1" value="29"/>
<imgdir name="success">
<imgdir name="0">
<string name="act" value="sleep"/>
<string name="0" value="c17_s1"/>
<string name="1" value="c17_s2"/>
<string name="2" value="c17_s3"/>
<string name="3" value="c17_s4"/>
</imgdir>
</imgdir>
<imgdir name="fail">
<imgdir name="0">
<string name="act" value="jump"/>
<string name="0" value="c17_f1"/>
<string name="1" value="c17_f2"/>
<string name="2" value="c17_f3"/>
<string name="3" value="c17_f4"/>
</imgdir>
</imgdir>
</imgdir>
<imgdir name="17">
<string name="command" value="c18"/>
<int name="inc" value="2"/>
<int name="prob" value="80"/>
<int name="l0" value="30"/>
<int name="l1" value="30"/>
<imgdir name="success">
<imgdir name="0">
<string name="act" value="sleep"/>
<string name="0" value="c18_s1"/>
<string name="1" value="c18_s2"/>
<string name="2" value="c18_s3"/>
<string name="3" value="c18_s4"/>
</imgdir>
</imgdir>
<imgdir name="fail">
<imgdir name="0">
<string name="act" value="move"/>
<string name="0" value="c18_f1"/>
<string name="1" value="c18_f2"/>
<string name="2" value="c18_f3"/>
<string name="3" value="c18_f4"/>
</imgdir>
</imgdir>
</imgdir>
<imgdir name="18">
<string name="command" value="c19"/>
<int name="inc" value="2"/>
<int name="prob" value="50"/>
<int name="l0" value="10"/>
<int name="l1" value="19"/>
<imgdir name="success">
<imgdir name="0">
<string name="act" value="chat"/>
<string name="0" value="c19_s1"/>
<string name="1" value="c19_s2"/>
<string name="2" value="c19_s3"/>
<string name="3" value="c19_s4"/>
</imgdir>
</imgdir>
<imgdir name="fail">
<imgdir name="0">
<string name="act" value="what"/>
<string name="0" value="c19_f1"/>
<string name="1" value="c19_f2"/>
<string name="2" value="c19_f3"/>
<string name="3" value="c19_f4"/>
</imgdir>
</imgdir>
</imgdir>
<imgdir name="19">
<string name="command" value="c20"/>
<int name="inc" value="2"/>
<int name="prob" value="65"/>
<int name="l0" value="20"/>
<int name="l1" value="29"/>
<imgdir name="success">
<imgdir name="0">
<string name="act" value="chat"/>
<string name="0" value="c20_s1"/>
<string name="1" value="c20_s2"/>
<string name="2" value="c20_s3"/>
<string name="3" value="c20_s4"/>
</imgdir>
</imgdir>
<imgdir name="fail">
<imgdir name="0">
<string name="act" value="what"/>
<string name="0" value="c20_f1"/>
<string name="1" value="c20_f2"/>
<string name="2" value="c20_f3"/>
<string name="3" value="c20_f4"/>
</imgdir>
</imgdir>
</imgdir>
<imgdir name="20">
<string name="command" value="c21"/>
<int name="inc" value="2"/>
<int name="prob" value="80"/>
<int name="l0" value="30"/>
<int name="l1" value="30"/>
<imgdir name="success">
<imgdir name="0">
<string name="act" value="chat"/>
<string name="0" value="c21_s1"/>
<string name="1" value="c21_s2"/>
<string name="2" value="c21_s3"/>
<string name="3" value="c21_s4"/>
</imgdir>
</imgdir>
<imgdir name="fail">
<imgdir name="0">
<string name="act" value="what"/>
<string name="0" value="c21_f1"/>
<string name="1" value="c21_f2"/>
<string name="2" value="c21_f3"/>
<string name="3" value="c21_f4"/>
</imgdir>
</imgdir>
</imgdir>
</imgdir>
<imgdir name="food">
<imgdir name="0">
<int name="l0" value="1"/>
<int name="l1" value="9"/>
<imgdir name="success">
<imgdir name="0">
<string name="act" value="eat"/>
<string name="0" value="f1_s"/>
</imgdir>
</imgdir>
<imgdir name="fail">
<imgdir name="0">
<string name="act" value="cry"/>
<string name="0" value="f1_f"/>
</imgdir>
</imgdir>
</imgdir>
<imgdir name="1">
<int name="l0" value="10"/>
<int name="l1" value="19"/>
<imgdir name="success">
<imgdir name="0">
<string name="act" value="eat"/>
<string name="0" value="f2_s"/>
</imgdir>
</imgdir>
<imgdir name="fail">
<imgdir name="0">
<string name="act" value="cry"/>
<string name="0" value="f2_f"/>
</imgdir>
</imgdir>
</imgdir>
<imgdir name="2">
<int name="l0" value="20"/>
<int name="l1" value="29"/>
<imgdir name="success">
<imgdir name="0">
<string name="act" value="eat"/>
<string name="0" value="f3_s"/>
</imgdir>
</imgdir>
<imgdir name="fail">
<imgdir name="0">
<string name="act" value="cry"/>
<string name="0" value="f3_f"/>
</imgdir>
</imgdir>
</imgdir>
<imgdir name="3">
<int name="l0" value="30"/>
<int name="l1" value="30"/>
<imgdir name="success">
<imgdir name="0">
<string name="act" value="eat"/>
<string name="0" value="f4_s"/>
</imgdir>
</imgdir>
<imgdir name="fail">
<imgdir name="0">
<string name="act" value="cry"/>
<string name="0" value="f4_f"/>
</imgdir>
</imgdir>
</imgdir>
</imgdir>
<imgdir name="slang">
<imgdir name="0">
<int name="l0" value="1"/>
<int name="l1" value="9"/>
<string name="act" value="cry"/>
<string name="0" value="s1"/>
</imgdir>
<imgdir name="1">
<int name="l0" value="10"/>
<int name="l1" value="19"/>
<string name="act" value="cry"/>
<string name="0" value="s2"/>
</imgdir>
<imgdir name="2">
<int name="l0" value="20"/>
<int name="l1" value="29"/>
<string name="act" value="angry"/>
<string name="0" value="s3"/>
</imgdir>
<imgdir name="3">
<int name="l0" value="30"/>
<int name="l1" value="30"/>
<string name="act" value="angry"/>
<string name="0" value="s4"/>
</imgdir>
</imgdir>
<imgdir name="stand0">
<canvas name="0" width="1" height="1">
<vector name="origin" x="32" y="53"/>
<int name="z" value="0"/>
<vector name="lt" x="-15" y="-35"/>
<vector name="rb" x="16" y="-3"/>
<int name="delay" value="180"/>
<string name="_hash" value="302a16d35a31307c7440883e4cd53a301d8ebaecb3a9cc0c98f567ca2ca18cfe"/>
<string name="_outlink" value="Item/Pet/5002356.img/stand0/0"/>
</canvas>
<canvas name="1" width="1" height="1">
<vector name="origin" x="32" y="53"/>
<int name="z" value="0"/>
<vector name="lt" x="-15" y="-35"/>
<vector name="rb" x="16" y="-3"/>
<int name="delay" value="180"/>
<string name="_hash" value="a1d0caf9cf58a7e16c17c69495beca95359d09abf8bf9aab85d7d90626ee0531"/>
<string name="_outlink" value="Item/Pet/5002356.img/stand0/1"/>
</canvas>
<canvas name="2" width="1" height="1">
<vector name="origin" x="33" y="50"/>
<int name="z" value="0"/>
<vector name="lt" x="-15" y="-35"/>
<vector name="rb" x="16" y="-3"/>
<int name="delay" value="180"/>
<string name="_hash" value="d9d368fb41dc494f449aab95e083104adbe08aa6539393ff2c70cf2f0a3bb995"/>
<string name="_outlink" value="Item/Pet/5002356.img/stand0/2"/>
</canvas>
<canvas name="3" width="1" height="1">
<vector name="origin" x="31" y="53"/>
<int name="z" value="0"/>
<vector name="lt" x="-15" y="-35"/>
<vector name="rb" x="16" y="-3"/>
<int name="delay" value="180"/>
<string name="_hash" value="7d6dcc765986004edaffb611c6b3bf051d4a4c63f5c99d92153a97f090c88ecd"/>
<string name="_outlink" value="Item/Pet/5002356.img/stand0/3"/>
</canvas>
<canvas name="4" width="1" height="1">
<vector name="origin" x="31" y="55"/>
<int name="z" value="0"/>
<vector name="lt" x="-15" y="-35"/>
<vector name="rb" x="16" y="-3"/>
<int name="delay" value="180"/>
<string name="_hash" value="7ba5504424edf0b515c7c730625903524c5a78b2b2c5f3956c19f1b639c53370"/>
<string name="_outlink" value="Item/Pet/5002356.img/stand0/4"/>
</canvas>
<canvas name="5" width="1" height="1">
<vector name="origin" x="32" y="53"/>
<int name="z" value="0"/>
<vector name="lt" x="-15" y="-35"/>
<vector name="rb" x="16" y="-3"/>
<int name="delay" value="180"/>
<string name="_hash" value="bf5dd2eccc2c9e4f2faf7bf13630ffa097ed9c3a187b736c6c400da272bfcdbc"/>
<string name="_outlink" value="Item/Pet/5002356.img/stand0/5"/>
</canvas>
<canvas name="6" width="1" height="1">
<vector name="origin" x="33" y="53"/>
<int name="z" value="0"/>
<vector name="lt" x="-15" y="-35"/>
<vector name="rb" x="16" y="-3"/>
<int name="delay" value="180"/>
<string name="_hash" value="5c5172438c5b9117f111fbf63230aa201e6ea8f39caaa87e08a331f1c3c14cf3"/>
<string name="_outlink" value="Item/Pet/5002356.img/stand0/6"/>
</canvas>
<canvas name="7" width="1" height="1">
<vector name="origin" x="28" y="55"/>
<int name="z" value="0"/>
<vector name="lt" x="-15" y="-35"/>
<vector name="rb" x="16" y="-3"/>
<int name="delay" value="180"/>
<string name="_hash" value="9d114f6df91162bf30b9458d5dc17f6aa28b173c0e65c7e96b96da79c6ebd25b"/>
<string name="_outlink" value="Item/Pet/5002356.img/stand0/7"/>
</canvas>
<canvas name="8" width="1" height="1">
<vector name="origin" x="29" y="56"/>
<int name="z" value="0"/>
<vector name="lt" x="-15" y="-35"/>
<vector name="rb" x="16" y="-3"/>
<int name="delay" value="180"/>
<string name="_hash" value="93fb6a5018ca7153cc43a3f7bdbd97aec2027aee705b948e7367c13469b0b1c7"/>
<string name="_outlink" value="Item/Pet/5002356.img/stand0/8"/>
</canvas>
<canvas name="9" width="1" height="1">
<vector name="origin" x="31" y="55"/>
<int name="z" value="0"/>
<vector name="lt" x="-15" y="-35"/>
<vector name="rb" x="16" y="-3"/>
<int name="delay" value="180"/>
<string name="_hash" value="34c52b72843ccab34b078a9bc82ddc713f979b6cb38f6e4af65fb849a64e2cfa"/>
<string name="_outlink" value="Item/Pet/5002356.img/stand0/9"/>
</canvas>
<canvas name="10" width="1" height="1">
<vector name="origin" x="33" y="51"/>
<int name="z" value="0"/>
<vector name="lt" x="-15" y="-35"/>
<vector name="rb" x="16" y="-3"/>
<int name="delay" value="180"/>
<string name="_hash" value="47378c0dee224fb73aae8ff0532ee820037c8bd11dcb767652f2a9513c355870"/>
<string name="_outlink" value="Item/Pet/5002356.img/stand0/10"/>
</canvas>
<canvas name="11" width="1" height="1">
<vector name="origin" x="30" y="50"/>
<int name="z" value="0"/>
<vector name="lt" x="-15" y="-35"/>
<vector name="rb" x="16" y="-3"/>
<int name="delay" value="180"/>
<string name="_hash" value="6139ca5c359f1982b04bec0fc0777e6dbaf607580247eb44d28ad6c767bfaac6"/>
<string name="_outlink" value="Item/Pet/5002356.img/stand0/11"/>
</canvas>
</imgdir>
<imgdir name="stand1">
<canvas name="0" width="1" height="1">
<vector name="origin" x="32" y="53"/>
<int name="z" value="0"/>
<int name="delay" value="180"/>
<vector name="lt" x="-15" y="-35"/>
<vector name="rb" x="16" y="0"/>
<string name="_hash" value="6cbb7a7a0ea19b95a66efa7e6d16b46d052e6d3bba348da0f721f6abefd8f79f"/>
<string name="_outlink" value="Item/Pet/5002356.img/stand1/0"/>
</canvas>
<canvas name="1" width="1" height="1">
<vector name="origin" x="32" y="53"/>
<int name="z" value="0"/>
<int name="delay" value="180"/>
<vector name="lt" x="-15" y="-35"/>
<vector name="rb" x="16" y="0"/>
<string name="_hash" value="9fd7fa89487ae3dac3ae994158ef5276b8de2de9c9bac8e953a16720694a6d28"/>
<string name="_outlink" value="Item/Pet/5002356.img/stand1/1"/>
</canvas>
<canvas name="2" width="1" height="1">
<vector name="origin" x="33" y="50"/>
<int name="z" value="0"/>
<int name="delay" value="180"/>
<vector name="lt" x="-15" y="-35"/>
<vector name="rb" x="16" y="0"/>
<string name="_hash" value="32d3c8741c4b58d4e300952394e372b8e945fca6d84b191cc58b298e87e4e810"/>
<string name="_outlink" value="Item/Pet/5002356.img/stand1/2"/>
</canvas>
<canvas name="3" width="1" height="1">
<vector name="origin" x="31" y="53"/>
<int name="z" value="0"/>
<int name="delay" value="180"/>
<vector name="lt" x="-15" y="-35"/>
<vector name="rb" x="16" y="0"/>
<string name="_hash" value="172b4bf93a0173be1ccb69f7246846ecd05a6805e3db54c704e0c223f84f55f1"/>
<string name="_outlink" value="Item/Pet/5002356.img/stand1/3"/>
</canvas>
<canvas name="4" width="1" height="1">
<vector name="origin" x="31" y="55"/>
<int name="z" value="0"/>
<int name="delay" value="180"/>
<vector name="lt" x="-15" y="-35"/>
<vector name="rb" x="16" y="0"/>
<string name="_hash" value="221f8f603de5023b7fb4db9e3d3f8c5147ff7707605b009d976ecb61ef62b13c"/>
<string name="_outlink" value="Item/Pet/5002356.img/stand1/4"/>
</canvas>
<canvas name="5" width="1" height="1">
<vector name="origin" x="32" y="53"/>
<int name="z" value="0"/>
<int name="delay" value="180"/>
<vector name="lt" x="-15" y="-35"/>
<vector name="rb" x="16" y="0"/>
<string name="_hash" value="37989caca9d329a196bc5d88c209c513df90ea87b466c6b9f62326bbb0521f51"/>
<string name="_outlink" value="Item/Pet/5002356.img/stand1/5"/>
</canvas>
<canvas name="6" width="1" height="1">
<vector name="origin" x="33" y="53"/>
<int name="z" value="0"/>
<int name="delay" value="180"/>
<vector name="lt" x="-15" y="-35"/>
<vector name="rb" x="16" y="0"/>
<string name="_hash" value="40d452610dfff59cf459f5752514dbcc36b925b742441a816a995af365bb2821"/>
<string name="_outlink" value="Item/Pet/5002356.img/stand1/6"/>
</canvas>
<canvas name="7" width="1" height="1">
<vector name="origin" x="28" y="55"/>
<int name="z" value="0"/>
<int name="delay" value="180"/>
<vector name="lt" x="-15" y="-35"/>
<vector name="rb" x="16" y="0"/>
<string name="_hash" value="4160f1730e72ea12363714f9a58861f7cf855d81144b36008d1d949ec7314ae0"/>
<string name="_outlink" value="Item/Pet/5002356.img/stand1/7"/>
</canvas>
<canvas name="8" width="1" height="1">
<vector name="origin" x="29" y="56"/>
<int name="z" value="0"/>
<int name="delay" value="180"/>
<vector name="lt" x="-15" y="-35"/>
<vector name="rb" x="16" y="0"/>
<string name="_hash" value="82e832993bad1e85493b39fac9dcc3ff66de060c5d6d220c95c8b165e18dcbba"/>
<string name="_outlink" value="Item/Pet/5002356.img/stand1/8"/>
</canvas>
<canvas name="9" width="1" height="1">
<vector name="origin" x="31" y="55"/>
<int name="z" value="0"/>
<int name="delay" value="180"/>
<vector name="lt" x="-15" y="-35"/>
<vector name="rb" x="16" y="0"/>
<string name="_hash" value="3d253dac4ce6a2ac31c022a58a8754e5a92ca321432dfdd10152bb3dfbfa613c"/>
<string name="_outlink" value="Item/Pet/5002356.img/stand1/9"/>
</canvas>
<canvas name="10" width="1" height="1">
<vector name="origin" x="33" y="51"/>
<int name="z" value="0"/>
<int name="delay" value="180"/>
<vector name="lt" x="-15" y="-35"/>
<vector name="rb" x="16" y="0"/>
<string name="_hash" value="08d16255e7597d1ae3e8387192693500bff662fa77ba2f201bfd87776281cdb4"/>
<string name="_outlink" value="Item/Pet/5002356.img/stand1/10"/>
</canvas>
<canvas name="11" width="1" height="1">
<vector name="origin" x="30" y="50"/>
<int name="z" value="0"/>
<int name="delay" value="180"/>
<vector name="lt" x="-15" y="-35"/>
<vector name="rb" x="16" y="0"/>
<string name="_hash" value="8b0f94fff274b842d55be8a37d1d7ea1841c8b0afcc8f96be44c1eb4fda1ffc7"/>
<string name="_outlink" value="Item/Pet/5002356.img/stand1/11"/>
</canvas>
</imgdir>
<imgdir name="rest0">
<canvas name="0" width="1" height="1">
<vector name="origin" x="32" y="53"/>
<int name="z" value="0"/>
<vector name="lt" x="-15" y="-35"/>
<vector name="rb" x="16" y="-3"/>
<int name="delay" value="180"/>
<string name="_hash" value="41568747f30ed9a34905a43cb41748651258458dab21fa386694be765ea7af15"/>
<string name="_outlink" value="Item/Pet/5002356.img/rest0/0"/>
</canvas>
<canvas name="1" width="1" height="1">
<vector name="origin" x="32" y="53"/>
<int name="z" value="0"/>
<vector name="lt" x="-15" y="-35"/>
<vector name="rb" x="16" y="-3"/>
<int name="delay" value="180"/>
<string name="_hash" value="ae346992991536855bb1a66c77860197622d7b08918a0711f4dfd75096576e32"/>
<string name="_outlink" value="Item/Pet/5002356.img/rest0/1"/>
</canvas>
<canvas name="2" width="1" height="1">
<vector name="origin" x="33" y="50"/>
<int name="z" value="0"/>
<vector name="lt" x="-15" y="-35"/>
<vector name="rb" x="16" y="-3"/>
<int name="delay" value="180"/>
<string name="_hash" value="4c222bb127eff8e28d2004292cbc66183e92cab85607e832c406a53522ea23a5"/>
<string name="_outlink" value="Item/Pet/5002356.img/rest0/2"/>
</canvas>
<canvas name="3" width="1" height="1">
<vector name="origin" x="31" y="53"/>
<int name="z" value="0"/>
<vector name="lt" x="-15" y="-35"/>
<vector name="rb" x="16" y="-3"/>
<int name="delay" value="180"/>
<string name="_hash" value="17432bb5f8bfdcd09cb8c4ae4672be200650acc39f849d0e6e388da69ce9788c"/>
<string name="_outlink" value="Item/Pet/5002356.img/rest0/3"/>
</canvas>
<canvas name="4" width="1" height="1">
<vector name="origin" x="31" y="55"/>
<int name="z" value="0"/>
<vector name="lt" x="-15" y="-35"/>
<vector name="rb" x="16" y="-3"/>
<int name="delay" value="180"/>
<string name="_hash" value="07a552dc9fe3c7d08176584496c63b01c181b11be64c4b818d72ed159f4f1ebc"/>
<string name="_outlink" value="Item/Pet/5002356.img/rest0/4"/>
</canvas>
<canvas name="5" width="1" height="1">
<vector name="origin" x="32" y="53"/>
<int name="z" value="0"/>
<vector name="lt" x="-15" y="-35"/>
<vector name="rb" x="16" y="-3"/>
<int name="delay" value="180"/>
<string name="_hash" value="9130c530e649be4432313aab7a6ad57719bf6aafac07cacb520a1b2416985e89"/>
<string name="_outlink" value="Item/Pet/5002356.img/rest0/5"/>
</canvas>
<canvas name="6" width="1" height="1">
<vector name="origin" x="33" y="53"/>
<int name="z" value="0"/>
<vector name="lt" x="-15" y="-35"/>
<vector name="rb" x="16" y="-3"/>
<int name="delay" value="180"/>
<string name="_hash" value="0a95e211ac25e066fb301629ad2e3dd5b9087ba38933859d5e580d56ae699b72"/>
<string name="_outlink" value="Item/Pet/5002356.img/rest0/6"/>
</canvas>
<canvas name="7" width="1" height="1">
<vector name="origin" x="28" y="55"/>
<int name="z" value="0"/>
<vector name="lt" x="-15" y="-35"/>
<vector name="rb" x="16" y="-3"/>
<int name="delay" value="180"/>
<string name="_hash" value="8dd733ff782535dba3ebc213273aae5dd3033d4d8623c2da43074979e6d5e7f8"/>
<string name="_outlink" value="Item/Pet/5002356.img/rest0/7"/>
</canvas>
<canvas name="8" width="1" height="1">
<vector name="origin" x="29" y="56"/>
<int name="z" value="0"/>
<vector name="lt" x="-15" y="-35"/>
<vector name="rb" x="16" y="-3"/>
<int name="delay" value="180"/>
<string name="_hash" value="19d772fb5441d00e2ce77967fdd8852ef14a8d2bfdf6f6b2f125c35c4aac9e92"/>
<string name="_outlink" value="Item/Pet/5002356.img/rest0/8"/>
</canvas>
<canvas name="9" width="1" height="1">
<vector name="origin" x="31" y="55"/>
<int name="z" value="0"/>
<vector name="lt" x="-15" y="-35"/>
<vector name="rb" x="16" y="-3"/>
<int name="delay" value="180"/>
<string name="_hash" value="fa57f4d980488d2633626eb66b9571093df347416f4b80993d894493b28a1157"/>
<string name="_outlink" value="Item/Pet/5002356.img/rest0/9"/>
</canvas>
<canvas name="10" width="1" height="1">
<vector name="origin" x="33" y="51"/>
<int name="z" value="0"/>
<vector name="lt" x="-15" y="-35"/>
<vector name="rb" x="16" y="-3"/>
<int name="delay" value="180"/>
<string name="_hash" value="21e5169b1305ce11eab8b1c944de8db119e37c57dc5b5b2bee14543f465ac3a1"/>
<string name="_outlink" value="Item/Pet/5002356.img/rest0/10"/>
</canvas>
<canvas name="11" width="1" height="1">
<vector name="origin" x="30" y="50"/>
<int name="z" value="0"/>
<vector name="lt" x="-15" y="-35"/>
<vector name="rb" x="16" y="-3"/>
<int name="delay" value="180"/>
<string name="_hash" value="6d1c2c275db4e2d12685cdfcb0b024bedc0cbe0ec3c150d4c5a627269da624cd"/>
<string name="_outlink" value="Item/Pet/5002356.img/rest0/11"/>
</canvas>
</imgdir>
<imgdir name="jump">
<canvas name="0" width="1" height="1">
<vector name="origin" x="32" y="55"/>
<int name="z" value="0"/>
<vector name="lt" x="-15" y="-35"/>
<vector name="rb" x="16" y="-3"/>
<int name="delay" value="180"/>
<string name="_hash" value="d1fc296915dc6b417061b9663dabb8688d255829a2d0423e2f10608fded1707d"/>
<string name="_outlink" value="Item/Pet/5002356.img/jump/0"/>
</canvas>
</imgdir>
<imgdir name="hungry">
<canvas name="0" width="1" height="1">
<vector name="origin" x="32" y="53"/>
<int name="z" value="0"/>
<vector name="lt" x="-15" y="-35"/>
<vector name="rb" x="16" y="-3"/>
<int name="delay" value="180"/>
<string name="_hash" value="44d8c0f6554d4b812a6fce24320f6971f93403115439ad5f566300bef1b77a83"/>
<string name="_outlink" value="Item/Pet/5002356.img/hungry/0"/>
</canvas>
<canvas name="1" width="1" height="1">
<vector name="origin" x="32" y="53"/>
<int name="z" value="0"/>
<vector name="lt" x="-15" y="-35"/>
<vector name="rb" x="16" y="-3"/>
<int name="delay" value="180"/>
<string name="_hash" value="2f1ae3f83bcee15c745878d9298fc9263478476a2ece1016aaa1f908b563455b"/>
<string name="_outlink" value="Item/Pet/5002356.img/hungry/1"/>
</canvas>
<canvas name="2" width="1" height="1">
<vector name="origin" x="33" y="50"/>
<int name="z" value="0"/>
<vector name="lt" x="-15" y="-35"/>
<vector name="rb" x="16" y="-3"/>
<int name="delay" value="180"/>
<string name="_hash" value="fa4b7df171ff6c0258e57ec789c377710a0542f0b73f33a8c0f5e13696343730"/>
<string name="_outlink" value="Item/Pet/5002356.img/hungry/2"/>
</canvas>
<canvas name="3" width="1" height="1">
<vector name="origin" x="31" y="53"/>
<int name="z" value="0"/>
<vector name="lt" x="-15" y="-35"/>
<vector name="rb" x="16" y="-3"/>
<int name="delay" value="180"/>
<string name="_hash" value="7c4924b1e2edd822b78b5ec9a394f7dbbd1c82d30411c771db5494e59fa57fb8"/>
<string name="_outlink" value="Item/Pet/5002356.img/hungry/3"/>
</canvas>
<canvas name="4" width="1" height="1">
<vector name="origin" x="31" y="55"/>
<int name="z" value="0"/>
<vector name="lt" x="-15" y="-35"/>
<vector name="rb" x="16" y="-3"/>
<int name="delay" value="180"/>
<string name="_hash" value="2d242432e051e3bf95bb53d6936b8eea88a156a894240ce0c2d2908a9cc26384"/>
<string name="_outlink" value="Item/Pet/5002356.img/hungry/4"/>
</canvas>
<canvas name="5" width="1" height="1">
<vector name="origin" x="32" y="53"/>
<int name="z" value="0"/>
<vector name="lt" x="-15" y="-35"/>
<vector name="rb" x="16" y="-3"/>
<int name="delay" value="180"/>
<string name="_hash" value="a89d6bcfb7b8b5d53d8d7500835bc4dc44c46f7129d60a57c50b549b8008fb18"/>
<string name="_outlink" value="Item/Pet/5002356.img/hungry/5"/>
</canvas>
<canvas name="6" width="1" height="1">
<vector name="origin" x="33" y="53"/>
<int name="z" value="0"/>
<vector name="lt" x="-15" y="-35"/>
<vector name="rb" x="16" y="-3"/>
<int name="delay" value="180"/>
<string name="_hash" value="34788cbdaa37e6e88128489ac825c945e328e63b19d4eb044595332767547874"/>
<string name="_outlink" value="Item/Pet/5002356.img/hungry/6"/>
</canvas>
<canvas name="7" width="1" height="1">
<vector name="origin" x="28" y="55"/>
<int name="z" value="0"/>
<vector name="lt" x="-15" y="-35"/>
<vector name="rb" x="16" y="-3"/>
<int name="delay" value="180"/>
<string name="_hash" value="c5bb73ee011b8bcfd3e4b8fec6aa59dd63c635b584a37a4e55e4c8d6d4741a37"/>
<string name="_outlink" value="Item/Pet/5002356.img/hungry/7"/>
</canvas>
<canvas name="8" width="1" height="1">
<vector name="origin" x="29" y="56"/>
<int name="z" value="0"/>
<vector name="lt" x="-15" y="-35"/>
<vector name="rb" x="16" y="-3"/>
<int name="delay" value="180"/>
<string name="_hash" value="568cb2554b34cc6d142d77f2c0a57675ac9ba89d6c82a0123e450f1bb78948fd"/>
<string name="_outlink" value="Item/Pet/5002356.img/hungry/8"/>
</canvas>
<canvas name="9" width="1" height="1">
<vector name="origin" x="31" y="55"/>
<int name="z" value="0"/>
<vector name="lt" x="-15" y="-35"/>
<vector name="rb" x="16" y="-3"/>
<int name="delay" value="180"/>
<string name="_hash" value="e5027491558ba9a469ead0165dd42a7ec09175a33ef85035d89e55bbd578e74a"/>
<string name="_outlink" value="Item/Pet/5002356.img/hungry/9"/>
</canvas>
<canvas name="10" width="1" height="1">
<vector name="origin" x="33" y="51"/>
<int name="z" value="0"/>
<vector name="lt" x="-15" y="-35"/>
<vector name="rb" x="16" y="-3"/>
<int name="delay" value="180"/>
<string name="_hash" value="9f744b68d521a11ad146500ef7be2694f90c189f7f4269ce70987b1e2d8fcd2b"/>
<string name="_outlink" value="Item/Pet/5002356.img/hungry/10"/>
</canvas>
<canvas name="11" width="1" height="1">
<vector name="origin" x="30" y="50"/>
<int name="z" value="0"/>
<vector name="lt" x="-15" y="-35"/>
<vector name="rb" x="16" y="-3"/>
<int name="delay" value="180"/>
<string name="_hash" value="c7f5acc34dfe5177da440a96d2cb996abe8179848f6e1fef8a3ef39a1710ce12"/>
<string name="_outlink" value="Item/Pet/5002356.img/hungry/11"/>
</canvas>
</imgdir>
<imgdir name="move">
<canvas name="0" width="1" height="1">
<vector name="origin" x="32" y="53"/>
<int name="z" value="0"/>
<vector name="lt" x="-15" y="-35"/>
<vector name="rb" x="16" y="-3"/>
<int name="delay" value="180"/>
<string name="_hash" value="11fded9fb19ef0eef6102c4c78c9082e822f17a674110f800b6787213d68853e"/>
<string name="_outlink" value="Item/Pet/5002356.img/move/0"/>
</canvas>
<canvas name="1" width="1" height="1">
<vector name="origin" x="32" y="53"/>
<int name="z" value="0"/>
<vector name="lt" x="-15" y="-35"/>
<vector name="rb" x="16" y="-3"/>
<int name="delay" value="180"/>
<string name="_hash" value="19ce0b0fbdc9fd384d36df380d6e5eb59ba03ad9b1364d28ce9a2b75517593f4"/>
<string name="_outlink" value="Item/Pet/5002356.img/move/1"/>
</canvas>
<canvas name="2" width="1" height="1">
<vector name="origin" x="33" y="50"/>
<int name="z" value="0"/>
<vector name="lt" x="-15" y="-35"/>
<vector name="rb" x="16" y="-3"/>
<int name="delay" value="180"/>
<string name="_hash" value="caa9b0bbfe98c80ca0112266f56113eb60c7c7cf2550630a86189ae473567981"/>
<string name="_outlink" value="Item/Pet/5002356.img/move/2"/>
</canvas>
<canvas name="3" width="1" height="1">
<vector name="origin" x="31" y="53"/>
<int name="z" value="0"/>
<vector name="lt" x="-15" y="-35"/>
<vector name="rb" x="16" y="-3"/>
<int name="delay" value="180"/>
<string name="_hash" value="aff25dca3c3c2ad29bf75419bd0fff32e2db1732261876cd1f39981d1293bf2b"/>
<string name="_outlink" value="Item/Pet/5002356.img/move/3"/>
</canvas>
<canvas name="4" width="1" height="1">
<vector name="origin" x="31" y="55"/>
<int name="z" value="0"/>
<vector name="lt" x="-15" y="-35"/>
<vector name="rb" x="16" y="-3"/>
<int name="delay" value="180"/>
<string name="_hash" value="120276e0ee8373ad84e9951b7ae4f35fdc48f3825d7e42dfc9c74611938b297f"/>
<string name="_outlink" value="Item/Pet/5002356.img/move/4"/>
</canvas>
<canvas name="5" width="1" height="1">
<vector name="origin" x="32" y="53"/>
<int name="z" value="0"/>
<vector name="lt" x="-15" y="-35"/>
<vector name="rb" x="16" y="-3"/>
<int name="delay" value="180"/>
<string name="_hash" value="0c27994ea2a6d2cabf57a3ceb860f4122e0e7c7affc3a011adde29b856acca37"/>
<string name="_outlink" value="Item/Pet/5002356.img/move/5"/>
</canvas>
<canvas name="6" width="1" height="1">
<vector name="origin" x="33" y="53"/>
<int name="z" value="0"/>
<vector name="lt" x="-15" y="-35"/>
<vector name="rb" x="16" y="-3"/>
<int name="delay" value="180"/>
<string name="_hash" value="eb55f1e74639cc95d9a12af21773305aa04d28aa8d8e47a34304d15bc356758e"/>
<string name="_outlink" value="Item/Pet/5002356.img/move/6"/>
</canvas>
<canvas name="7" width="1" height="1">
<vector name="origin" x="28" y="55"/>
<int name="z" value="0"/>
<vector name="lt" x="-15" y="-35"/>
<vector name="rb" x="16" y="-3"/>
<int name="delay" value="180"/>
<string name="_hash" value="cb26f04f4ae5bbd0c893dde884e6a0c19b0799699443f800f688d2e3f73e95d8"/>
<string name="_outlink" value="Item/Pet/5002356.img/move/7"/>
</canvas>
<canvas name="8" width="1" height="1">
<vector name="origin" x="29" y="56"/>
<int name="z" value="0"/>
<vector name="lt" x="-15" y="-35"/>
<vector name="rb" x="16" y="-3"/>
<int name="delay" value="180"/>
<string name="_hash" value="4d6fc177541012d29d50c51fbcb960a0c1e2f464da4e9e7d27d8a0097542be89"/>
<string name="_outlink" value="Item/Pet/5002356.img/move/8"/>
</canvas>
<canvas name="9" width="1" height="1">
<vector name="origin" x="31" y="55"/>
<int name="z" value="0"/>
<vector name="lt" x="-15" y="-35"/>
<vector name="rb" x="16" y="-3"/>
<int name="delay" value="180"/>
<string name="_hash" value="19f0ebfb0dd736c41e6dd16b6858435fff0537b2a7912ee3e46d73aa60fa08a5"/>
<string name="_outlink" value="Item/Pet/5002356.img/move/9"/>
</canvas>
<canvas name="10" width="1" height="1">
<vector name="origin" x="33" y="51"/>
<int name="z" value="0"/>
<vector name="lt" x="-15" y="-35"/>
<vector name="rb" x="16" y="-3"/>
<int name="delay" value="180"/>
<string name="_hash" value="ac1e9a905b8432a4f9be6bba81db8645b8923a9df06f334f525ad17469ae1f75"/>
<string name="_outlink" value="Item/Pet/5002356.img/move/10"/>
</canvas>
<canvas name="11" width="1" height="1">
<vector name="origin" x="30" y="50"/>
<int name="z" value="0"/>
<vector name="lt" x="-15" y="-35"/>
<vector name="rb" x="16" y="-3"/>
<int name="delay" value="180"/>
<string name="_hash" value="b7b610327014e697c3d3f013e5bad93a3a086997ab00b5cd52f709030a5b0d4a"/>
<string name="_outlink" value="Item/Pet/5002356.img/move/11"/>
</canvas>
</imgdir>
<imgdir name="hang">
<canvas name="0" width="1" height="1">
<vector name="origin" x="32" y="53"/>
<int name="z" value="0"/>
<vector name="lt" x="-15" y="-35"/>
<vector name="rb" x="16" y="-3"/>
<int name="delay" value="180"/>
<string name="_hash" value="182548cc58f08bf479d5e45d0d2f981327d10eb01d1d22bd895078aa2d0b39f3"/>
<string name="_outlink" value="Item/Pet/5002356.img/hang/0"/>
</canvas>
</imgdir>
<imgdir name="roll">
<canvas name="0" width="1" height="1">
<vector name="origin" x="32" y="53"/>
<int name="z" value="0"/>
<vector name="lt" x="-15" y="-35"/>
<vector name="rb" x="16" y="-3"/>
<int name="delay" value="180"/>
<string name="_hash" value="d70eaa975d74edb76ac2a25c413248c8a70d95caa3c3dfa1c05635e3405d1ae1"/>
<string name="_outlink" value="Item/Pet/5002356.img/roll/0"/>
</canvas>
<canvas name="1" width="1" height="1">
<vector name="origin" x="32" y="53"/>
<int name="z" value="0"/>
<vector name="lt" x="-15" y="-35"/>
<vector name="rb" x="16" y="-3"/>
<int name="delay" value="180"/>
<string name="_hash" value="2d00b92355dcb979a90bb7af6f2c82202fb4e3452ca13f7829bec425023c9ba2"/>
<string name="_outlink" value="Item/Pet/5002356.img/roll/1"/>
</canvas>
</imgdir>
<imgdir name="eat">
<canvas name="0" width="1" height="1">
<vector name="origin" x="32" y="50"/>
<int name="z" value="0"/>
<vector name="lt" x="-15" y="-35"/>
<vector name="rb" x="16" y="-3"/>
<int name="delay" value="180"/>
<string name="_hash" value="08df328d4556d8f4d3ae2b2ca60ba3420995d0b1f5e84a02a5140872c74dc643"/>
<string name="_outlink" value="Item/Pet/5002356.img/eat/0"/>
</canvas>
<canvas name="1" width="1" height="1">
<vector name="origin" x="32" y="50"/>
<int name="z" value="0"/>
<vector name="lt" x="-15" y="-35"/>
<vector name="rb" x="16" y="-3"/>
<int name="delay" value="180"/>
<string name="_hash" value="838c8c14c1a6ad2228782920384ae17947f7d6203704ef2ee105fb61ed7a3685"/>
<string name="_outlink" value="Item/Pet/5002356.img/eat/1"/>
</canvas>
<canvas name="2" width="1" height="1">
<vector name="origin" x="33" y="47"/>
<int name="z" value="0"/>
<vector name="lt" x="-15" y="-35"/>
<vector name="rb" x="16" y="-3"/>
<int name="delay" value="180"/>
<string name="_hash" value="fdd38e8118379b91f2232176d056f0dcb3c13902d36ec6f985d564ac78bba2f6"/>
<string name="_outlink" value="Item/Pet/5002356.img/eat/2"/>
</canvas>
<canvas name="3" width="1" height="1">
<vector name="origin" x="31" y="50"/>
<int name="z" value="0"/>
<vector name="lt" x="-15" y="-35"/>
<vector name="rb" x="16" y="-3"/>
<int name="delay" value="180"/>
<string name="_hash" value="558812b12fe559b130b3bdf6e036e4ce10fa90811502e76d5018460a604dc162"/>
<string name="_outlink" value="Item/Pet/5002356.img/eat/3"/>
</canvas>
<canvas name="4" width="1" height="1">
<vector name="origin" x="31" y="52"/>
<int name="z" value="0"/>
<vector name="lt" x="-15" y="-35"/>
<vector name="rb" x="16" y="-3"/>
<int name="delay" value="180"/>
<string name="_hash" value="e20b76a8ef4fc8826a8041073e72b1e60c6db43f2e561ae871e55f9551cdfbd0"/>
<string name="_outlink" value="Item/Pet/5002356.img/eat/4"/>
</canvas>
<canvas name="5" width="1" height="1">
<vector name="origin" x="32" y="50"/>
<int name="z" value="0"/>
<vector name="lt" x="-15" y="-35"/>
<vector name="rb" x="16" y="-3"/>
<int name="delay" value="180"/>
<string name="_hash" value="5a9f0f3919af81da8f033054850b01bd34af109689a8fec8728cce434ae06ea6"/>
<string name="_outlink" value="Item/Pet/5002356.img/eat/5"/>
</canvas>
<canvas name="6" width="1" height="1">
<vector name="origin" x="33" y="50"/>
<int name="z" value="0"/>
<vector name="lt" x="-15" y="-35"/>
<vector name="rb" x="16" y="-3"/>
<int name="delay" value="180"/>
<string name="_hash" value="00387850f395883cb14ea18a662ae633846d578554352fb6537ead9942ccbc89"/>
<string name="_outlink" value="Item/Pet/5002356.img/eat/6"/>
</canvas>
<canvas name="7" width="1" height="1">
<vector name="origin" x="28" y="52"/>
<int name="z" value="0"/>
<vector name="lt" x="-15" y="-35"/>
<vector name="rb" x="16" y="-3"/>
<int name="delay" value="180"/>
<string name="_hash" value="431c648118ac9754c3d825a021a97b1c3f2364bf4c3910821ec726f0cfdc0e5b"/>
<string name="_outlink" value="Item/Pet/5002356.img/eat/7"/>
</canvas>
<canvas name="8" width="1" height="1">
<vector name="origin" x="29" y="53"/>
<int name="z" value="0"/>
<vector name="lt" x="-15" y="-35"/>
<vector name="rb" x="16" y="-3"/>
<int name="delay" value="180"/>
<string name="_hash" value="81049ba64ef8aa2672f378b8e4d7842aa49493bf626e6d439e21f3d9d61503aa"/>
<string name="_outlink" value="Item/Pet/5002356.img/eat/8"/>
</canvas>
<canvas name="9" width="1" height="1">
<vector name="origin" x="31" y="52"/>
<int name="z" value="0"/>
<vector name="lt" x="-15" y="-35"/>
<vector name="rb" x="16" y="-3"/>
<int name="delay" value="180"/>
<string name="_hash" value="683391b895e0631ba38da04204f1b27cadfc5432febb99c1d4ac3d2276fbb5f6"/>
<string name="_outlink" value="Item/Pet/5002356.img/eat/9"/>
</canvas>
<canvas name="10" width="1" height="1">
<vector name="origin" x="33" y="48"/>
<int name="z" value="0"/>
<vector name="lt" x="-15" y="-35"/>
<vector name="rb" x="16" y="-3"/>
<int name="delay" value="180"/>
<string name="_hash" value="fae12a2a09acfbd6ea28d328fc2d23ec679e4e21cdc0de0bf9cbff2cd6f67b23"/>
<string name="_outlink" value="Item/Pet/5002356.img/eat/10"/>
</canvas>
<canvas name="11" width="1" height="1">
<vector name="origin" x="30" y="47"/>
<int name="z" value="0"/>
<vector name="lt" x="-15" y="-35"/>
<vector name="rb" x="16" y="-3"/>
<int name="delay" value="180"/>
<string name="_hash" value="e9bedd90459be58c6e7baef58437238cf9f2af1637a9989d990b7966c4ef671a"/>
<string name="_outlink" value="Item/Pet/5002356.img/eat/11"/>
</canvas>
</imgdir>
<imgdir name="chat">
<canvas name="0" width="1" height="1">
<vector name="origin" x="32" y="53"/>
<int name="z" value="0"/>
<vector name="lt" x="-15" y="-35"/>
<vector name="rb" x="16" y="-3"/>
<int name="delay" value="180"/>
<string name="_outlink" value="Item/Pet/5002356.img/stand0/0"/>
</canvas>
<canvas name="1" width="1" height="1">
<vector name="origin" x="32" y="53"/>
<int name="z" value="0"/>
<vector name="lt" x="-15" y="-35"/>
<vector name="rb" x="16" y="-3"/>
<int name="delay" value="180"/>
<string name="_hash" value="9573007b8f4ce36f75f9820e6677c97a87ba15b05112e8aa79a1a8a433360ed4"/>
<string name="_outlink" value="Item/Pet/5002356.img/chat/1"/>
</canvas>
<canvas name="2" width="1" height="1">
<vector name="origin" x="33" y="50"/>
<int name="z" value="0"/>
<vector name="lt" x="-15" y="-35"/>
<vector name="rb" x="16" y="-3"/>
<int name="delay" value="180"/>
<string name="_hash" value="4c43adc8113f1329a1cc202340a4683ed24e45adb73148ec6e4ad31e7fa85e4c"/>
<string name="_outlink" value="Item/Pet/5002356.img/chat/2"/>
</canvas>
<canvas name="3" width="1" height="1">
<vector name="origin" x="31" y="53"/>
<int name="z" value="0"/>
<vector name="lt" x="-15" y="-35"/>
<vector name="rb" x="16" y="-3"/>
<int name="delay" value="180"/>
<string name="_hash" value="8bbaff6d9241484a0d7a2b7ed65482d5012725d3ba6bc0dba7cc236645202a61"/>
<string name="_outlink" value="Item/Pet/5002356.img/chat/3"/>
</canvas>
<canvas name="4" width="1" height="1">
<vector name="origin" x="31" y="55"/>
<int name="z" value="0"/>
<vector name="lt" x="-15" y="-35"/>
<vector name="rb" x="16" y="-3"/>
<int name="delay" value="180"/>
<string name="_outlink" value="Item/Pet/5002356.img/stand0/4"/>
</canvas>
<canvas name="5" width="1" height="1">
<vector name="origin" x="32" y="53"/>
<int name="z" value="0"/>
<vector name="lt" x="-15" y="-35"/>
<vector name="rb" x="16" y="-3"/>
<int name="delay" value="180"/>
<string name="_hash" value="8b6625888c25036eaafd6926133ba74bcfc0de0238f5c9cf401043b226b61aea"/>
<string name="_outlink" value="Item/Pet/5002356.img/chat/5"/>
</canvas>
<canvas name="6" width="1" height="1">
<vector name="origin" x="33" y="53"/>
<int name="z" value="0"/>
<vector name="lt" x="-15" y="-35"/>
<vector name="rb" x="16" y="-3"/>
<int name="delay" value="180"/>
<string name="_hash" value="f6c05c8b7be869d0d1a7896c0b65a5584ef69c98b1288e3a9920c08d07cc6e84"/>
<string name="_outlink" value="Item/Pet/5002356.img/chat/6"/>
</canvas>
<canvas name="7" width="1" height="1">
<vector name="origin" x="28" y="55"/>
<int name="z" value="0"/>
<vector name="lt" x="-15" y="-35"/>
<vector name="rb" x="16" y="-3"/>
<int name="delay" value="180"/>
<string name="_outlink" value="Item/Pet/5002356.img/stand0/7"/>
</canvas>
<canvas name="8" width="1" height="1">
<vector name="origin" x="29" y="56"/>
<int name="z" value="0"/>
<vector name="lt" x="-15" y="-35"/>
<vector name="rb" x="16" y="-3"/>
<int name="delay" value="180"/>
<string name="_hash" value="28097b80590e56b674ca90c46f52065ccbca269fe470f406c506c8e98a63d85d"/>
<string name="_outlink" value="Item/Pet/5002356.img/chat/8"/>
</canvas>
<canvas name="9" width="1" height="1">
<vector name="origin" x="31" y="55"/>
<int name="z" value="0"/>
<vector name="lt" x="-15" y="-35"/>
<vector name="rb" x="16" y="-3"/>
<int name="delay" value="180"/>
<string name="_outlink" value="Item/Pet/5002356.img/stand0/9"/>
</canvas>
<canvas name="10" width="1" height="1">
<vector name="origin" x="33" y="51"/>
<int name="z" value="0"/>
<vector name="lt" x="-15" y="-35"/>
<vector name="rb" x="16" y="-3"/>
<int name="delay" value="180"/>
<string name="_outlink" value="Item/Pet/5002356.img/stand0/10"/>
</canvas>
<canvas name="11" width="1" height="1">
<vector name="origin" x="30" y="50"/>
<int name="z" value="0"/>
<vector name="lt" x="-15" y="-35"/>
<vector name="rb" x="16" y="-3"/>
<int name="delay" value="180"/>
<string name="_outlink" value="Item/Pet/5002356.img/stand0/11"/>
</canvas>
</imgdir>
<imgdir name="love">
<canvas name="0" width="1" height="1">
<vector name="origin" x="32" y="53"/>
<int name="z" value="0"/>
<vector name="lt" x="-15" y="-35"/>
<vector name="rb" x="16" y="-3"/>
<int name="delay" value="180"/>
<string name="_hash" value="2cf1a69a09ce6c2c8a7603986951ace6a54367da4c43434e18ba6ff36ae86788"/>
<string name="_outlink" value="Item/Pet/5002356.img/love/0"/>
</canvas>
<canvas name="1" width="1" height="1">
<vector name="origin" x="32" y="53"/>
<int name="z" value="0"/>
<vector name="lt" x="-15" y="-35"/>
<vector name="rb" x="16" y="-3"/>
<int name="delay" value="180"/>
<string name="_hash" value="25ad0c26f3b9e7636e656e7beceda730637fa8258d80db7bf4ba2d651f8a15d2"/>
<string name="_outlink" value="Item/Pet/5002356.img/love/1"/>
</canvas>
<canvas name="2" width="1" height="1">
<vector name="origin" x="33" y="50"/>
<int name="z" value="0"/>
<vector name="lt" x="-15" y="-35"/>
<vector name="rb" x="16" y="-3"/>
<int name="delay" value="180"/>
<string name="_hash" value="12c5a673ea2610450013e7fccc0dc78752b3084dacab1f08f6a6531bc6da8fde"/>
<string name="_outlink" value="Item/Pet/5002356.img/love/2"/>
</canvas>
<canvas name="3" width="1" height="1">
<vector name="origin" x="31" y="53"/>
<int name="z" value="0"/>
<vector name="lt" x="-15" y="-35"/>
<vector name="rb" x="16" y="-3"/>
<int name="delay" value="180"/>
<string name="_hash" value="f888651df954bfd6ce39422079f5331f67852c7c2ecc15697e4b356fd5e3231c"/>
<string name="_outlink" value="Item/Pet/5002356.img/love/3"/>
</canvas>
<canvas name="4" width="1" height="1">
<vector name="origin" x="31" y="55"/>
<int name="z" value="0"/>
<vector name="lt" x="-15" y="-35"/>
<vector name="rb" x="16" y="-3"/>
<int name="delay" value="180"/>
<string name="_hash" value="51d717e7b9e08399e78bee847be3a5c897fb6fd033b88c2159de846e7be18e44"/>
<string name="_outlink" value="Item/Pet/5002356.img/love/4"/>
</canvas>
<canvas name="5" width="1" height="1">
<vector name="origin" x="32" y="54"/>
<int name="z" value="0"/>
<vector name="lt" x="-15" y="-35"/>
<vector name="rb" x="16" y="-3"/>
<int name="delay" value="180"/>
<string name="_hash" value="403cd9aba3973a15a50dd3dae66b6852c64ed87c088454d0cd0f0f410b69ffbe"/>
<string name="_outlink" value="Item/Pet/5002356.img/love/5"/>
</canvas>
<canvas name="6" width="1" height="1">
<vector name="origin" x="33" y="53"/>
<int name="z" value="0"/>
<vector name="lt" x="-15" y="-35"/>
<vector name="rb" x="16" y="-3"/>
<int name="delay" value="180"/>
<string name="_hash" value="fec5395d22c7521ad4823a9e8524a6534ea3f6f1670b78258417899dd5445786"/>
<string name="_outlink" value="Item/Pet/5002356.img/love/6"/>
</canvas>
<canvas name="7" width="1" height="1">
<vector name="origin" x="28" y="55"/>
<int name="z" value="0"/>
<vector name="lt" x="-15" y="-35"/>
<vector name="rb" x="16" y="-3"/>
<int name="delay" value="180"/>
<string name="_hash" value="10c1b5cfe6654cdf185eb7291dbc7a6ca0a27fcec36368d39dd1fb5d873b2486"/>
<string name="_outlink" value="Item/Pet/5002356.img/love/7"/>
</canvas>
<canvas name="8" width="1" height="1">
<vector name="origin" x="29" y="56"/>
<int name="z" value="0"/>
<vector name="lt" x="-15" y="-35"/>
<vector name="rb" x="16" y="-3"/>
<int name="delay" value="180"/>
<string name="_hash" value="73bd21301589acf3b0d5b598875a9fdae83fad1fc138b94f4953125f3071dad2"/>
<string name="_outlink" value="Item/Pet/5002356.img/love/8"/>
</canvas>
<canvas name="9" width="1" height="1">
<vector name="origin" x="31" y="55"/>
<int name="z" value="0"/>
<vector name="lt" x="-15" y="-35"/>
<vector name="rb" x="16" y="-3"/>
<int name="delay" value="180"/>
<string name="_hash" value="e89e1f6c7244337bb755cfeea861cbea3a1801b913f16767ef38d588da770357"/>
<string name="_outlink" value="Item/Pet/5002356.img/love/9"/>
</canvas>
<canvas name="10" width="1" height="1">
<vector name="origin" x="33" y="52"/>
<int name="z" value="0"/>
<vector name="lt" x="-15" y="-35"/>
<vector name="rb" x="16" y="-3"/>
<int name="delay" value="180"/>
<string name="_hash" value="8a3e9291159414c59ede4c4c23ea12e590591534bb8c12a4b00c8e054b4a07c2"/>
<string name="_outlink" value="Item/Pet/5002356.img/love/10"/>
</canvas>
<canvas name="11" width="1" height="1">
<vector name="origin" x="30" y="50"/>
<int name="z" value="0"/>
<vector name="lt" x="-15" y="-35"/>
<vector name="rb" x="16" y="-3"/>
<int name="delay" value="180"/>
<string name="_hash" value="e8c5d08cf231556fe6258d0c45f65ba3aaad31ec9fa1a811033013abd4fa73fd"/>
<string name="_outlink" value="Item/Pet/5002356.img/love/11"/>
</canvas>
</imgdir>
<imgdir name="cry">
<canvas name="0" width="1" height="1">
<vector name="origin" x="32" y="53"/>
<int name="z" value="0"/>
<vector name="lt" x="-15" y="-35"/>
<vector name="rb" x="16" y="-3"/>
<int name="delay" value="180"/>
<string name="_hash" value="fe0be8251030c5b11558bde45d883802b3ea6e8adc7693f4569ba6fa4f17dc6a"/>
<string name="_outlink" value="Item/Pet/5002356.img/cry/0"/>
</canvas>
<canvas name="1" width="1" height="1">
<vector name="origin" x="32" y="53"/>
<int name="z" value="0"/>
<vector name="lt" x="-15" y="-35"/>
<vector name="rb" x="16" y="-3"/>
<int name="delay" value="180"/>
<string name="_hash" value="900bb7314d3c8ca0ccbbeb48804303cb9db121dba6aca1c0f7e149535175d30e"/>
<string name="_outlink" value="Item/Pet/5002356.img/cry/1"/>
</canvas>
<canvas name="2" width="1" height="1">
<vector name="origin" x="33" y="50"/>
<int name="z" value="0"/>
<vector name="lt" x="-15" y="-35"/>
<vector name="rb" x="16" y="-3"/>
<int name="delay" value="180"/>
<string name="_hash" value="5602757b15eb278e857b640b867fd4e738e9a9867d15f7afed5e475fcdcf806b"/>
<string name="_outlink" value="Item/Pet/5002356.img/cry/2"/>
</canvas>
<canvas name="3" width="1" height="1">
<vector name="origin" x="31" y="53"/>
<int name="z" value="0"/>
<vector name="lt" x="-15" y="-35"/>
<vector name="rb" x="16" y="-3"/>
<int name="delay" value="180"/>
<string name="_hash" value="0b74a0fc79894f3d4b79e458a1420afdbcb7cd07c4075434ca04b94ff7c8aec0"/>
<string name="_outlink" value="Item/Pet/5002356.img/cry/3"/>
</canvas>
<canvas name="4" width="1" height="1">
<vector name="origin" x="31" y="55"/>
<int name="z" value="0"/>
<vector name="lt" x="-15" y="-35"/>
<vector name="rb" x="16" y="-3"/>
<int name="delay" value="180"/>
<string name="_hash" value="1e48a546a98796296611e9f15a30fe5e6d8059da25cc9bf95eb536dc1345ca35"/>
<string name="_outlink" value="Item/Pet/5002356.img/cry/4"/>
</canvas>
<canvas name="5" width="1" height="1">
<vector name="origin" x="32" y="53"/>
<int name="z" value="0"/>
<vector name="lt" x="-15" y="-35"/>
<vector name="rb" x="16" y="-3"/>
<int name="delay" value="180"/>
<string name="_hash" value="5a4c49f95bdcdc9b9ceb1d1e09bbc973b83f4419eaaf9e74ea1222f1800e6e89"/>
<string name="_outlink" value="Item/Pet/5002356.img/cry/5"/>
</canvas>
<canvas name="6" width="1" height="1">
<vector name="origin" x="33" y="53"/>
<int name="z" value="0"/>
<vector name="lt" x="-15" y="-35"/>
<vector name="rb" x="16" y="-3"/>
<int name="delay" value="180"/>
<string name="_hash" value="dbcf94adaa2d14d64236a54549986586605672426e1874ba90387effca926232"/>
<string name="_outlink" value="Item/Pet/5002356.img/cry/6"/>
</canvas>
<canvas name="7" width="1" height="1">
<vector name="origin" x="28" y="55"/>
<int name="z" value="0"/>
<vector name="lt" x="-15" y="-35"/>
<vector name="rb" x="16" y="-3"/>
<int name="delay" value="180"/>
<string name="_hash" value="7cb27502e2c3846d35ec007a2af7eebe376512064020be275097e4929ae91fd7"/>
<string name="_outlink" value="Item/Pet/5002356.img/cry/7"/>
</canvas>
<canvas name="8" width="1" height="1">
<vector name="origin" x="29" y="56"/>
<int name="z" value="0"/>
<vector name="lt" x="-15" y="-35"/>
<vector name="rb" x="16" y="-3"/>
<int name="delay" value="180"/>
<string name="_hash" value="54b9b8a4d56ce78f45c330f45731eead1053dd121e32cc31e51c67728f14368a"/>
<string name="_outlink" value="Item/Pet/5002356.img/cry/8"/>
</canvas>
<canvas name="9" width="1" height="1">
<vector name="origin" x="31" y="55"/>
<int name="z" value="0"/>
<vector name="lt" x="-15" y="-35"/>
<vector name="rb" x="16" y="-3"/>
<int name="delay" value="180"/>
<string name="_hash" value="102b5eea11efa98498549b39e78bc1ef3d5bd142aa4d0b424b897a8ac40bd45a"/>
<string name="_outlink" value="Item/Pet/5002356.img/cry/9"/>
</canvas>
<canvas name="10" width="1" height="1">
<vector name="origin" x="33" y="51"/>
<int name="z" value="0"/>
<vector name="lt" x="-15" y="-35"/>
<vector name="rb" x="16" y="-3"/>
<int name="delay" value="180"/>
<string name="_hash" value="0398bd1e2be43b2ebbb9640ed51509b14ad6bf198124d23279343ab0f1f5072c"/>
<string name="_outlink" value="Item/Pet/5002356.img/cry/10"/>
</canvas>
<canvas name="11" width="1" height="1">
<vector name="origin" x="30" y="50"/>
<int name="z" value="0"/>
<vector name="lt" x="-15" y="-35"/>
<vector name="rb" x="16" y="-3"/>
<int name="delay" value="180"/>
<string name="_hash" value="887f120550fc6b41051ef13b0cfc1919fc91c825cc4fe2b85a1ee7c80e83ac0f"/>
<string name="_outlink" value="Item/Pet/5002356.img/cry/11"/>
</canvas>
</imgdir>
<imgdir name="dung">
<canvas name="0" width="1" height="1">
<vector name="origin" x="32" y="53"/>
<int name="z" value="0"/>
<vector name="lt" x="-15" y="-35"/>
<vector name="rb" x="16" y="-3"/>
<int name="delay" value="180"/>
<string name="_hash" value="0e898265e2270e9373ce57ff8c96f090ca316f3d0d85193357528c9187912497"/>
<string name="_outlink" value="Item/Pet/5002356.img/dung/0"/>
</canvas>
<canvas name="1" width="1" height="1">
<vector name="origin" x="32" y="53"/>
<int name="z" value="0"/>
<vector name="lt" x="-15" y="-35"/>
<vector name="rb" x="16" y="-3"/>
<int name="delay" value="180"/>
<string name="_hash" value="c9ea0756d218567642410c717044860e6141ca896901a3ec687b365a27d8a5d4"/>
<string name="_outlink" value="Item/Pet/5002356.img/dung/1"/>
</canvas>
<canvas name="2" width="1" height="1">
<vector name="origin" x="33" y="50"/>
<int name="z" value="0"/>
<vector name="lt" x="-15" y="-35"/>
<vector name="rb" x="16" y="-3"/>
<int name="delay" value="180"/>
<string name="_hash" value="ef182128b641b6a6b5ffdb8bbe36883a8072c01af9b645264f6203eafc88369b"/>
<string name="_outlink" value="Item/Pet/5002356.img/dung/2"/>
</canvas>
<canvas name="3" width="1" height="1">
<vector name="origin" x="31" y="53"/>
<int name="z" value="0"/>
<vector name="lt" x="-15" y="-35"/>
<vector name="rb" x="16" y="-3"/>
<int name="delay" value="180"/>
<string name="_hash" value="da970bb49c5b284c57ed225a0855d3eddb90ce3d99ec3278753d97232c6b0b82"/>
<string name="_outlink" value="Item/Pet/5002356.img/dung/3"/>
</canvas>
<canvas name="4" width="1" height="1">
<vector name="origin" x="31" y="55"/>
<int name="z" value="0"/>
<vector name="lt" x="-15" y="-35"/>
<vector name="rb" x="16" y="-3"/>
<int name="delay" value="180"/>
<string name="_hash" value="fa5e507631d33c60d218f194ad3bda19b7047ef3c51b405edf7643c40887c18a"/>
<string name="_outlink" value="Item/Pet/5002356.img/dung/4"/>
</canvas>
<canvas name="5" width="1" height="1">
<vector name="origin" x="32" y="53"/>
<int name="z" value="0"/>
<vector name="lt" x="-15" y="-35"/>
<vector name="rb" x="16" y="-3"/>
<int name="delay" value="180"/>
<string name="_hash" value="ee16c3a430d304279cfc026d5c20f0e34869f7bd8d94199bff71a65b1ca9cbf4"/>
<string name="_outlink" value="Item/Pet/5002356.img/dung/5"/>
</canvas>
<canvas name="6" width="1" height="1">
<vector name="origin" x="33" y="53"/>
<int name="z" value="0"/>
<vector name="lt" x="-15" y="-35"/>
<vector name="rb" x="16" y="-3"/>
<int name="delay" value="180"/>
<string name="_hash" value="9736346e464ce20606f821588047cac33a14482303cce5611b0d8fda1e19b1c0"/>
<string name="_outlink" value="Item/Pet/5002356.img/dung/6"/>
</canvas>
<canvas name="7" width="1" height="1">
<vector name="origin" x="28" y="55"/>
<int name="z" value="0"/>
<vector name="lt" x="-15" y="-35"/>
<vector name="rb" x="16" y="-3"/>
<int name="delay" value="180"/>
<string name="_hash" value="d9a9b17a94abe4062b792c63f7a4fcb8721faf362d53568873ed9bf86684ba7b"/>
<string name="_outlink" value="Item/Pet/5002356.img/dung/7"/>
</canvas>
<canvas name="8" width="1" height="1">
<vector name="origin" x="29" y="56"/>
<int name="z" value="0"/>
<vector name="lt" x="-15" y="-35"/>
<vector name="rb" x="16" y="-3"/>
<int name="delay" value="180"/>
<string name="_hash" value="f8e6584e37ddacb2efb8429cefd1e11e4557837a856f98fe83c4da1f9a4d87ff"/>
<string name="_outlink" value="Item/Pet/5002356.img/dung/8"/>
</canvas>
<canvas name="9" width="1" height="1">
<vector name="origin" x="31" y="55"/>
<int name="z" value="0"/>
<vector name="lt" x="-15" y="-35"/>
<vector name="rb" x="16" y="-3"/>
<int name="delay" value="180"/>
<string name="_hash" value="51ea03769bbd02e2d96933e0273d47b71aed85fcb89e64aa8cc997603c2ce525"/>
<string name="_outlink" value="Item/Pet/5002356.img/dung/9"/>
</canvas>
<canvas name="10" width="1" height="1">
<vector name="origin" x="33" y="51"/>
<int name="z" value="0"/>
<vector name="lt" x="-15" y="-35"/>
<vector name="rb" x="16" y="-3"/>
<int name="delay" value="180"/>
<string name="_hash" value="5a707c11e209b5eaf828d790163aed96b86238a5cd8471c5d545be805c36afed"/>
<string name="_outlink" value="Item/Pet/5002356.img/dung/10"/>
</canvas>
<canvas name="11" width="1" height="1">
<vector name="origin" x="30" y="50"/>
<int name="z" value="0"/>
<vector name="lt" x="-15" y="-35"/>
<vector name="rb" x="16" y="-3"/>
<int name="delay" value="180"/>
<string name="_hash" value="780e0f9aa895fbb9f1da77b576bec52844a14386db3d601f4f10dba7b87b6227"/>
<string name="_outlink" value="Item/Pet/5002356.img/dung/11"/>
</canvas>
</imgdir>
<imgdir name="sleep">
<canvas name="0" width="1" height="1">
<vector name="origin" x="32" y="55"/>
<int name="z" value="0"/>
<vector name="lt" x="-15" y="-35"/>
<vector name="rb" x="16" y="-3"/>
<int name="delay" value="180"/>
<string name="_hash" value="2803205caa6b9eb9d58f173a8288ca0a48b5f107cc4382e811acf5320bca46e8"/>
<string name="_outlink" value="Item/Pet/5002356.img/sleep/0"/>
</canvas>
<canvas name="1" width="1" height="1">
<vector name="origin" x="32" y="55"/>
<int name="z" value="0"/>
<vector name="lt" x="-15" y="-35"/>
<vector name="rb" x="16" y="-3"/>
<int name="delay" value="180"/>
<string name="_hash" value="6d724b1c306c74eb186521c9d9dfef7f9afe46bea50a60890ede6a9623e7542b"/>
<string name="_outlink" value="Item/Pet/5002356.img/sleep/1"/>
</canvas>
<canvas name="2" width="1" height="1">
<vector name="origin" x="33" y="53"/>
<int name="z" value="0"/>
<vector name="lt" x="-15" y="-35"/>
<vector name="rb" x="16" y="-3"/>
<int name="delay" value="180"/>
<string name="_hash" value="8dfda00efc4503f76512060086ae1245852e9727ffc59e30ffe8837e05e68d14"/>
<string name="_outlink" value="Item/Pet/5002356.img/sleep/2"/>
</canvas>
<canvas name="3" width="1" height="1">
<vector name="origin" x="31" y="55"/>
<int name="z" value="0"/>
<vector name="lt" x="-15" y="-35"/>
<vector name="rb" x="16" y="-3"/>
<int name="delay" value="180"/>
<string name="_hash" value="728fa28513c80cb7b01394658e0de272e78849ec73a5f12be8cf94f6099dff9c"/>
<string name="_outlink" value="Item/Pet/5002356.img/sleep/3"/>
</canvas>
<canvas name="4" width="1" height="1">
<vector name="origin" x="31" y="55"/>
<int name="z" value="0"/>
<vector name="lt" x="-15" y="-35"/>
<vector name="rb" x="16" y="-3"/>
<int name="delay" value="180"/>
<string name="_hash" value="87bafb1919f3b7475d96af6228a3312edc5bfa50858a1cd079e165c476290107"/>
<string name="_outlink" value="Item/Pet/5002356.img/sleep/4"/>
</canvas>
<canvas name="5" width="1" height="1">
<vector name="origin" x="32" y="55"/>
<int name="z" value="0"/>
<vector name="lt" x="-15" y="-35"/>
<vector name="rb" x="16" y="-3"/>
<int name="delay" value="180"/>
<string name="_hash" value="5c1ce5131ba8f68da65613216b41ef70a942bddc495c2b1986f0f29dd1a7e97a"/>
<string name="_outlink" value="Item/Pet/5002356.img/sleep/5"/>
</canvas>
<canvas name="6" width="1" height="1">
<vector name="origin" x="33" y="53"/>
<int name="z" value="0"/>
<vector name="lt" x="-15" y="-35"/>
<vector name="rb" x="16" y="-3"/>
<int name="delay" value="180"/>
<string name="_hash" value="ed6ddc98635a9f59f5bb102b7604f5253bf1691e177d261c4b0058fd59eb0d0b"/>
<string name="_outlink" value="Item/Pet/5002356.img/sleep/6"/>
</canvas>
<canvas name="7" width="1" height="1">
<vector name="origin" x="28" y="55"/>
<int name="z" value="0"/>
<vector name="lt" x="-15" y="-35"/>
<vector name="rb" x="16" y="-3"/>
<int name="delay" value="180"/>
<string name="_hash" value="133e057232ce6eeb7b1a2685f479ecdb8bf5c0b1471e27a550dd249fd850d274"/>
<string name="_outlink" value="Item/Pet/5002356.img/sleep/7"/>
</canvas>
<canvas name="8" width="1" height="1">
<vector name="origin" x="29" y="56"/>
<int name="z" value="0"/>
<vector name="lt" x="-15" y="-35"/>
<vector name="rb" x="16" y="-3"/>
<int name="delay" value="180"/>
<string name="_hash" value="0cb49446f5c9831a3e66b98fcc367e0797d2f30309fe4a706517e37782ff6e30"/>
<string name="_outlink" value="Item/Pet/5002356.img/sleep/8"/>
</canvas>
<canvas name="9" width="1" height="1">
<vector name="origin" x="31" y="55"/>
<int name="z" value="0"/>
<vector name="lt" x="-15" y="-35"/>
<vector name="rb" x="16" y="-3"/>
<int name="delay" value="180"/>
<string name="_hash" value="f56d54005e329b2781fad7a7065cb31dedbf1e4c90751c9c043104f4ea5f318b"/>
<string name="_outlink" value="Item/Pet/5002356.img/sleep/9"/>
</canvas>
<canvas name="10" width="1" height="1">
<vector name="origin" x="33" y="53"/>
<int name="z" value="0"/>
<vector name="lt" x="-15" y="-35"/>
<vector name="rb" x="16" y="-3"/>
<int name="delay" value="180"/>
<string name="_hash" value="b5af1c12779524ddd88983d2c194eab63eaa661685fcfb512a20f2d2a3ad97da"/>
<string name="_outlink" value="Item/Pet/5002356.img/sleep/10"/>
</canvas>
<canvas name="11" width="1" height="1">
<vector name="origin" x="30" y="55"/>
<int name="z" value="0"/>
<vector name="lt" x="-15" y="-35"/>
<vector name="rb" x="16" y="-3"/>
<int name="delay" value="180"/>
<string name="_hash" value="3e83999a9d2e71a822b3f3c133000efbf99dd8336755ead8b76f14922a90ad5b"/>
<string name="_outlink" value="Item/Pet/5002356.img/sleep/11"/>
</canvas>
</imgdir>
<imgdir name="angry">
<canvas name="0" width="1" height="1">
<vector name="origin" x="32" y="53"/>
<int name="z" value="0"/>
<vector name="lt" x="-15" y="-35"/>
<vector name="rb" x="16" y="-3"/>
<int name="delay" value="180"/>
<string name="_hash" value="5f51cac2b17111d426a6b228d7d52d9079516c363fc1eebf7a6ff39bcc453dbf"/>
<string name="_outlink" value="Item/Pet/5002356.img/angry/0"/>
</canvas>
<canvas name="1" width="1" height="1">
<vector name="origin" x="32" y="53"/>
<int name="z" value="0"/>
<vector name="lt" x="-15" y="-35"/>
<vector name="rb" x="16" y="-3"/>
<int name="delay" value="180"/>
<string name="_hash" value="db19983341ce9cc22e9dc17d810310f56ae2f62a7682b5e2e58709a4db762407"/>
<string name="_outlink" value="Item/Pet/5002356.img/angry/1"/>
</canvas>
<canvas name="2" width="1" height="1">
<vector name="origin" x="33" y="50"/>
<int name="z" value="0"/>
<vector name="lt" x="-15" y="-35"/>
<vector name="rb" x="16" y="-3"/>
<int name="delay" value="180"/>
<string name="_hash" value="23572ba7c95e29ad97a5672208441515c4eb53f9b69a47084e7bfd5f8443a7ff"/>
<string name="_outlink" value="Item/Pet/5002356.img/angry/2"/>
</canvas>
<canvas name="3" width="1" height="1">
<vector name="origin" x="31" y="53"/>
<int name="z" value="0"/>
<vector name="lt" x="-15" y="-35"/>
<vector name="rb" x="16" y="-3"/>
<int name="delay" value="180"/>
<string name="_hash" value="c3e0c4f333fa445b734dc20ac7efea13a36873bc6e387e5546943160c1a5b5e5"/>
<string name="_outlink" value="Item/Pet/5002356.img/angry/3"/>
</canvas>
<canvas name="4" width="1" height="1">
<vector name="origin" x="31" y="55"/>
<int name="z" value="0"/>
<vector name="lt" x="-15" y="-35"/>
<vector name="rb" x="16" y="-3"/>
<int name="delay" value="180"/>
<string name="_hash" value="3acf3b5ad4e74f617181443e57c5662469b330e1dd1132ea88050733283acb01"/>
<string name="_outlink" value="Item/Pet/5002356.img/angry/4"/>
</canvas>
<canvas name="5" width="1" height="1">
<vector name="origin" x="32" y="53"/>
<int name="z" value="0"/>
<vector name="lt" x="-15" y="-35"/>
<vector name="rb" x="16" y="-3"/>
<int name="delay" value="180"/>
<string name="_hash" value="1b846c4afa7c39498807c4278ed1f0b6623cf8fb4b33ac86a6394964e49c5675"/>
<string name="_outlink" value="Item/Pet/5002356.img/angry/5"/>
</canvas>
<canvas name="6" width="1" height="1">
<vector name="origin" x="33" y="53"/>
<int name="z" value="0"/>
<vector name="lt" x="-15" y="-35"/>
<vector name="rb" x="16" y="-3"/>
<int name="delay" value="180"/>
<string name="_hash" value="120538c3357ee91b750052dc8bb4e6afd027deb98bd47ca7458dab954ad4c080"/>
<string name="_outlink" value="Item/Pet/5002356.img/angry/6"/>
</canvas>
<canvas name="7" width="1" height="1">
<vector name="origin" x="28" y="55"/>
<int name="z" value="0"/>
<vector name="lt" x="-15" y="-35"/>
<vector name="rb" x="16" y="-3"/>
<int name="delay" value="180"/>
<string name="_hash" value="e01654fba2d488600b67b6dd92379e343670e70eda6921b348a550de0b41509e"/>
<string name="_outlink" value="Item/Pet/5002356.img/angry/7"/>
</canvas>
<canvas name="8" width="1" height="1">
<vector name="origin" x="29" y="56"/>
<int name="z" value="0"/>
<vector name="lt" x="-15" y="-35"/>
<vector name="rb" x="16" y="-3"/>
<int name="delay" value="180"/>
<string name="_hash" value="1681096040a72b788a63c65a4bf4084dc92809e14c12c0ff47bd25d83643fd4c"/>
<string name="_outlink" value="Item/Pet/5002356.img/angry/8"/>
</canvas>
<canvas name="9" width="1" height="1">
<vector name="origin" x="31" y="55"/>
<int name="z" value="0"/>
<vector name="lt" x="-15" y="-35"/>
<vector name="rb" x="16" y="-3"/>
<int name="delay" value="180"/>
<string name="_hash" value="76d85ce99601325d205ca9c1fc4edfd481c6839d6d75d0a6d793a729755f145e"/>
<string name="_outlink" value="Item/Pet/5002356.img/angry/9"/>
</canvas>
<canvas name="10" width="1" height="1">
<vector name="origin" x="33" y="51"/>
<int name="z" value="0"/>
<vector name="lt" x="-15" y="-35"/>
<vector name="rb" x="16" y="-3"/>
<int name="delay" value="180"/>
<string name="_hash" value="dacd05cd425a03ebb140c4727e9a0a191d9d1b29f9b767429a565c7816fd1a42"/>
<string name="_outlink" value="Item/Pet/5002356.img/angry/10"/>
</canvas>
<canvas name="11" width="1" height="1">
<vector name="origin" x="30" y="50"/>
<int name="z" value="0"/>
<vector name="lt" x="-15" y="-35"/>
<vector name="rb" x="16" y="-3"/>
<int name="delay" value="180"/>
<string name="_hash" value="419a2a5e9a86f62964e7398b37461f48c9ffa503ecb6d9cf1cb78eb9f8fcff00"/>
<string name="_outlink" value="Item/Pet/5002356.img/angry/11"/>
</canvas>
</imgdir>
<imgdir name="what">
<canvas name="0" width="1" height="1">
<vector name="origin" x="32" y="53"/>
<int name="z" value="0"/>
<vector name="lt" x="-15" y="-35"/>
<vector name="rb" x="16" y="-3"/>
<int name="delay" value="180"/>
<string name="_hash" value="33a8a585bb421bee682da903e18b978ddadb56396a8c8da8c5e39fb5b21ace43"/>
<string name="_outlink" value="Item/Pet/5002356.img/what/0"/>
</canvas>
<canvas name="1" width="1" height="1">
<vector name="origin" x="32" y="53"/>
<int name="z" value="0"/>
<vector name="lt" x="-15" y="-35"/>
<vector name="rb" x="16" y="-3"/>
<int name="delay" value="180"/>
<string name="_hash" value="456681f0b04e7fc3e2190101cb6394335dab16111911050ad3809571c6b0a188"/>
<string name="_outlink" value="Item/Pet/5002356.img/what/1"/>
</canvas>
<canvas name="2" width="1" height="1">
<vector name="origin" x="33" y="50"/>
<int name="z" value="0"/>
<vector name="lt" x="-15" y="-35"/>
<vector name="rb" x="16" y="-3"/>
<int name="delay" value="180"/>
<string name="_hash" value="bc7fda9ee9ca8a8f05d7a8b7741e88cb1ae4786240808fa862f734d596f33c31"/>
<string name="_outlink" value="Item/Pet/5002356.img/what/2"/>
</canvas>
<canvas name="3" width="1" height="1">
<vector name="origin" x="31" y="53"/>
<int name="z" value="0"/>
<vector name="lt" x="-15" y="-35"/>
<vector name="rb" x="16" y="-3"/>
<int name="delay" value="180"/>
<string name="_hash" value="4e38729a445bdafd5fc6f54ce163f38b00d3d6291e7b9093930fa1dd66c5f49b"/>
<string name="_outlink" value="Item/Pet/5002356.img/what/3"/>
</canvas>
<canvas name="4" width="1" height="1">
<vector name="origin" x="31" y="55"/>
<int name="z" value="0"/>
<vector name="lt" x="-15" y="-35"/>
<vector name="rb" x="16" y="-3"/>
<int name="delay" value="180"/>
<string name="_hash" value="12c27484f589beecc87a14b96b7aa316e49f439490c2657d7a9cd2ac6426cf1e"/>
<string name="_outlink" value="Item/Pet/5002356.img/what/4"/>
</canvas>
<canvas name="5" width="1" height="1">
<vector name="origin" x="32" y="53"/>
<int name="z" value="0"/>
<vector name="lt" x="-15" y="-35"/>
<vector name="rb" x="16" y="-3"/>
<int name="delay" value="180"/>
<string name="_hash" value="31089c0f772c86fe837911882e648c965a5e61b60873000bc4d3febecb35eb1e"/>
<string name="_outlink" value="Item/Pet/5002356.img/what/5"/>
</canvas>
<canvas name="6" width="1" height="1">
<vector name="origin" x="33" y="53"/>
<int name="z" value="0"/>
<vector name="lt" x="-15" y="-35"/>
<vector name="rb" x="16" y="-3"/>
<int name="delay" value="180"/>
<string name="_hash" value="b4acece573a372cddc6ab6e10471f868ddd3f471fbad57318b89cabcd94fece3"/>
<string name="_outlink" value="Item/Pet/5002356.img/what/6"/>
</canvas>
<canvas name="7" width="1" height="1">
<vector name="origin" x="28" y="55"/>
<int name="z" value="0"/>
<vector name="lt" x="-15" y="-35"/>
<vector name="rb" x="16" y="-3"/>
<int name="delay" value="180"/>
<string name="_hash" value="34cc00563b18582f4d137b2d7798586ae0a1f3a8e17501aeea632679c3fff5e6"/>
<string name="_outlink" value="Item/Pet/5002356.img/what/7"/>
</canvas>
<canvas name="8" width="1" height="1">
<vector name="origin" x="29" y="56"/>
<int name="z" value="0"/>
<vector name="lt" x="-15" y="-35"/>
<vector name="rb" x="16" y="-3"/>
<int name="delay" value="180"/>
<string name="_hash" value="baa03b2aca818b43609c7143d865fd405e4ef256042877239f5d5b890612fc1c"/>
<string name="_outlink" value="Item/Pet/5002356.img/what/8"/>
</canvas>
<canvas name="9" width="1" height="1">
<vector name="origin" x="31" y="55"/>
<int name="z" value="0"/>
<vector name="lt" x="-15" y="-35"/>
<vector name="rb" x="16" y="-3"/>
<int name="delay" value="180"/>
<string name="_hash" value="9efdad7bb5467e6c69ff645f249ab8f950fb7c54bf6326c0e122a27a2498f341"/>
<string name="_outlink" value="Item/Pet/5002356.img/what/9"/>
</canvas>
<canvas name="10" width="1" height="1">
<vector name="origin" x="33" y="51"/>
<int name="z" value="0"/>
<vector name="lt" x="-15" y="-35"/>
<vector name="rb" x="16" y="-3"/>
<int name="delay" value="180"/>
<string name="_hash" value="f4120b929b083954babc4012b72f302b234f285ae38ea81c52bfd5808219231d"/>
<string name="_outlink" value="Item/Pet/5002356.img/what/10"/>
</canvas>
<canvas name="11" width="1" height="1">
<vector name="origin" x="30" y="50"/>
<int name="z" value="0"/>
<vector name="lt" x="-15" y="-35"/>
<vector name="rb" x="16" y="-3"/>
<int name="delay" value="180"/>
<string name="_hash" value="60906149ec409137457c3e58627ff6be67fab99839cfbf676bfdbb7bec6c930f"/>
<string name="_outlink" value="Item/Pet/5002356.img/what/11"/>
</canvas>
</imgdir>
<uol name="sit" value="rest0"/>
<uol name="fly" value="jump"/>
</imgdir>
