<?xml version="1.0" encoding="UTF-8" standalone="yes"?><imgdir name="5002608.img"><imgdir name="info"><canvas name="iconD" width="30" height="25"><vector name="origin" x="-2" y="26"/><int name="z" value="0"/><string name="_hash" value="226cb7ce3d738b50541f923674291c0abef5af8dfb6acc8429f789caf57a2a21"/></canvas><canvas name="iconRawD" width="23" height="23"><vector name="origin" x="-4" y="26"/><int name="z" value="0"/><string name="_hash" value="9f6b9e27e99076e55b1dfccade78278555a3d5e5cf97e5fa239ab6c8fb8fa66c"/></canvas><canvas name="icon" width="31" height="27"><vector name="origin" x="-2" y="28"/><int name="z" value="0"/><string name="_hash" value="15c5d21502a86a9e003319a6d0dea7241414816319960c1e8912b51300a8a629"/></canvas><canvas name="iconRaw" width="29" height="26"><vector name="origin" x="-2" y="28"/><int name="z" value="0"/><string name="_hash" value="e089ca70eff99051b8f3f087b3964f1e2b931ead0213b947206c88ba997f7691"/></canvas><int name="hungry" value="2"/><int name="cash" value="1"/><int name="life" value="90"/><int name="chatBalloon" value="724"/><int name="nameTag" value="726"/><int name="pickupItem" value="1"/><int name="multiPet" value="1"/><int name="autoBuff" value="1"/><int name="sweepForDrop" value="1"/><int name="setItemID" value="967"/><int name="wonderGrade" value="2"/></imgdir><imgdir name="interact"><imgdir name="0"><string name="command" value="c1"/><int name="inc" value="1"/><int name="prob" value="45"/><int name="l0" value="1"/><int name="l1" value="9"/><imgdir name="success"><imgdir name="0"><string name="act" value="rest0"/><string name="0" value="c1_s1"/><string name="1" value="c1_s2"/></imgdir></imgdir><imgdir name="fail"><imgdir name="0"><string name="act" value="stand0"/><string name="0" value="c1_f1"/><string name="1" value="c1_f2"/></imgdir></imgdir></imgdir><imgdir name="1"><string name="command" value="c2"/><int name="inc" value="1"/><int name="prob" value="60"/><int name="l0" value="10"/><int name="l1" value="19"/><imgdir name="success"><imgdir name="0"><string name="act" value="rest0"/><string name="0" value="c2_s1"/><string name="1" value="c2_s2"/><string name="2" value="c2_s3"/><string name="3" value="c2_s4"/></imgdir></imgdir><imgdir name="fail"><imgdir name="0"><string name="act" value="stand1"/><string name="0" value="c2_f1"/><string name="1" value="c2_f2"/><string name="2" value="c2_f3"/><string name="3" value="c2_f4"/></imgdir></imgdir></imgdir><imgdir name="2"><string name="command" value="c3"/><int name="inc" value="1"/><int name="prob" value="80"/><int name="l0" value="20"/><int name="l1" value="29"/><imgdir name="success"><imgdir name="0"><string name="act" value="rest0"/><string name="0" value="c3_s1"/><string name="1" value="c3_s2"/><string name="2" value="c3_s3"/><string name="3" value="c3_s4"/></imgdir></imgdir><imgdir name="fail"><imgdir name="0"><string name="act" value="stand1"/><string name="0" value="c3_f1"/><string name="1" value="c3_f2"/><string name="2" value="c3_f3"/><string name="3" value="c3_f4"/></imgdir></imgdir></imgdir><imgdir name="3"><string name="command" value="c4"/><int name="inc" value="1"/><int name="prob" value="90"/><int name="l0" value="30"/><int name="l1" value="30"/><imgdir name="success"><imgdir name="0"><string name="act" value="rest0"/><string name="0" value="c4_s1"/><string name="1" value="c4_s2"/><string name="2" value="c4_s3"/><string name="3" value="c4_s4"/></imgdir></imgdir><imgdir name="fail"><imgdir name="0"><string name="act" value="what"/><string name="0" value="c4_f1"/><string name="1" value="c4_f2"/><string name="2" value="c4_f3"/><string name="3" value="c4_f4"/></imgdir></imgdir></imgdir><imgdir name="4"><string name="command" value="c5"/><int name="inc" value="1"/><int name="prob" value="45"/><int name="l0" value="1"/><int name="l1" value="9"/><imgdir name="success"><imgdir name="0"><string name="act" value="cry"/><string name="0" value="c5_s1"/><string name="1" value="c5_s2"/></imgdir></imgdir><imgdir name="fail"><imgdir name="0"><string name="act" value="stand1"/><string name="0" value="c5_f1"/><string name="1" value="c5_f2"/></imgdir></imgdir></imgdir><imgdir name="5"><string name="command" value="c6"/><int name="inc" value="1"/><int name="prob" value="60"/><int name="l0" value="10"/><int name="l1" value="19"/><imgdir name="success"><imgdir name="0"><string name="act" value="cry"/><string name="0" value="c6_s1"/><string name="1" value="c6_s2"/><string name="2" value="c6_s3"/><string name="3" value="c6_s4"/></imgdir></imgdir><imgdir name="fail"><imgdir name="0"><string name="act" value="stand1"/><string name="0" value="c6_f1"/><string name="1" value="c6_f2"/><string name="2" value="c6_f3"/><string name="3" value="c6_f4"/></imgdir></imgdir></imgdir><imgdir name="6"><string name="command" value="c7"/><int name="inc" value="1"/><int name="prob" value="80"/><int name="l0" value="20"/><int name="l1" value="29"/><imgdir name="success"><imgdir name="0"><string name="act" value="cry"/><string name="0" value="c7_s1"/><string name="1" value="c7_s2"/><string name="2" value="c7_s3"/><string name="3" value="c7_s4"/></imgdir></imgdir><imgdir name="fail"><imgdir name="0"><string name="act" value="stand1"/><string name="0" value="c7_f1"/><string name="1" value="c7_f2"/><string name="2" value="c7_f3"/><string name="3" value="c7_f4"/></imgdir></imgdir></imgdir><imgdir name="7"><string name="command" value="c8"/><int name="inc" value="1"/><int name="prob" value="90"/><int name="l0" value="30"/><int name="l1" value="30"/><imgdir name="success"><imgdir name="0"><string name="act" value="cry"/><string name="0" value="c8_s1"/><string name="1" value="c8_s2"/><string name="2" value="c8_s3"/><string name="3" value="c8_s4"/></imgdir></imgdir><imgdir name="fail"><imgdir name="0"><string name="act" value="stand1"/><string name="0" value="c8_f1"/><string name="1" value="c8_f2"/><string name="2" value="c8_f3"/><string name="3" value="c8_f4"/></imgdir></imgdir></imgdir><imgdir name="8"><string name="command" value="c9"/><int name="inc" value="1"/><int name="prob" value="45"/><int name="l0" value="1"/><int name="l1" value="9"/><imgdir name="success"><imgdir name="0"><string name="act" value="love"/><string name="0" value="c9_s1"/><string name="1" value="c9_s2"/></imgdir></imgdir><imgdir name="fail"><imgdir name="0"><string name="act" value="stand0"/><string name="0" value="c9_f1"/><string name="1" value="c9_f2"/></imgdir></imgdir></imgdir><imgdir name="9"><string name="command" value="c10"/><int name="inc" value="1"/><int name="prob" value="60"/><int name="l0" value="10"/><int name="l1" value="19"/><imgdir name="success"><imgdir name="0"><string name="act" value="love"/><string name="0" value="c10_s1"/><string name="1" value="c10_s2"/><string name="2" value="c10_s3"/><string name="3" value="c10_s4"/></imgdir></imgdir><imgdir name="fail"><imgdir name="0"><string name="act" value="stand0"/><string name="0" value="c10_f1"/><string name="1" value="c10_f2"/><string name="2" value="c10_f3"/><string name="3" value="c10_f4"/></imgdir></imgdir></imgdir><imgdir name="10"><string name="command" value="c11"/><int name="inc" value="1"/><int name="prob" value="80"/><int name="l0" value="20"/><int name="l1" value="29"/><imgdir name="success"><imgdir name="0"><string name="act" value="love"/><string name="0" value="c11_s1"/><string name="1" value="c11_s2"/><string name="2" value="c11_s3"/><string name="3" value="c11_s4"/></imgdir></imgdir><imgdir name="fail"><imgdir name="0"><string name="act" value="what"/><string name="0" value="c11_f1"/><string name="1" value="c11_f2"/><string name="2" value="c11_f3"/><string name="3" value="c11_f4"/></imgdir></imgdir></imgdir><imgdir name="11"><string name="command" value="c12"/><int name="inc" value="1"/><int name="prob" value="90"/><int name="l0" value="30"/><int name="l1" value="30"/><imgdir name="success"><imgdir name="0"><string name="act" value="love"/><string name="0" value="c12_s1"/><string name="1" value="c12_s2"/><string name="2" value="c12_s3"/><string name="3" value="c12_s4"/></imgdir></imgdir><imgdir name="fail"><imgdir name="0"><string name="act" value="stand0"/><string name="0" value="c12_f1"/><string name="1" value="c12_f2"/><string name="2" value="c12_f3"/><string name="3" value="c12_f4"/></imgdir></imgdir></imgdir><imgdir name="12"><string name="command" value="c13"/><int name="inc" value="1"/><int name="prob" value="60"/><int name="l0" value="10"/><int name="l1" value="19"/><imgdir name="success"><imgdir name="0"><string name="act" value="dung"/><string name="0" value="c13_s1"/><string name="1" value="c13_s2"/><string name="2" value="c13_s3"/><string name="3" value="c13_s4"/></imgdir></imgdir><imgdir name="fail"><imgdir name="0"><string name="act" value="what"/><string name="0" value="c13_f1"/><string name="1" value="c13_f2"/><string name="2" value="c13_f3"/><string name="3" value="c13_f4"/></imgdir></imgdir></imgdir><imgdir name="13"><string name="command" value="c14"/><int name="inc" value="1"/><int name="prob" value="80"/><int name="l0" value="20"/><int name="l1" value="29"/><imgdir name="success"><imgdir name="0"><string name="act" value="dung"/><string name="0" value="c14_s1"/><string name="1" value="c14_s2"/><string name="2" value="c14_s3"/><string name="3" value="c14_s4"/></imgdir></imgdir><imgdir name="fail"><imgdir name="0"><string name="act" value="cry"/><string name="0" value="c14_f1"/><string name="1" value="c14_f2"/><string name="2" value="c14_f3"/><string name="3" value="c14_f4"/></imgdir></imgdir></imgdir><imgdir name="14"><string name="command" value="c15"/><int name="inc" value="1"/><int name="prob" value="90"/><int name="l0" value="30"/><int name="l1" value="30"/><imgdir name="success"><imgdir name="0"><string name="act" value="dung"/><string name="0" value="c15_s1"/><string name="1" value="c15_s2"/><string name="2" value="c15_s3"/><string name="3" value="c15_s4"/></imgdir></imgdir><imgdir name="fail"><imgdir name="0"><string name="act" value="chat"/><string name="0" value="c15_f1"/><string name="1" value="c15_f2"/><string name="2" value="c15_f3"/><string name="3" value="c15_f4"/></imgdir></imgdir></imgdir><imgdir name="15"><string name="command" value="c16"/><int name="inc" value="1"/><int name="prob" value="60"/><int name="l0" value="10"/><int name="l1" value="19"/><imgdir name="success"><imgdir name="0"><string name="act" value="sleep"/><string name="0" value="c16_s1"/><string name="1" value="c16_s2"/><string name="2" value="c16_s3"/><string name="3" value="c16_s4"/></imgdir></imgdir><imgdir name="fail"><imgdir name="0"><string name="act" value="hungry"/><string name="0" value="c16_f1"/><string name="1" value="c16_f2"/><string name="2" value="c16_f3"/><string name="3" value="c16_f4"/></imgdir></imgdir></imgdir><imgdir name="16"><string name="command" value="c17"/><int name="inc" value="2"/><int name="prob" value="80"/><int name="l0" value="20"/><int name="l1" value="29"/><imgdir name="success"><imgdir name="0"><string name="act" value="sleep"/><string name="0" value="c17_s1"/><string name="1" value="c17_s2"/><string name="2" value="c17_s3"/><string name="3" value="c17_s4"/></imgdir></imgdir><imgdir name="fail"><imgdir name="0"><string name="act" value="jump"/><string name="0" value="c17_f1"/><string name="1" value="c17_f2"/><string name="2" value="c17_f3"/><string name="3" value="c17_f4"/></imgdir></imgdir></imgdir><imgdir name="17"><string name="command" value="c18"/><int name="inc" value="2"/><int name="prob" value="90"/><int name="l0" value="30"/><int name="l1" value="30"/><imgdir name="success"><imgdir name="0"><string name="act" value="sleep"/><string name="0" value="c18_s1"/><string name="1" value="c18_s2"/><string name="2" value="c18_s3"/><string name="3" value="c18_s4"/></imgdir></imgdir><imgdir name="fail"><imgdir name="0"><string name="act" value="move"/><string name="0" value="c18_f1"/><string name="1" value="c18_f2"/><string name="2" value="c18_f3"/><string name="3" value="c18_f4"/></imgdir></imgdir></imgdir><imgdir name="18"><string name="command" value="c19"/><int name="inc" value="2"/><int name="prob" value="60"/><int name="l0" value="10"/><int name="l1" value="19"/><imgdir name="success"><imgdir name="0"><string name="act" value="chat"/><string name="0" value="c19_s1"/><string name="1" value="c19_s2"/><string name="2" value="c19_s3"/><string name="3" value="c19_s4"/></imgdir></imgdir><imgdir name="fail"><imgdir name="0"><string name="act" value="what"/><string name="0" value="c19_f1"/><string name="1" value="c19_f2"/><string name="2" value="c19_f3"/><string name="3" value="c19_f4"/></imgdir></imgdir></imgdir><imgdir name="19"><string name="command" value="c20"/><int name="inc" value="2"/><int name="prob" value="80"/><int name="l0" value="20"/><int name="l1" value="29"/><imgdir name="success"><imgdir name="0"><string name="act" value="chat"/><string name="0" value="c20_s1"/><string name="1" value="c20_s2"/><string name="2" value="c20_s3"/><string name="3" value="c20_s4"/></imgdir></imgdir><imgdir name="fail"><imgdir name="0"><string name="act" value="what"/><string name="0" value="c20_f1"/><string name="1" value="c20_f2"/><string name="2" value="c20_f3"/><string name="3" value="c20_f4"/></imgdir></imgdir></imgdir><imgdir name="20"><string name="command" value="c21"/><int name="inc" value="2"/><int name="prob" value="90"/><int name="l0" value="30"/><int name="l1" value="30"/><imgdir name="success"><imgdir name="0"><string name="act" value="chat"/><string name="0" value="c21_s1"/><string name="1" value="c21_s2"/><string name="2" value="c21_s3"/><string name="3" value="c21_s4"/></imgdir></imgdir><imgdir name="fail"><imgdir name="0"><string name="act" value="what"/><string name="0" value="c21_f1"/><string name="1" value="c21_f2"/><string name="2" value="c21_f3"/><string name="3" value="c21_f4"/></imgdir></imgdir></imgdir></imgdir><imgdir name="food"><imgdir name="0"><int name="l0" value="1"/><int name="l1" value="9"/><imgdir name="success"><imgdir name="0"><string name="act" value="eat"/><string name="0" value="f1_s"/></imgdir></imgdir><imgdir name="fail"><imgdir name="0"><string name="act" value="cry"/><string name="0" value="f1_f"/></imgdir></imgdir></imgdir><imgdir name="1"><int name="l0" value="10"/><int name="l1" value="19"/><imgdir name="success"><imgdir name="0"><string name="act" value="eat"/><string name="0" value="f2_s"/></imgdir></imgdir><imgdir name="fail"><imgdir name="0"><string name="act" value="cry"/><string name="0" value="f2_f"/></imgdir></imgdir></imgdir><imgdir name="2"><int name="l0" value="20"/><int name="l1" value="29"/><imgdir name="success"><imgdir name="0"><string name="act" value="eat"/><string name="0" value="f3_s"/></imgdir></imgdir><imgdir name="fail"><imgdir name="0"><string name="act" value="cry"/><string name="0" value="f3_f"/></imgdir></imgdir></imgdir><imgdir name="3"><int name="l0" value="30"/><int name="l1" value="30"/><imgdir name="success"><imgdir name="0"><string name="act" value="eat"/><string name="0" value="f4_s"/></imgdir></imgdir><imgdir name="fail"><imgdir name="0"><string name="act" value="cry"/><string name="0" value="f4_f"/></imgdir></imgdir></imgdir></imgdir><imgdir name="slang"><imgdir name="0"><int name="l0" value="1"/><int name="l1" value="9"/><string name="act" value="cry"/><string name="0" value="s1"/></imgdir><imgdir name="1"><int name="l0" value="10"/><int name="l1" value="19"/><string name="act" value="cry"/><string name="0" value="s2"/></imgdir><imgdir name="2"><int name="l0" value="20"/><int name="l1" value="29"/><string name="act" value="what"/><string name="0" value="s3"/></imgdir><imgdir name="3"><int name="l0" value="30"/><int name="l1" value="30"/><string name="act" value="what"/><string name="0" value="s4"/></imgdir></imgdir><imgdir name="stand0"><canvas name="0" width="30" height="33"><vector name="origin" x="12" y="33"/><int name="z" value="0"/><vector name="lt" x="-12" y="-33"/><vector name="rb" x="18" y="0"/><int name="delay" value="180"/><string name="_hash" value="11e88b41d4bedb04ec2f67dcd0934106a56bf251ee89ff0c87e713645a17ba89"/></canvas><canvas name="1" width="30" height="33"><vector name="origin" x="12" y="33"/><int name="z" value="0"/><vector name="lt" x="-12" y="-33"/><vector name="rb" x="18" y="0"/><int name="delay" value="180"/><string name="_hash" value="e81f0ef6eba2ddf62c3b50f434fd761034314c5ac475ff56b00ab4117b821c58"/></canvas><canvas name="2" width="30" height="33"><vector name="origin" x="12" y="33"/><int name="z" value="0"/><vector name="lt" x="-12" y="-33"/><vector name="rb" x="18" y="0"/><int name="delay" value="180"/><string name="_hash" value="41835408544c15eb6985d6dcf58d57c35cd5cc3a27cb8e0e2315c2fcf2125a67"/></canvas><canvas name="3" width="30" height="33"><vector name="origin" x="12" y="33"/><int name="z" value="0"/><vector name="lt" x="-12" y="-33"/><vector name="rb" x="18" y="0"/><int name="delay" value="180"/><string name="_hash" value="0987c6569362ec6b9f6b8638a195b796560bc655a7bfd1c2a8d9c07ee67e8476"/></canvas></imgdir><imgdir name="stand1"><canvas name="0" width="30" height="33"><vector name="origin" x="12" y="33"/><int name="z" value="0"/><vector name="lt" x="-12" y="-33"/><vector name="rb" x="18" y="0"/><int name="delay" value="180"/><string name="_hash" value="37cd80677e2faf466a35b7f380d3912980523eb2d1465b3b788a04626e9abac0"/></canvas><canvas name="1" width="30" height="33"><vector name="origin" x="12" y="33"/><int name="z" value="0"/><vector name="lt" x="-12" y="-33"/><vector name="rb" x="18" y="0"/><int name="delay" value="180"/><string name="_hash" value="45ae4a57ade5f9979e74bde62f79659da76a603fea39ff2d643205f446bf5b5d"/></canvas><canvas name="2" width="30" height="33"><vector name="origin" x="12" y="33"/><int name="z" value="0"/><vector name="lt" x="-12" y="-33"/><vector name="rb" x="18" y="0"/><int name="delay" value="180"/><string name="_hash" value="5fd12c2629932074e748ad31363591e2b2595327598eca2153cd287824b3ea7e"/></canvas><canvas name="3" width="30" height="33"><vector name="origin" x="12" y="33"/><int name="z" value="0"/><vector name="lt" x="-12" y="-33"/><vector name="rb" x="18" y="0"/><int name="delay" value="180"/><string name="_hash" value="34fd11020a440e07724c5660f1a0d0915a007b49e299b74905b9cfc7cb0cc67a"/></canvas></imgdir><imgdir name="rest0"><canvas name="0" width="30" height="33"><vector name="origin" x="12" y="33"/><int name="z" value="0"/><vector name="lt" x="-12" y="-33"/><vector name="rb" x="18" y="0"/><int name="delay" value="180"/><string name="_hash" value="89fc749ac1248ac4cbf7cb7be778b6d451a099ccedcae696cbdb2963c51abffc"/></canvas><canvas name="1" width="1" height="1"><vector name="origin" x="12" y="33"/><int name="z" value="0"/><vector name="lt" x="-12" y="-33"/><vector name="rb" x="18" y="0"/><int name="delay" value="180"/><string name="_inlink" value="stand1/1"/></canvas><canvas name="2" width="1" height="1"><vector name="origin" x="12" y="33"/><int name="z" value="0"/><vector name="lt" x="-12" y="-33"/><vector name="rb" x="18" y="0"/><int name="delay" value="180"/><string name="_inlink" value="stand1/2"/></canvas><canvas name="3" width="30" height="33"><vector name="origin" x="12" y="33"/><int name="z" value="0"/><vector name="lt" x="-12" y="-33"/><vector name="rb" x="18" y="0"/><int name="delay" value="180"/><string name="_hash" value="501f039caf033442dade1140a1d6160bc4d637d72c96c6c824e9978e2f424ac6"/></canvas></imgdir><imgdir name="move"><canvas name="0" width="32" height="33"><vector name="origin" x="13" y="33"/><int name="z" value="0"/><vector name="lt" x="-13" y="-33"/><vector name="rb" x="19" y="0"/><int name="delay" value="180"/><string name="_hash" value="398de7be50332f10b35442d8c698f8235654d0e9223c97b649d840923c34496c"/></canvas><canvas name="1" width="32" height="33"><vector name="origin" x="12" y="34"/><int name="z" value="0"/><vector name="lt" x="-12" y="-34"/><vector name="rb" x="20" y="-1"/><int name="delay" value="180"/><string name="_hash" value="39aa40f054e07a13437186775f747f5f4dc7fa67e0100cb140904b4dc510d542"/></canvas><canvas name="2" width="33" height="39"><vector name="origin" x="12" y="39"/><int name="z" value="0"/><vector name="lt" x="-12" y="-39"/><vector name="rb" x="21" y="0"/><int name="delay" value="180"/><string name="_hash" value="d3e68037dd5dd9be4043016984daa02cb0dbc3d965099239f6eb0a99e03639be"/></canvas><canvas name="3" width="33" height="37"><vector name="origin" x="12" y="37"/><int name="z" value="0"/><vector name="lt" x="-12" y="-37"/><vector name="rb" x="21" y="0"/><int name="delay" value="180"/><string name="_hash" value="2faf516421243bab581ed952b3fe8dbc9c14dff9953093ef8e9f75297abf0dd2"/></canvas></imgdir><imgdir name="jump"><canvas name="0" width="30" height="33"><vector name="origin" x="12" y="48"/><int name="z" value="0"/><vector name="lt" x="-12" y="-48"/><vector name="rb" x="18" y="-15"/><string name="_hash" value="a475904058b9e25f489cc498651122cab9d9a4f794312ccb2d8ba1257724f326"/></canvas></imgdir><imgdir name="hungry"><canvas name="0" width="30" height="33"><vector name="origin" x="12" y="33"/><int name="z" value="0"/><vector name="lt" x="-12" y="-33"/><vector name="rb" x="18" y="0"/><int name="delay" value="180"/><string name="_hash" value="4bd4f52f475866b2f28e396950e08c749c76cbffda0bfccfde7879e15e39bed3"/></canvas><canvas name="1" width="30" height="31"><vector name="origin" x="12" y="31"/><int name="z" value="0"/><vector name="lt" x="-12" y="-31"/><vector name="rb" x="18" y="0"/><int name="delay" value="180"/><string name="_hash" value="81fcc96809d44ceeb73b09404f13f69bf5230f07dcbf9692e71af33c00fda7f3"/></canvas><canvas name="2" width="30" height="29"><vector name="origin" x="12" y="29"/><int name="z" value="0"/><vector name="lt" x="-12" y="-29"/><vector name="rb" x="18" y="0"/><int name="delay" value="180"/><string name="_hash" value="20fabbd29d2545d7a5328b0eaabf8f38f980c660a0ea15db529ba4749cd91f73"/></canvas><canvas name="3" width="30" height="29"><vector name="origin" x="12" y="29"/><int name="z" value="0"/><vector name="lt" x="-12" y="-29"/><vector name="rb" x="18" y="0"/><int name="delay" value="180"/><string name="_hash" value="67f445f29ce1d4d30b5f91e5dfb86fdc68154689414931bdfc722cb6894cfb0b"/></canvas><canvas name="4" width="30" height="29"><vector name="origin" x="12" y="29"/><int name="z" value="0"/><vector name="lt" x="-12" y="-29"/><vector name="rb" x="18" y="0"/><int name="delay" value="180"/><string name="_hash" value="519ecdf7062bb892830f5335190218bb70c74dd5e4c59344abb198413ddd5d70"/></canvas></imgdir><imgdir name="hang"><canvas name="0" width="30" height="33"><vector name="origin" x="15" y="37"/><int name="z" value="0"/><vector name="lt" x="-11" y="-37"/><vector name="rb" x="19" y="-4"/><string name="_hash" value="32c2b39a7e12f9bde4a5dffa048b1b2702c6064ad8726b6e156419bf7114bad0"/></canvas></imgdir><imgdir name="eat"><canvas name="0" width="47" height="33"><vector name="origin" x="29" y="33"/><int name="z" value="0"/><vector name="lt" x="-29" y="-33"/><vector name="rb" x="18" y="0"/><int name="delay" value="180"/><string name="_hash" value="972a37d377576d1e21a4fda358315bf0385eda71e5ba17c695d1779598c14f0d"/></canvas><canvas name="1" width="38" height="33"><vector name="origin" x="20" y="37"/><int name="z" value="0"/><vector name="lt" x="-20" y="-37"/><vector name="rb" x="18" y="-4"/><int name="delay" value="180"/><string name="_hash" value="4b360306ff105fd91b8321f6ceb15280225e3b5df60ef2bc10d4bde60b568979"/></canvas><canvas name="2" width="30" height="33"><vector name="origin" x="12" y="32"/><int name="z" value="0"/><vector name="lt" x="-12" y="-32"/><vector name="rb" x="18" y="1"/><int name="delay" value="180"/><string name="_hash" value="7ac5aaffbf9d53a0769164ec40063bf2fbd8c4d0886d7f789fa5a832cc7ad8ab"/></canvas><canvas name="3" width="30" height="33"><vector name="origin" x="12" y="33"/><int name="z" value="0"/><vector name="lt" x="-12" y="-33"/><vector name="rb" x="18" y="0"/><int name="delay" value="180"/><string name="_hash" value="b69087b53c84e2f249b5d751787639f87eb3479cf8a39119190c5db08ae82ca7"/></canvas><canvas name="4" width="30" height="33"><vector name="origin" x="12" y="33"/><int name="z" value="0"/><vector name="lt" x="-12" y="-33"/><vector name="rb" x="18" y="0"/><int name="delay" value="180"/><string name="_hash" value="323a11aeae94763ebd4d14aa38ce210e6adc0d1ec89806b740ee34d7e4eab44e"/></canvas><canvas name="5" width="30" height="33"><vector name="origin" x="12" y="33"/><int name="z" value="0"/><vector name="lt" x="-12" y="-33"/><vector name="rb" x="18" y="0"/><int name="delay" value="180"/><string name="_hash" value="bf778ea0151999510ec28969becd92870e6157d82e976fb11cecc29628db3f07"/></canvas><canvas name="6" width="30" height="33"><vector name="origin" x="12" y="33"/><int name="z" value="0"/><vector name="lt" x="-12" y="-33"/><vector name="rb" x="18" y="0"/><int name="delay" value="180"/><string name="_hash" value="32042318474307f8ee30a59c4ed9b70f171d8f639d0c29ec487d6ffc2cce8443"/></canvas><canvas name="7" width="30" height="33"><vector name="origin" x="12" y="33"/><int name="z" value="0"/><vector name="lt" x="-12" y="-33"/><vector name="rb" x="18" y="0"/><int name="delay" value="360"/><string name="_hash" value="077492769801451311e519b5ca1436a043406c350321e7b4dce37dd4c3f105a9"/></canvas></imgdir><imgdir name="chat"><canvas name="0" width="30" height="33"><vector name="origin" x="12" y="33"/><int name="z" value="0"/><vector name="lt" x="-12" y="-33"/><vector name="rb" x="18" y="0"/><int name="delay" value="180"/><string name="_hash" value="a00f213376856ace74113ea4667941b088632131e5870913ce79c3864458b1bc"/></canvas><canvas name="1" width="40" height="33"><vector name="origin" x="22" y="33"/><int name="z" value="0"/><vector name="lt" x="-22" y="-33"/><vector name="rb" x="18" y="0"/><int name="delay" value="180"/><string name="_hash" value="28ee452fda8ce402a2a3952df230ff689410b90fac5ad5fc4bd4c19aa690eebe"/></canvas><canvas name="2" width="41" height="33"><vector name="origin" x="23" y="33"/><int name="z" value="0"/><vector name="lt" x="-23" y="-33"/><vector name="rb" x="18" y="0"/><int name="delay" value="180"/><string name="_hash" value="55569313340176928cb332f5547740ad4068705438667c567270f655e4226b49"/></canvas><canvas name="3" width="1" height="1"><vector name="origin" x="22" y="33"/><int name="z" value="0"/><vector name="lt" x="-22" y="-33"/><vector name="rb" x="18" y="0"/><int name="delay" value="180"/><string name="_inlink" value="chat/1"/></canvas><canvas name="4" width="1" height="1"><vector name="origin" x="23" y="33"/><int name="z" value="0"/><vector name="lt" x="-23" y="-33"/><vector name="rb" x="18" y="0"/><int name="delay" value="180"/><string name="_inlink" value="chat/2"/></canvas></imgdir><imgdir name="love"><canvas name="0" width="1" height="1"><vector name="origin" x="12" y="33"/><int name="z" value="0"/><vector name="lt" x="-12" y="-33"/><vector name="rb" x="18" y="0"/><int name="delay" value="180"/><string name="_inlink" value="stand1/0"/></canvas><canvas name="1" width="42" height="33"><vector name="origin" x="18" y="40"/><int name="z" value="0"/><vector name="lt" x="-18" y="-40"/><vector name="rb" x="24" y="-7"/><int name="delay" value="180"/><string name="_hash" value="bf3b14b1d7a511c1f4bc7f20764678bfe75b773f26a4ae20b7b5718705962cdf"/></canvas><canvas name="2" width="45" height="34"><vector name="origin" x="19" y="34"/><int name="z" value="0"/><vector name="lt" x="-19" y="-34"/><vector name="rb" x="26" y="0"/><int name="delay" value="180"/><string name="_hash" value="ba2d6d79228dc778e6a45a7bfcfaa153b96e9fded86ed74b241afaad893ff18e"/></canvas><canvas name="3" width="42" height="40"><vector name="origin" x="19" y="47"/><int name="z" value="0"/><vector name="lt" x="-19" y="-47"/><vector name="rb" x="23" y="-7"/><int name="delay" value="180"/><string name="_hash" value="0e730b7becfd21cc79c195aa5f939233166bb91e88541611171606e533fbcf9d"/></canvas><canvas name="4" width="32" height="44"><vector name="origin" x="13" y="44"/><int name="z" value="0"/><vector name="lt" x="-13" y="-44"/><vector name="rb" x="19" y="0"/><int name="delay" value="180"/><string name="_hash" value="d9a87924afb6c92f714f5e20d0b1d03f88cbe26508c7ddbcebf751a05abdd6e2"/></canvas></imgdir><imgdir name="cry"><canvas name="0" width="31" height="33"><vector name="origin" x="12" y="33"/><int name="z" value="0"/><vector name="lt" x="-12" y="-33"/><vector name="rb" x="19" y="0"/><int name="delay" value="180"/><string name="_hash" value="f9f55204896150e5a39b977ffa27bab4b82eb1637f9a7b05adc37dda735a4b65"/></canvas><canvas name="1" width="32" height="32"><vector name="origin" x="13" y="32"/><int name="z" value="0"/><vector name="lt" x="-13" y="-32"/><vector name="rb" x="19" y="0"/><int name="delay" value="180"/><string name="_hash" value="562843e64f9ee5f78b7da784f8e4af31c605241492b8adba6dab240bea4b70d8"/></canvas><canvas name="2" width="30" height="33"><vector name="origin" x="12" y="33"/><int name="z" value="0"/><vector name="lt" x="-12" y="-33"/><vector name="rb" x="18" y="0"/><int name="delay" value="180"/><string name="_hash" value="136e08fd24098a747c1a118ee1426198fc8af300e3812e19985ab97d8cda7742"/></canvas><canvas name="3" width="32" height="32"><vector name="origin" x="13" y="32"/><int name="z" value="0"/><vector name="lt" x="-13" y="-32"/><vector name="rb" x="19" y="0"/><int name="delay" value="180"/><string name="_hash" value="128244e2918b291b101bb88621b5e9f92b38b45d78aec7d4e6bd04417ae59567"/></canvas></imgdir><imgdir name="dung"><canvas name="0" width="40" height="33"><vector name="origin" x="12" y="33"/><int name="z" value="0"/><vector name="lt" x="-12" y="-33"/><vector name="rb" x="28" y="0"/><int name="delay" value="180"/><string name="_hash" value="6af5e25173ba74f897f1bc02938446dd3c4550d129b66939cd8537cf9f87fbf5"/></canvas><canvas name="1" width="40" height="46"><vector name="origin" x="12" y="46"/><int name="z" value="0"/><vector name="lt" x="-12" y="-46"/><vector name="rb" x="28" y="0"/><int name="delay" value="180"/><string name="_hash" value="c9ee9a5607fe9dec8396502f29dc531e60eb29e5cb3639fe789c46334ac871e9"/></canvas><canvas name="2" width="40" height="41"><vector name="origin" x="12" y="41"/><int name="z" value="0"/><vector name="lt" x="-12" y="-41"/><vector name="rb" x="28" y="0"/><int name="delay" value="180"/><string name="_hash" value="0ee7489ea67149a7c6087255613dfac26e50278dcc2399e004024c3f0001ceca"/></canvas><canvas name="3" width="40" height="33"><vector name="origin" x="12" y="33"/><int name="z" value="0"/><vector name="lt" x="-12" y="-33"/><vector name="rb" x="28" y="0"/><int name="delay" value="180"/><string name="_hash" value="f03a68248ac95f39d9cfb7772486694e8edca24395a7323580a86798c138b76c"/></canvas><canvas name="4" width="40" height="33"><vector name="origin" x="12" y="33"/><int name="z" value="0"/><vector name="lt" x="-12" y="-33"/><vector name="rb" x="28" y="0"/><int name="delay" value="180"/><string name="_hash" value="022f6bee87c4f5475e9828b6769bbc03fcbbcca02f1176cc86f5994bd5e86d0a"/></canvas></imgdir><imgdir name="sleep"><canvas name="0" width="46" height="34"><vector name="origin" x="16" y="34"/><int name="z" value="0"/><vector name="lt" x="-16" y="-34"/><vector name="rb" x="30" y="0"/><int name="delay" value="180"/><string name="_hash" value="bbf47cce775ef61058ed1dbbefcc9622e123fc346fc1a7071faec089d017afcd"/></canvas><canvas name="1" width="38" height="34"><vector name="origin" x="16" y="34"/><int name="z" value="0"/><vector name="lt" x="-16" y="-34"/><vector name="rb" x="22" y="0"/><int name="delay" value="180"/><string name="_hash" value="4afb2e2a4b0078a0a48e57c2b65adf3aacc0f3f37d172f4ab9b2de5f48fa7d40"/></canvas><canvas name="2" width="38" height="34"><vector name="origin" x="16" y="34"/><int name="z" value="0"/><vector name="lt" x="-16" y="-34"/><vector name="rb" x="22" y="0"/><int name="delay" value="180"/><string name="_hash" value="fba72139bcccc7ffaae6baad2d3b6d8cf12a5aa964ec2a4c3b0f9863efef3d56"/></canvas><canvas name="3" width="38" height="34"><vector name="origin" x="16" y="34"/><int name="z" value="0"/><vector name="lt" x="-16" y="-34"/><vector name="rb" x="22" y="0"/><int name="delay" value="180"/><string name="_hash" value="4683b8e70f3cffd1a14b11c3e861e8982e3e6ce1f639dc3c8b4ab96548f85347"/></canvas><canvas name="4" width="1" height="1"><vector name="origin" x="16" y="34"/><int name="z" value="0"/><vector name="lt" x="-16" y="-34"/><vector name="rb" x="22" y="0"/><int name="delay" value="180"/><string name="_inlink" value="sleep/3"/></canvas><canvas name="5" width="1" height="1"><vector name="origin" x="16" y="34"/><int name="z" value="0"/><vector name="lt" x="-16" y="-34"/><vector name="rb" x="22" y="0"/><int name="delay" value="180"/><string name="_inlink" value="sleep/3"/></canvas><canvas name="6" width="1" height="1"><vector name="origin" x="16" y="34"/><int name="z" value="0"/><vector name="lt" x="-16" y="-34"/><vector name="rb" x="22" y="0"/><int name="delay" value="420"/><string name="_inlink" value="sleep/3"/></canvas></imgdir><imgdir name="angry"><canvas name="0" width="30" height="33"><vector name="origin" x="12" y="33"/><int name="z" value="0"/><vector name="lt" x="-12" y="-33"/><vector name="rb" x="18" y="0"/><int name="delay" value="180"/><string name="_hash" value="05c53c7df9d4ec3dfd357591b0e98494ed60e4be45a21172cbb701ce73a649fd"/></canvas><canvas name="1" width="37" height="32"><vector name="origin" x="15" y="32"/><int name="z" value="0"/><vector name="lt" x="-15" y="-32"/><vector name="rb" x="22" y="0"/><int name="delay" value="180"/><string name="_hash" value="a70332c7938e475d343837ef6ede6a1edaa8942cfc8364768afae110f1e25073"/></canvas><canvas name="2" width="45" height="32"><vector name="origin" x="19" y="32"/><int name="z" value="0"/><vector name="lt" x="-19" y="-32"/><vector name="rb" x="26" y="0"/><int name="delay" value="180"/><string name="_hash" value="1c3ea82c5ebe74c39c3f333eec09295998f291778a075f98dda066e8f8ca9ab7"/></canvas><canvas name="3" width="51" height="32"><vector name="origin" x="22" y="32"/><int name="z" value="0"/><vector name="lt" x="-22" y="-32"/><vector name="rb" x="29" y="0"/><int name="delay" value="180"/><string name="_hash" value="c2acc6ba82de5ff39f7a150b37befe45ac953ce59d0bf1ddc77ef0ca84c11fb6"/></canvas></imgdir><imgdir name="what"><canvas name="0" width="1" height="1"><vector name="origin" x="12" y="33"/><int name="z" value="0"/><vector name="lt" x="-12" y="-33"/><vector name="rb" x="18" y="0"/><int name="delay" value="180"/><string name="_inlink" value="stand0/0"/></canvas><canvas name="1" width="43" height="42"><vector name="origin" x="25" y="42"/><int name="z" value="0"/><vector name="lt" x="-25" y="-42"/><vector name="rb" x="18" y="0"/><int name="delay" value="180"/><string name="_hash" value="f209c1f09180dfb52b0b4de92fe90aff147067dfe62386c2c02c53eb3f573e7f"/></canvas><canvas name="2" width="30" height="52"><vector name="origin" x="12" y="52"/><int name="z" value="0"/><vector name="lt" x="-12" y="-52"/><vector name="rb" x="18" y="0"/><int name="delay" value="180"/><string name="_hash" value="dc5901a0bdd8e3103e386ad4f13540d13856d64268c9506eeacb9a1362afbf9b"/></canvas><canvas name="3" width="44" height="46"><vector name="origin" x="12" y="46"/><int name="z" value="0"/><vector name="lt" x="-12" y="-46"/><vector name="rb" x="32" y="0"/><int name="delay" value="180"/><string name="_hash" value="c42ad2968014066ad272316aa6d1a955581b995f2b5d9438f7a7f180c3bd2a03"/></canvas></imgdir><uol name="sit" value="rest0"/><uol name="fly" value="jump"/></imgdir>