<?xml version="1.0" encoding="UTF-8" standalone="yes"?><imgdir name="5002564.img"><imgdir name="info"><canvas name="icon" width="1" height="1"><vector name="origin" x="2" y="34"/><int name="z" value="0"/><string name="_hash" value="eb7a9b8cb6f7b2021ce8c98004ec171efd9480ebd9dbc13eac2abdb4397ecdc6"/><string name="_outlink" value="Item/Pet/5002561.img/info/icon"/></canvas><canvas name="iconRaw" width="1" height="1"><vector name="origin" x="2" y="34"/><int name="z" value="0"/><string name="_hash" value="a7db33cd94b1fb75fb4dea77383d3ea2d00dc44c514a4728e058dce66faa3fa9"/><string name="_outlink" value="Item/Pet/5002561.img/info/iconRaw"/></canvas><canvas name="iconD" width="1" height="1"><vector name="origin" x="2" y="34"/><int name="z" value="0"/><string name="_hash" value="3749c473df806fc785da110b21dfe090b9fbb1eef19457e06de68d2515b41917"/><string name="_outlink" value="Item/Pet/5002561.img/info/iconD"/></canvas><canvas name="iconRawD" width="1" height="1"><vector name="origin" x="2" y="34"/><int name="z" value="0"/><string name="_hash" value="1bfbfb8ab6da7f358c6899e18538a09a67d973832644d5145a5a095908016783"/><string name="_outlink" value="Item/Pet/5002561.img/info/iconRawD"/></canvas><int name="hungry" value="2"/><int name="cash" value="1"/><int name="life" value="90"/><int name="chatBalloon" value="685"/><int name="nameTag" value="685"/><int name="pickupItem" value="1"/><int name="multiPet" value="1"/><int name="autoBuff" value="1"/><int name="setItemID" value="941"/><int name="sweepForDrop" value="1"/><int name="wonderGrade" value="6"/><int name="lifeWaterType" value="1"/></imgdir><imgdir name="interact"><imgdir name="0"><string name="command" value="c1"/><int name="inc" value="1"/><int name="prob" value="45"/><int name="l0" value="1"/><int name="l1" value="9"/><imgdir name="success"><imgdir name="0"><string name="act" value="rest0"/><string name="0" value="c1_s1"/><string name="1" value="c1_s2"/></imgdir></imgdir><imgdir name="fail"><imgdir name="0"><string name="act" value="stand0"/><string name="0" value="c1_f1"/><string name="1" value="c1_f2"/></imgdir></imgdir></imgdir><imgdir name="1"><string name="command" value="c2"/><int name="inc" value="1"/><int name="prob" value="60"/><int name="l0" value="10"/><int name="l1" value="19"/><imgdir name="success"><imgdir name="0"><string name="act" value="rest0"/><string name="0" value="c2_s1"/><string name="1" value="c2_s2"/><string name="2" value="c2_s3"/><string name="3" value="c2_s4"/></imgdir></imgdir><imgdir name="fail"><imgdir name="0"><string name="act" value="stand1"/><string name="0" value="c2_f1"/><string name="1" value="c2_f2"/><string name="2" value="c2_f3"/><string name="3" value="c2_f4"/></imgdir></imgdir></imgdir><imgdir name="2"><string name="command" value="c3"/><int name="inc" value="1"/><int name="prob" value="75"/><int name="l0" value="20"/><int name="l1" value="29"/><imgdir name="success"><imgdir name="0"><string name="act" value="rest0"/><string name="0" value="c3_s1"/><string name="1" value="c3_s2"/><string name="2" value="c3_s3"/><string name="3" value="c3_s4"/></imgdir></imgdir><imgdir name="fail"><imgdir name="0"><string name="act" value="stand1"/><string name="0" value="c3_f1"/><string name="1" value="c3_f2"/><string name="2" value="c3_f3"/><string name="3" value="c3_f4"/></imgdir></imgdir></imgdir><imgdir name="3"><string name="command" value="c4"/><int name="inc" value="1"/><int name="prob" value="45"/><int name="l0" value="30"/><int name="l1" value="30"/><imgdir name="success"><imgdir name="0"><string name="act" value="rest0"/><string name="0" value="c4_s1"/><string name="1" value="c4_s2"/><string name="2" value="c4_s3"/><string name="3" value="c4_s4"/></imgdir></imgdir><imgdir name="fail"><imgdir name="0"><string name="act" value="stand0"/><string name="0" value="c4_f1"/><string name="1" value="c4_f2"/><string name="2" value="c4_f3"/><string name="3" value="c4_f4"/></imgdir></imgdir></imgdir><imgdir name="4"><string name="command" value="c5"/><int name="inc" value="1"/><int name="prob" value="60"/><int name="l0" value="1"/><int name="l1" value="9"/><imgdir name="success"><imgdir name="0"><string name="act" value="cry"/><string name="0" value="c5_s1"/><string name="1" value="c5_s2"/></imgdir></imgdir><imgdir name="fail"><imgdir name="0"><string name="act" value="stand1"/><string name="0" value="c5_f1"/><string name="1" value="c5_f2"/></imgdir></imgdir></imgdir><imgdir name="5"><string name="command" value="c6"/><int name="inc" value="1"/><int name="prob" value="75"/><int name="l0" value="10"/><int name="l1" value="19"/><imgdir name="success"><imgdir name="0"><string name="act" value="cry"/><string name="0" value="c6_s1"/><string name="1" value="c6_s2"/><string name="2" value="c6_s3"/><string name="3" value="c6_s4"/></imgdir></imgdir><imgdir name="fail"><imgdir name="0"><string name="act" value="stand1"/><string name="0" value="c6_f1"/><string name="1" value="c6_f2"/><string name="2" value="c6_f3"/><string name="3" value="c6_f4"/></imgdir></imgdir></imgdir><imgdir name="6"><string name="command" value="c7"/><int name="inc" value="1"/><int name="prob" value="45"/><int name="l0" value="20"/><int name="l1" value="29"/><imgdir name="success"><imgdir name="0"><string name="act" value="cry"/><string name="0" value="c7_s1"/><string name="1" value="c7_s2"/><string name="2" value="c7_s3"/><string name="3" value="c7_s4"/></imgdir></imgdir><imgdir name="fail"><imgdir name="0"><string name="act" value="stand1"/><string name="0" value="c7_f1"/><string name="1" value="c7_f2"/><string name="2" value="c7_f3"/><string name="3" value="c7_f4"/></imgdir></imgdir></imgdir><imgdir name="7"><string name="command" value="c8"/><int name="inc" value="1"/><int name="prob" value="60"/><int name="l0" value="30"/><int name="l1" value="30"/><imgdir name="success"><imgdir name="0"><string name="act" value="cry"/><string name="0" value="c8_s1"/><string name="1" value="c8_s2"/><string name="2" value="c8_s3"/><string name="3" value="c8_s4"/></imgdir></imgdir><imgdir name="fail"><imgdir name="0"><string name="act" value="stand1"/><string name="0" value="c8_f1"/><string name="1" value="c8_f2"/><string name="2" value="c8_f3"/><string name="3" value="c8_f4"/></imgdir></imgdir></imgdir><imgdir name="8"><string name="command" value="c9"/><int name="inc" value="1"/><int name="prob" value="75"/><int name="l0" value="1"/><int name="l1" value="9"/><imgdir name="success"><imgdir name="0"><string name="act" value="love"/><string name="0" value="c9_s1"/><string name="1" value="c9_s2"/></imgdir></imgdir><imgdir name="fail"><imgdir name="0"><string name="act" value="stand0"/><string name="0" value="c9_f1"/><string name="1" value="c9_f2"/></imgdir></imgdir></imgdir><imgdir name="9"><string name="command" value="c10"/><int name="inc" value="1"/><int name="prob" value="55"/><int name="l0" value="10"/><int name="l1" value="19"/><imgdir name="success"><imgdir name="0"><string name="act" value="love"/><string name="0" value="c10_s1"/><string name="1" value="c10_s2"/><string name="2" value="c10_s3"/><string name="3" value="c10_s4"/></imgdir></imgdir><imgdir name="fail"><imgdir name="0"><string name="act" value="stand0"/><string name="0" value="c10_f1"/><string name="1" value="c10_f2"/><string name="2" value="c10_f3"/><string name="3" value="c10_f4"/></imgdir></imgdir></imgdir><imgdir name="10"><string name="command" value="c11"/><int name="inc" value="1"/><int name="prob" value="60"/><int name="l0" value="20"/><int name="l1" value="29"/><imgdir name="success"><imgdir name="0"><string name="act" value="love"/><string name="0" value="c11_s1"/><string name="1" value="c11_s2"/><string name="2" value="c11_s3"/><string name="3" value="c11_s4"/></imgdir></imgdir><imgdir name="fail"><imgdir name="0"><string name="act" value="what"/><string name="0" value="c11_f1"/><string name="1" value="c11_f2"/><string name="2" value="c11_f3"/><string name="3" value="c11_f4"/></imgdir></imgdir></imgdir><imgdir name="11"><string name="command" value="c12"/><int name="inc" value="1"/><int name="prob" value="75"/><int name="l0" value="30"/><int name="l1" value="30"/><imgdir name="success"><imgdir name="0"><string name="act" value="love"/><string name="0" value="c12_s1"/><string name="1" value="c12_s2"/><string name="2" value="c12_s3"/><string name="3" value="c12_s4"/></imgdir></imgdir><imgdir name="fail"><imgdir name="0"><string name="act" value="stand0"/><string name="0" value="c12_f1"/><string name="1" value="c12_f2"/><string name="2" value="c12_f3"/><string name="3" value="c12_f4"/></imgdir></imgdir></imgdir><imgdir name="12"><string name="command" value="c13"/><int name="inc" value="1"/><int name="prob" value="45"/><int name="l0" value="10"/><int name="l1" value="19"/><imgdir name="success"><imgdir name="0"><string name="act" value="dung"/><string name="0" value="c13_s1"/><string name="1" value="c13_s2"/><string name="2" value="c13_s3"/><string name="3" value="c13_s4"/></imgdir></imgdir><imgdir name="fail"><imgdir name="0"><string name="act" value="what"/><string name="0" value="c13_f1"/><string name="1" value="c13_f2"/><string name="2" value="c13_f3"/><string name="3" value="c13_f4"/></imgdir></imgdir></imgdir><imgdir name="13"><string name="command" value="c14"/><int name="inc" value="1"/><int name="prob" value="60"/><int name="l0" value="20"/><int name="l1" value="29"/><imgdir name="success"><imgdir name="0"><string name="act" value="dung"/><string name="0" value="c14_s1"/><string name="1" value="c14_s2"/><string name="2" value="c14_s3"/><string name="3" value="c14_s4"/></imgdir></imgdir><imgdir name="fail"><imgdir name="0"><string name="act" value="cry"/><string name="0" value="c14_f1"/><string name="1" value="c14_f2"/><string name="2" value="c14_f3"/><string name="3" value="c14_f4"/></imgdir></imgdir></imgdir><imgdir name="14"><string name="command" value="c15"/><int name="inc" value="1"/><int name="prob" value="75"/><int name="l0" value="30"/><int name="l1" value="30"/><imgdir name="success"><imgdir name="0"><string name="act" value="dung"/><string name="0" value="c15_s1"/><string name="1" value="c15_s2"/><string name="2" value="c15_s3"/><string name="3" value="c15_s4"/></imgdir></imgdir><imgdir name="fail"><imgdir name="0"><string name="act" value="chat"/><string name="0" value="c15_f1"/><string name="1" value="c15_f2"/><string name="2" value="c15_f3"/><string name="3" value="c15_f4"/></imgdir></imgdir></imgdir><imgdir name="15"><string name="command" value="c16"/><int name="inc" value="1"/><int name="prob" value="80"/><int name="l0" value="10"/><int name="l1" value="19"/><imgdir name="success"><imgdir name="0"><string name="act" value="sleep"/><string name="0" value="c16_s1"/><string name="1" value="c16_s2"/><string name="2" value="c16_s3"/><string name="3" value="c16_s4"/></imgdir></imgdir><imgdir name="fail"><imgdir name="0"><string name="act" value="hungry"/><string name="0" value="c16_f1"/><string name="1" value="c16_f2"/><string name="2" value="c16_f3"/><string name="3" value="c16_f4"/></imgdir></imgdir></imgdir><imgdir name="16"><string name="command" value="c17"/><int name="inc" value="2"/><int name="prob" value="80"/><int name="l0" value="20"/><int name="l1" value="29"/><imgdir name="success"><imgdir name="0"><string name="act" value="sleep"/><string name="0" value="c17_s1"/><string name="1" value="c17_s2"/><string name="2" value="c17_s3"/><string name="3" value="c17_s4"/></imgdir></imgdir><imgdir name="fail"><imgdir name="0"><string name="act" value="jump"/><string name="0" value="c17_f1"/><string name="1" value="c17_f2"/><string name="2" value="c17_f3"/><string name="3" value="c17_f4"/></imgdir></imgdir></imgdir><imgdir name="17"><string name="command" value="c18"/><int name="inc" value="2"/><int name="prob" value="80"/><int name="l0" value="30"/><int name="l1" value="30"/><imgdir name="success"><imgdir name="0"><string name="act" value="sleep"/><string name="0" value="c18_s1"/><string name="1" value="c18_s2"/><string name="2" value="c18_s3"/><string name="3" value="c18_s4"/></imgdir></imgdir><imgdir name="fail"><imgdir name="0"><string name="act" value="move"/><string name="0" value="c18_f1"/><string name="1" value="c18_f2"/><string name="2" value="c18_f3"/><string name="3" value="c18_f4"/></imgdir></imgdir></imgdir><imgdir name="18"><string name="command" value="c19"/><int name="inc" value="2"/><int name="prob" value="50"/><int name="l0" value="10"/><int name="l1" value="19"/><imgdir name="success"><imgdir name="0"><string name="act" value="chat"/><string name="0" value="c19_s1"/><string name="1" value="c19_s2"/><string name="2" value="c19_s3"/><string name="3" value="c19_s4"/></imgdir></imgdir><imgdir name="fail"><imgdir name="0"><string name="act" value="what"/><string name="0" value="c19_f1"/><string name="1" value="c19_f2"/><string name="2" value="c19_f3"/><string name="3" value="c19_f4"/></imgdir></imgdir></imgdir><imgdir name="19"><string name="command" value="c20"/><int name="inc" value="2"/><int name="prob" value="65"/><int name="l0" value="20"/><int name="l1" value="29"/><imgdir name="success"><imgdir name="0"><string name="act" value="chat"/><string name="0" value="c20_s1"/><string name="1" value="c20_s2"/><string name="2" value="c20_s3"/><string name="3" value="c20_s4"/></imgdir></imgdir><imgdir name="fail"><imgdir name="0"><string name="act" value="what"/><string name="0" value="c20_f1"/><string name="1" value="c20_f2"/><string name="2" value="c20_f3"/><string name="3" value="c20_f4"/></imgdir></imgdir></imgdir><imgdir name="20"><string name="command" value="c21"/><int name="inc" value="2"/><int name="prob" value="80"/><int name="l0" value="30"/><int name="l1" value="30"/><imgdir name="success"><imgdir name="0"><string name="act" value="chat"/><string name="0" value="c21_s1"/><string name="1" value="c21_s2"/><string name="2" value="c21_s3"/><string name="3" value="c21_s4"/></imgdir></imgdir><imgdir name="fail"><imgdir name="0"><string name="act" value="what"/><string name="0" value="c21_f1"/><string name="1" value="c21_f2"/><string name="2" value="c21_f3"/><string name="3" value="c21_f4"/></imgdir></imgdir></imgdir></imgdir><imgdir name="food"><imgdir name="0"><int name="l0" value="1"/><int name="l1" value="9"/><imgdir name="success"><imgdir name="0"><string name="act" value="eat"/><string name="0" value="f1_s"/></imgdir></imgdir><imgdir name="fail"><imgdir name="0"><string name="act" value="cry"/><string name="0" value="f1_f"/></imgdir></imgdir></imgdir><imgdir name="1"><int name="l0" value="10"/><int name="l1" value="19"/><imgdir name="success"><imgdir name="0"><string name="act" value="eat"/><string name="0" value="f2_s"/></imgdir></imgdir><imgdir name="fail"><imgdir name="0"><string name="act" value="cry"/><string name="0" value="f2_f"/></imgdir></imgdir></imgdir><imgdir name="2"><int name="l0" value="20"/><int name="l1" value="29"/><imgdir name="success"><imgdir name="0"><string name="act" value="eat"/><string name="0" value="f3_s"/></imgdir></imgdir><imgdir name="fail"><imgdir name="0"><string name="act" value="cry"/><string name="0" value="f3_f"/></imgdir></imgdir></imgdir><imgdir name="3"><int name="l0" value="30"/><int name="l1" value="30"/><imgdir name="success"><imgdir name="0"><string name="act" value="eat"/><string name="0" value="f4_s"/></imgdir></imgdir><imgdir name="fail"><imgdir name="0"><string name="act" value="cry"/><string name="0" value="f4_f"/></imgdir></imgdir></imgdir></imgdir><imgdir name="slang"><imgdir name="0"><int name="l0" value="1"/><int name="l1" value="9"/><string name="act" value="cry"/><string name="0" value="s1"/></imgdir><imgdir name="1"><int name="l0" value="10"/><int name="l1" value="19"/><string name="act" value="cry"/><string name="0" value="s2"/></imgdir><imgdir name="2"><int name="l0" value="20"/><int name="l1" value="29"/><string name="act" value="angry"/><string name="0" value="s3"/></imgdir><imgdir name="3"><int name="l0" value="30"/><int name="l1" value="30"/><string name="act" value="angry"/><string name="0" value="s4"/></imgdir></imgdir><imgdir name="stand0"><canvas name="0" width="1" height="1"><vector name="origin" x="17" y="51"/><int name="z" value="0"/><vector name="lt" x="-17" y="-51"/><vector name="rb" x="25" y="2"/><int name="delay" value="180"/><string name="_hash" value="a275cdd4514e2b8c892ead93ed11314f59a99dbf3e768a2801fe7e4a737088dc"/><string name="_outlink" value="Item/Pet/5002561.img/stand0/0"/></canvas><canvas name="1" width="1" height="1"><vector name="origin" x="17" y="50"/><int name="z" value="0"/><vector name="lt" x="-17" y="-50"/><vector name="rb" x="25" y="3"/><int name="delay" value="180"/><string name="_hash" value="aa51fb5d6b14b50f60364227a683c7ccb15dea1cdd7f0791a2e86c547a2d33e4"/><string name="_outlink" value="Item/Pet/5002561.img/stand0/1"/></canvas><canvas name="2" width="1" height="1"><vector name="origin" x="16" y="49"/><int name="z" value="0"/><vector name="lt" x="-16" y="-49"/><vector name="rb" x="25" y="4"/><int name="delay" value="180"/><string name="_hash" value="cd09bf51e0febe402733fd7bcf7d8a961139f43054e43633200cc4d91e3cb4f4"/><string name="_outlink" value="Item/Pet/5002561.img/stand0/2"/></canvas><canvas name="3" width="1" height="1"><vector name="origin" x="17" y="50"/><int name="z" value="0"/><vector name="lt" x="-17" y="-50"/><vector name="rb" x="26" y="3"/><int name="delay" value="180"/><string name="_hash" value="ba36e7c0c9d106264318ca88ccd8c1988b90e70aad27edfc5f98b0c1e1f156f8"/><string name="_outlink" value="Item/Pet/5002561.img/stand0/3"/></canvas></imgdir><imgdir name="stand1"><canvas name="0" width="1" height="1"><vector name="origin" x="17" y="51"/><int name="z" value="0"/><vector name="lt" x="-17" y="-51"/><vector name="rb" x="25" y="2"/><int name="delay" value="180"/><string name="_hash" value="fa403abaaaa659e27eba65006f0289d6f2e1eb433b792e1867e7ebde6bd464e6"/><string name="_outlink" value="Item/Pet/5002561.img/stand1/0"/></canvas><canvas name="1" width="1" height="1"><vector name="origin" x="17" y="51"/><int name="z" value="0"/><vector name="lt" x="-17" y="-51"/><vector name="rb" x="25" y="4"/><int name="delay" value="180"/><string name="_hash" value="3ba86c2561cebe8f02783ac671b1db6374012413d0ddcb4fc1710b63c75b0758"/><string name="_outlink" value="Item/Pet/5002561.img/stand1/1"/></canvas><canvas name="2" width="1" height="1"><vector name="origin" x="16" y="49"/><int name="z" value="0"/><vector name="lt" x="-16" y="-49"/><vector name="rb" x="25" y="5"/><int name="delay" value="180"/><string name="_hash" value="edf142c7c32e4e00c53a0369a1d500497dfb0fc4ac017baf9edb14f5ce2b8d88"/><string name="_outlink" value="Item/Pet/5002561.img/stand1/2"/></canvas><canvas name="3" width="1" height="1"><vector name="origin" x="17" y="52"/><int name="z" value="0"/><vector name="lt" x="-17" y="-52"/><vector name="rb" x="26" y="2"/><int name="delay" value="180"/><string name="_hash" value="784295a8e2b733756ed178150afae06f625bb2f3c6785b57f9520abb352a7ba9"/><string name="_outlink" value="Item/Pet/5002561.img/stand1/3"/></canvas><canvas name="4" width="1" height="1"><vector name="origin" x="17" y="51"/><int name="z" value="0"/><vector name="lt" x="-17" y="-51"/><vector name="rb" x="25" y="3"/><int name="delay" value="180"/><string name="_hash" value="1883dad72b3e3f275ca23b510595a7d7ba8c3ef9b8f4116ff28c043aa45c23fe"/><string name="_outlink" value="Item/Pet/5002561.img/stand1/4"/></canvas><canvas name="5" width="1" height="1"><vector name="origin" x="17" y="50"/><int name="z" value="0"/><vector name="lt" x="-17" y="-50"/><vector name="rb" x="25" y="3"/><int name="delay" value="180"/><string name="_hash" value="ac04905d1ac5cdc303226d0f56b55fcc62d252f11f950370007d854ab235855a"/><string name="_outlink" value="Item/Pet/5002561.img/stand1/5"/></canvas><canvas name="6" width="1" height="1"><vector name="origin" x="16" y="49"/><int name="z" value="0"/><vector name="lt" x="-16" y="-49"/><vector name="rb" x="25" y="5"/><int name="delay" value="180"/><string name="_hash" value="5677d3cd9c7edd59e302a4ae32b3b6ba3106237e801dfd8f71ef2f28e0f92db5"/><string name="_outlink" value="Item/Pet/5002561.img/stand1/6"/></canvas><canvas name="7" width="1" height="1"><vector name="origin" x="17" y="50"/><int name="z" value="0"/><vector name="lt" x="-17" y="-50"/><vector name="rb" x="26" y="3"/><int name="delay" value="180"/><string name="_hash" value="f59a6f873ee459b1d4b79aef5ffd0a8c6a28944df5ba3fedcfce4dd3b5fdfd6c"/><string name="_outlink" value="Item/Pet/5002561.img/stand1/7"/></canvas><canvas name="8" width="1" height="1"><vector name="origin" x="17" y="51"/><int name="z" value="0"/><vector name="lt" x="-17" y="-51"/><vector name="rb" x="25" y="2"/><int name="delay" value="180"/><string name="_hash" value="ee4c63d0d10f3360a20501ec96746dc59483767510acf4408dc2f09d5da533ff"/><string name="_outlink" value="Item/Pet/5002561.img/stand1/8"/></canvas><canvas name="9" width="1" height="1"><vector name="origin" x="17" y="52"/><int name="z" value="0"/><vector name="lt" x="-17" y="-52"/><vector name="rb" x="25" y="1"/><int name="delay" value="180"/><string name="_hash" value="89044d9666b0b3aa1bcdc540d45c4d054d3d2df2c4989ed0e75391200eeacd96"/><string name="_outlink" value="Item/Pet/5002561.img/stand1/9"/></canvas><canvas name="10" width="1" height="1"><vector name="origin" x="16" y="53"/><int name="z" value="0"/><vector name="lt" x="-16" y="-53"/><vector name="rb" x="25" y="0"/><int name="delay" value="180"/><string name="_hash" value="568b6a6d21efd8fee193d6ee9a1846ddbd51d807c8db766146e717555bbe8e82"/><string name="_outlink" value="Item/Pet/5002561.img/stand1/10"/></canvas><canvas name="11" width="1" height="1"><vector name="origin" x="17" y="52"/><int name="z" value="0"/><vector name="lt" x="-17" y="-52"/><vector name="rb" x="26" y="1"/><int name="delay" value="180"/><string name="_hash" value="895b58b62d827c45646797efd3b73affc1d22937510669854a93de8a52d80b55"/><string name="_outlink" value="Item/Pet/5002561.img/stand1/11"/></canvas></imgdir><imgdir name="rest0"><canvas name="0" width="1" height="1"><vector name="origin" x="21" y="51"/><int name="z" value="0"/><vector name="lt" x="-21" y="-51"/><vector name="rb" x="22" y="6"/><int name="delay" value="180"/><string name="_hash" value="23c2d8122ca744a1ed5cc87c1434e3ce3c141dbf52e5144b017a7acdcf13720f"/><string name="_outlink" value="Item/Pet/5002561.img/rest0/0"/></canvas><canvas name="1" width="1" height="1"><vector name="origin" x="21" y="51"/><int name="z" value="0"/><vector name="lt" x="-21" y="-51"/><vector name="rb" x="22" y="6"/><int name="delay" value="180"/><string name="_hash" value="c0dc036df75496a99f23a80657b5bebb707ed9ac7c3933ab10090ff6fb6f379c"/><string name="_outlink" value="Item/Pet/5002561.img/rest0/1"/></canvas><canvas name="2" width="1" height="1"><vector name="origin" x="21" y="51"/><int name="z" value="0"/><vector name="lt" x="-21" y="-51"/><vector name="rb" x="22" y="6"/><int name="delay" value="180"/><string name="_hash" value="28bc6f679bff430bc36a3c112e9ff17dbbc97270e33d0d6403c6025aac6cbba1"/><string name="_outlink" value="Item/Pet/5002561.img/rest0/2"/></canvas><canvas name="3" width="1" height="1"><vector name="origin" x="21" y="51"/><int name="z" value="0"/><vector name="lt" x="-21" y="-51"/><vector name="rb" x="23" y="6"/><int name="delay" value="180"/><string name="_hash" value="13005246dca3db3f91cbf8a72d7a7542b96314681a0d9cf97f65c36814e37402"/><string name="_outlink" value="Item/Pet/5002561.img/rest0/3"/></canvas><canvas name="4" width="1" height="1"><vector name="origin" x="21" y="51"/><int name="z" value="0"/><vector name="lt" x="-21" y="-51"/><vector name="rb" x="22" y="6"/><int name="delay" value="180"/><string name="_hash" value="4812b7f42c8c90e3289f89b28ebbad6526728b2762e6710b59d9e7c92d3a8026"/><string name="_outlink" value="Item/Pet/5002561.img/rest0/4"/></canvas><canvas name="5" width="1" height="1"><vector name="origin" x="21" y="51"/><int name="z" value="0"/><vector name="lt" x="-21" y="-51"/><vector name="rb" x="22" y="6"/><int name="delay" value="180"/><string name="_hash" value="a81d009ea10b375b23d05608713d875f4b13fca8bd2c8fa6328e331799bd2c83"/><string name="_outlink" value="Item/Pet/5002561.img/rest0/5"/></canvas><canvas name="6" width="1" height="1"><vector name="origin" x="21" y="51"/><int name="z" value="0"/><vector name="lt" x="-21" y="-51"/><vector name="rb" x="22" y="6"/><int name="delay" value="180"/><string name="_hash" value="d005d9ccb91598c4d6728fd66495b0d851095a932328a4c47aae0acd6675d07b"/><string name="_outlink" value="Item/Pet/5002561.img/rest0/6"/></canvas><canvas name="7" width="1" height="1"><vector name="origin" x="21" y="51"/><int name="z" value="0"/><vector name="lt" x="-21" y="-51"/><vector name="rb" x="23" y="6"/><int name="delay" value="180"/><string name="_hash" value="b37c26f6aa99d5b59c488c0e73530b3925149889343f10f227c5766d3f19cfbc"/><string name="_outlink" value="Item/Pet/5002561.img/rest0/7"/></canvas><canvas name="8" width="1" height="1"><vector name="origin" x="21" y="51"/><int name="z" value="0"/><vector name="lt" x="-21" y="-51"/><vector name="rb" x="22" y="6"/><int name="delay" value="180"/><string name="_hash" value="1299a7d7c238ede21a713dfb57de42cd9ca5a7b38386552ef71bbb273b58383b"/><string name="_outlink" value="Item/Pet/5002561.img/rest0/8"/></canvas><canvas name="9" width="1" height="1"><vector name="origin" x="21" y="51"/><int name="z" value="0"/><vector name="lt" x="-21" y="-51"/><vector name="rb" x="22" y="6"/><int name="delay" value="180"/><string name="_hash" value="3705433f71f63c5863aa11e3f500b7aa3f24e5d6913755cad4528e461b11af07"/><string name="_outlink" value="Item/Pet/5002561.img/rest0/9"/></canvas><canvas name="10" width="1" height="1"><vector name="origin" x="21" y="51"/><int name="z" value="0"/><vector name="lt" x="-21" y="-51"/><vector name="rb" x="22" y="6"/><int name="delay" value="180"/><string name="_hash" value="b21f825e515dff46c5136c1a55c4725514dfd6896adbda7857dc69692b60d349"/><string name="_outlink" value="Item/Pet/5002561.img/rest0/10"/></canvas><canvas name="11" width="1" height="1"><vector name="origin" x="21" y="51"/><int name="z" value="0"/><vector name="lt" x="-21" y="-51"/><vector name="rb" x="23" y="6"/><int name="delay" value="180"/><string name="_hash" value="dc579e2514a0783d50782f040c930a4541bfbbdbfd72419df9446fc1a9b62fec"/><string name="_outlink" value="Item/Pet/5002561.img/rest0/11"/></canvas><canvas name="12" width="1" height="1"><vector name="origin" x="21" y="51"/><int name="z" value="0"/><vector name="lt" x="-21" y="-51"/><vector name="rb" x="22" y="6"/><int name="delay" value="180"/><string name="_hash" value="a9b50d6301a87b6dbbbf62cccbe97c75fece1de4f187bd3de2d470560fe83df9"/><string name="_outlink" value="Item/Pet/5002561.img/rest0/12"/></canvas><canvas name="13" width="1" height="1"><vector name="origin" x="21" y="51"/><int name="z" value="0"/><vector name="lt" x="-21" y="-51"/><vector name="rb" x="22" y="6"/><int name="delay" value="180"/><string name="_hash" value="7653e16ddeb338b3dc94973f471954a4ce20c8557a76a9f4e8edebc06d2f23e2"/><string name="_outlink" value="Item/Pet/5002561.img/rest0/13"/></canvas><canvas name="14" width="1" height="1"><vector name="origin" x="21" y="51"/><int name="z" value="0"/><vector name="lt" x="-21" y="-51"/><vector name="rb" x="22" y="6"/><int name="delay" value="180"/><string name="_hash" value="7f8ea2553a19e949c2e84a4e21ce7eba50cdea7d9099a608faf329f78266fafb"/><string name="_outlink" value="Item/Pet/5002561.img/rest0/14"/></canvas><canvas name="15" width="1" height="1"><vector name="origin" x="21" y="51"/><int name="z" value="0"/><vector name="lt" x="-21" y="-51"/><vector name="rb" x="23" y="6"/><int name="delay" value="180"/><string name="_hash" value="76e1b123b3dd7ca9c08c3b535f9bdee65a9c1f1749e1a7974b2a3d6edce04e1e"/><string name="_outlink" value="Item/Pet/5002561.img/rest0/15"/></canvas></imgdir><imgdir name="move"><canvas name="0" width="1" height="1"><vector name="origin" x="17" y="51"/><int name="z" value="0"/><vector name="lt" x="-17" y="-51"/><vector name="rb" x="25" y="3"/><int name="delay" value="180"/><string name="_hash" value="a5bea7323f87cbb051d5126a048c1872c46659c2511139aaebd62765833c7363"/><string name="_outlink" value="Item/Pet/5002561.img/move/0"/></canvas><canvas name="1" width="1" height="1"><vector name="origin" x="17" y="51"/><int name="z" value="0"/><vector name="lt" x="-17" y="-51"/><vector name="rb" x="25" y="3"/><int name="delay" value="180"/><string name="_hash" value="24124c233acd36bde3e09e0155fd6c376f92f432d32f481f91cf0930f6c36d1e"/><string name="_outlink" value="Item/Pet/5002561.img/move/1"/></canvas><canvas name="2" width="1" height="1"><vector name="origin" x="16" y="51"/><int name="z" value="0"/><vector name="lt" x="-16" y="-51"/><vector name="rb" x="25" y="3"/><int name="delay" value="180"/><string name="_hash" value="cbb1103c95658ad3fc864f8e6a17ee92cbf93a82e8f888d32714bf585c9acd2b"/><string name="_outlink" value="Item/Pet/5002561.img/move/2"/></canvas><canvas name="3" width="1" height="1"><vector name="origin" x="17" y="51"/><int name="z" value="0"/><vector name="lt" x="-17" y="-51"/><vector name="rb" x="26" y="3"/><int name="delay" value="180"/><string name="_hash" value="86680b1be3a89fffd40ad0ff9c9099cae6bab7e289f7682550bd7b6c17f5dfe4"/><string name="_outlink" value="Item/Pet/5002561.img/move/3"/></canvas><canvas name="4" width="1" height="1"><vector name="origin" x="17" y="51"/><int name="z" value="0"/><vector name="lt" x="-17" y="-51"/><vector name="rb" x="28" y="3"/><int name="delay" value="180"/><string name="_hash" value="634e8272a5dcec572f28130e9602ccf71d6c9a04320a11ad0f0143fbebd629b9"/><string name="_outlink" value="Item/Pet/5002561.img/move/4"/></canvas><canvas name="5" width="1" height="1"><vector name="origin" x="17" y="51"/><int name="z" value="0"/><vector name="lt" x="-17" y="-51"/><vector name="rb" x="35" y="3"/><int name="delay" value="180"/><string name="_hash" value="d43ed0f127d84a302949cc802777e8846ca0e83598fca9e0b71554de3bbdf719"/><string name="_outlink" value="Item/Pet/5002561.img/move/5"/></canvas><canvas name="6" width="1" height="1"><vector name="origin" x="16" y="51"/><int name="z" value="0"/><vector name="lt" x="-16" y="-51"/><vector name="rb" x="42" y="3"/><int name="delay" value="180"/><string name="_hash" value="277e710cbb4c13adccdff462b1b6186c2cc5f6bef02911a3c7fe74393c5439ca"/><string name="_outlink" value="Item/Pet/5002561.img/move/6"/></canvas><canvas name="7" width="1" height="1"><vector name="origin" x="17" y="51"/><int name="z" value="0"/><vector name="lt" x="-17" y="-51"/><vector name="rb" x="42" y="3"/><int name="delay" value="180"/><string name="_hash" value="24c234ef7d7c5ccf8d29bfee445cde4b712d3f1f38a962376f64bf78cc1cc06c"/><string name="_outlink" value="Item/Pet/5002561.img/move/7"/></canvas><canvas name="8" width="1" height="1"><vector name="origin" x="17" y="51"/><int name="z" value="0"/><vector name="lt" x="-17" y="-51"/><vector name="rb" x="42" y="3"/><int name="delay" value="180"/><string name="_hash" value="aa51939ce5db31775204f56a2128848aa1726751bc9fb1a5b14bee670b4c2084"/><string name="_outlink" value="Item/Pet/5002561.img/move/8"/></canvas><canvas name="9" width="1" height="1"><vector name="origin" x="17" y="51"/><int name="z" value="0"/><vector name="lt" x="-17" y="-51"/><vector name="rb" x="42" y="3"/><int name="delay" value="180"/><string name="_hash" value="305f4dfc90449202ef45fc7d2622b1fa33d8b16a37c9e5bac7836b52e7512ad7"/><string name="_outlink" value="Item/Pet/5002561.img/move/9"/></canvas><canvas name="10" width="1" height="1"><vector name="origin" x="16" y="51"/><int name="z" value="0"/><vector name="lt" x="-16" y="-51"/><vector name="rb" x="25" y="3"/><int name="delay" value="180"/><string name="_hash" value="22de97ad744cef70bcd46ef2162bdce6c88758b5238176c0013eabf873115691"/><string name="_outlink" value="Item/Pet/5002561.img/move/10"/></canvas><canvas name="11" width="1" height="1"><vector name="origin" x="17" y="51"/><int name="z" value="0"/><vector name="lt" x="-17" y="-51"/><vector name="rb" x="26" y="3"/><int name="delay" value="180"/><string name="_hash" value="95a9adfeeb4138292c0bc924b5ce33c230f38257232dd48cd62cedf395240caf"/><string name="_outlink" value="Item/Pet/5002561.img/move/11"/></canvas></imgdir><imgdir name="jump"><canvas name="0" width="1" height="1"><vector name="origin" x="17" y="51"/><int name="z" value="0"/><vector name="lt" x="-17" y="-51"/><vector name="rb" x="26" y="3"/><int name="delay" value="180"/><string name="_hash" value="26d9a3435424f381d70b9734dcaeb235178246a010d05959c25a8b82340e4489"/><string name="_outlink" value="Item/Pet/5002561.img/jump/0"/></canvas></imgdir><imgdir name="hungry"><canvas name="0" width="1" height="1"><vector name="origin" x="17" y="51"/><int name="z" value="0"/><vector name="lt" x="-17" y="-51"/><vector name="rb" x="25" y="2"/><int name="delay" value="180"/><string name="_hash" value="9e75f10e6a78091914701d23d3775c8f3a1df69da8b3665ea743f3a11d133948"/><string name="_outlink" value="Item/Pet/5002561.img/hungry/0"/></canvas><canvas name="1" width="1" height="1"><vector name="origin" x="17" y="50"/><int name="z" value="0"/><vector name="lt" x="-17" y="-50"/><vector name="rb" x="25" y="3"/><int name="delay" value="180"/><string name="_hash" value="258a7342600af154eff3c4e2b849c98b06131f89db3ab80458e9dfa15e6a6b48"/><string name="_outlink" value="Item/Pet/5002561.img/hungry/1"/></canvas><canvas name="2" width="1" height="1"><vector name="origin" x="16" y="49"/><int name="z" value="0"/><vector name="lt" x="-16" y="-49"/><vector name="rb" x="25" y="5"/><int name="delay" value="180"/><string name="_hash" value="55042806c04e064728c8f3ea329d1c2c44a48d5e4f92227896cb8573ae004b5d"/><string name="_outlink" value="Item/Pet/5002561.img/hungry/2"/></canvas><canvas name="3" width="1" height="1"><vector name="origin" x="17" y="50"/><int name="z" value="0"/><vector name="lt" x="-17" y="-50"/><vector name="rb" x="26" y="4"/><int name="delay" value="180"/><string name="_hash" value="d64152d7295a660387e7ecc2b2a985595cd693eec8a89366fe12a142f6b268fc"/><string name="_outlink" value="Item/Pet/5002561.img/hungry/3"/></canvas><canvas name="4" width="1" height="1"><vector name="origin" x="17" y="51"/><int name="z" value="0"/><vector name="lt" x="-17" y="-51"/><vector name="rb" x="25" y="3"/><int name="delay" value="180"/><string name="_hash" value="04d2aae400a1e3c9929dc6fad8c3af673262cf5242e357da771974e38adfd7f0"/><string name="_outlink" value="Item/Pet/5002561.img/hungry/4"/></canvas><canvas name="5" width="1" height="1"><vector name="origin" x="17" y="50"/><int name="z" value="0"/><vector name="lt" x="-17" y="-50"/><vector name="rb" x="25" y="4"/><int name="delay" value="180"/><string name="_hash" value="22cb3b498ca253c96ab397b6491796bf30ebf7973dad05418408bcb23b8e4f7b"/><string name="_outlink" value="Item/Pet/5002561.img/hungry/5"/></canvas><canvas name="6" width="1" height="1"><vector name="origin" x="16" y="49"/><int name="z" value="0"/><vector name="lt" x="-16" y="-49"/><vector name="rb" x="25" y="5"/><int name="delay" value="180"/><string name="_hash" value="73ecd18570cd6ec62ac7681e15164b18be180a6e3ab4268c4ceb85f47f9b5eb1"/><string name="_outlink" value="Item/Pet/5002561.img/hungry/6"/></canvas><canvas name="7" width="1" height="1"><vector name="origin" x="17" y="50"/><int name="z" value="0"/><vector name="lt" x="-17" y="-50"/><vector name="rb" x="26" y="4"/><int name="delay" value="180"/><string name="_outlink" value="Item/Pet/5002561.img/hungry/3"/></canvas><canvas name="8" width="1" height="1"><vector name="origin" x="17" y="51"/><int name="z" value="0"/><vector name="lt" x="-17" y="-51"/><vector name="rb" x="25" y="3"/><int name="delay" value="180"/><string name="_outlink" value="Item/Pet/5002561.img/hungry/4"/></canvas><canvas name="9" width="1" height="1"><vector name="origin" x="17" y="50"/><int name="z" value="0"/><vector name="lt" x="-17" y="-50"/><vector name="rb" x="25" y="4"/><int name="delay" value="180"/><string name="_outlink" value="Item/Pet/5002561.img/hungry/5"/></canvas><canvas name="10" width="1" height="1"><vector name="origin" x="16" y="49"/><int name="z" value="0"/><vector name="lt" x="-16" y="-49"/><vector name="rb" x="25" y="5"/><int name="delay" value="180"/><string name="_outlink" value="Item/Pet/5002561.img/hungry/6"/></canvas><canvas name="11" width="1" height="1"><vector name="origin" x="17" y="50"/><int name="z" value="0"/><vector name="lt" x="-17" y="-50"/><vector name="rb" x="26" y="4"/><int name="delay" value="180"/><string name="_hash" value="b2810c39368277a11a2c8415de322ea1ab98d41f2eb064e7f3e28efd20c18159"/><string name="_outlink" value="Item/Pet/5002561.img/hungry/11"/></canvas></imgdir><imgdir name="hang"><canvas name="0" width="1" height="1"><vector name="origin" x="19" y="52"/><int name="z" value="0"/><vector name="lt" x="-19" y="-52"/><vector name="rb" x="24" y="2"/><int name="delay" value="180"/><string name="_hash" value="e245c5808420e089637b31e626e15ac82fb38e517187689b7a3783eb6ab7ff3b"/><string name="_outlink" value="Item/Pet/5002561.img/hang/0"/></canvas></imgdir><imgdir name="eat"><canvas name="0" width="1" height="1"><vector name="origin" x="26" y="49"/><int name="z" value="0"/><vector name="lt" x="-26" y="-49"/><vector name="rb" x="25" y="5"/><int name="delay" value="180"/><string name="_hash" value="ad3d20a4d841af87081a55faadbc8216903fcf96873fffc99714143c9031c0c9"/><string name="_outlink" value="Item/Pet/5002561.img/eat/0"/></canvas><canvas name="1" width="1" height="1"><vector name="origin" x="26" y="49"/><int name="z" value="0"/><vector name="lt" x="-26" y="-49"/><vector name="rb" x="25" y="5"/><int name="delay" value="180"/><string name="_hash" value="931c39cb7a78856115fc4586241c60f109554953125770b85292bdb4502b641d"/><string name="_outlink" value="Item/Pet/5002561.img/eat/1"/></canvas><canvas name="2" width="1" height="1"><vector name="origin" x="26" y="49"/><int name="z" value="0"/><vector name="lt" x="-26" y="-49"/><vector name="rb" x="25" y="5"/><int name="delay" value="180"/><string name="_hash" value="3facc14b032a2c42e5b66becc215f146109e779909a0c3b3a33b23370f6a7875"/><string name="_outlink" value="Item/Pet/5002561.img/eat/2"/></canvas><canvas name="3" width="1" height="1"><vector name="origin" x="26" y="49"/><int name="z" value="0"/><vector name="lt" x="-26" y="-49"/><vector name="rb" x="26" y="5"/><int name="delay" value="180"/><string name="_hash" value="a7096f8bb36e7cce1307b1f6a8f5576178a403bf366c546b0e7869d5d8615b04"/><string name="_outlink" value="Item/Pet/5002561.img/eat/3"/></canvas><canvas name="4" width="1" height="1"><vector name="origin" x="26" y="49"/><int name="z" value="0"/><vector name="lt" x="-26" y="-49"/><vector name="rb" x="25" y="5"/><int name="delay" value="180"/><string name="_outlink" value="Item/Pet/5002561.img/eat/0"/></canvas><canvas name="5" width="1" height="1"><vector name="origin" x="26" y="49"/><int name="z" value="0"/><vector name="lt" x="-26" y="-49"/><vector name="rb" x="25" y="5"/><int name="delay" value="180"/><string name="_outlink" value="Item/Pet/5002561.img/eat/1"/></canvas><canvas name="6" width="1" height="1"><vector name="origin" x="26" y="49"/><int name="z" value="0"/><vector name="lt" x="-26" y="-49"/><vector name="rb" x="25" y="5"/><int name="delay" value="180"/><string name="_outlink" value="Item/Pet/5002561.img/eat/2"/></canvas><canvas name="7" width="1" height="1"><vector name="origin" x="26" y="49"/><int name="z" value="0"/><vector name="lt" x="-26" y="-49"/><vector name="rb" x="26" y="5"/><int name="delay" value="180"/><string name="_outlink" value="Item/Pet/5002561.img/eat/3"/></canvas><canvas name="8" width="1" height="1"><vector name="origin" x="26" y="49"/><int name="z" value="0"/><vector name="lt" x="-26" y="-49"/><vector name="rb" x="25" y="5"/><int name="delay" value="180"/><string name="_outlink" value="Item/Pet/5002561.img/eat/0"/></canvas><canvas name="9" width="1" height="1"><vector name="origin" x="26" y="49"/><int name="z" value="0"/><vector name="lt" x="-26" y="-49"/><vector name="rb" x="25" y="5"/><int name="delay" value="180"/><string name="_outlink" value="Item/Pet/5002561.img/eat/1"/></canvas><canvas name="10" width="1" height="1"><vector name="origin" x="26" y="49"/><int name="z" value="0"/><vector name="lt" x="-26" y="-49"/><vector name="rb" x="25" y="5"/><int name="delay" value="180"/><string name="_outlink" value="Item/Pet/5002561.img/eat/2"/></canvas><canvas name="11" width="1" height="1"><vector name="origin" x="26" y="49"/><int name="z" value="0"/><vector name="lt" x="-26" y="-49"/><vector name="rb" x="26" y="5"/><int name="delay" value="180"/><string name="_outlink" value="Item/Pet/5002561.img/eat/3"/></canvas></imgdir><imgdir name="chat"><canvas name="0" width="1" height="1"><vector name="origin" x="17" y="51"/><int name="z" value="0"/><vector name="lt" x="-17" y="-51"/><vector name="rb" x="25" y="2"/><int name="delay" value="180"/><string name="_hash" value="f745c934227aaf41b05e7c06f1568d00f8b01d3bfde478ceb306360b19e18919"/><string name="_outlink" value="Item/Pet/5002561.img/chat/0"/></canvas><canvas name="1" width="1" height="1"><vector name="origin" x="17" y="50"/><int name="z" value="0"/><vector name="lt" x="-17" y="-50"/><vector name="rb" x="25" y="3"/><int name="delay" value="180"/><string name="_hash" value="cc8b227acf2e660996b43cfe7eca9aea2ef1d8046a10ad712c521b3d62a35992"/><string name="_outlink" value="Item/Pet/5002561.img/chat/1"/></canvas><canvas name="2" width="1" height="1"><vector name="origin" x="16" y="49"/><int name="z" value="0"/><vector name="lt" x="-16" y="-49"/><vector name="rb" x="25" y="4"/><int name="delay" value="180"/><string name="_hash" value="a7dcea746206c5247ba5e8d3e23658e835652be3c3fa8150c496287d8070bc7c"/><string name="_outlink" value="Item/Pet/5002561.img/chat/2"/></canvas><canvas name="3" width="1" height="1"><vector name="origin" x="17" y="50"/><int name="z" value="0"/><vector name="lt" x="-17" y="-50"/><vector name="rb" x="26" y="3"/><int name="delay" value="180"/><string name="_hash" value="ecae2f79010b186abfb9f8b989df255b3af955c2ad72d1b83a78b309ccff0568"/><string name="_outlink" value="Item/Pet/5002561.img/chat/3"/></canvas><canvas name="4" width="1" height="1"><vector name="origin" x="17" y="51"/><int name="z" value="0"/><vector name="lt" x="-17" y="-51"/><vector name="rb" x="25" y="2"/><int name="delay" value="180"/><string name="_outlink" value="Item/Pet/5002561.img/chat/0"/></canvas><canvas name="5" width="1" height="1"><vector name="origin" x="17" y="50"/><int name="z" value="0"/><vector name="lt" x="-17" y="-50"/><vector name="rb" x="25" y="3"/><int name="delay" value="180"/><string name="_hash" value="bf4e76d6e50490783a88b7e8742f7a6e6d0df5944b184e37aec1b69a58e43723"/><string name="_outlink" value="Item/Pet/5002561.img/chat/5"/></canvas><canvas name="6" width="1" height="1"><vector name="origin" x="16" y="49"/><int name="z" value="0"/><vector name="lt" x="-16" y="-49"/><vector name="rb" x="25" y="4"/><int name="delay" value="180"/><string name="_hash" value="cc2c86dc8ef3967162e622c44afadb0861247cdea32d08ca8b323ed63b5f5e20"/><string name="_outlink" value="Item/Pet/5002561.img/chat/6"/></canvas><canvas name="7" width="1" height="1"><vector name="origin" x="17" y="50"/><int name="z" value="0"/><vector name="lt" x="-17" y="-50"/><vector name="rb" x="26" y="3"/><int name="delay" value="180"/><string name="_hash" value="52ef6fc4571f0d3ee9af23aa518a1778df482a1521f108a77d4b70824e4c6827"/><string name="_outlink" value="Item/Pet/5002561.img/chat/7"/></canvas><canvas name="8" width="1" height="1"><vector name="origin" x="17" y="51"/><int name="z" value="0"/><vector name="lt" x="-17" y="-51"/><vector name="rb" x="25" y="2"/><int name="delay" value="180"/><string name="_hash" value="7d62ba9b6de6ba3c5ad823b0a38693a468f6785dd5d945196051152d0fd9b5b7"/><string name="_outlink" value="Item/Pet/5002561.img/chat/8"/></canvas><canvas name="9" width="1" height="1"><vector name="origin" x="17" y="50"/><int name="z" value="0"/><vector name="lt" x="-17" y="-50"/><vector name="rb" x="25" y="3"/><int name="delay" value="180"/><string name="_hash" value="7c44adc6fc867395f9000d0afc52e43d0399e30707797cea312969125fb4e9c5"/><string name="_outlink" value="Item/Pet/5002561.img/chat/9"/></canvas><canvas name="10" width="1" height="1"><vector name="origin" x="16" y="49"/><int name="z" value="0"/><vector name="lt" x="-16" y="-49"/><vector name="rb" x="25" y="4"/><int name="delay" value="180"/><string name="_outlink" value="Item/Pet/5002561.img/chat/6"/></canvas><canvas name="11" width="1" height="1"><vector name="origin" x="17" y="50"/><int name="z" value="0"/><vector name="lt" x="-17" y="-50"/><vector name="rb" x="26" y="3"/><int name="delay" value="180"/><string name="_outlink" value="Item/Pet/5002561.img/chat/7"/></canvas></imgdir><imgdir name="love"><canvas name="0" width="1" height="1"><vector name="origin" x="17" y="52"/><int name="z" value="0"/><vector name="lt" x="-17" y="-52"/><vector name="rb" x="25" y="3"/><int name="delay" value="180"/><string name="_hash" value="427f8ddadc48169fc6d53cfff2a90861b26379fc1fd136669db75e766c506b07"/><string name="_outlink" value="Item/Pet/5002561.img/love/0"/></canvas><canvas name="1" width="1" height="1"><vector name="origin" x="17" y="50"/><int name="z" value="0"/><vector name="lt" x="-17" y="-50"/><vector name="rb" x="25" y="4"/><int name="delay" value="180"/><string name="_hash" value="1e49c9658558108a3a71b2422b5d0588c0c52c499e870a4de8da2b0c0f4f3ab8"/><string name="_outlink" value="Item/Pet/5002561.img/love/1"/></canvas><canvas name="2" width="1" height="1"><vector name="origin" x="16" y="49"/><int name="z" value="0"/><vector name="lt" x="-16" y="-49"/><vector name="rb" x="25" y="5"/><int name="delay" value="180"/><string name="_hash" value="9851d36f47fc38cd0d6582bb7d6a03a21ef397774eeb67a7fed49191e58ba4e2"/><string name="_outlink" value="Item/Pet/5002561.img/love/2"/></canvas><canvas name="3" width="1" height="1"><vector name="origin" x="17" y="50"/><int name="z" value="0"/><vector name="lt" x="-17" y="-50"/><vector name="rb" x="26" y="4"/><int name="delay" value="180"/><string name="_hash" value="dae74b0580a0dca70a5418c9213c04280c0f1572686832e331949d263ba33b1c"/><string name="_outlink" value="Item/Pet/5002561.img/love/3"/></canvas><canvas name="4" width="1" height="1"><vector name="origin" x="17" y="52"/><int name="z" value="0"/><vector name="lt" x="-17" y="-52"/><vector name="rb" x="25" y="3"/><int name="delay" value="180"/><string name="_hash" value="ed80788f2441c17c003bd78b4f7ea8380dd8d04bc0d69de571d5c5785a9c6705"/><string name="_outlink" value="Item/Pet/5002561.img/love/4"/></canvas><canvas name="5" width="1" height="1"><vector name="origin" x="17" y="50"/><int name="z" value="0"/><vector name="lt" x="-17" y="-50"/><vector name="rb" x="25" y="4"/><int name="delay" value="180"/><string name="_hash" value="387040e9300fb3ff8286c2791b0168024df429913cf856f3e7a80cab2031cea6"/><string name="_outlink" value="Item/Pet/5002561.img/love/5"/></canvas><canvas name="6" width="1" height="1"><vector name="origin" x="16" y="49"/><int name="z" value="0"/><vector name="lt" x="-16" y="-49"/><vector name="rb" x="26" y="5"/><int name="delay" value="180"/><string name="_hash" value="fe62fbd451630b86fa93571d1ee9ded9c7b3bcdce958a1b7c34241501cb097ae"/><string name="_outlink" value="Item/Pet/5002561.img/love/6"/></canvas><canvas name="7" width="1" height="1"><vector name="origin" x="17" y="50"/><int name="z" value="0"/><vector name="lt" x="-17" y="-50"/><vector name="rb" x="26" y="4"/><int name="delay" value="180"/><string name="_hash" value="e6c23557f8f8ff24af11f681eb35ffd44f05f08c2a9f986b4b560b19a1cee692"/><string name="_outlink" value="Item/Pet/5002561.img/love/7"/></canvas><canvas name="8" width="1" height="1"><vector name="origin" x="17" y="52"/><int name="z" value="0"/><vector name="lt" x="-17" y="-52"/><vector name="rb" x="25" y="3"/><int name="delay" value="180"/><string name="_hash" value="c1de7be3f7d7c5118b489efa877ae18ef32fe2737bcb6f1cbf2bcdbaebf8baeb"/><string name="_outlink" value="Item/Pet/5002561.img/love/8"/></canvas><canvas name="9" width="1" height="1"><vector name="origin" x="17" y="50"/><int name="z" value="0"/><vector name="lt" x="-17" y="-50"/><vector name="rb" x="25" y="4"/><int name="delay" value="180"/><string name="_hash" value="c51946c9074a3ca8f33b3daf4072f3802b4da16803e767068938a2f48c54dcae"/><string name="_outlink" value="Item/Pet/5002561.img/love/9"/></canvas><canvas name="10" width="1" height="1"><vector name="origin" x="16" y="49"/><int name="z" value="0"/><vector name="lt" x="-16" y="-49"/><vector name="rb" x="25" y="5"/><int name="delay" value="180"/><string name="_hash" value="663fd950b3c1b978e9c90f073c4fd807e0969f76dde1ac3b2a6f9eca2330c833"/><string name="_outlink" value="Item/Pet/5002561.img/love/10"/></canvas><canvas name="11" width="1" height="1"><vector name="origin" x="17" y="50"/><int name="z" value="0"/><vector name="lt" x="-17" y="-50"/><vector name="rb" x="26" y="4"/><int name="delay" value="180"/><string name="_hash" value="1982794673f92d2ad94e6b1d94ccad6f8d2f0a81eeb2f1ebd85c2f7866cd6613"/><string name="_outlink" value="Item/Pet/5002561.img/love/11"/></canvas></imgdir><imgdir name="cry"><canvas name="0" width="1" height="1"><vector name="origin" x="17" y="50"/><int name="z" value="0"/><vector name="lt" x="-17" y="-50"/><vector name="rb" x="25" y="3"/><int name="delay" value="180"/><string name="_hash" value="6d7594356d0fe21dea1739b5e9add71b39e34be30154a5aeb2b5ca25d5b37636"/><string name="_outlink" value="Item/Pet/5002561.img/cry/0"/></canvas><canvas name="1" width="1" height="1"><vector name="origin" x="17" y="48"/><int name="z" value="0"/><vector name="lt" x="-17" y="-48"/><vector name="rb" x="25" y="4"/><int name="delay" value="180"/><string name="_hash" value="4352e84aa2d236fae40cdea17ef014fb07e641a14d20245f37b306e7c08d3f5d"/><string name="_outlink" value="Item/Pet/5002561.img/cry/1"/></canvas><canvas name="2" width="1" height="1"><vector name="origin" x="16" y="47"/><int name="z" value="0"/><vector name="lt" x="-16" y="-47"/><vector name="rb" x="25" y="5"/><int name="delay" value="180"/><string name="_hash" value="b8432d54fb337bd8931429aabef37455c55ff5163c01c11592401e2da1ad276f"/><string name="_outlink" value="Item/Pet/5002561.img/cry/2"/></canvas><canvas name="3" width="1" height="1"><vector name="origin" x="16" y="48"/><int name="z" value="0"/><vector name="lt" x="-16" y="-48"/><vector name="rb" x="25" y="4"/><int name="delay" value="180"/><string name="_hash" value="a223221c1ad05f46178bd478799919d4a61a5e3159c8d91f66fb0dc4b273447f"/><string name="_outlink" value="Item/Pet/5002561.img/cry/3"/></canvas></imgdir><imgdir name="dung"><canvas name="0" width="1" height="1"><vector name="origin" x="21" y="51"/><int name="z" value="0"/><vector name="lt" x="-21" y="-51"/><vector name="rb" x="21" y="6"/><int name="delay" value="180"/><string name="_hash" value="b9d570ce1cbc14b1840dd7dd6e42ff2c3440f71d1df6d8bfcfb48f626517f08d"/><string name="_outlink" value="Item/Pet/5002561.img/dung/0"/></canvas><canvas name="1" width="1" height="1"><vector name="origin" x="21" y="51"/><int name="z" value="0"/><vector name="lt" x="-21" y="-51"/><vector name="rb" x="21" y="6"/><int name="delay" value="180"/><string name="_hash" value="2fef8f59b9764fc10a17527dae56d569610dcea5cd229f26c7838005d74cffeb"/><string name="_outlink" value="Item/Pet/5002561.img/dung/1"/></canvas><canvas name="2" width="1" height="1"><vector name="origin" x="20" y="51"/><int name="z" value="0"/><vector name="lt" x="-20" y="-51"/><vector name="rb" x="21" y="6"/><int name="delay" value="180"/><string name="_hash" value="43560a5978d5a280b539592e8ff7b2b6fd26933c94d7b797817703c5100eb031"/><string name="_outlink" value="Item/Pet/5002561.img/dung/2"/></canvas><canvas name="3" width="1" height="1"><vector name="origin" x="21" y="51"/><int name="z" value="0"/><vector name="lt" x="-21" y="-51"/><vector name="rb" x="22" y="6"/><int name="delay" value="180"/><string name="_hash" value="ef71bba66a4a56af6a0ed6879bb05419f72b94d3b26859f76d1bd6cd04eef909"/><string name="_outlink" value="Item/Pet/5002561.img/dung/3"/></canvas><canvas name="4" width="1" height="1"><vector name="origin" x="21" y="51"/><int name="z" value="0"/><vector name="lt" x="-21" y="-51"/><vector name="rb" x="21" y="6"/><int name="delay" value="180"/><string name="_hash" value="2ff11cf6b9fbc61bc597fb0d2f604517d5f0d70a63127dd287850f43edc4b69d"/><string name="_outlink" value="Item/Pet/5002561.img/dung/4"/></canvas><canvas name="5" width="1" height="1"><vector name="origin" x="21" y="51"/><int name="z" value="0"/><vector name="lt" x="-21" y="-51"/><vector name="rb" x="21" y="6"/><int name="delay" value="180"/><string name="_hash" value="ee83a43ce231a60609dcc4f2a45925dedf7169ac2ec93ae83dbbabf3c39f3ac3"/><string name="_outlink" value="Item/Pet/5002561.img/dung/5"/></canvas><canvas name="6" width="1" height="1"><vector name="origin" x="20" y="51"/><int name="z" value="0"/><vector name="lt" x="-20" y="-51"/><vector name="rb" x="21" y="6"/><int name="delay" value="180"/><string name="_outlink" value="Item/Pet/5002561.img/dung/2"/></canvas><canvas name="7" width="1" height="1"><vector name="origin" x="21" y="51"/><int name="z" value="0"/><vector name="lt" x="-21" y="-51"/><vector name="rb" x="22" y="6"/><int name="delay" value="180"/><string name="_outlink" value="Item/Pet/5002561.img/dung/3"/></canvas><canvas name="8" width="1" height="1"><vector name="origin" x="21" y="51"/><int name="z" value="0"/><vector name="lt" x="-21" y="-51"/><vector name="rb" x="21" y="6"/><int name="delay" value="180"/><string name="_outlink" value="Item/Pet/5002561.img/dung/4"/></canvas><canvas name="9" width="1" height="1"><vector name="origin" x="21" y="51"/><int name="z" value="0"/><vector name="lt" x="-21" y="-51"/><vector name="rb" x="21" y="6"/><int name="delay" value="180"/><string name="_hash" value="dbe3a828c69520e150d9c71afa5d37541e0d646c48927ca08a5a01b302c3b863"/><string name="_outlink" value="Item/Pet/5002561.img/dung/9"/></canvas><canvas name="10" width="1" height="1"><vector name="origin" x="20" y="51"/><int name="z" value="0"/><vector name="lt" x="-20" y="-51"/><vector name="rb" x="21" y="6"/><int name="delay" value="180"/><string name="_hash" value="cbc0f269f9730b5293811b6f840aafc6c22276a5aaece2cc257f534425f75076"/><string name="_outlink" value="Item/Pet/5002561.img/dung/10"/></canvas><canvas name="11" width="1" height="1"><vector name="origin" x="22" y="51"/><int name="z" value="0"/><vector name="lt" x="-22" y="-51"/><vector name="rb" x="23" y="6"/><int name="delay" value="180"/><string name="_hash" value="1e76fa3fa0ac1480940af866efe2a4117246fc0921ed0440b5d031eaf472584d"/><string name="_outlink" value="Item/Pet/5002561.img/dung/11"/></canvas><canvas name="12" width="1" height="1"><vector name="origin" x="22" y="51"/><int name="z" value="0"/><vector name="lt" x="-22" y="-51"/><vector name="rb" x="23" y="6"/><int name="delay" value="180"/><string name="_hash" value="2bb0e0ab12e5fe385c85daec085050dd329616dbed9d19479e6086d21ef7d12c"/><string name="_outlink" value="Item/Pet/5002561.img/dung/12"/></canvas></imgdir><imgdir name="sleep"><canvas name="0" width="1" height="1"><vector name="origin" x="25" y="52"/><int name="z" value="0"/><vector name="lt" x="-25" y="-52"/><vector name="rb" x="31" y="2"/><int name="delay" value="180"/><string name="_hash" value="25c8f1f0c30fa17c7f5f0cc1f84130527248fa9e5cf61e10a45c616ad9e9716a"/><string name="_outlink" value="Item/Pet/5002561.img/sleep/0"/></canvas><canvas name="1" width="1" height="1"><vector name="origin" x="25" y="51"/><int name="z" value="0"/><vector name="lt" x="-25" y="-51"/><vector name="rb" x="30" y="3"/><int name="delay" value="180"/><string name="_hash" value="f6c08065ce3bfd15ffff24b28687724cb8929f0a60b9e08429e8d57c38e20f6c"/><string name="_outlink" value="Item/Pet/5002561.img/sleep/1"/></canvas><canvas name="2" width="1" height="1"><vector name="origin" x="25" y="50"/><int name="z" value="0"/><vector name="lt" x="-25" y="-50"/><vector name="rb" x="29" y="4"/><int name="delay" value="180"/><string name="_hash" value="51972e2ee5da87a220b85a93f0e3460790f562bd64365135d56c63c26e57efe9"/><string name="_outlink" value="Item/Pet/5002561.img/sleep/2"/></canvas><canvas name="3" width="1" height="1"><vector name="origin" x="25" y="51"/><int name="z" value="0"/><vector name="lt" x="-25" y="-51"/><vector name="rb" x="30" y="3"/><int name="delay" value="180"/><string name="_hash" value="4e997dc9f7cfd7618c8085b4dea77d921ace03f7320abd8ecfe9c0108c4891b1"/><string name="_outlink" value="Item/Pet/5002561.img/sleep/3"/></canvas><canvas name="4" width="1" height="1"><vector name="origin" x="24" y="52"/><int name="z" value="0"/><vector name="lt" x="-24" y="-52"/><vector name="rb" x="31" y="2"/><int name="delay" value="180"/><string name="_hash" value="884994830cae1a0f7594bf4000c4da94a9a2dcc23663848137381c1917eefc53"/><string name="_outlink" value="Item/Pet/5002561.img/sleep/4"/></canvas><canvas name="5" width="1" height="1"><vector name="origin" x="23" y="51"/><int name="z" value="0"/><vector name="lt" x="-23" y="-51"/><vector name="rb" x="31" y="3"/><int name="delay" value="180"/><string name="_hash" value="3d8c717158c6bbda178d747a8689d365397f65de670c773887e1e1e573471be8"/><string name="_outlink" value="Item/Pet/5002561.img/sleep/5"/></canvas><canvas name="6" width="1" height="1"><vector name="origin" x="24" y="50"/><int name="z" value="0"/><vector name="lt" x="-24" y="-50"/><vector name="rb" x="31" y="4"/><int name="delay" value="180"/><string name="_hash" value="c1d6850e213839434bf0f0d3774dd824747dc20f12ed8b3091bf037fc331843f"/><string name="_outlink" value="Item/Pet/5002561.img/sleep/6"/></canvas><canvas name="7" width="1" height="1"><vector name="origin" x="25" y="51"/><int name="z" value="0"/><vector name="lt" x="-25" y="-51"/><vector name="rb" x="31" y="3"/><int name="delay" value="180"/><string name="_hash" value="f605b09e0cb3e73f30e433a3524bbe9acb006cfee5bf96ab0d039c0005b9ea1b"/><string name="_outlink" value="Item/Pet/5002561.img/sleep/7"/></canvas></imgdir><imgdir name="angry"><canvas name="0" width="1" height="1"><vector name="origin" x="17" y="51"/><int name="z" value="0"/><vector name="lt" x="-17" y="-51"/><vector name="rb" x="25" y="2"/><int name="delay" value="180"/><string name="_hash" value="5d50cea232f3954ba95b93dc2cf37a8dfee5f70e55bab455f04a6add77dc0dd7"/><string name="_outlink" value="Item/Pet/5002561.img/angry/0"/></canvas><canvas name="1" width="1" height="1"><vector name="origin" x="17" y="50"/><int name="z" value="0"/><vector name="lt" x="-17" y="-50"/><vector name="rb" x="25" y="3"/><int name="delay" value="180"/><string name="_hash" value="5dfc473beb75a11de34795855a60aae80b48a1744cd748628cd47a63db992d7a"/><string name="_outlink" value="Item/Pet/5002561.img/angry/1"/></canvas><canvas name="2" width="1" height="1"><vector name="origin" x="16" y="49"/><int name="z" value="0"/><vector name="lt" x="-16" y="-49"/><vector name="rb" x="25" y="4"/><int name="delay" value="180"/><string name="_hash" value="5b8f93d9c0265019f2bd5c1f67698adfc1d748324dbd3a2730092e2fa23d161f"/><string name="_outlink" value="Item/Pet/5002561.img/angry/2"/></canvas><canvas name="3" width="1" height="1"><vector name="origin" x="17" y="50"/><int name="z" value="0"/><vector name="lt" x="-17" y="-50"/><vector name="rb" x="26" y="3"/><int name="delay" value="180"/><string name="_hash" value="b2d548597088e8f25b1043c86e9ce014432798dfe6c52671f4d4e71e03cb63a2"/><string name="_outlink" value="Item/Pet/5002561.img/angry/3"/></canvas><canvas name="4" width="1" height="1"><vector name="origin" x="17" y="51"/><int name="z" value="0"/><vector name="lt" x="-17" y="-51"/><vector name="rb" x="25" y="2"/><int name="delay" value="180"/><string name="_outlink" value="Item/Pet/5002561.img/angry/0"/></canvas><canvas name="5" width="1" height="1"><vector name="origin" x="17" y="50"/><int name="z" value="0"/><vector name="lt" x="-17" y="-50"/><vector name="rb" x="25" y="3"/><int name="delay" value="180"/><string name="_hash" value="182abae4ab2de050ecb39321e7a06d9d9db7924e75d5468c7efac72fd597965d"/><string name="_outlink" value="Item/Pet/5002561.img/angry/5"/></canvas><canvas name="6" width="1" height="1"><vector name="origin" x="16" y="49"/><int name="z" value="0"/><vector name="lt" x="-16" y="-49"/><vector name="rb" x="25" y="4"/><int name="delay" value="180"/><string name="_outlink" value="Item/Pet/5002561.img/angry/2"/></canvas><canvas name="7" width="1" height="1"><vector name="origin" x="17" y="50"/><int name="z" value="0"/><vector name="lt" x="-17" y="-50"/><vector name="rb" x="26" y="3"/><int name="delay" value="180"/><string name="_outlink" value="Item/Pet/5002561.img/angry/3"/></canvas><canvas name="8" width="1" height="1"><vector name="origin" x="17" y="51"/><int name="z" value="0"/><vector name="lt" x="-17" y="-51"/><vector name="rb" x="25" y="2"/><int name="delay" value="180"/><string name="_outlink" value="Item/Pet/5002561.img/angry/0"/></canvas><canvas name="9" width="1" height="1"><vector name="origin" x="17" y="50"/><int name="z" value="0"/><vector name="lt" x="-17" y="-50"/><vector name="rb" x="25" y="3"/><int name="delay" value="180"/><string name="_hash" value="70e3ea334bef2b5926a20c24234e2d027757898666a5b1b191c95d44908caaa5"/><string name="_outlink" value="Item/Pet/5002561.img/angry/9"/></canvas><canvas name="10" width="1" height="1"><vector name="origin" x="16" y="49"/><int name="z" value="0"/><vector name="lt" x="-16" y="-49"/><vector name="rb" x="25" y="4"/><int name="delay" value="180"/><string name="_outlink" value="Item/Pet/5002561.img/angry/2"/></canvas><canvas name="11" width="1" height="1"><vector name="origin" x="17" y="50"/><int name="z" value="0"/><vector name="lt" x="-17" y="-50"/><vector name="rb" x="26" y="3"/><int name="delay" value="180"/><string name="_outlink" value="Item/Pet/5002561.img/angry/3"/></canvas></imgdir><imgdir name="what"><canvas name="0" width="1" height="1"><vector name="origin" x="17" y="52"/><int name="z" value="0"/><vector name="lt" x="-17" y="-52"/><vector name="rb" x="28" y="3"/><int name="delay" value="180"/><string name="_hash" value="9c1a4ba1368cb0726566ed70e44e2fb6e583d5f9bda12ba3d95a2aec91ae1e72"/><string name="_outlink" value="Item/Pet/5002561.img/what/0"/></canvas><canvas name="1" width="1" height="1"><vector name="origin" x="17" y="51"/><int name="z" value="0"/><vector name="lt" x="-17" y="-51"/><vector name="rb" x="28" y="4"/><int name="delay" value="180"/><string name="_hash" value="a912219124a286b47ced973a9a8a07c10489f1661ff936c50eb1eec94f09a630"/><string name="_outlink" value="Item/Pet/5002561.img/what/1"/></canvas><canvas name="2" width="1" height="1"><vector name="origin" x="16" y="49"/><int name="z" value="0"/><vector name="lt" x="-16" y="-49"/><vector name="rb" x="28" y="4"/><int name="delay" value="180"/><string name="_hash" value="e7b70e0a4d113a47768b9fa5912da9b428fde242a3a6c44cf8d4342395ba42ef"/><string name="_outlink" value="Item/Pet/5002561.img/what/2"/></canvas><canvas name="3" width="1" height="1"><vector name="origin" x="17" y="51"/><int name="z" value="0"/><vector name="lt" x="-17" y="-51"/><vector name="rb" x="28" y="4"/><int name="delay" value="180"/><string name="_hash" value="860f48d5e88d3df3ffd89c60dad7ea96cc88dc691a308495be37e17a65e4c993"/><string name="_outlink" value="Item/Pet/5002561.img/what/3"/></canvas><canvas name="4" width="1" height="1"><vector name="origin" x="17" y="52"/><int name="z" value="0"/><vector name="lt" x="-17" y="-52"/><vector name="rb" x="28" y="3"/><int name="delay" value="180"/><string name="_hash" value="8ea93f4e30eb5225ccaa72418c5189c588e384f87d6c666f8788a8e31710fee0"/><string name="_outlink" value="Item/Pet/5002561.img/what/4"/></canvas><canvas name="5" width="1" height="1"><vector name="origin" x="17" y="51"/><int name="z" value="0"/><vector name="lt" x="-17" y="-51"/><vector name="rb" x="28" y="4"/><int name="delay" value="180"/><string name="_outlink" value="Item/Pet/5002561.img/what/1"/></canvas><canvas name="6" width="1" height="1"><vector name="origin" x="16" y="49"/><int name="z" value="0"/><vector name="lt" x="-16" y="-49"/><vector name="rb" x="28" y="4"/><int name="delay" value="180"/><string name="_outlink" value="Item/Pet/5002561.img/what/2"/></canvas><canvas name="7" width="1" height="1"><vector name="origin" x="17" y="50"/><int name="z" value="0"/><vector name="lt" x="-17" y="-50"/><vector name="rb" x="28" y="4"/><int name="delay" value="180"/><string name="_hash" value="0904e38a81bd075c1efb2e3dcc6d1116d70607cea896adc892f87657df2e3fda"/><string name="_outlink" value="Item/Pet/5002561.img/what/7"/></canvas></imgdir><uol name="sit" value="rest0"/><uol name="fly" value="jump"/></imgdir>